solid ASCII
  facet normal 9.995163e-01 3.109986e-02 1.353489e-16
    outer loop
      vertex   -4.915473e+01 -3.061855e+00 5.500000e+01
      vertex   -4.915473e+01 -3.061855e+00 5.000000e+01
      vertex   -4.925000e+01 -6.031385e-15 5.500000e+01
    endloop
  endfacet
  facet normal 9.995163e-01 3.109986e-02 0.000000e+00
    outer loop
      vertex   -4.925000e+01 -6.031385e-15 5.500000e+01
      vertex   -4.915473e+01 -3.061855e+00 5.000000e+01
      vertex   -4.925000e+01 -6.031385e-15 5.000000e+01
    endloop
  endfacet
  facet normal 9.995163e-01 -3.109986e-02 0.000000e+00
    outer loop
      vertex   -4.925000e+01 -6.031385e-15 5.500000e+01
      vertex   -4.925000e+01 -6.031385e-15 5.000000e+01
      vertex   -4.915473e+01 3.061855e+00 5.500000e+01
    endloop
  endfacet
  facet normal 9.995163e-01 -3.109986e-02 -1.353489e-16
    outer loop
      vertex   -4.915473e+01 3.061855e+00 5.500000e+01
      vertex   -4.925000e+01 -6.031385e-15 5.000000e+01
      vertex   -4.915473e+01 3.061855e+00 5.000000e+01
    endloop
  endfacet
  facet normal 9.956493e-01 -9.317927e-02 -4.055231e-16
    outer loop
      vertex   -4.915473e+01 3.061855e+00 5.500000e+01
      vertex   -4.915473e+01 3.061855e+00 5.000000e+01
      vertex   -4.886929e+01 6.111864e+00 5.500000e+01
    endloop
  endfacet
  facet normal 9.956493e-01 -9.317927e-02 -4.137991e-16
    outer loop
      vertex   -4.886929e+01 6.111864e+00 5.500000e+01
      vertex   -4.915473e+01 3.061855e+00 5.000000e+01
      vertex   -4.886929e+01 6.111864e+00 5.000000e+01
    endloop
  endfacet
  facet normal 9.879304e-01 -1.548982e-01 -6.878861e-16
    outer loop
      vertex   -4.886929e+01 6.111864e+00 5.500000e+01
      vertex   -4.886929e+01 6.111864e+00 5.000000e+01
      vertex   -4.839479e+01 9.138227e+00 5.500000e+01
    endloop
  endfacet
  facet normal 9.879304e-01 -1.548982e-01 0.000000e+00
    outer loop
      vertex   -4.839479e+01 9.138227e+00 5.500000e+01
      vertex   -4.886929e+01 6.111864e+00 5.000000e+01
      vertex   -4.839479e+01 9.138227e+00 5.000000e+01
    endloop
  endfacet
  facet normal 9.763894e-01 -2.160178e-01 0.000000e+00
    outer loop
      vertex   -4.839479e+01 9.138227e+00 5.500000e+01
      vertex   -4.839479e+01 9.138227e+00 5.000000e+01
      vertex   -4.773305e+01 1.212924e+01 5.500000e+01
    endloop
  endfacet
  facet normal 9.763894e-01 -2.160178e-01 -8.441944e-16
    outer loop
      vertex   -4.773305e+01 1.212924e+01 5.500000e+01
      vertex   -4.839479e+01 9.138227e+00 5.000000e+01
      vertex   -4.773305e+01 1.212924e+01 5.000000e+01
    endloop
  endfacet
  facet normal 9.610709e-01 -2.763017e-01 -1.079783e-15
    outer loop
      vertex   -4.773305e+01 1.212924e+01 5.500000e+01
      vertex   -4.773305e+01 1.212924e+01 5.000000e+01
      vertex   -4.688665e+01 1.507332e+01 5.500000e+01
    endloop
  endfacet
  facet normal 9.610709e-01 -2.763017e-01 0.000000e+00
    outer loop
      vertex   -4.688665e+01 1.507332e+01 5.500000e+01
      vertex   -4.773305e+01 1.212924e+01 5.000000e+01
      vertex   -4.688665e+01 1.507332e+01 5.000000e+01
    endloop
  endfacet
  facet normal 9.420343e-01 -3.355167e-01 0.000000e+00
    outer loop
      vertex   -4.688665e+01 1.507332e+01 5.500000e+01
      vertex   -4.688665e+01 1.507332e+01 5.000000e+01
      vertex   -4.585885e+01 1.795909e+01 5.500000e+01
    endloop
  endfacet
  facet normal 9.420343e-01 -3.355167e-01 0.000000e+00
    outer loop
      vertex   -4.585885e+01 1.795909e+01 5.500000e+01
      vertex   -4.688665e+01 1.507332e+01 5.000000e+01
      vertex   -4.585885e+01 1.795909e+01 5.000000e+01
    endloop
  endfacet
  facet normal 9.193530e-01 -3.934336e-01 0.000000e+00
    outer loop
      vertex   -4.585885e+01 1.795909e+01 5.500000e+01
      vertex   -4.585885e+01 1.795909e+01 5.000000e+01
      vertex   -4.465363e+01 2.077538e+01 5.500000e+01
    endloop
  endfacet
  facet normal 9.193530e-01 -3.934336e-01 -1.677308e-15
    outer loop
      vertex   -4.465363e+01 2.077538e+01 5.500000e+01
      vertex   -4.585885e+01 1.795909e+01 5.000000e+01
      vertex   -4.465363e+01 2.077538e+01 5.000000e+01
    endloop
  endfacet
  facet normal 8.931150e-01 -4.498284e-01 -1.917734e-15
    outer loop
      vertex   -4.465363e+01 2.077538e+01 5.500000e+01
      vertex   -4.465363e+01 2.077538e+01 5.000000e+01
      vertex   -4.327565e+01 2.351129e+01 5.500000e+01
    endloop
  endfacet
  facet normal 8.931150e-01 -4.498284e-01 0.000000e+00
    outer loop
      vertex   -4.327565e+01 2.351129e+01 5.500000e+01
      vertex   -4.465363e+01 2.077538e+01 5.000000e+01
      vertex   -4.327565e+01 2.351129e+01 5.000000e+01
    endloop
  endfacet
  facet normal 8.634217e-01 -5.044829e-01 0.000000e+00
    outer loop
      vertex   -4.327565e+01 2.351129e+01 5.500000e+01
      vertex   -4.327565e+01 2.351129e+01 5.000000e+01
      vertex   -4.173025e+01 2.615624e+01 5.500000e+01
    endloop
  endfacet
  facet normal 8.634217e-01 -5.044829e-01 0.000000e+00
    outer loop
      vertex   -4.173025e+01 2.615624e+01 5.500000e+01
      vertex   -4.327565e+01 2.351129e+01 5.000000e+01
      vertex   -4.173025e+01 2.615624e+01 5.000000e+01
    endloop
  endfacet
  facet normal 8.303880e-01 -5.571856e-01 0.000000e+00
    outer loop
      vertex   -4.173025e+01 2.615624e+01 5.500000e+01
      vertex   -4.173025e+01 2.615624e+01 5.000000e+01
      vertex   -4.002340e+01 2.870000e+01 5.500000e+01
    endloop
  endfacet
  facet normal 8.303880e-01 -5.571856e-01 1.164732e-15
    outer loop
      vertex   -4.002340e+01 2.870000e+01 5.500000e+01
      vertex   -4.173025e+01 2.615624e+01 5.000000e+01
      vertex   -4.002340e+01 2.870000e+01 5.000000e+01
    endloop
  endfacet
  facet normal 7.941417e-01 -6.077327e-01 7.947091e-16
    outer loop
      vertex   -4.002340e+01 2.870000e+01 5.500000e+01
      vertex   -4.002340e+01 2.870000e+01 5.000000e+01
      vertex   -3.816171e+01 3.113272e+01 5.500000e+01
    endloop
  endfacet
  facet normal 7.941417e-01 -6.077327e-01 0.000000e+00
    outer loop
      vertex   -3.816171e+01 3.113272e+01 5.500000e+01
      vertex   -4.002340e+01 2.870000e+01 5.000000e+01
      vertex   -3.816171e+01 3.113272e+01 5.000000e+01
    endloop
  endfacet
  facet normal 7.548229e-01 -6.559286e-01 0.000000e+00
    outer loop
      vertex   -3.816171e+01 3.113272e+01 5.500000e+01
      vertex   -3.816171e+01 3.113272e+01 5.000000e+01
      vertex   -3.615238e+01 3.344500e+01 5.500000e+01
    endloop
  endfacet
  facet normal 7.548229e-01 -6.559286e-01 0.000000e+00
    outer loop
      vertex   -3.615238e+01 3.344500e+01 5.500000e+01
      vertex   -3.816171e+01 3.113272e+01 5.000000e+01
      vertex   -3.615238e+01 3.344500e+01 5.000000e+01
    endloop
  endfacet
  facet normal 7.125840e-01 -7.015868e-01 0.000000e+00
    outer loop
      vertex   -3.615238e+01 3.344500e+01 5.500000e+01
      vertex   -3.615238e+01 3.344500e+01 5.000000e+01
      vertex   -3.400319e+01 3.562788e+01 5.500000e+01
    endloop
  endfacet
  facet normal 7.125840e-01 -7.015868e-01 -1.978402e-15
    outer loop
      vertex   -3.400319e+01 3.562788e+01 5.500000e+01
      vertex   -3.615238e+01 3.344500e+01 5.000000e+01
      vertex   -3.400319e+01 3.562788e+01 5.000000e+01
    endloop
  endfacet
  facet normal 6.675881e-01 -7.445308e-01 -2.225426e-15
    outer loop
      vertex   -3.400319e+01 3.562788e+01 5.500000e+01
      vertex   -3.400319e+01 3.562788e+01 5.000000e+01
      vertex   -3.172244e+01 3.767293e+01 5.500000e+01
    endloop
  endfacet
  facet normal 6.675881e-01 -7.445308e-01 0.000000e+00
    outer loop
      vertex   -3.172244e+01 3.767293e+01 5.500000e+01
      vertex   -3.400319e+01 3.562788e+01 5.000000e+01
      vertex   -3.172244e+01 3.767293e+01 5.000000e+01
    endloop
  endfacet
  facet normal 6.200095e-01 -7.845943e-01 0.000000e+00
    outer loop
      vertex   -3.172244e+01 3.767293e+01 5.500000e+01
      vertex   -3.172244e+01 3.767293e+01 5.000000e+01
      vertex   -2.931896e+01 3.957223e+01 5.500000e+01
    endloop
  endfacet
  facet normal 6.200095e-01 -7.845943e-01 2.066543e-16
    outer loop
      vertex   -2.931896e+01 3.957223e+01 5.500000e+01
      vertex   -3.172244e+01 3.767293e+01 5.000000e+01
      vertex   -2.931896e+01 3.957223e+01 5.000000e+01
    endloop
  endfacet
  facet normal 5.700323e-01 -8.216223e-01 4.750131e-17
    outer loop
      vertex   -2.931896e+01 3.957223e+01 5.500000e+01
      vertex   -2.931896e+01 3.957223e+01 5.000000e+01
      vertex   -2.680206e+01 4.131843e+01 5.500000e+01
    endloop
  endfacet
  facet normal 5.700323e-01 -8.216223e-01 5.475362e-16
    outer loop
      vertex   -2.680206e+01 4.131843e+01 5.500000e+01
      vertex   -2.931896e+01 3.957223e+01 5.000000e+01
      vertex   -2.680206e+01 4.131843e+01 5.000000e+01
    endloop
  endfacet
  facet normal 5.178496e-01 -8.554717e-01 3.244784e-17
    outer loop
      vertex   -2.680206e+01 4.131843e+01 5.500000e+01
      vertex   -2.680206e+01 4.131843e+01 5.000000e+01
      vertex   -2.418146e+01 4.290477e+01 5.500000e+01
    endloop
  endfacet
  facet normal 5.178496e-01 -8.554717e-01 0.000000e+00
    outer loop
      vertex   -2.418146e+01 4.290477e+01 5.500000e+01
      vertex   -2.680206e+01 4.131843e+01 5.000000e+01
      vertex   -2.418146e+01 4.290477e+01 5.000000e+01
    endloop
  endfacet
  facet normal 4.636635e-01 -8.860114e-01 0.000000e+00
    outer loop
      vertex   -2.418146e+01 4.290477e+01 5.500000e+01
      vertex   -2.418146e+01 4.290477e+01 5.000000e+01
      vertex   -2.146731e+01 4.432513e+01 5.500000e+01
    endloop
  endfacet
  facet normal 4.636635e-01 -8.860114e-01 3.881659e-16
    outer loop
      vertex   -2.146731e+01 4.432513e+01 5.500000e+01
      vertex   -2.418146e+01 4.290477e+01 5.000000e+01
      vertex   -2.146731e+01 4.432513e+01 5.000000e+01
    endloop
  endfacet
  facet normal 4.076836e-01 -9.131233e-01 1.507570e-16
    outer loop
      vertex   -2.146731e+01 4.432513e+01 5.500000e+01
      vertex   -2.146731e+01 4.432513e+01 5.000000e+01
      vertex   -1.867010e+01 4.557400e+01 5.500000e+01
    endloop
  endfacet
  facet normal 4.076836e-01 -9.131233e-01 4.285963e-16
    outer loop
      vertex   -1.867010e+01 4.557400e+01 5.500000e+01
      vertex   -2.146731e+01 4.432513e+01 5.000000e+01
      vertex   -1.867010e+01 4.557400e+01 5.000000e+01
    endloop
  endfacet
  facet normal 3.501264e-01 -9.367024e-01 5.847948e-16
    outer loop
      vertex   -1.867010e+01 4.557400e+01 5.500000e+01
      vertex   -1.867010e+01 4.557400e+01 5.000000e+01
      vertex   -1.580067e+01 4.664656e+01 5.500000e+01
    endloop
  endfacet
  facet normal 3.501264e-01 -9.367024e-01 -1.915929e-15
    outer loop
      vertex   -1.580067e+01 4.664656e+01 5.500000e+01
      vertex   -1.867010e+01 4.557400e+01 5.000000e+01
      vertex   -1.580067e+01 4.664656e+01 5.000000e+01
    endloop
  endfacet
  facet normal 2.912147e-01 -9.566577e-01 -2.098223e-15
    outer loop
      vertex   -1.580067e+01 4.664656e+01 5.500000e+01
      vertex   -1.580067e+01 4.664656e+01 5.000000e+01
      vertex   -1.287010e+01 4.753865e+01 5.500000e+01
    endloop
  endfacet
  facet normal 2.912147e-01 -9.566577e-01 1.138063e-15
    outer loop
      vertex   -1.287010e+01 4.753865e+01 5.500000e+01
      vertex   -1.580067e+01 4.664656e+01 5.000000e+01
      vertex   -1.287010e+01 4.753865e+01 5.000000e+01
    endloop
  endfacet
  facet normal 2.311763e-01 -9.729119e-01 9.034336e-16
    outer loop
      vertex   -1.287010e+01 4.753865e+01 5.500000e+01
      vertex   -1.287010e+01 4.753865e+01 5.000000e+01
      vertex   -9.889748e+00 4.824682e+01 5.500000e+01
    endloop
  endfacet
  facet normal 2.311763e-01 -9.729119e-01 0.000000e+00
    outer loop
      vertex   -9.889748e+00 4.824682e+01 5.500000e+01
      vertex   -1.287010e+01 4.753865e+01 5.000000e+01
      vertex   -9.889748e+00 4.824682e+01 5.000000e+01
    endloop
  endfacet
  facet normal 1.702436e-01 -9.854020e-01 0.000000e+00
    outer loop
      vertex   -9.889748e+00 4.824682e+01 5.500000e+01
      vertex   -9.889748e+00 4.824682e+01 5.000000e+01
      vertex   -6.871130e+00 4.876833e+01 5.500000e+01
    endloop
  endfacet
  facet normal 1.702436e-01 -9.854020e-01 3.628960e-16
    outer loop
      vertex   -6.871130e+00 4.876833e+01 5.500000e+01
      vertex   -9.889748e+00 4.824682e+01 5.000000e+01
      vertex   -6.871130e+00 4.876833e+01 5.000000e+01
    endloop
  endfacet
  facet normal 1.086522e-01 -9.940798e-01 2.316060e-16
    outer loop
      vertex   -6.871130e+00 4.876833e+01 5.500000e+01
      vertex   -6.871130e+00 4.876833e+01 5.000000e+01
      vertex   -3.825929e+00 4.910117e+01 5.500000e+01
    endloop
  endfacet
  facet normal 1.086522e-01 -9.940798e-01 4.728622e-16
    outer loop
      vertex   -3.825929e+00 4.910117e+01 5.500000e+01
      vertex   -6.871130e+00 4.876833e+01 5.000000e+01
      vertex   -3.825929e+00 4.910117e+01 5.000000e+01
    endloop
  endfacet
  facet normal 4.664039e-02 -9.989117e-01 2.029824e-16
    outer loop
      vertex   -3.825929e+00 4.910117e+01 5.500000e+01
      vertex   -3.825929e+00 4.910117e+01 5.000000e+01
      vertex   -7.659267e-01 4.924404e+01 5.500000e+01
    endloop
  endfacet
  facet normal 4.664039e-02 -9.989117e-01 0.000000e+00
    outer loop
      vertex   -7.659267e-01 4.924404e+01 5.500000e+01
      vertex   -3.825929e+00 4.910117e+01 5.000000e+01
      vertex   -7.659267e-01 4.924404e+01 5.000000e+01
    endloop
  endfacet
  facet normal -1.555181e-02 -9.998791e-01 -0.000000e+00
    outer loop
      vertex   -7.659267e-01 4.924404e+01 5.500000e+01
      vertex   -7.659267e-01 4.924404e+01 5.000000e+01
      vertex   2.297039e+00 4.919640e+01 5.500000e+01
    endloop
  endfacet
  facet normal -1.555181e-02 -9.998791e-01 -3.453196e-17
    outer loop
      vertex   2.297039e+00 4.919640e+01 5.500000e+01
      vertex   -7.659267e-01 4.924404e+01 5.000000e+01
      vertex   2.297039e+00 4.919640e+01 5.000000e+01
    endloop
  endfacet
  facet normal -7.768385e-02 -9.969780e-01 -1.724928e-16
    outer loop
      vertex   2.297039e+00 4.919640e+01 5.500000e+01
      vertex   2.297039e+00 4.919640e+01 5.000000e+01
      vertex   5.351118e+00 4.895843e+01 5.500000e+01
    endloop
  endfacet
  facet normal -7.768385e-02 -9.969780e-01 9.062123e-16
    outer loop
      vertex   5.351118e+00 4.895843e+01 5.500000e+01
      vertex   2.297039e+00 4.919640e+01 5.000000e+01
      vertex   5.351118e+00 4.895843e+01 5.000000e+01
    endloop
  endfacet
  facet normal -1.395153e-01 -9.902199e-01 4.902197e-16
    outer loop
      vertex   5.351118e+00 4.895843e+01 5.500000e+01
      vertex   5.351118e+00 4.895843e+01 5.000000e+01
      vertex   8.384495e+00 4.853105e+01 5.500000e+01
    endloop
  endfacet
  facet normal -1.395153e-01 -9.902199e-01 -0.000000e+00
    outer loop
      vertex   8.384495e+00 4.853105e+01 5.500000e+01
      vertex   5.351118e+00 4.895843e+01 5.000000e+01
      vertex   8.384495e+00 4.853105e+01 5.000000e+01
    endloop
  endfacet
  facet normal -2.008071e-01 -9.796308e-01 -0.000000e+00
    outer loop
      vertex   8.384495e+00 4.853105e+01 5.500000e+01
      vertex   8.384495e+00 4.853105e+01 5.000000e+01
      vertex   1.138543e+01 4.791591e+01 5.500000e+01
    endloop
  endfacet
  facet normal -2.008071e-01 -9.796308e-01 -8.560920e-16
    outer loop
      vertex   1.138543e+01 4.791591e+01 5.500000e+01
      vertex   8.384495e+00 4.853105e+01 5.000000e+01
      vertex   1.138543e+01 4.791591e+01 5.000000e+01
    endloop
  endfacet
  facet normal -2.613219e-01 -9.652517e-01 -1.114082e-15
    outer loop
      vertex   1.138543e+01 4.791591e+01 5.500000e+01
      vertex   1.138543e+01 4.791591e+01 5.000000e+01
      vertex   1.434232e+01 4.711539e+01 5.500000e+01
    endloop
  endfacet
  facet normal -2.613219e-01 -9.652517e-01 -2.065782e-16
    outer loop
      vertex   1.434232e+01 4.711539e+01 5.500000e+01
      vertex   1.138543e+01 4.791591e+01 5.000000e+01
      vertex   1.434232e+01 4.711539e+01 5.000000e+01
    endloop
  endfacet
  facet normal -3.208258e-01 -9.471382e-01 -5.916992e-16
    outer loop
      vertex   1.434232e+01 4.711539e+01 5.500000e+01
      vertex   1.434232e+01 4.711539e+01 5.000000e+01
      vertex   1.724373e+01 4.613260e+01 5.500000e+01
    endloop
  endfacet
  facet normal -3.208258e-01 -9.471382e-01 6.620831e-16
    outer loop
      vertex   1.724373e+01 4.613260e+01 5.500000e+01
      vertex   1.434232e+01 4.711539e+01 5.000000e+01
      vertex   1.724373e+01 4.613260e+01 5.000000e+01
    endloop
  endfacet
  facet normal -3.790884e-01 -9.253605e-01 5.069408e-16
    outer loop
      vertex   1.724373e+01 4.613260e+01 5.500000e+01
      vertex   1.724373e+01 4.613260e+01 5.000000e+01
      vertex   2.007842e+01 4.497132e+01 5.500000e+01
    endloop
  endfacet
  facet normal -3.790884e-01 -9.253605e-01 1.283240e-15
    outer loop
      vertex   2.007842e+01 4.497132e+01 5.500000e+01
      vertex   1.724373e+01 4.613260e+01 5.000000e+01
      vertex   2.007842e+01 4.497132e+01 5.000000e+01
    endloop
  endfacet
  facet normal -4.358844e-01 -9.000027e-01 1.009389e-15
    outer loop
      vertex   2.007842e+01 4.497132e+01 5.500000e+01
      vertex   2.007842e+01 4.497132e+01 5.000000e+01
      vertex   2.283543e+01 4.363606e+01 5.500000e+01
    endloop
  endfacet
  facet normal -4.358844e-01 -9.000027e-01 -0.000000e+00
    outer loop
      vertex   2.283543e+01 4.363606e+01 5.500000e+01
      vertex   2.007842e+01 4.497132e+01 5.000000e+01
      vertex   2.283543e+01 4.363606e+01 5.000000e+01
    endloop
  endfacet
  facet normal -4.909941e-01 -8.711629e-01 -0.000000e+00
    outer loop
      vertex   2.283543e+01 4.363606e+01 5.500000e+01
      vertex   2.283543e+01 4.363606e+01 5.000000e+01
      vertex   2.550409e+01 4.213198e+01 5.500000e+01
    endloop
  endfacet
  facet normal -4.909941e-01 -8.711629e-01 -0.000000e+00
    outer loop
      vertex   2.550409e+01 4.213198e+01 5.500000e+01
      vertex   2.283543e+01 4.363606e+01 5.000000e+01
      vertex   2.550409e+01 4.213198e+01 5.000000e+01
    endloop
  endfacet
  facet normal -5.442042e-01 -8.389528e-01 -0.000000e+00
    outer loop
      vertex   2.550409e+01 4.213198e+01 5.500000e+01
      vertex   2.550409e+01 4.213198e+01 5.000000e+01
      vertex   2.807409e+01 4.046490e+01 5.500000e+01
    endloop
  endfacet
  facet normal -5.442042e-01 -8.389528e-01 -3.223150e-16
    outer loop
      vertex   2.807409e+01 4.046490e+01 5.500000e+01
      vertex   2.550409e+01 4.213198e+01 5.000000e+01
      vertex   2.807409e+01 4.046490e+01 5.000000e+01
    endloop
  endfacet
  facet normal -5.953089e-01 -8.034970e-01 -6.772710e-16
    outer loop
      vertex   2.807409e+01 4.046490e+01 5.500000e+01
      vertex   2.807409e+01 4.046490e+01 5.000000e+01
      vertex   3.053547e+01 3.864127e+01 5.500000e+01
    endloop
  endfacet
  facet normal -5.953089e-01 -8.034970e-01 -0.000000e+00
    outer loop
      vertex   3.053547e+01 3.864127e+01 5.500000e+01
      vertex   2.807409e+01 4.046490e+01 5.000000e+01
      vertex   3.053547e+01 3.864127e+01 5.000000e+01
    endloop
  endfacet
  facet normal -6.441104e-01 -7.649325e-01 -0.000000e+00
    outer loop
      vertex   3.053547e+01 3.864127e+01 5.500000e+01
      vertex   3.053547e+01 3.864127e+01 5.000000e+01
      vertex   3.287872e+01 3.666814e+01 5.500000e+01
    endloop
  endfacet
  facet normal -6.441104e-01 -7.649325e-01 5.150957e-16
    outer loop
      vertex   3.287872e+01 3.666814e+01 5.500000e+01
      vertex   3.053547e+01 3.864127e+01 5.000000e+01
      vertex   3.287872e+01 3.666814e+01 5.000000e+01
    endloop
  endfacet
  facet normal -6.904200e-01 -7.234087e-01 1.406393e-16
    outer loop
      vertex   3.287872e+01 3.666814e+01 5.500000e+01
      vertex   3.287872e+01 3.666814e+01 5.000000e+01
      vertex   3.509476e+01 3.455315e+01 5.500000e+01
    endloop
  endfacet
  facet normal -6.904200e-01 -7.234087e-01 -0.000000e+00
    outer loop
      vertex   3.509476e+01 3.455315e+01 5.500000e+01
      vertex   3.287872e+01 3.666814e+01 5.000000e+01
      vertex   3.509476e+01 3.455315e+01 5.000000e+01
    endloop
  endfacet
  facet normal -7.340585e-01 -6.790862e-01 -0.000000e+00
    outer loop
      vertex   3.509476e+01 3.455315e+01 5.500000e+01
      vertex   3.509476e+01 3.455315e+01 5.000000e+01
      vertex   3.717503e+01 3.230448e+01 5.500000e+01
    endloop
  endfacet
  facet normal -7.340585e-01 -6.790862e-01 -1.199401e-15
    outer loop
      vertex   3.717503e+01 3.230448e+01 5.500000e+01
      vertex   3.509476e+01 3.455315e+01 5.000000e+01
      vertex   3.717503e+01 3.230448e+01 5.000000e+01
    endloop
  endfacet
  facet normal -7.748571e-01 -6.321364e-01 -1.506775e-15
    outer loop
      vertex   3.717503e+01 3.230448e+01 5.500000e+01
      vertex   3.717503e+01 3.230448e+01 5.000000e+01
      vertex   3.911148e+01 2.993084e+01 5.500000e+01
    endloop
  endfacet
  facet normal -7.748571e-01 -6.321364e-01 4.352338e-17
    outer loop
      vertex   3.911148e+01 2.993084e+01 5.500000e+01
      vertex   3.717503e+01 3.230448e+01 5.000000e+01
      vertex   3.911148e+01 2.993084e+01 5.000000e+01
    endloop
  endfacet
  facet normal -8.126579e-01 -5.827410e-01 -2.394007e-16
    outer loop
      vertex   3.911148e+01 2.993084e+01 5.500000e+01
      vertex   3.911148e+01 2.993084e+01 5.000000e+01
      vertex   4.089661e+01 2.744139e+01 5.500000e+01
    endloop
  endfacet
  facet normal -8.126579e-01 -5.827410e-01 -0.000000e+00
    outer loop
      vertex   4.089661e+01 2.744139e+01 5.500000e+01
      vertex   3.911148e+01 2.993084e+01 5.000000e+01
      vertex   4.089661e+01 2.744139e+01 5.000000e+01
    endloop
  endfacet
  facet normal -8.473147e-01 -5.310911e-01 -0.000000e+00
    outer loop
      vertex   4.089661e+01 2.744139e+01 5.500000e+01
      vertex   4.089661e+01 2.744139e+01 5.000000e+01
      vertex   4.252352e+01 2.484578e+01 5.500000e+01
    endloop
  endfacet
  facet normal -8.473147e-01 -5.310911e-01 -0.000000e+00
    outer loop
      vertex   4.252352e+01 2.484578e+01 5.500000e+01
      vertex   4.089661e+01 2.744139e+01 5.000000e+01
      vertex   4.252352e+01 2.484578e+01 5.000000e+01
    endloop
  endfacet
  facet normal -8.786934e-01 -4.773865e-01 -0.000000e+00
    outer loop
      vertex   4.252352e+01 2.484578e+01 5.500000e+01
      vertex   4.252352e+01 2.484578e+01 5.000000e+01
      vertex   4.398591e+01 2.215405e+01 5.500000e+01
    endloop
  endfacet
  facet normal -8.786934e-01 -4.773865e-01 1.696018e-15
    outer loop
      vertex   4.398591e+01 2.215405e+01 5.500000e+01
      vertex   4.252352e+01 2.484578e+01 5.000000e+01
      vertex   4.398591e+01 2.215405e+01 5.000000e+01
    endloop
  endfacet
  facet normal -9.066726e-01 -4.218350e-01 1.498659e-15
    outer loop
      vertex   4.398591e+01 2.215405e+01 5.500000e+01
      vertex   4.398591e+01 2.215405e+01 5.000000e+01
      vertex   4.527814e+01 1.937660e+01 5.500000e+01
    endloop
  endfacet
  facet normal -9.066726e-01 -4.218350e-01 -1.078259e-15
    outer loop
      vertex   4.527814e+01 1.937660e+01 5.500000e+01
      vertex   4.398591e+01 2.215405e+01 5.000000e+01
      vertex   4.527814e+01 1.937660e+01 5.000000e+01
    endloop
  endfacet
  facet normal -9.311441e-01 -3.646515e-01 -1.350968e-15
    outer loop
      vertex   4.527814e+01 1.937660e+01 5.500000e+01
      vertex   4.527814e+01 1.937660e+01 5.000000e+01
      vertex   4.639519e+01 1.652420e+01 5.500000e+01
    endloop
  endfacet
  facet normal -9.311441e-01 -3.646515e-01 -0.000000e+00
    outer loop
      vertex   4.639519e+01 1.652420e+01 5.500000e+01
      vertex   4.527814e+01 1.937660e+01 5.000000e+01
      vertex   4.639519e+01 1.652420e+01 5.000000e+01
    endloop
  endfacet
  facet normal -9.520131e-01 -3.060573e-01 -0.000000e+00
    outer loop
      vertex   4.639519e+01 1.652420e+01 5.500000e+01
      vertex   4.639519e+01 1.652420e+01 5.000000e+01
      vertex   4.733274e+01 1.360786e+01 5.500000e+01
    endloop
  endfacet
  facet normal -9.520131e-01 -3.060573e-01 6.064194e-17
    outer loop
      vertex   4.733274e+01 1.360786e+01 5.500000e+01
      vertex   4.639519e+01 1.652420e+01 5.000000e+01
      vertex   4.733274e+01 1.360786e+01 5.000000e+01
    endloop
  endfacet
  facet normal -9.691990e-01 -2.462789e-01 -2.398686e-16
    outer loop
      vertex   4.733274e+01 1.360786e+01 5.500000e+01
      vertex   4.733274e+01 1.360786e+01 5.000000e+01
      vertex   4.808718e+01 1.063888e+01 5.500000e+01
    endloop
  endfacet
  facet normal -9.691990e-01 -2.462789e-01 9.624543e-16
    outer loop
      vertex   4.808718e+01 1.063888e+01 5.500000e+01
      vertex   4.733274e+01 1.360786e+01 5.000000e+01
      vertex   4.808718e+01 1.063888e+01 5.000000e+01
    endloop
  endfacet
  facet normal -9.826352e-01 -1.855478e-01 7.251178e-16
    outer loop
      vertex   4.808718e+01 1.063888e+01 5.500000e+01
      vertex   4.808718e+01 1.063888e+01 5.000000e+01
      vertex   4.865557e+01 7.628735e+00 5.500000e+01
    endloop
  endfacet
  facet normal -9.826352e-01 -1.855478e-01 -0.000000e+00
    outer loop
      vertex   4.865557e+01 7.628735e+00 5.500000e+01
      vertex   4.808718e+01 1.063888e+01 5.000000e+01
      vertex   4.865557e+01 7.628735e+00 5.000000e+01
    endloop
  endfacet
  facet normal -9.922699e-01 -1.240988e-01 -0.000000e+00
    outer loop
      vertex   4.865557e+01 7.628735e+00 5.500000e+01
      vertex   4.865557e+01 7.628735e+00 5.000000e+01
      vertex   4.903573e+01 4.589079e+00 5.500000e+01
    endloop
  endfacet
  facet normal -9.922699e-01 -1.240988e-01 -0.000000e+00
    outer loop
      vertex   4.903573e+01 4.589079e+00 5.500000e+01
      vertex   4.865557e+01 7.628735e+00 5.000000e+01
      vertex   4.903573e+01 4.589079e+00 5.000000e+01
    endloop
  endfacet
  facet normal -9.980656e-01 -6.216964e-02 -0.000000e+00
    outer loop
      vertex   4.903573e+01 4.589079e+00 5.500000e+01
      vertex   4.903573e+01 4.589079e+00 5.000000e+01
      vertex   4.922618e+01 1.531668e+00 5.500000e+01
    endloop
  endfacet
  facet normal -9.980656e-01 -6.216964e-02 2.733278e-16
    outer loop
      vertex   4.922618e+01 1.531668e+00 5.500000e+01
      vertex   4.903573e+01 4.589079e+00 5.000000e+01
      vertex   4.922618e+01 1.531668e+00 5.000000e+01
    endloop
  endfacet
  facet normal -1.000000e+00 -0.000000e+00 0.000000e+00
    outer loop
      vertex   4.922618e+01 1.531668e+00 5.500000e+01
      vertex   4.922618e+01 1.531668e+00 5.000000e+01
      vertex   4.922618e+01 -1.531668e+00 5.500000e+01
    endloop
  endfacet
  facet normal -1.000000e+00 0.000000e+00 -0.000000e+00
    outer loop
      vertex   4.922618e+01 -1.531668e+00 5.500000e+01
      vertex   4.922618e+01 1.531668e+00 5.000000e+01
      vertex   4.922618e+01 -1.531668e+00 5.000000e+01
    endloop
  endfacet
  facet normal -9.980656e-01 6.216964e-02 -2.733278e-16
    outer loop
      vertex   4.922618e+01 -1.531668e+00 5.500000e+01
      vertex   4.922618e+01 -1.531668e+00 5.000000e+01
      vertex   4.903573e+01 -4.589079e+00 5.500000e+01
    endloop
  endfacet
  facet normal -9.980656e-01 6.216964e-02 0.000000e+00
    outer loop
      vertex   4.903573e+01 -4.589079e+00 5.500000e+01
      vertex   4.922618e+01 -1.531668e+00 5.000000e+01
      vertex   4.903573e+01 -4.589079e+00 5.000000e+01
    endloop
  endfacet
  facet normal -9.922699e-01 1.240988e-01 0.000000e+00
    outer loop
      vertex   4.903573e+01 -4.589079e+00 5.500000e+01
      vertex   4.903573e+01 -4.589079e+00 5.000000e+01
      vertex   4.865557e+01 -7.628735e+00 5.500000e+01
    endloop
  endfacet
  facet normal -9.922699e-01 1.240988e-01 0.000000e+00
    outer loop
      vertex   4.865557e+01 -7.628735e+00 5.500000e+01
      vertex   4.903573e+01 -4.589079e+00 5.000000e+01
      vertex   4.865557e+01 -7.628735e+00 5.000000e+01
    endloop
  endfacet
  facet normal -9.826352e-01 1.855478e-01 0.000000e+00
    outer loop
      vertex   4.865557e+01 -7.628735e+00 5.500000e+01
      vertex   4.865557e+01 -7.628735e+00 5.000000e+01
      vertex   4.808718e+01 -1.063888e+01 5.500000e+01
    endloop
  endfacet
  facet normal -9.826352e-01 1.855478e-01 -7.251178e-16
    outer loop
      vertex   4.808718e+01 -1.063888e+01 5.500000e+01
      vertex   4.865557e+01 -7.628735e+00 5.000000e+01
      vertex   4.808718e+01 -1.063888e+01 5.000000e+01
    endloop
  endfacet
  facet normal -9.691990e-01 2.462789e-01 -9.624543e-16
    outer loop
      vertex   4.808718e+01 -1.063888e+01 5.500000e+01
      vertex   4.808718e+01 -1.063888e+01 5.000000e+01
      vertex   4.733274e+01 -1.360786e+01 5.500000e+01
    endloop
  endfacet
  facet normal -9.691990e-01 2.462789e-01 2.398686e-16
    outer loop
      vertex   4.733274e+01 -1.360786e+01 5.500000e+01
      vertex   4.808718e+01 -1.063888e+01 5.000000e+01
      vertex   4.733274e+01 -1.360786e+01 5.000000e+01
    endloop
  endfacet
  facet normal -9.520131e-01 3.060573e-01 -6.064194e-17
    outer loop
      vertex   4.733274e+01 -1.360786e+01 5.500000e+01
      vertex   4.733274e+01 -1.360786e+01 5.000000e+01
      vertex   4.639519e+01 -1.652420e+01 5.500000e+01
    endloop
  endfacet
  facet normal -9.520131e-01 3.060573e-01 0.000000e+00
    outer loop
      vertex   4.639519e+01 -1.652420e+01 5.500000e+01
      vertex   4.733274e+01 -1.360786e+01 5.000000e+01
      vertex   4.639519e+01 -1.652420e+01 5.000000e+01
    endloop
  endfacet
  facet normal -9.311441e-01 3.646515e-01 0.000000e+00
    outer loop
      vertex   4.639519e+01 -1.652420e+01 5.500000e+01
      vertex   4.639519e+01 -1.652420e+01 5.000000e+01
      vertex   4.527814e+01 -1.937660e+01 5.500000e+01
    endloop
  endfacet
  facet normal -9.311441e-01 3.646515e-01 1.350968e-15
    outer loop
      vertex   4.527814e+01 -1.937660e+01 5.500000e+01
      vertex   4.639519e+01 -1.652420e+01 5.000000e+01
      vertex   4.527814e+01 -1.937660e+01 5.000000e+01
    endloop
  endfacet
  facet normal -9.066726e-01 4.218350e-01 1.078259e-15
    outer loop
      vertex   4.527814e+01 -1.937660e+01 5.500000e+01
      vertex   4.527814e+01 -1.937660e+01 5.000000e+01
      vertex   4.398591e+01 -2.215405e+01 5.500000e+01
    endloop
  endfacet
  facet normal -9.066726e-01 4.218350e-01 -1.498659e-15
    outer loop
      vertex   4.398591e+01 -2.215405e+01 5.500000e+01
      vertex   4.527814e+01 -1.937660e+01 5.000000e+01
      vertex   4.398591e+01 -2.215405e+01 5.000000e+01
    endloop
  endfacet
  facet normal -8.786934e-01 4.773865e-01 -1.696018e-15
    outer loop
      vertex   4.398591e+01 -2.215405e+01 5.500000e+01
      vertex   4.398591e+01 -2.215405e+01 5.000000e+01
      vertex   4.252352e+01 -2.484578e+01 5.500000e+01
    endloop
  endfacet
  facet normal -8.786934e-01 4.773865e-01 0.000000e+00
    outer loop
      vertex   4.252352e+01 -2.484578e+01 5.500000e+01
      vertex   4.398591e+01 -2.215405e+01 5.000000e+01
      vertex   4.252352e+01 -2.484578e+01 5.000000e+01
    endloop
  endfacet
  facet normal -8.473147e-01 5.310911e-01 0.000000e+00
    outer loop
      vertex   4.252352e+01 -2.484578e+01 5.500000e+01
      vertex   4.252352e+01 -2.484578e+01 5.000000e+01
      vertex   4.089661e+01 -2.744139e+01 5.500000e+01
    endloop
  endfacet
  facet normal -8.473147e-01 5.310911e-01 0.000000e+00
    outer loop
      vertex   4.089661e+01 -2.744139e+01 5.500000e+01
      vertex   4.252352e+01 -2.484578e+01 5.000000e+01
      vertex   4.089661e+01 -2.744139e+01 5.000000e+01
    endloop
  endfacet
  facet normal -8.126579e-01 5.827410e-01 0.000000e+00
    outer loop
      vertex   4.089661e+01 -2.744139e+01 5.500000e+01
      vertex   4.089661e+01 -2.744139e+01 5.000000e+01
      vertex   3.911148e+01 -2.993084e+01 5.500000e+01
    endloop
  endfacet
  facet normal -8.126579e-01 5.827410e-01 2.394007e-16
    outer loop
      vertex   3.911148e+01 -2.993084e+01 5.500000e+01
      vertex   4.089661e+01 -2.744139e+01 5.000000e+01
      vertex   3.911148e+01 -2.993084e+01 5.000000e+01
    endloop
  endfacet
  facet normal -7.748571e-01 6.321364e-01 -4.352338e-17
    outer loop
      vertex   3.911148e+01 -2.993084e+01 5.500000e+01
      vertex   3.911148e+01 -2.993084e+01 5.000000e+01
      vertex   3.717503e+01 -3.230448e+01 5.500000e+01
    endloop
  endfacet
  facet normal -7.748571e-01 6.321364e-01 1.506775e-15
    outer loop
      vertex   3.717503e+01 -3.230448e+01 5.500000e+01
      vertex   3.911148e+01 -2.993084e+01 5.000000e+01
      vertex   3.717503e+01 -3.230448e+01 5.000000e+01
    endloop
  endfacet
  facet normal -7.340585e-01 6.790862e-01 1.199401e-15
    outer loop
      vertex   3.717503e+01 -3.230448e+01 5.500000e+01
      vertex   3.717503e+01 -3.230448e+01 5.000000e+01
      vertex   3.509476e+01 -3.455315e+01 5.500000e+01
    endloop
  endfacet
  facet normal -7.340585e-01 6.790862e-01 0.000000e+00
    outer loop
      vertex   3.509476e+01 -3.455315e+01 5.500000e+01
      vertex   3.717503e+01 -3.230448e+01 5.000000e+01
      vertex   3.509476e+01 -3.455315e+01 5.000000e+01
    endloop
  endfacet
  facet normal -6.904200e-01 7.234087e-01 0.000000e+00
    outer loop
      vertex   3.509476e+01 -3.455315e+01 5.500000e+01
      vertex   3.509476e+01 -3.455315e+01 5.000000e+01
      vertex   3.287872e+01 -3.666814e+01 5.500000e+01
    endloop
  endfacet
  facet normal -6.904200e-01 7.234087e-01 -1.406393e-16
    outer loop
      vertex   3.287872e+01 -3.666814e+01 5.500000e+01
      vertex   3.509476e+01 -3.455315e+01 5.000000e+01
      vertex   3.287872e+01 -3.666814e+01 5.000000e+01
    endloop
  endfacet
  facet normal -6.441104e-01 7.649325e-01 -5.150957e-16
    outer loop
      vertex   3.287872e+01 -3.666814e+01 5.500000e+01
      vertex   3.287872e+01 -3.666814e+01 5.000000e+01
      vertex   3.053547e+01 -3.864127e+01 5.500000e+01
    endloop
  endfacet
  facet normal -6.441104e-01 7.649325e-01 0.000000e+00
    outer loop
      vertex   3.053547e+01 -3.864127e+01 5.500000e+01
      vertex   3.287872e+01 -3.666814e+01 5.000000e+01
      vertex   3.053547e+01 -3.864127e+01 5.000000e+01
    endloop
  endfacet
  facet normal -5.953089e-01 8.034970e-01 0.000000e+00
    outer loop
      vertex   3.053547e+01 -3.864127e+01 5.500000e+01
      vertex   3.053547e+01 -3.864127e+01 5.000000e+01
      vertex   2.807409e+01 -4.046490e+01 5.500000e+01
    endloop
  endfacet
  facet normal -5.953089e-01 8.034970e-01 6.772710e-16
    outer loop
      vertex   2.807409e+01 -4.046490e+01 5.500000e+01
      vertex   3.053547e+01 -3.864127e+01 5.000000e+01
      vertex   2.807409e+01 -4.046490e+01 5.000000e+01
    endloop
  endfacet
  facet normal -5.442042e-01 8.389528e-01 3.223150e-16
    outer loop
      vertex   2.807409e+01 -4.046490e+01 5.500000e+01
      vertex   2.807409e+01 -4.046490e+01 5.000000e+01
      vertex   2.550409e+01 -4.213198e+01 5.500000e+01
    endloop
  endfacet
  facet normal -5.442042e-01 8.389528e-01 0.000000e+00
    outer loop
      vertex   2.550409e+01 -4.213198e+01 5.500000e+01
      vertex   2.807409e+01 -4.046490e+01 5.000000e+01
      vertex   2.550409e+01 -4.213198e+01 5.000000e+01
    endloop
  endfacet
  facet normal -4.909941e-01 8.711629e-01 0.000000e+00
    outer loop
      vertex   2.550409e+01 -4.213198e+01 5.500000e+01
      vertex   2.550409e+01 -4.213198e+01 5.000000e+01
      vertex   2.283543e+01 -4.363606e+01 5.500000e+01
    endloop
  endfacet
  facet normal -4.909941e-01 8.711629e-01 0.000000e+00
    outer loop
      vertex   2.283543e+01 -4.363606e+01 5.500000e+01
      vertex   2.550409e+01 -4.213198e+01 5.000000e+01
      vertex   2.283543e+01 -4.363606e+01 5.000000e+01
    endloop
  endfacet
  facet normal -4.358844e-01 9.000027e-01 0.000000e+00
    outer loop
      vertex   2.283543e+01 -4.363606e+01 5.500000e+01
      vertex   2.283543e+01 -4.363606e+01 5.000000e+01
      vertex   2.007842e+01 -4.497132e+01 5.500000e+01
    endloop
  endfacet
  facet normal -4.358844e-01 9.000027e-01 -1.009389e-15
    outer loop
      vertex   2.007842e+01 -4.497132e+01 5.500000e+01
      vertex   2.283543e+01 -4.363606e+01 5.000000e+01
      vertex   2.007842e+01 -4.497132e+01 5.000000e+01
    endloop
  endfacet
  facet normal -3.790884e-01 9.253605e-01 -1.283240e-15
    outer loop
      vertex   2.007842e+01 -4.497132e+01 5.500000e+01
      vertex   2.007842e+01 -4.497132e+01 5.000000e+01
      vertex   1.724373e+01 -4.613260e+01 5.500000e+01
    endloop
  endfacet
  facet normal -3.790884e-01 9.253605e-01 -5.069408e-16
    outer loop
      vertex   1.724373e+01 -4.613260e+01 5.500000e+01
      vertex   2.007842e+01 -4.497132e+01 5.000000e+01
      vertex   1.724373e+01 -4.613260e+01 5.000000e+01
    endloop
  endfacet
  facet normal -3.208258e-01 9.471382e-01 -6.620831e-16
    outer loop
      vertex   1.724373e+01 -4.613260e+01 5.500000e+01
      vertex   1.724373e+01 -4.613260e+01 5.000000e+01
      vertex   1.434232e+01 -4.711539e+01 5.500000e+01
    endloop
  endfacet
  facet normal -3.208258e-01 9.471382e-01 5.916992e-16
    outer loop
      vertex   1.434232e+01 -4.711539e+01 5.500000e+01
      vertex   1.724373e+01 -4.613260e+01 5.000000e+01
      vertex   1.434232e+01 -4.711539e+01 5.000000e+01
    endloop
  endfacet
  facet normal -2.613219e-01 9.652517e-01 2.065782e-16
    outer loop
      vertex   1.434232e+01 -4.711539e+01 5.500000e+01
      vertex   1.434232e+01 -4.711539e+01 5.000000e+01
      vertex   1.138543e+01 -4.791591e+01 5.500000e+01
    endloop
  endfacet
  facet normal -2.613219e-01 9.652517e-01 1.114082e-15
    outer loop
      vertex   1.138543e+01 -4.791591e+01 5.500000e+01
      vertex   1.434232e+01 -4.711539e+01 5.000000e+01
      vertex   1.138543e+01 -4.791591e+01 5.000000e+01
    endloop
  endfacet
  facet normal -2.008071e-01 9.796308e-01 8.560920e-16
    outer loop
      vertex   1.138543e+01 -4.791591e+01 5.500000e+01
      vertex   1.138543e+01 -4.791591e+01 5.000000e+01
      vertex   8.384495e+00 -4.853105e+01 5.500000e+01
    endloop
  endfacet
  facet normal -2.008071e-01 9.796308e-01 0.000000e+00
    outer loop
      vertex   8.384495e+00 -4.853105e+01 5.500000e+01
      vertex   1.138543e+01 -4.791591e+01 5.000000e+01
      vertex   8.384495e+00 -4.853105e+01 5.000000e+01
    endloop
  endfacet
  facet normal -1.395153e-01 9.902199e-01 0.000000e+00
    outer loop
      vertex   8.384495e+00 -4.853105e+01 5.500000e+01
      vertex   8.384495e+00 -4.853105e+01 5.000000e+01
      vertex   5.351118e+00 -4.895843e+01 5.500000e+01
    endloop
  endfacet
  facet normal -1.395153e-01 9.902199e-01 -4.902197e-16
    outer loop
      vertex   5.351118e+00 -4.895843e+01 5.500000e+01
      vertex   8.384495e+00 -4.853105e+01 5.000000e+01
      vertex   5.351118e+00 -4.895843e+01 5.000000e+01
    endloop
  endfacet
  facet normal -7.768385e-02 9.969780e-01 -9.062123e-16
    outer loop
      vertex   5.351118e+00 -4.895843e+01 5.500000e+01
      vertex   5.351118e+00 -4.895843e+01 5.000000e+01
      vertex   2.297039e+00 -4.919640e+01 5.500000e+01
    endloop
  endfacet
  facet normal -7.768385e-02 9.969780e-01 1.724928e-16
    outer loop
      vertex   2.297039e+00 -4.919640e+01 5.500000e+01
      vertex   5.351118e+00 -4.895843e+01 5.000000e+01
      vertex   2.297039e+00 -4.919640e+01 5.000000e+01
    endloop
  endfacet
  facet normal -1.555181e-02 9.998791e-01 3.453196e-17
    outer loop
      vertex   2.297039e+00 -4.919640e+01 5.500000e+01
      vertex   2.297039e+00 -4.919640e+01 5.000000e+01
      vertex   -7.659267e-01 -4.924404e+01 5.500000e+01
    endloop
  endfacet
  facet normal -1.555181e-02 9.998791e-01 0.000000e+00
    outer loop
      vertex   -7.659267e-01 -4.924404e+01 5.500000e+01
      vertex   2.297039e+00 -4.919640e+01 5.000000e+01
      vertex   -7.659267e-01 -4.924404e+01 5.000000e+01
    endloop
  endfacet
  facet normal 4.664039e-02 9.989117e-01 0.000000e+00
    outer loop
      vertex   -7.659267e-01 -4.924404e+01 5.500000e+01
      vertex   -7.659267e-01 -4.924404e+01 5.000000e+01
      vertex   -3.825929e+00 -4.910117e+01 5.500000e+01
    endloop
  endfacet
  facet normal 4.664039e-02 9.989117e-01 -2.029824e-16
    outer loop
      vertex   -3.825929e+00 -4.910117e+01 5.500000e+01
      vertex   -7.659267e-01 -4.924404e+01 5.000000e+01
      vertex   -3.825929e+00 -4.910117e+01 5.000000e+01
    endloop
  endfacet
  facet normal 1.086522e-01 9.940798e-01 -4.728622e-16
    outer loop
      vertex   -3.825929e+00 -4.910117e+01 5.500000e+01
      vertex   -3.825929e+00 -4.910117e+01 5.000000e+01
      vertex   -6.871130e+00 -4.876833e+01 5.500000e+01
    endloop
  endfacet
  facet normal 1.086522e-01 9.940798e-01 -2.316060e-16
    outer loop
      vertex   -6.871130e+00 -4.876833e+01 5.500000e+01
      vertex   -3.825929e+00 -4.910117e+01 5.000000e+01
      vertex   -6.871130e+00 -4.876833e+01 5.000000e+01
    endloop
  endfacet
  facet normal 1.702436e-01 9.854020e-01 -3.628960e-16
    outer loop
      vertex   -6.871130e+00 -4.876833e+01 5.500000e+01
      vertex   -6.871130e+00 -4.876833e+01 5.000000e+01
      vertex   -9.889748e+00 -4.824682e+01 5.500000e+01
    endloop
  endfacet
  facet normal 1.702436e-01 9.854020e-01 0.000000e+00
    outer loop
      vertex   -9.889748e+00 -4.824682e+01 5.500000e+01
      vertex   -6.871130e+00 -4.876833e+01 5.000000e+01
      vertex   -9.889748e+00 -4.824682e+01 5.000000e+01
    endloop
  endfacet
  facet normal 2.311763e-01 9.729119e-01 0.000000e+00
    outer loop
      vertex   -9.889748e+00 -4.824682e+01 5.500000e+01
      vertex   -9.889748e+00 -4.824682e+01 5.000000e+01
      vertex   -1.287010e+01 -4.753865e+01 5.500000e+01
    endloop
  endfacet
  facet normal 2.311763e-01 9.729119e-01 -9.034336e-16
    outer loop
      vertex   -1.287010e+01 -4.753865e+01 5.500000e+01
      vertex   -9.889748e+00 -4.824682e+01 5.000000e+01
      vertex   -1.287010e+01 -4.753865e+01 5.000000e+01
    endloop
  endfacet
  facet normal 2.912147e-01 9.566577e-01 -1.138063e-15
    outer loop
      vertex   -1.287010e+01 -4.753865e+01 5.500000e+01
      vertex   -1.287010e+01 -4.753865e+01 5.000000e+01
      vertex   -1.580067e+01 -4.664656e+01 5.500000e+01
    endloop
  endfacet
  facet normal 2.912147e-01 9.566577e-01 2.098223e-15
    outer loop
      vertex   -1.580067e+01 -4.664656e+01 5.500000e+01
      vertex   -1.287010e+01 -4.753865e+01 5.000000e+01
      vertex   -1.580067e+01 -4.664656e+01 5.000000e+01
    endloop
  endfacet
  facet normal 3.501264e-01 9.367024e-01 1.915929e-15
    outer loop
      vertex   -1.580067e+01 -4.664656e+01 5.500000e+01
      vertex   -1.580067e+01 -4.664656e+01 5.000000e+01
      vertex   -1.867010e+01 -4.557400e+01 5.500000e+01
    endloop
  endfacet
  facet normal 3.501264e-01 9.367024e-01 -5.847948e-16
    outer loop
      vertex   -1.867010e+01 -4.557400e+01 5.500000e+01
      vertex   -1.580067e+01 -4.664656e+01 5.000000e+01
      vertex   -1.867010e+01 -4.557400e+01 5.000000e+01
    endloop
  endfacet
  facet normal 4.076836e-01 9.131233e-01 -4.285963e-16
    outer loop
      vertex   -1.867010e+01 -4.557400e+01 5.500000e+01
      vertex   -1.867010e+01 -4.557400e+01 5.000000e+01
      vertex   -2.146731e+01 -4.432513e+01 5.500000e+01
    endloop
  endfacet
  facet normal 4.076836e-01 9.131233e-01 -1.507570e-16
    outer loop
      vertex   -2.146731e+01 -4.432513e+01 5.500000e+01
      vertex   -1.867010e+01 -4.557400e+01 5.000000e+01
      vertex   -2.146731e+01 -4.432513e+01 5.000000e+01
    endloop
  endfacet
  facet normal 4.636635e-01 8.860114e-01 -3.881659e-16
    outer loop
      vertex   -2.146731e+01 -4.432513e+01 5.500000e+01
      vertex   -2.146731e+01 -4.432513e+01 5.000000e+01
      vertex   -2.418146e+01 -4.290477e+01 5.500000e+01
    endloop
  endfacet
  facet normal 4.636635e-01 8.860114e-01 0.000000e+00
    outer loop
      vertex   -2.418146e+01 -4.290477e+01 5.500000e+01
      vertex   -2.146731e+01 -4.432513e+01 5.000000e+01
      vertex   -2.418146e+01 -4.290477e+01 5.000000e+01
    endloop
  endfacet
  facet normal 5.178496e-01 8.554717e-01 0.000000e+00
    outer loop
      vertex   -2.418146e+01 -4.290477e+01 5.500000e+01
      vertex   -2.418146e+01 -4.290477e+01 5.000000e+01
      vertex   -2.680206e+01 -4.131843e+01 5.500000e+01
    endloop
  endfacet
  facet normal 5.178496e-01 8.554717e-01 -3.244784e-17
    outer loop
      vertex   -2.680206e+01 -4.131843e+01 5.500000e+01
      vertex   -2.418146e+01 -4.290477e+01 5.000000e+01
      vertex   -2.680206e+01 -4.131843e+01 5.000000e+01
    endloop
  endfacet
  facet normal 5.700323e-01 8.216223e-01 -5.475362e-16
    outer loop
      vertex   -2.680206e+01 -4.131843e+01 5.500000e+01
      vertex   -2.680206e+01 -4.131843e+01 5.000000e+01
      vertex   -2.931896e+01 -3.957223e+01 5.500000e+01
    endloop
  endfacet
  facet normal 5.700323e-01 8.216223e-01 -4.750131e-17
    outer loop
      vertex   -2.931896e+01 -3.957223e+01 5.500000e+01
      vertex   -2.680206e+01 -4.131843e+01 5.000000e+01
      vertex   -2.931896e+01 -3.957223e+01 5.000000e+01
    endloop
  endfacet
  facet normal 6.200095e-01 7.845943e-01 -2.066543e-16
    outer loop
      vertex   -2.931896e+01 -3.957223e+01 5.500000e+01
      vertex   -2.931896e+01 -3.957223e+01 5.000000e+01
      vertex   -3.172244e+01 -3.767293e+01 5.500000e+01
    endloop
  endfacet
  facet normal 6.200095e-01 7.845943e-01 0.000000e+00
    outer loop
      vertex   -3.172244e+01 -3.767293e+01 5.500000e+01
      vertex   -2.931896e+01 -3.957223e+01 5.000000e+01
      vertex   -3.172244e+01 -3.767293e+01 5.000000e+01
    endloop
  endfacet
  facet normal 6.675881e-01 7.445308e-01 0.000000e+00
    outer loop
      vertex   -3.172244e+01 -3.767293e+01 5.500000e+01
      vertex   -3.172244e+01 -3.767293e+01 5.000000e+01
      vertex   -3.400319e+01 -3.562788e+01 5.500000e+01
    endloop
  endfacet
  facet normal 6.675881e-01 7.445308e-01 2.225426e-15
    outer loop
      vertex   -3.400319e+01 -3.562788e+01 5.500000e+01
      vertex   -3.172244e+01 -3.767293e+01 5.000000e+01
      vertex   -3.400319e+01 -3.562788e+01 5.000000e+01
    endloop
  endfacet
  facet normal 7.125840e-01 7.015868e-01 1.978402e-15
    outer loop
      vertex   -3.400319e+01 -3.562788e+01 5.500000e+01
      vertex   -3.400319e+01 -3.562788e+01 5.000000e+01
      vertex   -3.615238e+01 -3.344500e+01 5.500000e+01
    endloop
  endfacet
  facet normal 7.125840e-01 7.015868e-01 0.000000e+00
    outer loop
      vertex   -3.615238e+01 -3.344500e+01 5.500000e+01
      vertex   -3.400319e+01 -3.562788e+01 5.000000e+01
      vertex   -3.615238e+01 -3.344500e+01 5.000000e+01
    endloop
  endfacet
  facet normal 7.548229e-01 6.559286e-01 0.000000e+00
    outer loop
      vertex   -3.615238e+01 -3.344500e+01 5.500000e+01
      vertex   -3.615238e+01 -3.344500e+01 5.000000e+01
      vertex   -3.816171e+01 -3.113272e+01 5.500000e+01
    endloop
  endfacet
  facet normal 7.548229e-01 6.559286e-01 0.000000e+00
    outer loop
      vertex   -3.816171e+01 -3.113272e+01 5.500000e+01
      vertex   -3.615238e+01 -3.344500e+01 5.000000e+01
      vertex   -3.816171e+01 -3.113272e+01 5.000000e+01
    endloop
  endfacet
  facet normal 7.941417e-01 6.077327e-01 0.000000e+00
    outer loop
      vertex   -3.816171e+01 -3.113272e+01 5.500000e+01
      vertex   -3.816171e+01 -3.113272e+01 5.000000e+01
      vertex   -4.002340e+01 -2.870000e+01 5.500000e+01
    endloop
  endfacet
  facet normal 7.941417e-01 6.077327e-01 -7.947091e-16
    outer loop
      vertex   -4.002340e+01 -2.870000e+01 5.500000e+01
      vertex   -3.816171e+01 -3.113272e+01 5.000000e+01
      vertex   -4.002340e+01 -2.870000e+01 5.000000e+01
    endloop
  endfacet
  facet normal 8.303880e-01 5.571856e-01 -1.164732e-15
    outer loop
      vertex   -4.002340e+01 -2.870000e+01 5.500000e+01
      vertex   -4.002340e+01 -2.870000e+01 5.000000e+01
      vertex   -4.173025e+01 -2.615624e+01 5.500000e+01
    endloop
  endfacet
  facet normal 8.303880e-01 5.571856e-01 0.000000e+00
    outer loop
      vertex   -4.173025e+01 -2.615624e+01 5.500000e+01
      vertex   -4.002340e+01 -2.870000e+01 5.000000e+01
      vertex   -4.173025e+01 -2.615624e+01 5.000000e+01
    endloop
  endfacet
  facet normal 8.634217e-01 5.044829e-01 0.000000e+00
    outer loop
      vertex   -4.173025e+01 -2.615624e+01 5.500000e+01
      vertex   -4.173025e+01 -2.615624e+01 5.000000e+01
      vertex   -4.327565e+01 -2.351129e+01 5.500000e+01
    endloop
  endfacet
  facet normal 8.634217e-01 5.044829e-01 0.000000e+00
    outer loop
      vertex   -4.327565e+01 -2.351129e+01 5.500000e+01
      vertex   -4.173025e+01 -2.615624e+01 5.000000e+01
      vertex   -4.327565e+01 -2.351129e+01 5.000000e+01
    endloop
  endfacet
  facet normal 8.931150e-01 4.498284e-01 0.000000e+00
    outer loop
      vertex   -4.327565e+01 -2.351129e+01 5.500000e+01
      vertex   -4.327565e+01 -2.351129e+01 5.000000e+01
      vertex   -4.465363e+01 -2.077538e+01 5.500000e+01
    endloop
  endfacet
  facet normal 8.931150e-01 4.498284e-01 1.917734e-15
    outer loop
      vertex   -4.465363e+01 -2.077538e+01 5.500000e+01
      vertex   -4.327565e+01 -2.351129e+01 5.000000e+01
      vertex   -4.465363e+01 -2.077538e+01 5.000000e+01
    endloop
  endfacet
  facet normal 9.193530e-01 3.934336e-01 1.677308e-15
    outer loop
      vertex   -4.465363e+01 -2.077538e+01 5.500000e+01
      vertex   -4.465363e+01 -2.077538e+01 5.000000e+01
      vertex   -4.585885e+01 -1.795909e+01 5.500000e+01
    endloop
  endfacet
  facet normal 9.193530e-01 3.934336e-01 0.000000e+00
    outer loop
      vertex   -4.585885e+01 -1.795909e+01 5.500000e+01
      vertex   -4.465363e+01 -2.077538e+01 5.000000e+01
      vertex   -4.585885e+01 -1.795909e+01 5.000000e+01
    endloop
  endfacet
  facet normal 9.420343e-01 3.355167e-01 0.000000e+00
    outer loop
      vertex   -4.585885e+01 -1.795909e+01 5.500000e+01
      vertex   -4.585885e+01 -1.795909e+01 5.000000e+01
      vertex   -4.688665e+01 -1.507332e+01 5.500000e+01
    endloop
  endfacet
  facet normal 9.420343e-01 3.355167e-01 0.000000e+00
    outer loop
      vertex   -4.688665e+01 -1.507332e+01 5.500000e+01
      vertex   -4.585885e+01 -1.795909e+01 5.000000e+01
      vertex   -4.688665e+01 -1.507332e+01 5.000000e+01
    endloop
  endfacet
  facet normal 9.610709e-01 2.763017e-01 0.000000e+00
    outer loop
      vertex   -4.688665e+01 -1.507332e+01 5.500000e+01
      vertex   -4.688665e+01 -1.507332e+01 5.000000e+01
      vertex   -4.773305e+01 -1.212924e+01 5.500000e+01
    endloop
  endfacet
  facet normal 9.610709e-01 2.763017e-01 1.079783e-15
    outer loop
      vertex   -4.773305e+01 -1.212924e+01 5.500000e+01
      vertex   -4.688665e+01 -1.507332e+01 5.000000e+01
      vertex   -4.773305e+01 -1.212924e+01 5.000000e+01
    endloop
  endfacet
  facet normal 9.763894e-01 2.160178e-01 8.441944e-16
    outer loop
      vertex   -4.773305e+01 -1.212924e+01 5.500000e+01
      vertex   -4.773305e+01 -1.212924e+01 5.000000e+01
      vertex   -4.839479e+01 -9.138227e+00 5.500000e+01
    endloop
  endfacet
  facet normal 9.763894e-01 2.160178e-01 0.000000e+00
    outer loop
      vertex   -4.839479e+01 -9.138227e+00 5.500000e+01
      vertex   -4.773305e+01 -1.212924e+01 5.000000e+01
      vertex   -4.839479e+01 -9.138227e+00 5.000000e+01
    endloop
  endfacet
  facet normal 9.879304e-01 1.548982e-01 0.000000e+00
    outer loop
      vertex   -4.839479e+01 -9.138227e+00 5.500000e+01
      vertex   -4.839479e+01 -9.138227e+00 5.000000e+01
      vertex   -4.886929e+01 -6.111864e+00 5.500000e+01
    endloop
  endfacet
  facet normal 9.879304e-01 1.548982e-01 6.878861e-16
    outer loop
      vertex   -4.886929e+01 -6.111864e+00 5.500000e+01
      vertex   -4.839479e+01 -9.138227e+00 5.000000e+01
      vertex   -4.886929e+01 -6.111864e+00 5.000000e+01
    endloop
  endfacet
  facet normal 9.956493e-01 9.317927e-02 4.137991e-16
    outer loop
      vertex   -4.886929e+01 -6.111864e+00 5.500000e+01
      vertex   -4.886929e+01 -6.111864e+00 5.000000e+01
      vertex   -4.915473e+01 -3.061855e+00 5.500000e+01
    endloop
  endfacet
  facet normal 9.956493e-01 9.317927e-02 4.055231e-16
    outer loop
      vertex   -4.915473e+01 -3.061855e+00 5.500000e+01
      vertex   -4.886929e+01 -6.111864e+00 5.000000e+01
      vertex   -4.915473e+01 -3.061855e+00 5.000000e+01
    endloop
  endfacet
  facet normal 0.000000e+00 0.000000e+00 1.000000e+00
    outer loop
      vertex   -4.915473e+01 3.061855e+00 5.500000e+01
      vertex   -4.970555e+01 3.065733e+00 5.500000e+01
      vertex   -4.925000e+01 -6.031385e-15 5.500000e+01
    endloop
  endfacet
  facet normal 0.000000e+00 0.000000e+00 1.000000e+00
    outer loop
      vertex   -4.925000e+01 -6.031385e-15 5.500000e+01
      vertex   -4.970555e+01 3.065733e+00 5.500000e+01
      vertex   -4.980000e+01 -6.098741e-15 5.500000e+01
    endloop
  endfacet
  facet normal 0.000000e+00 0.000000e+00 1.000000e+00
    outer loop
      vertex   -4.925000e+01 -6.031385e-15 5.500000e+01
      vertex   -4.980000e+01 -6.098741e-15 5.500000e+01
      vertex   -4.970555e+01 -3.065733e+00 5.500000e+01
    endloop
  endfacet
  facet normal -0.000000e+00 0.000000e+00 1.000000e+00
    outer loop
      vertex   -4.970555e+01 3.065733e+00 5.500000e+01
      vertex   -4.915473e+01 3.061855e+00 5.500000e+01
      vertex   -4.942254e+01 6.119837e+00 5.500000e+01
    endloop
  endfacet
  facet normal 0.000000e+00 0.000000e+00 1.000000e+00
    outer loop
      vertex   -4.942254e+01 6.119837e+00 5.500000e+01
      vertex   -4.915473e+01 3.061855e+00 5.500000e+01
      vertex   -4.886929e+01 6.111864e+00 5.500000e+01
    endloop
  endfacet
  facet normal -0.000000e+00 0.000000e+00 1.000000e+00
    outer loop
      vertex   -4.942254e+01 6.119837e+00 5.500000e+01
      vertex   -4.886929e+01 6.111864e+00 5.500000e+01
      vertex   -4.895206e+01 9.150726e+00 5.500000e+01
    endloop
  endfacet
  facet normal 0.000000e+00 0.000000e+00 1.000000e+00
    outer loop
      vertex   -4.895206e+01 9.150726e+00 5.500000e+01
      vertex   -4.886929e+01 6.111864e+00 5.500000e+01
      vertex   -4.839479e+01 9.138227e+00 5.500000e+01
    endloop
  endfacet
  facet normal -0.000000e+00 0.000000e+00 1.000000e+00
    outer loop
      vertex   -4.895206e+01 9.150726e+00 5.500000e+01
      vertex   -4.839479e+01 9.138227e+00 5.500000e+01
      vertex   -4.829589e+01 1.214690e+01 5.500000e+01
    endloop
  endfacet
  facet normal 0.000000e+00 0.000000e+00 1.000000e+00
    outer loop
      vertex   -4.829589e+01 1.214690e+01 5.500000e+01
      vertex   -4.839479e+01 9.138227e+00 5.500000e+01
      vertex   -4.773305e+01 1.212924e+01 5.500000e+01
    endloop
  endfacet
  facet normal -0.000000e+00 0.000000e+00 1.000000e+00
    outer loop
      vertex   -4.829589e+01 1.214690e+01 5.500000e+01
      vertex   -4.773305e+01 1.212924e+01 5.500000e+01
      vertex   -4.745651e+01 1.509700e+01 5.500000e+01
    endloop
  endfacet
  facet normal 0.000000e+00 0.000000e+00 1.000000e+00
    outer loop
      vertex   -4.745651e+01 1.509700e+01 5.500000e+01
      vertex   -4.773305e+01 1.212924e+01 5.500000e+01
      vertex   -4.688665e+01 1.507332e+01 5.500000e+01
    endloop
  endfacet
  facet normal -0.000000e+00 0.000000e+00 1.000000e+00
    outer loop
      vertex   -4.745651e+01 1.509700e+01 5.500000e+01
      vertex   -4.688665e+01 1.507332e+01 5.500000e+01
      vertex   -4.643712e+01 1.798983e+01 5.500000e+01
    endloop
  endfacet
  facet normal 0.000000e+00 0.000000e+00 1.000000e+00
    outer loop
      vertex   -4.643712e+01 1.798983e+01 5.500000e+01
      vertex   -4.688665e+01 1.507332e+01 5.500000e+01
      vertex   -4.585885e+01 1.795909e+01 5.500000e+01
    endloop
  endfacet
  facet normal -0.000000e+00 0.000000e+00 1.000000e+00
    outer loop
      vertex   -4.643712e+01 1.798983e+01 5.500000e+01
      vertex   -4.585885e+01 1.795909e+01 5.500000e+01
      vertex   -4.524157e+01 2.081443e+01 5.500000e+01
    endloop
  endfacet
  facet normal 0.000000e+00 0.000000e+00 1.000000e+00
    outer loop
      vertex   -4.524157e+01 2.081443e+01 5.500000e+01
      vertex   -4.585885e+01 1.795909e+01 5.500000e+01
      vertex   -4.465363e+01 2.077538e+01 5.500000e+01
    endloop
  endfacet
  facet normal -0.000000e+00 0.000000e+00 1.000000e+00
    outer loop
      vertex   -4.524157e+01 2.081443e+01 5.500000e+01
      vertex   -4.465363e+01 2.077538e+01 5.500000e+01
      vertex   -4.387441e+01 2.356006e+01 5.500000e+01
    endloop
  endfacet
  facet normal 0.000000e+00 0.000000e+00 1.000000e+00
    outer loop
      vertex   -4.387441e+01 2.356006e+01 5.500000e+01
      vertex   -4.465363e+01 2.077538e+01 5.500000e+01
      vertex   -4.327565e+01 2.351129e+01 5.500000e+01
    endloop
  endfacet
  facet normal -0.000000e+00 0.000000e+00 1.000000e+00
    outer loop
      vertex   -4.387441e+01 2.356006e+01 5.500000e+01
      vertex   -4.327565e+01 2.351129e+01 5.500000e+01
      vertex   -4.234081e+01 2.621632e+01 5.500000e+01
    endloop
  endfacet
  facet normal 0.000000e+00 0.000000e+00 1.000000e+00
    outer loop
      vertex   -4.234081e+01 2.621632e+01 5.500000e+01
      vertex   -4.327565e+01 2.351129e+01 5.500000e+01
      vertex   -4.173025e+01 2.615624e+01 5.500000e+01
    endloop
  endfacet
  facet normal -0.000000e+00 0.000000e+00 1.000000e+00
    outer loop
      vertex   -4.234081e+01 2.621632e+01 5.500000e+01
      vertex   -4.173025e+01 2.615624e+01 5.500000e+01
      vertex   -4.064661e+01 2.877314e+01 5.500000e+01
    endloop
  endfacet
  facet normal 0.000000e+00 0.000000e+00 1.000000e+00
    outer loop
      vertex   -4.064661e+01 2.877314e+01 5.500000e+01
      vertex   -4.173025e+01 2.615624e+01 5.500000e+01
      vertex   -4.002340e+01 2.870000e+01 5.500000e+01
    endloop
  endfacet
  facet normal -0.000000e+00 0.000000e+00 1.000000e+00
    outer loop
      vertex   -4.064661e+01 2.877314e+01 5.500000e+01
      vertex   -4.002340e+01 2.870000e+01 5.500000e+01
      vertex   -3.879821e+01 3.122081e+01 5.500000e+01
    endloop
  endfacet
  facet normal 0.000000e+00 0.000000e+00 1.000000e+00
    outer loop
      vertex   -3.879821e+01 3.122081e+01 5.500000e+01
      vertex   -4.002340e+01 2.870000e+01 5.500000e+01
      vertex   -3.816171e+01 3.113272e+01 5.500000e+01
    endloop
  endfacet
  facet normal -0.000000e+00 0.000000e+00 1.000000e+00
    outer loop
      vertex   -3.879821e+01 3.122081e+01 5.500000e+01
      vertex   -3.816171e+01 3.113272e+01 5.500000e+01
      vertex   -3.680264e+01 3.355004e+01 5.500000e+01
    endloop
  endfacet
  facet normal 0.000000e+00 0.000000e+00 1.000000e+00
    outer loop
      vertex   -3.680264e+01 3.355004e+01 5.500000e+01
      vertex   -3.816171e+01 3.113272e+01 5.500000e+01
      vertex   -3.615238e+01 3.344500e+01 5.500000e+01
    endloop
  endfacet
  facet normal -0.000000e+00 0.000000e+00 1.000000e+00
    outer loop
      vertex   -3.680264e+01 3.355004e+01 5.500000e+01
      vertex   -3.615238e+01 3.344500e+01 5.500000e+01
      vertex   -3.466747e+01 3.575201e+01 5.500000e+01
    endloop
  endfacet
  facet normal 0.000000e+00 0.000000e+00 1.000000e+00
    outer loop
      vertex   -3.466747e+01 3.575201e+01 5.500000e+01
      vertex   -3.615238e+01 3.344500e+01 5.500000e+01
      vertex   -3.400319e+01 3.562788e+01 5.500000e+01
    endloop
  endfacet
  facet normal -0.000000e+00 0.000000e+00 1.000000e+00
    outer loop
      vertex   -3.466747e+01 3.575201e+01 5.500000e+01
      vertex   -3.400319e+01 3.562788e+01 5.500000e+01
      vertex   -3.240079e+01 3.781836e+01 5.500000e+01
    endloop
  endfacet
  facet normal 0.000000e+00 0.000000e+00 1.000000e+00
    outer loop
      vertex   -3.240079e+01 3.781836e+01 5.500000e+01
      vertex   -3.400319e+01 3.562788e+01 5.500000e+01
      vertex   -3.172244e+01 3.767293e+01 5.500000e+01
    endloop
  endfacet
  facet normal -0.000000e+00 0.000000e+00 1.000000e+00
    outer loop
      vertex   -3.240079e+01 3.781836e+01 5.500000e+01
      vertex   -3.172244e+01 3.767293e+01 5.500000e+01
      vertex   -3.001120e+01 3.974126e+01 5.500000e+01
    endloop
  endfacet
  facet normal 0.000000e+00 0.000000e+00 1.000000e+00
    outer loop
      vertex   -3.001120e+01 3.974126e+01 5.500000e+01
      vertex   -3.172244e+01 3.767293e+01 5.500000e+01
      vertex   -2.931896e+01 3.957223e+01 5.500000e+01
    endloop
  endfacet
  facet normal -0.000000e+00 0.000000e+00 1.000000e+00
    outer loop
      vertex   -3.001120e+01 3.974126e+01 5.500000e+01
      vertex   -2.931896e+01 3.957223e+01 5.500000e+01
      vertex   -2.750778e+01 4.151340e+01 5.500000e+01
    endloop
  endfacet
  facet normal 0.000000e+00 0.000000e+00 1.000000e+00
    outer loop
      vertex   -2.750778e+01 4.151340e+01 5.500000e+01
      vertex   -2.931896e+01 3.957223e+01 5.500000e+01
      vertex   -2.680206e+01 4.131843e+01 5.500000e+01
    endloop
  endfacet
  facet normal -0.000000e+00 0.000000e+00 1.000000e+00
    outer loop
      vertex   -2.750778e+01 4.151340e+01 5.500000e+01
      vertex   -2.680206e+01 4.131843e+01 5.500000e+01
      vertex   -2.490000e+01 4.312807e+01 5.500000e+01
    endloop
  endfacet
  facet normal 0.000000e+00 0.000000e+00 1.000000e+00
    outer loop
      vertex   -2.490000e+01 4.312807e+01 5.500000e+01
      vertex   -2.680206e+01 4.131843e+01 5.500000e+01
      vertex   -2.418146e+01 4.290477e+01 5.500000e+01
    endloop
  endfacet
  facet normal -0.000000e+00 0.000000e+00 1.000000e+00
    outer loop
      vertex   -2.490000e+01 4.312807e+01 5.500000e+01
      vertex   -2.418146e+01 4.290477e+01 5.500000e+01
      vertex   -2.219777e+01 4.457913e+01 5.500000e+01
    endloop
  endfacet
  facet normal 0.000000e+00 0.000000e+00 1.000000e+00
    outer loop
      vertex   -2.219777e+01 4.457913e+01 5.500000e+01
      vertex   -2.418146e+01 4.290477e+01 5.500000e+01
      vertex   -2.146731e+01 4.432513e+01 5.500000e+01
    endloop
  endfacet
  facet normal -0.000000e+00 0.000000e+00 1.000000e+00
    outer loop
      vertex   -2.219777e+01 4.457913e+01 5.500000e+01
      vertex   -2.146731e+01 4.432513e+01 5.500000e+01
      vertex   -1.941134e+01 4.586109e+01 5.500000e+01
    endloop
  endfacet
  facet normal 0.000000e+00 0.000000e+00 1.000000e+00
    outer loop
      vertex   -1.941134e+01 4.586109e+01 5.500000e+01
      vertex   -2.146731e+01 4.432513e+01 5.500000e+01
      vertex   -1.867010e+01 4.557400e+01 5.500000e+01
    endloop
  endfacet
  facet normal -0.000000e+00 0.000000e+00 1.000000e+00
    outer loop
      vertex   -1.941134e+01 4.586109e+01 5.500000e+01
      vertex   -1.867010e+01 4.557400e+01 5.500000e+01
      vertex   -1.655127e+01 4.696909e+01 5.500000e+01
    endloop
  endfacet
  facet normal 0.000000e+00 0.000000e+00 1.000000e+00
    outer loop
      vertex   -1.655127e+01 4.696909e+01 5.500000e+01
      vertex   -1.867010e+01 4.557400e+01 5.500000e+01
      vertex   -1.580067e+01 4.664656e+01 5.500000e+01
    endloop
  endfacet
  facet normal -0.000000e+00 0.000000e+00 1.000000e+00
    outer loop
      vertex   -1.655127e+01 4.696909e+01 5.500000e+01
      vertex   -1.580067e+01 4.664656e+01 5.500000e+01
      vertex   -1.362842e+01 4.789892e+01 5.500000e+01
    endloop
  endfacet
  facet normal 0.000000e+00 0.000000e+00 1.000000e+00
    outer loop
      vertex   -1.362842e+01 4.789892e+01 5.500000e+01
      vertex   -1.580067e+01 4.664656e+01 5.500000e+01
      vertex   -1.287010e+01 4.753865e+01 5.500000e+01
    endloop
  endfacet
  facet normal -0.000000e+00 0.000000e+00 1.000000e+00
    outer loop
      vertex   -1.362842e+01 4.789892e+01 5.500000e+01
      vertex   -1.287010e+01 4.753865e+01 5.500000e+01
      vertex   -1.065387e+01 4.864705e+01 5.500000e+01
    endloop
  endfacet
  facet normal 0.000000e+00 0.000000e+00 1.000000e+00
    outer loop
      vertex   -1.065387e+01 4.864705e+01 5.500000e+01
      vertex   -1.287010e+01 4.753865e+01 5.500000e+01
      vertex   -9.889748e+00 4.824682e+01 5.500000e+01
    endloop
  endfacet
  facet normal -0.000000e+00 0.000000e+00 1.000000e+00
    outer loop
      vertex   -1.065387e+01 4.864705e+01 5.500000e+01
      vertex   -9.889748e+00 4.824682e+01 5.500000e+01
      vertex   -7.638904e+00 4.921064e+01 5.500000e+01
    endloop
  endfacet
  facet normal 0.000000e+00 0.000000e+00 1.000000e+00
    outer loop
      vertex   -7.638904e+00 4.921064e+01 5.500000e+01
      vertex   -9.889748e+00 4.824682e+01 5.500000e+01
      vertex   -6.871130e+00 4.876833e+01 5.500000e+01
    endloop
  endfacet
  facet normal -0.000000e+00 0.000000e+00 1.000000e+00
    outer loop
      vertex   -7.638904e+00 4.921064e+01 5.500000e+01
      vertex   -6.871130e+00 4.876833e+01 5.500000e+01
      vertex   -4.594964e+00 4.958756e+01 5.500000e+01
    endloop
  endfacet
  facet normal 0.000000e+00 0.000000e+00 1.000000e+00
    outer loop
      vertex   -4.594964e+00 4.958756e+01 5.500000e+01
      vertex   -6.871130e+00 4.876833e+01 5.500000e+01
      vertex   -3.825929e+00 4.910117e+01 5.500000e+01
    endloop
  endfacet
  facet normal -0.000000e+00 0.000000e+00 1.000000e+00
    outer loop
      vertex   -4.594964e+00 4.958756e+01 5.500000e+01
      vertex   -3.825929e+00 4.910117e+01 5.500000e+01
      vertex   -1.533594e+00 4.977638e+01 5.500000e+01
    endloop
  endfacet
  facet normal 0.000000e+00 0.000000e+00 1.000000e+00
    outer loop
      vertex   -1.533594e+00 4.977638e+01 5.500000e+01
      vertex   -3.825929e+00 4.910117e+01 5.500000e+01
      vertex   -7.659267e-01 4.924404e+01 5.500000e+01
    endloop
  endfacet
  facet normal -0.000000e+00 0.000000e+00 1.000000e+00
    outer loop
      vertex   -1.533594e+00 4.977638e+01 5.500000e+01
      vertex   -7.659267e-01 4.924404e+01 5.500000e+01
      vertex   1.533594e+00 4.977638e+01 5.500000e+01
    endloop
  endfacet
  facet normal 0.000000e+00 0.000000e+00 1.000000e+00
    outer loop
      vertex   1.533594e+00 4.977638e+01 5.500000e+01
      vertex   -7.659267e-01 4.924404e+01 5.500000e+01
      vertex   2.297039e+00 4.919640e+01 5.500000e+01
    endloop
  endfacet
  facet normal 0.000000e+00 0.000000e+00 1.000000e+00
    outer loop
      vertex   1.533594e+00 4.977638e+01 5.500000e+01
      vertex   2.297039e+00 4.919640e+01 5.500000e+01
      vertex   4.594964e+00 4.958756e+01 5.500000e+01
    endloop
  endfacet
  facet normal 0.000000e+00 0.000000e+00 1.000000e+00
    outer loop
      vertex   4.594964e+00 4.958756e+01 5.500000e+01
      vertex   2.297039e+00 4.919640e+01 5.500000e+01
      vertex   5.351118e+00 4.895843e+01 5.500000e+01
    endloop
  endfacet
  facet normal 0.000000e+00 0.000000e+00 1.000000e+00
    outer loop
      vertex   4.594964e+00 4.958756e+01 5.500000e+01
      vertex   5.351118e+00 4.895843e+01 5.500000e+01
      vertex   7.638904e+00 4.921064e+01 5.500000e+01
    endloop
  endfacet
  facet normal 0.000000e+00 0.000000e+00 1.000000e+00
    outer loop
      vertex   7.638904e+00 4.921064e+01 5.500000e+01
      vertex   5.351118e+00 4.895843e+01 5.500000e+01
      vertex   8.384495e+00 4.853105e+01 5.500000e+01
    endloop
  endfacet
  facet normal 0.000000e+00 0.000000e+00 1.000000e+00
    outer loop
      vertex   7.638904e+00 4.921064e+01 5.500000e+01
      vertex   8.384495e+00 4.853105e+01 5.500000e+01
      vertex   1.065387e+01 4.864705e+01 5.500000e+01
    endloop
  endfacet
  facet normal 0.000000e+00 0.000000e+00 1.000000e+00
    outer loop
      vertex   1.065387e+01 4.864705e+01 5.500000e+01
      vertex   8.384495e+00 4.853105e+01 5.500000e+01
      vertex   1.138543e+01 4.791591e+01 5.500000e+01
    endloop
  endfacet
  facet normal 0.000000e+00 0.000000e+00 1.000000e+00
    outer loop
      vertex   1.065387e+01 4.864705e+01 5.500000e+01
      vertex   1.138543e+01 4.791591e+01 5.500000e+01
      vertex   1.362842e+01 4.789892e+01 5.500000e+01
    endloop
  endfacet
  facet normal 0.000000e+00 0.000000e+00 1.000000e+00
    outer loop
      vertex   1.362842e+01 4.789892e+01 5.500000e+01
      vertex   1.138543e+01 4.791591e+01 5.500000e+01
      vertex   1.434232e+01 4.711539e+01 5.500000e+01
    endloop
  endfacet
  facet normal 0.000000e+00 0.000000e+00 1.000000e+00
    outer loop
      vertex   1.362842e+01 4.789892e+01 5.500000e+01
      vertex   1.434232e+01 4.711539e+01 5.500000e+01
      vertex   1.655127e+01 4.696909e+01 5.500000e+01
    endloop
  endfacet
  facet normal 0.000000e+00 0.000000e+00 1.000000e+00
    outer loop
      vertex   1.655127e+01 4.696909e+01 5.500000e+01
      vertex   1.434232e+01 4.711539e+01 5.500000e+01
      vertex   1.724373e+01 4.613260e+01 5.500000e+01
    endloop
  endfacet
  facet normal 0.000000e+00 0.000000e+00 1.000000e+00
    outer loop
      vertex   1.655127e+01 4.696909e+01 5.500000e+01
      vertex   1.724373e+01 4.613260e+01 5.500000e+01
      vertex   1.941134e+01 4.586109e+01 5.500000e+01
    endloop
  endfacet
  facet normal 0.000000e+00 0.000000e+00 1.000000e+00
    outer loop
      vertex   1.941134e+01 4.586109e+01 5.500000e+01
      vertex   1.724373e+01 4.613260e+01 5.500000e+01
      vertex   2.007842e+01 4.497132e+01 5.500000e+01
    endloop
  endfacet
  facet normal 0.000000e+00 0.000000e+00 1.000000e+00
    outer loop
      vertex   1.941134e+01 4.586109e+01 5.500000e+01
      vertex   2.007842e+01 4.497132e+01 5.500000e+01
      vertex   2.219777e+01 4.457913e+01 5.500000e+01
    endloop
  endfacet
  facet normal 0.000000e+00 0.000000e+00 1.000000e+00
    outer loop
      vertex   2.219777e+01 4.457913e+01 5.500000e+01
      vertex   2.007842e+01 4.497132e+01 5.500000e+01
      vertex   2.283543e+01 4.363606e+01 5.500000e+01
    endloop
  endfacet
  facet normal 0.000000e+00 0.000000e+00 1.000000e+00
    outer loop
      vertex   2.219777e+01 4.457913e+01 5.500000e+01
      vertex   2.283543e+01 4.363606e+01 5.500000e+01
      vertex   2.490000e+01 4.312807e+01 5.500000e+01
    endloop
  endfacet
  facet normal 0.000000e+00 0.000000e+00 1.000000e+00
    outer loop
      vertex   2.490000e+01 4.312807e+01 5.500000e+01
      vertex   2.283543e+01 4.363606e+01 5.500000e+01
      vertex   2.550409e+01 4.213198e+01 5.500000e+01
    endloop
  endfacet
  facet normal 0.000000e+00 0.000000e+00 1.000000e+00
    outer loop
      vertex   2.490000e+01 4.312807e+01 5.500000e+01
      vertex   2.550409e+01 4.213198e+01 5.500000e+01
      vertex   2.750778e+01 4.151340e+01 5.500000e+01
    endloop
  endfacet
  facet normal 0.000000e+00 0.000000e+00 1.000000e+00
    outer loop
      vertex   2.750778e+01 4.151340e+01 5.500000e+01
      vertex   2.550409e+01 4.213198e+01 5.500000e+01
      vertex   2.807409e+01 4.046490e+01 5.500000e+01
    endloop
  endfacet
  facet normal 0.000000e+00 0.000000e+00 1.000000e+00
    outer loop
      vertex   2.750778e+01 4.151340e+01 5.500000e+01
      vertex   2.807409e+01 4.046490e+01 5.500000e+01
      vertex   3.001120e+01 3.974126e+01 5.500000e+01
    endloop
  endfacet
  facet normal 0.000000e+00 0.000000e+00 1.000000e+00
    outer loop
      vertex   3.001120e+01 3.974126e+01 5.500000e+01
      vertex   2.807409e+01 4.046490e+01 5.500000e+01
      vertex   3.053547e+01 3.864127e+01 5.500000e+01
    endloop
  endfacet
  facet normal 0.000000e+00 0.000000e+00 1.000000e+00
    outer loop
      vertex   3.001120e+01 3.974126e+01 5.500000e+01
      vertex   3.053547e+01 3.864127e+01 5.500000e+01
      vertex   3.240079e+01 3.781836e+01 5.500000e+01
    endloop
  endfacet
  facet normal 0.000000e+00 0.000000e+00 1.000000e+00
    outer loop
      vertex   3.240079e+01 3.781836e+01 5.500000e+01
      vertex   3.053547e+01 3.864127e+01 5.500000e+01
      vertex   3.287872e+01 3.666814e+01 5.500000e+01
    endloop
  endfacet
  facet normal 0.000000e+00 0.000000e+00 1.000000e+00
    outer loop
      vertex   3.240079e+01 3.781836e+01 5.500000e+01
      vertex   3.287872e+01 3.666814e+01 5.500000e+01
      vertex   3.466747e+01 3.575201e+01 5.500000e+01
    endloop
  endfacet
  facet normal 0.000000e+00 0.000000e+00 1.000000e+00
    outer loop
      vertex   3.466747e+01 3.575201e+01 5.500000e+01
      vertex   3.287872e+01 3.666814e+01 5.500000e+01
      vertex   3.509476e+01 3.455315e+01 5.500000e+01
    endloop
  endfacet
  facet normal 0.000000e+00 0.000000e+00 1.000000e+00
    outer loop
      vertex   3.466747e+01 3.575201e+01 5.500000e+01
      vertex   3.509476e+01 3.455315e+01 5.500000e+01
      vertex   3.680264e+01 3.355004e+01 5.500000e+01
    endloop
  endfacet
  facet normal 0.000000e+00 0.000000e+00 1.000000e+00
    outer loop
      vertex   3.680264e+01 3.355004e+01 5.500000e+01
      vertex   3.509476e+01 3.455315e+01 5.500000e+01
      vertex   3.717503e+01 3.230448e+01 5.500000e+01
    endloop
  endfacet
  facet normal 0.000000e+00 0.000000e+00 1.000000e+00
    outer loop
      vertex   3.680264e+01 3.355004e+01 5.500000e+01
      vertex   3.717503e+01 3.230448e+01 5.500000e+01
      vertex   3.879821e+01 3.122081e+01 5.500000e+01
    endloop
  endfacet
  facet normal 0.000000e+00 0.000000e+00 1.000000e+00
    outer loop
      vertex   3.879821e+01 3.122081e+01 5.500000e+01
      vertex   3.717503e+01 3.230448e+01 5.500000e+01
      vertex   3.911148e+01 2.993084e+01 5.500000e+01
    endloop
  endfacet
  facet normal 0.000000e+00 0.000000e+00 1.000000e+00
    outer loop
      vertex   3.879821e+01 3.122081e+01 5.500000e+01
      vertex   3.911148e+01 2.993084e+01 5.500000e+01
      vertex   4.064661e+01 2.877314e+01 5.500000e+01
    endloop
  endfacet
  facet normal 0.000000e+00 0.000000e+00 1.000000e+00
    outer loop
      vertex   4.064661e+01 2.877314e+01 5.500000e+01
      vertex   3.911148e+01 2.993084e+01 5.500000e+01
      vertex   4.089661e+01 2.744139e+01 5.500000e+01
    endloop
  endfacet
  facet normal 0.000000e+00 0.000000e+00 1.000000e+00
    outer loop
      vertex   4.064661e+01 2.877314e+01 5.500000e+01
      vertex   4.089661e+01 2.744139e+01 5.500000e+01
      vertex   4.234081e+01 2.621632e+01 5.500000e+01
    endloop
  endfacet
  facet normal 0.000000e+00 0.000000e+00 1.000000e+00
    outer loop
      vertex   4.234081e+01 2.621632e+01 5.500000e+01
      vertex   4.089661e+01 2.744139e+01 5.500000e+01
      vertex   4.252352e+01 2.484578e+01 5.500000e+01
    endloop
  endfacet
  facet normal 0.000000e+00 0.000000e+00 1.000000e+00
    outer loop
      vertex   4.234081e+01 2.621632e+01 5.500000e+01
      vertex   4.252352e+01 2.484578e+01 5.500000e+01
      vertex   4.387441e+01 2.356006e+01 5.500000e+01
    endloop
  endfacet
  facet normal 0.000000e+00 0.000000e+00 1.000000e+00
    outer loop
      vertex   4.387441e+01 2.356006e+01 5.500000e+01
      vertex   4.252352e+01 2.484578e+01 5.500000e+01
      vertex   4.398591e+01 2.215405e+01 5.500000e+01
    endloop
  endfacet
  facet normal 0.000000e+00 0.000000e+00 1.000000e+00
    outer loop
      vertex   4.387441e+01 2.356006e+01 5.500000e+01
      vertex   4.398591e+01 2.215405e+01 5.500000e+01
      vertex   4.524157e+01 2.081443e+01 5.500000e+01
    endloop
  endfacet
  facet normal 0.000000e+00 0.000000e+00 1.000000e+00
    outer loop
      vertex   4.524157e+01 2.081443e+01 5.500000e+01
      vertex   4.398591e+01 2.215405e+01 5.500000e+01
      vertex   4.527814e+01 1.937660e+01 5.500000e+01
    endloop
  endfacet
  facet normal 0.000000e+00 0.000000e+00 1.000000e+00
    outer loop
      vertex   4.524157e+01 2.081443e+01 5.500000e+01
      vertex   4.527814e+01 1.937660e+01 5.500000e+01
      vertex   4.643712e+01 1.798983e+01 5.500000e+01
    endloop
  endfacet
  facet normal 0.000000e+00 0.000000e+00 1.000000e+00
    outer loop
      vertex   4.643712e+01 1.798983e+01 5.500000e+01
      vertex   4.527814e+01 1.937660e+01 5.500000e+01
      vertex   4.639519e+01 1.652420e+01 5.500000e+01
    endloop
  endfacet
  facet normal 0.000000e+00 0.000000e+00 1.000000e+00
    outer loop
      vertex   4.643712e+01 1.798983e+01 5.500000e+01
      vertex   4.639519e+01 1.652420e+01 5.500000e+01
      vertex   4.745651e+01 1.509700e+01 5.500000e+01
    endloop
  endfacet
  facet normal 0.000000e+00 0.000000e+00 1.000000e+00
    outer loop
      vertex   4.745651e+01 1.509700e+01 5.500000e+01
      vertex   4.639519e+01 1.652420e+01 5.500000e+01
      vertex   4.733274e+01 1.360786e+01 5.500000e+01
    endloop
  endfacet
  facet normal 0.000000e+00 0.000000e+00 1.000000e+00
    outer loop
      vertex   4.745651e+01 1.509700e+01 5.500000e+01
      vertex   4.733274e+01 1.360786e+01 5.500000e+01
      vertex   4.829589e+01 1.214690e+01 5.500000e+01
    endloop
  endfacet
  facet normal 0.000000e+00 0.000000e+00 1.000000e+00
    outer loop
      vertex   4.829589e+01 1.214690e+01 5.500000e+01
      vertex   4.733274e+01 1.360786e+01 5.500000e+01
      vertex   4.808718e+01 1.063888e+01 5.500000e+01
    endloop
  endfacet
  facet normal 0.000000e+00 0.000000e+00 1.000000e+00
    outer loop
      vertex   4.829589e+01 1.214690e+01 5.500000e+01
      vertex   4.808718e+01 1.063888e+01 5.500000e+01
      vertex   4.895206e+01 9.150726e+00 5.500000e+01
    endloop
  endfacet
  facet normal 0.000000e+00 0.000000e+00 1.000000e+00
    outer loop
      vertex   4.895206e+01 9.150726e+00 5.500000e+01
      vertex   4.808718e+01 1.063888e+01 5.500000e+01
      vertex   4.865557e+01 7.628735e+00 5.500000e+01
    endloop
  endfacet
  facet normal 0.000000e+00 0.000000e+00 1.000000e+00
    outer loop
      vertex   4.895206e+01 9.150726e+00 5.500000e+01
      vertex   4.865557e+01 7.628735e+00 5.500000e+01
      vertex   4.942254e+01 6.119837e+00 5.500000e+01
    endloop
  endfacet
  facet normal 0.000000e+00 0.000000e+00 1.000000e+00
    outer loop
      vertex   4.942254e+01 6.119837e+00 5.500000e+01
      vertex   4.865557e+01 7.628735e+00 5.500000e+01
      vertex   4.903573e+01 4.589079e+00 5.500000e+01
    endloop
  endfacet
  facet normal 0.000000e+00 0.000000e+00 1.000000e+00
    outer loop
      vertex   4.942254e+01 6.119837e+00 5.500000e+01
      vertex   4.903573e+01 4.589079e+00 5.500000e+01
      vertex   4.970555e+01 3.065733e+00 5.500000e+01
    endloop
  endfacet
  facet normal 0.000000e+00 0.000000e+00 1.000000e+00
    outer loop
      vertex   4.970555e+01 3.065733e+00 5.500000e+01
      vertex   4.903573e+01 4.589079e+00 5.500000e+01
      vertex   4.922618e+01 1.531668e+00 5.500000e+01
    endloop
  endfacet
  facet normal 0.000000e+00 0.000000e+00 1.000000e+00
    outer loop
      vertex   4.970555e+01 3.065733e+00 5.500000e+01
      vertex   4.922618e+01 1.531668e+00 5.500000e+01
      vertex   4.980000e+01 0.000000e+00 5.500000e+01
    endloop
  endfacet
  facet normal 0.000000e+00 0.000000e+00 1.000000e+00
    outer loop
      vertex   4.980000e+01 0.000000e+00 5.500000e+01
      vertex   4.922618e+01 1.531668e+00 5.500000e+01
      vertex   4.922618e+01 -1.531668e+00 5.500000e+01
    endloop
  endfacet
  facet normal 0.000000e+00 0.000000e+00 1.000000e+00
    outer loop
      vertex   4.980000e+01 0.000000e+00 5.500000e+01
      vertex   4.922618e+01 -1.531668e+00 5.500000e+01
      vertex   4.970555e+01 -3.065733e+00 5.500000e+01
    endloop
  endfacet
  facet normal 0.000000e+00 0.000000e+00 1.000000e+00
    outer loop
      vertex   4.970555e+01 -3.065733e+00 5.500000e+01
      vertex   4.922618e+01 -1.531668e+00 5.500000e+01
      vertex   4.903573e+01 -4.589079e+00 5.500000e+01
    endloop
  endfacet
  facet normal 0.000000e+00 0.000000e+00 1.000000e+00
    outer loop
      vertex   4.970555e+01 -3.065733e+00 5.500000e+01
      vertex   4.903573e+01 -4.589079e+00 5.500000e+01
      vertex   4.942254e+01 -6.119837e+00 5.500000e+01
    endloop
  endfacet
  facet normal 0.000000e+00 0.000000e+00 1.000000e+00
    outer loop
      vertex   4.942254e+01 -6.119837e+00 5.500000e+01
      vertex   4.903573e+01 -4.589079e+00 5.500000e+01
      vertex   4.865557e+01 -7.628735e+00 5.500000e+01
    endloop
  endfacet
  facet normal 0.000000e+00 0.000000e+00 1.000000e+00
    outer loop
      vertex   4.942254e+01 -6.119837e+00 5.500000e+01
      vertex   4.865557e+01 -7.628735e+00 5.500000e+01
      vertex   4.895206e+01 -9.150726e+00 5.500000e+01
    endloop
  endfacet
  facet normal 0.000000e+00 0.000000e+00 1.000000e+00
    outer loop
      vertex   4.895206e+01 -9.150726e+00 5.500000e+01
      vertex   4.865557e+01 -7.628735e+00 5.500000e+01
      vertex   4.808718e+01 -1.063888e+01 5.500000e+01
    endloop
  endfacet
  facet normal 0.000000e+00 0.000000e+00 1.000000e+00
    outer loop
      vertex   4.895206e+01 -9.150726e+00 5.500000e+01
      vertex   4.808718e+01 -1.063888e+01 5.500000e+01
      vertex   4.829589e+01 -1.214690e+01 5.500000e+01
    endloop
  endfacet
  facet normal 0.000000e+00 0.000000e+00 1.000000e+00
    outer loop
      vertex   4.829589e+01 -1.214690e+01 5.500000e+01
      vertex   4.808718e+01 -1.063888e+01 5.500000e+01
      vertex   4.733274e+01 -1.360786e+01 5.500000e+01
    endloop
  endfacet
  facet normal 0.000000e+00 0.000000e+00 1.000000e+00
    outer loop
      vertex   4.829589e+01 -1.214690e+01 5.500000e+01
      vertex   4.733274e+01 -1.360786e+01 5.500000e+01
      vertex   4.745651e+01 -1.509700e+01 5.500000e+01
    endloop
  endfacet
  facet normal 0.000000e+00 0.000000e+00 1.000000e+00
    outer loop
      vertex   4.745651e+01 -1.509700e+01 5.500000e+01
      vertex   4.733274e+01 -1.360786e+01 5.500000e+01
      vertex   4.639519e+01 -1.652420e+01 5.500000e+01
    endloop
  endfacet
  facet normal 0.000000e+00 0.000000e+00 1.000000e+00
    outer loop
      vertex   4.745651e+01 -1.509700e+01 5.500000e+01
      vertex   4.639519e+01 -1.652420e+01 5.500000e+01
      vertex   4.643712e+01 -1.798983e+01 5.500000e+01
    endloop
  endfacet
  facet normal 0.000000e+00 0.000000e+00 1.000000e+00
    outer loop
      vertex   4.643712e+01 -1.798983e+01 5.500000e+01
      vertex   4.639519e+01 -1.652420e+01 5.500000e+01
      vertex   4.527814e+01 -1.937660e+01 5.500000e+01
    endloop
  endfacet
  facet normal 0.000000e+00 0.000000e+00 1.000000e+00
    outer loop
      vertex   4.643712e+01 -1.798983e+01 5.500000e+01
      vertex   4.527814e+01 -1.937660e+01 5.500000e+01
      vertex   4.524157e+01 -2.081443e+01 5.500000e+01
    endloop
  endfacet
  facet normal 0.000000e+00 -0.000000e+00 1.000000e+00
    outer loop
      vertex   4.524157e+01 -2.081443e+01 5.500000e+01
      vertex   4.527814e+01 -1.937660e+01 5.500000e+01
      vertex   4.398591e+01 -2.215405e+01 5.500000e+01
    endloop
  endfacet
  facet normal 0.000000e+00 0.000000e+00 1.000000e+00
    outer loop
      vertex   4.524157e+01 -2.081443e+01 5.500000e+01
      vertex   4.398591e+01 -2.215405e+01 5.500000e+01
      vertex   4.387441e+01 -2.356006e+01 5.500000e+01
    endloop
  endfacet
  facet normal 0.000000e+00 -0.000000e+00 1.000000e+00
    outer loop
      vertex   4.387441e+01 -2.356006e+01 5.500000e+01
      vertex   4.398591e+01 -2.215405e+01 5.500000e+01
      vertex   4.252352e+01 -2.484578e+01 5.500000e+01
    endloop
  endfacet
  facet normal 0.000000e+00 0.000000e+00 1.000000e+00
    outer loop
      vertex   4.387441e+01 -2.356006e+01 5.500000e+01
      vertex   4.252352e+01 -2.484578e+01 5.500000e+01
      vertex   4.234081e+01 -2.621632e+01 5.500000e+01
    endloop
  endfacet
  facet normal 0.000000e+00 -0.000000e+00 1.000000e+00
    outer loop
      vertex   4.234081e+01 -2.621632e+01 5.500000e+01
      vertex   4.252352e+01 -2.484578e+01 5.500000e+01
      vertex   4.089661e+01 -2.744139e+01 5.500000e+01
    endloop
  endfacet
  facet normal 0.000000e+00 0.000000e+00 1.000000e+00
    outer loop
      vertex   4.234081e+01 -2.621632e+01 5.500000e+01
      vertex   4.089661e+01 -2.744139e+01 5.500000e+01
      vertex   4.064661e+01 -2.877314e+01 5.500000e+01
    endloop
  endfacet
  facet normal 0.000000e+00 -0.000000e+00 1.000000e+00
    outer loop
      vertex   4.064661e+01 -2.877314e+01 5.500000e+01
      vertex   4.089661e+01 -2.744139e+01 5.500000e+01
      vertex   3.911148e+01 -2.993084e+01 5.500000e+01
    endloop
  endfacet
  facet normal 0.000000e+00 0.000000e+00 1.000000e+00
    outer loop
      vertex   4.064661e+01 -2.877314e+01 5.500000e+01
      vertex   3.911148e+01 -2.993084e+01 5.500000e+01
      vertex   3.879821e+01 -3.122081e+01 5.500000e+01
    endloop
  endfacet
  facet normal 0.000000e+00 -0.000000e+00 1.000000e+00
    outer loop
      vertex   3.879821e+01 -3.122081e+01 5.500000e+01
      vertex   3.911148e+01 -2.993084e+01 5.500000e+01
      vertex   3.717503e+01 -3.230448e+01 5.500000e+01
    endloop
  endfacet
  facet normal 0.000000e+00 0.000000e+00 1.000000e+00
    outer loop
      vertex   3.879821e+01 -3.122081e+01 5.500000e+01
      vertex   3.717503e+01 -3.230448e+01 5.500000e+01
      vertex   3.680264e+01 -3.355004e+01 5.500000e+01
    endloop
  endfacet
  facet normal 0.000000e+00 -0.000000e+00 1.000000e+00
    outer loop
      vertex   3.680264e+01 -3.355004e+01 5.500000e+01
      vertex   3.717503e+01 -3.230448e+01 5.500000e+01
      vertex   3.509476e+01 -3.455315e+01 5.500000e+01
    endloop
  endfacet
  facet normal 0.000000e+00 0.000000e+00 1.000000e+00
    outer loop
      vertex   3.680264e+01 -3.355004e+01 5.500000e+01
      vertex   3.509476e+01 -3.455315e+01 5.500000e+01
      vertex   3.466747e+01 -3.575201e+01 5.500000e+01
    endloop
  endfacet
  facet normal 0.000000e+00 -0.000000e+00 1.000000e+00
    outer loop
      vertex   3.466747e+01 -3.575201e+01 5.500000e+01
      vertex   3.509476e+01 -3.455315e+01 5.500000e+01
      vertex   3.287872e+01 -3.666814e+01 5.500000e+01
    endloop
  endfacet
  facet normal 0.000000e+00 0.000000e+00 1.000000e+00
    outer loop
      vertex   3.466747e+01 -3.575201e+01 5.500000e+01
      vertex   3.287872e+01 -3.666814e+01 5.500000e+01
      vertex   3.240079e+01 -3.781836e+01 5.500000e+01
    endloop
  endfacet
  facet normal 0.000000e+00 -0.000000e+00 1.000000e+00
    outer loop
      vertex   3.240079e+01 -3.781836e+01 5.500000e+01
      vertex   3.287872e+01 -3.666814e+01 5.500000e+01
      vertex   3.053547e+01 -3.864127e+01 5.500000e+01
    endloop
  endfacet
  facet normal 0.000000e+00 0.000000e+00 1.000000e+00
    outer loop
      vertex   3.240079e+01 -3.781836e+01 5.500000e+01
      vertex   3.053547e+01 -3.864127e+01 5.500000e+01
      vertex   3.001120e+01 -3.974126e+01 5.500000e+01
    endloop
  endfacet
  facet normal 0.000000e+00 -0.000000e+00 1.000000e+00
    outer loop
      vertex   3.001120e+01 -3.974126e+01 5.500000e+01
      vertex   3.053547e+01 -3.864127e+01 5.500000e+01
      vertex   2.807409e+01 -4.046490e+01 5.500000e+01
    endloop
  endfacet
  facet normal 0.000000e+00 0.000000e+00 1.000000e+00
    outer loop
      vertex   3.001120e+01 -3.974126e+01 5.500000e+01
      vertex   2.807409e+01 -4.046490e+01 5.500000e+01
      vertex   2.750778e+01 -4.151340e+01 5.500000e+01
    endloop
  endfacet
  facet normal 0.000000e+00 -0.000000e+00 1.000000e+00
    outer loop
      vertex   2.750778e+01 -4.151340e+01 5.500000e+01
      vertex   2.807409e+01 -4.046490e+01 5.500000e+01
      vertex   2.550409e+01 -4.213198e+01 5.500000e+01
    endloop
  endfacet
  facet normal 0.000000e+00 0.000000e+00 1.000000e+00
    outer loop
      vertex   2.750778e+01 -4.151340e+01 5.500000e+01
      vertex   2.550409e+01 -4.213198e+01 5.500000e+01
      vertex   2.490000e+01 -4.312807e+01 5.500000e+01
    endloop
  endfacet
  facet normal 0.000000e+00 -0.000000e+00 1.000000e+00
    outer loop
      vertex   2.490000e+01 -4.312807e+01 5.500000e+01
      vertex   2.550409e+01 -4.213198e+01 5.500000e+01
      vertex   2.283543e+01 -4.363606e+01 5.500000e+01
    endloop
  endfacet
  facet normal 0.000000e+00 0.000000e+00 1.000000e+00
    outer loop
      vertex   2.490000e+01 -4.312807e+01 5.500000e+01
      vertex   2.283543e+01 -4.363606e+01 5.500000e+01
      vertex   2.219777e+01 -4.457913e+01 5.500000e+01
    endloop
  endfacet
  facet normal 0.000000e+00 -0.000000e+00 1.000000e+00
    outer loop
      vertex   2.219777e+01 -4.457913e+01 5.500000e+01
      vertex   2.283543e+01 -4.363606e+01 5.500000e+01
      vertex   2.007842e+01 -4.497132e+01 5.500000e+01
    endloop
  endfacet
  facet normal 0.000000e+00 0.000000e+00 1.000000e+00
    outer loop
      vertex   2.219777e+01 -4.457913e+01 5.500000e+01
      vertex   2.007842e+01 -4.497132e+01 5.500000e+01
      vertex   1.941134e+01 -4.586109e+01 5.500000e+01
    endloop
  endfacet
  facet normal 0.000000e+00 -0.000000e+00 1.000000e+00
    outer loop
      vertex   1.941134e+01 -4.586109e+01 5.500000e+01
      vertex   2.007842e+01 -4.497132e+01 5.500000e+01
      vertex   1.724373e+01 -4.613260e+01 5.500000e+01
    endloop
  endfacet
  facet normal 0.000000e+00 0.000000e+00 1.000000e+00
    outer loop
      vertex   1.941134e+01 -4.586109e+01 5.500000e+01
      vertex   1.724373e+01 -4.613260e+01 5.500000e+01
      vertex   1.655127e+01 -4.696909e+01 5.500000e+01
    endloop
  endfacet
  facet normal 0.000000e+00 -0.000000e+00 1.000000e+00
    outer loop
      vertex   1.655127e+01 -4.696909e+01 5.500000e+01
      vertex   1.724373e+01 -4.613260e+01 5.500000e+01
      vertex   1.434232e+01 -4.711539e+01 5.500000e+01
    endloop
  endfacet
  facet normal 0.000000e+00 0.000000e+00 1.000000e+00
    outer loop
      vertex   1.655127e+01 -4.696909e+01 5.500000e+01
      vertex   1.434232e+01 -4.711539e+01 5.500000e+01
      vertex   1.362842e+01 -4.789892e+01 5.500000e+01
    endloop
  endfacet
  facet normal 0.000000e+00 -0.000000e+00 1.000000e+00
    outer loop
      vertex   1.362842e+01 -4.789892e+01 5.500000e+01
      vertex   1.434232e+01 -4.711539e+01 5.500000e+01
      vertex   1.138543e+01 -4.791591e+01 5.500000e+01
    endloop
  endfacet
  facet normal 0.000000e+00 0.000000e+00 1.000000e+00
    outer loop
      vertex   1.362842e+01 -4.789892e+01 5.500000e+01
      vertex   1.138543e+01 -4.791591e+01 5.500000e+01
      vertex   1.065387e+01 -4.864705e+01 5.500000e+01
    endloop
  endfacet
  facet normal 0.000000e+00 -0.000000e+00 1.000000e+00
    outer loop
      vertex   1.065387e+01 -4.864705e+01 5.500000e+01
      vertex   1.138543e+01 -4.791591e+01 5.500000e+01
      vertex   8.384495e+00 -4.853105e+01 5.500000e+01
    endloop
  endfacet
  facet normal 0.000000e+00 0.000000e+00 1.000000e+00
    outer loop
      vertex   1.065387e+01 -4.864705e+01 5.500000e+01
      vertex   8.384495e+00 -4.853105e+01 5.500000e+01
      vertex   7.638904e+00 -4.921064e+01 5.500000e+01
    endloop
  endfacet
  facet normal 0.000000e+00 -0.000000e+00 1.000000e+00
    outer loop
      vertex   7.638904e+00 -4.921064e+01 5.500000e+01
      vertex   8.384495e+00 -4.853105e+01 5.500000e+01
      vertex   5.351118e+00 -4.895843e+01 5.500000e+01
    endloop
  endfacet
  facet normal 0.000000e+00 0.000000e+00 1.000000e+00
    outer loop
      vertex   7.638904e+00 -4.921064e+01 5.500000e+01
      vertex   5.351118e+00 -4.895843e+01 5.500000e+01
      vertex   4.594964e+00 -4.958756e+01 5.500000e+01
    endloop
  endfacet
  facet normal 0.000000e+00 -0.000000e+00 1.000000e+00
    outer loop
      vertex   4.594964e+00 -4.958756e+01 5.500000e+01
      vertex   5.351118e+00 -4.895843e+01 5.500000e+01
      vertex   2.297039e+00 -4.919640e+01 5.500000e+01
    endloop
  endfacet
  facet normal 0.000000e+00 0.000000e+00 1.000000e+00
    outer loop
      vertex   4.594964e+00 -4.958756e+01 5.500000e+01
      vertex   2.297039e+00 -4.919640e+01 5.500000e+01
      vertex   1.533594e+00 -4.977638e+01 5.500000e+01
    endloop
  endfacet
  facet normal 0.000000e+00 -0.000000e+00 1.000000e+00
    outer loop
      vertex   1.533594e+00 -4.977638e+01 5.500000e+01
      vertex   2.297039e+00 -4.919640e+01 5.500000e+01
      vertex   -7.659267e-01 -4.924404e+01 5.500000e+01
    endloop
  endfacet
  facet normal 0.000000e+00 0.000000e+00 1.000000e+00
    outer loop
      vertex   1.533594e+00 -4.977638e+01 5.500000e+01
      vertex   -7.659267e-01 -4.924404e+01 5.500000e+01
      vertex   -1.533594e+00 -4.977638e+01 5.500000e+01
    endloop
  endfacet
  facet normal 0.000000e+00 -0.000000e+00 1.000000e+00
    outer loop
      vertex   -1.533594e+00 -4.977638e+01 5.500000e+01
      vertex   -7.659267e-01 -4.924404e+01 5.500000e+01
      vertex   -3.825929e+00 -4.910117e+01 5.500000e+01
    endloop
  endfacet
  facet normal 0.000000e+00 0.000000e+00 1.000000e+00
    outer loop
      vertex   -1.533594e+00 -4.977638e+01 5.500000e+01
      vertex   -3.825929e+00 -4.910117e+01 5.500000e+01
      vertex   -4.594964e+00 -4.958756e+01 5.500000e+01
    endloop
  endfacet
  facet normal 0.000000e+00 -0.000000e+00 1.000000e+00
    outer loop
      vertex   -4.594964e+00 -4.958756e+01 5.500000e+01
      vertex   -3.825929e+00 -4.910117e+01 5.500000e+01
      vertex   -6.871130e+00 -4.876833e+01 5.500000e+01
    endloop
  endfacet
  facet normal 0.000000e+00 0.000000e+00 1.000000e+00
    outer loop
      vertex   -4.594964e+00 -4.958756e+01 5.500000e+01
      vertex   -6.871130e+00 -4.876833e+01 5.500000e+01
      vertex   -7.638904e+00 -4.921064e+01 5.500000e+01
    endloop
  endfacet
  facet normal 0.000000e+00 -0.000000e+00 1.000000e+00
    outer loop
      vertex   -7.638904e+00 -4.921064e+01 5.500000e+01
      vertex   -6.871130e+00 -4.876833e+01 5.500000e+01
      vertex   -9.889748e+00 -4.824682e+01 5.500000e+01
    endloop
  endfacet
  facet normal 0.000000e+00 0.000000e+00 1.000000e+00
    outer loop
      vertex   -7.638904e+00 -4.921064e+01 5.500000e+01
      vertex   -9.889748e+00 -4.824682e+01 5.500000e+01
      vertex   -1.065387e+01 -4.864705e+01 5.500000e+01
    endloop
  endfacet
  facet normal 0.000000e+00 -0.000000e+00 1.000000e+00
    outer loop
      vertex   -1.065387e+01 -4.864705e+01 5.500000e+01
      vertex   -9.889748e+00 -4.824682e+01 5.500000e+01
      vertex   -1.287010e+01 -4.753865e+01 5.500000e+01
    endloop
  endfacet
  facet normal 0.000000e+00 0.000000e+00 1.000000e+00
    outer loop
      vertex   -1.065387e+01 -4.864705e+01 5.500000e+01
      vertex   -1.287010e+01 -4.753865e+01 5.500000e+01
      vertex   -1.362842e+01 -4.789892e+01 5.500000e+01
    endloop
  endfacet
  facet normal 0.000000e+00 -0.000000e+00 1.000000e+00
    outer loop
      vertex   -1.362842e+01 -4.789892e+01 5.500000e+01
      vertex   -1.287010e+01 -4.753865e+01 5.500000e+01
      vertex   -1.580067e+01 -4.664656e+01 5.500000e+01
    endloop
  endfacet
  facet normal 0.000000e+00 0.000000e+00 1.000000e+00
    outer loop
      vertex   -1.362842e+01 -4.789892e+01 5.500000e+01
      vertex   -1.580067e+01 -4.664656e+01 5.500000e+01
      vertex   -1.655127e+01 -4.696909e+01 5.500000e+01
    endloop
  endfacet
  facet normal 0.000000e+00 -0.000000e+00 1.000000e+00
    outer loop
      vertex   -1.655127e+01 -4.696909e+01 5.500000e+01
      vertex   -1.580067e+01 -4.664656e+01 5.500000e+01
      vertex   -1.867010e+01 -4.557400e+01 5.500000e+01
    endloop
  endfacet
  facet normal 0.000000e+00 0.000000e+00 1.000000e+00
    outer loop
      vertex   -1.655127e+01 -4.696909e+01 5.500000e+01
      vertex   -1.867010e+01 -4.557400e+01 5.500000e+01
      vertex   -1.941134e+01 -4.586109e+01 5.500000e+01
    endloop
  endfacet
  facet normal 0.000000e+00 -0.000000e+00 1.000000e+00
    outer loop
      vertex   -1.941134e+01 -4.586109e+01 5.500000e+01
      vertex   -1.867010e+01 -4.557400e+01 5.500000e+01
      vertex   -2.146731e+01 -4.432513e+01 5.500000e+01
    endloop
  endfacet
  facet normal 0.000000e+00 0.000000e+00 1.000000e+00
    outer loop
      vertex   -1.941134e+01 -4.586109e+01 5.500000e+01
      vertex   -2.146731e+01 -4.432513e+01 5.500000e+01
      vertex   -2.219777e+01 -4.457913e+01 5.500000e+01
    endloop
  endfacet
  facet normal 0.000000e+00 -0.000000e+00 1.000000e+00
    outer loop
      vertex   -2.219777e+01 -4.457913e+01 5.500000e+01
      vertex   -2.146731e+01 -4.432513e+01 5.500000e+01
      vertex   -2.418146e+01 -4.290477e+01 5.500000e+01
    endloop
  endfacet
  facet normal 0.000000e+00 0.000000e+00 1.000000e+00
    outer loop
      vertex   -2.219777e+01 -4.457913e+01 5.500000e+01
      vertex   -2.418146e+01 -4.290477e+01 5.500000e+01
      vertex   -2.490000e+01 -4.312807e+01 5.500000e+01
    endloop
  endfacet
  facet normal 0.000000e+00 -0.000000e+00 1.000000e+00
    outer loop
      vertex   -2.490000e+01 -4.312807e+01 5.500000e+01
      vertex   -2.418146e+01 -4.290477e+01 5.500000e+01
      vertex   -2.680206e+01 -4.131843e+01 5.500000e+01
    endloop
  endfacet
  facet normal 0.000000e+00 0.000000e+00 1.000000e+00
    outer loop
      vertex   -2.490000e+01 -4.312807e+01 5.500000e+01
      vertex   -2.680206e+01 -4.131843e+01 5.500000e+01
      vertex   -2.750778e+01 -4.151340e+01 5.500000e+01
    endloop
  endfacet
  facet normal 0.000000e+00 -0.000000e+00 1.000000e+00
    outer loop
      vertex   -2.750778e+01 -4.151340e+01 5.500000e+01
      vertex   -2.680206e+01 -4.131843e+01 5.500000e+01
      vertex   -2.931896e+01 -3.957223e+01 5.500000e+01
    endloop
  endfacet
  facet normal 0.000000e+00 0.000000e+00 1.000000e+00
    outer loop
      vertex   -2.750778e+01 -4.151340e+01 5.500000e+01
      vertex   -2.931896e+01 -3.957223e+01 5.500000e+01
      vertex   -3.001120e+01 -3.974126e+01 5.500000e+01
    endloop
  endfacet
  facet normal 0.000000e+00 -0.000000e+00 1.000000e+00
    outer loop
      vertex   -3.001120e+01 -3.974126e+01 5.500000e+01
      vertex   -2.931896e+01 -3.957223e+01 5.500000e+01
      vertex   -3.172244e+01 -3.767293e+01 5.500000e+01
    endloop
  endfacet
  facet normal 0.000000e+00 0.000000e+00 1.000000e+00
    outer loop
      vertex   -3.001120e+01 -3.974126e+01 5.500000e+01
      vertex   -3.172244e+01 -3.767293e+01 5.500000e+01
      vertex   -3.240079e+01 -3.781836e+01 5.500000e+01
    endloop
  endfacet
  facet normal 0.000000e+00 -0.000000e+00 1.000000e+00
    outer loop
      vertex   -3.240079e+01 -3.781836e+01 5.500000e+01
      vertex   -3.172244e+01 -3.767293e+01 5.500000e+01
      vertex   -3.400319e+01 -3.562788e+01 5.500000e+01
    endloop
  endfacet
  facet normal 0.000000e+00 0.000000e+00 1.000000e+00
    outer loop
      vertex   -3.240079e+01 -3.781836e+01 5.500000e+01
      vertex   -3.400319e+01 -3.562788e+01 5.500000e+01
      vertex   -3.466747e+01 -3.575201e+01 5.500000e+01
    endloop
  endfacet
  facet normal 0.000000e+00 -0.000000e+00 1.000000e+00
    outer loop
      vertex   -3.466747e+01 -3.575201e+01 5.500000e+01
      vertex   -3.400319e+01 -3.562788e+01 5.500000e+01
      vertex   -3.615238e+01 -3.344500e+01 5.500000e+01
    endloop
  endfacet
  facet normal 0.000000e+00 0.000000e+00 1.000000e+00
    outer loop
      vertex   -3.466747e+01 -3.575201e+01 5.500000e+01
      vertex   -3.615238e+01 -3.344500e+01 5.500000e+01
      vertex   -3.680264e+01 -3.355004e+01 5.500000e+01
    endloop
  endfacet
  facet normal 0.000000e+00 -0.000000e+00 1.000000e+00
    outer loop
      vertex   -3.680264e+01 -3.355004e+01 5.500000e+01
      vertex   -3.615238e+01 -3.344500e+01 5.500000e+01
      vertex   -3.816171e+01 -3.113272e+01 5.500000e+01
    endloop
  endfacet
  facet normal 0.000000e+00 0.000000e+00 1.000000e+00
    outer loop
      vertex   -3.680264e+01 -3.355004e+01 5.500000e+01
      vertex   -3.816171e+01 -3.113272e+01 5.500000e+01
      vertex   -3.879821e+01 -3.122081e+01 5.500000e+01
    endloop
  endfacet
  facet normal 0.000000e+00 -0.000000e+00 1.000000e+00
    outer loop
      vertex   -3.879821e+01 -3.122081e+01 5.500000e+01
      vertex   -3.816171e+01 -3.113272e+01 5.500000e+01
      vertex   -4.002340e+01 -2.870000e+01 5.500000e+01
    endloop
  endfacet
  facet normal 0.000000e+00 0.000000e+00 1.000000e+00
    outer loop
      vertex   -3.879821e+01 -3.122081e+01 5.500000e+01
      vertex   -4.002340e+01 -2.870000e+01 5.500000e+01
      vertex   -4.064661e+01 -2.877314e+01 5.500000e+01
    endloop
  endfacet
  facet normal 0.000000e+00 -0.000000e+00 1.000000e+00
    outer loop
      vertex   -4.064661e+01 -2.877314e+01 5.500000e+01
      vertex   -4.002340e+01 -2.870000e+01 5.500000e+01
      vertex   -4.173025e+01 -2.615624e+01 5.500000e+01
    endloop
  endfacet
  facet normal 0.000000e+00 0.000000e+00 1.000000e+00
    outer loop
      vertex   -4.064661e+01 -2.877314e+01 5.500000e+01
      vertex   -4.173025e+01 -2.615624e+01 5.500000e+01
      vertex   -4.234081e+01 -2.621632e+01 5.500000e+01
    endloop
  endfacet
  facet normal 0.000000e+00 -0.000000e+00 1.000000e+00
    outer loop
      vertex   -4.234081e+01 -2.621632e+01 5.500000e+01
      vertex   -4.173025e+01 -2.615624e+01 5.500000e+01
      vertex   -4.327565e+01 -2.351129e+01 5.500000e+01
    endloop
  endfacet
  facet normal 0.000000e+00 0.000000e+00 1.000000e+00
    outer loop
      vertex   -4.234081e+01 -2.621632e+01 5.500000e+01
      vertex   -4.327565e+01 -2.351129e+01 5.500000e+01
      vertex   -4.387441e+01 -2.356006e+01 5.500000e+01
    endloop
  endfacet
  facet normal 0.000000e+00 -0.000000e+00 1.000000e+00
    outer loop
      vertex   -4.387441e+01 -2.356006e+01 5.500000e+01
      vertex   -4.327565e+01 -2.351129e+01 5.500000e+01
      vertex   -4.465363e+01 -2.077538e+01 5.500000e+01
    endloop
  endfacet
  facet normal 0.000000e+00 0.000000e+00 1.000000e+00
    outer loop
      vertex   -4.387441e+01 -2.356006e+01 5.500000e+01
      vertex   -4.465363e+01 -2.077538e+01 5.500000e+01
      vertex   -4.524157e+01 -2.081443e+01 5.500000e+01
    endloop
  endfacet
  facet normal 0.000000e+00 -0.000000e+00 1.000000e+00
    outer loop
      vertex   -4.524157e+01 -2.081443e+01 5.500000e+01
      vertex   -4.465363e+01 -2.077538e+01 5.500000e+01
      vertex   -4.585885e+01 -1.795909e+01 5.500000e+01
    endloop
  endfacet
  facet normal 0.000000e+00 0.000000e+00 1.000000e+00
    outer loop
      vertex   -4.524157e+01 -2.081443e+01 5.500000e+01
      vertex   -4.585885e+01 -1.795909e+01 5.500000e+01
      vertex   -4.643712e+01 -1.798983e+01 5.500000e+01
    endloop
  endfacet
  facet normal 0.000000e+00 -0.000000e+00 1.000000e+00
    outer loop
      vertex   -4.643712e+01 -1.798983e+01 5.500000e+01
      vertex   -4.585885e+01 -1.795909e+01 5.500000e+01
      vertex   -4.688665e+01 -1.507332e+01 5.500000e+01
    endloop
  endfacet
  facet normal 0.000000e+00 0.000000e+00 1.000000e+00
    outer loop
      vertex   -4.643712e+01 -1.798983e+01 5.500000e+01
      vertex   -4.688665e+01 -1.507332e+01 5.500000e+01
      vertex   -4.745651e+01 -1.509700e+01 5.500000e+01
    endloop
  endfacet
  facet normal 0.000000e+00 -0.000000e+00 1.000000e+00
    outer loop
      vertex   -4.745651e+01 -1.509700e+01 5.500000e+01
      vertex   -4.688665e+01 -1.507332e+01 5.500000e+01
      vertex   -4.773305e+01 -1.212924e+01 5.500000e+01
    endloop
  endfacet
  facet normal 0.000000e+00 0.000000e+00 1.000000e+00
    outer loop
      vertex   -4.745651e+01 -1.509700e+01 5.500000e+01
      vertex   -4.773305e+01 -1.212924e+01 5.500000e+01
      vertex   -4.829589e+01 -1.214690e+01 5.500000e+01
    endloop
  endfacet
  facet normal 0.000000e+00 -0.000000e+00 1.000000e+00
    outer loop
      vertex   -4.829589e+01 -1.214690e+01 5.500000e+01
      vertex   -4.773305e+01 -1.212924e+01 5.500000e+01
      vertex   -4.839479e+01 -9.138227e+00 5.500000e+01
    endloop
  endfacet
  facet normal 0.000000e+00 0.000000e+00 1.000000e+00
    outer loop
      vertex   -4.829589e+01 -1.214690e+01 5.500000e+01
      vertex   -4.839479e+01 -9.138227e+00 5.500000e+01
      vertex   -4.895206e+01 -9.150726e+00 5.500000e+01
    endloop
  endfacet
  facet normal 0.000000e+00 0.000000e+00 1.000000e+00
    outer loop
      vertex   -4.895206e+01 -9.150726e+00 5.500000e+01
      vertex   -4.839479e+01 -9.138227e+00 5.500000e+01
      vertex   -4.886929e+01 -6.111864e+00 5.500000e+01
    endloop
  endfacet
  facet normal 0.000000e+00 -0.000000e+00 1.000000e+00
    outer loop
      vertex   -4.895206e+01 -9.150726e+00 5.500000e+01
      vertex   -4.886929e+01 -6.111864e+00 5.500000e+01
      vertex   -4.942254e+01 -6.119837e+00 5.500000e+01
    endloop
  endfacet
  facet normal 0.000000e+00 0.000000e+00 1.000000e+00
    outer loop
      vertex   -4.942254e+01 -6.119837e+00 5.500000e+01
      vertex   -4.886929e+01 -6.111864e+00 5.500000e+01
      vertex   -4.915473e+01 -3.061855e+00 5.500000e+01
    endloop
  endfacet
  facet normal 0.000000e+00 -0.000000e+00 1.000000e+00
    outer loop
      vertex   -4.942254e+01 -6.119837e+00 5.500000e+01
      vertex   -4.915473e+01 -3.061855e+00 5.500000e+01
      vertex   -4.970555e+01 -3.065733e+00 5.500000e+01
    endloop
  endfacet
  facet normal 0.000000e+00 0.000000e+00 1.000000e+00
    outer loop
      vertex   -4.970555e+01 -3.065733e+00 5.500000e+01
      vertex   -4.915473e+01 -3.061855e+00 5.500000e+01
      vertex   -4.925000e+01 -6.031385e-15 5.500000e+01
    endloop
  endfacet
  facet normal 9.994756e-01 3.238189e-02 0.000000e+00
    outer loop
      vertex   -4.490563e+01 -2.912842e+00 5.000000e+01
      vertex   -4.490563e+01 -2.912842e+00 0.000000e+00
      vertex   -4.500000e+01 -5.510911e-15 5.000000e+01
    endloop
  endfacet
  facet normal 9.994756e-01 3.238189e-02 0.000000e+00
    outer loop
      vertex   -4.500000e+01 -5.510911e-15 5.000000e+01
      vertex   -4.490563e+01 -2.912842e+00 0.000000e+00
      vertex   -4.500000e+01 -5.510911e-15 0.000000e+00
    endloop
  endfacet
  facet normal 9.994756e-01 -3.238189e-02 0.000000e+00
    outer loop
      vertex   -4.500000e+01 -5.510911e-15 5.000000e+01
      vertex   -4.500000e+01 -5.510911e-15 0.000000e+00
      vertex   -4.490563e+01 2.912842e+00 5.000000e+01
    endloop
  endfacet
  facet normal 9.994756e-01 -3.238189e-02 0.000000e+00
    outer loop
      vertex   -4.490563e+01 2.912842e+00 5.000000e+01
      vertex   -4.500000e+01 -5.510911e-15 0.000000e+00
      vertex   -4.490563e+01 2.912842e+00 0.000000e+00
    endloop
  endfacet
  facet normal 9.952834e-01 -9.700985e-02 0.000000e+00
    outer loop
      vertex   -4.490563e+01 2.912842e+00 5.000000e+01
      vertex   -4.490563e+01 2.912842e+00 0.000000e+00
      vertex   -4.462290e+01 5.813466e+00 5.000000e+01
    endloop
  endfacet
  facet normal 9.952834e-01 -9.700985e-02 0.000000e+00
    outer loop
      vertex   -4.462290e+01 5.813466e+00 5.000000e+01
      vertex   -4.490563e+01 2.912842e+00 0.000000e+00
      vertex   -4.462290e+01 5.813466e+00 0.000000e+00
    endloop
  endfacet
  facet normal 9.869167e-01 -1.612309e-01 0.000000e+00
    outer loop
      vertex   -4.462290e+01 5.813466e+00 5.000000e+01
      vertex   -4.462290e+01 5.813466e+00 0.000000e+00
      vertex   -4.415302e+01 8.689707e+00 5.000000e+01
    endloop
  endfacet
  facet normal 9.869167e-01 -1.612309e-01 0.000000e+00
    outer loop
      vertex   -4.415302e+01 8.689707e+00 5.000000e+01
      vertex   -4.462290e+01 5.813466e+00 0.000000e+00
      vertex   -4.415302e+01 8.689707e+00 0.000000e+00
    endloop
  endfacet
  facet normal 9.744105e-01 -2.247757e-01 0.000000e+00
    outer loop
      vertex   -4.415302e+01 8.689707e+00 5.000000e+01
      vertex   -4.415302e+01 8.689707e+00 0.000000e+00
      vertex   -4.349794e+01 1.152950e+01 5.000000e+01
    endloop
  endfacet
  facet normal 9.744105e-01 -2.247757e-01 0.000000e+00
    outer loop
      vertex   -4.349794e+01 1.152950e+01 5.000000e+01
      vertex   -4.415302e+01 8.689707e+00 0.000000e+00
      vertex   -4.349794e+01 1.152950e+01 0.000000e+00
    endloop
  endfacet
  facet normal 9.578173e-01 -2.873778e-01 0.000000e+00
    outer loop
      vertex   -4.349794e+01 1.152950e+01 5.000000e+01
      vertex   -4.349794e+01 1.152950e+01 0.000000e+00
      vertex   -4.266041e+01 1.432093e+01 5.000000e+01
    endloop
  endfacet
  facet normal 9.578173e-01 -2.873778e-01 0.000000e+00
    outer loop
      vertex   -4.266041e+01 1.432093e+01 5.000000e+01
      vertex   -4.349794e+01 1.152950e+01 0.000000e+00
      vertex   -4.266041e+01 1.432093e+01 0.000000e+00
    endloop
  endfacet
  facet normal 9.372067e-01 -3.487744e-01 0.000000e+00
    outer loop
      vertex   -4.266041e+01 1.432093e+01 5.000000e+01
      vertex   -4.266041e+01 1.432093e+01 0.000000e+00
      vertex   -4.164396e+01 1.705230e+01 5.000000e+01
    endloop
  endfacet
  facet normal 9.372067e-01 -3.487744e-01 0.000000e+00
    outer loop
      vertex   -4.164396e+01 1.705230e+01 5.000000e+01
      vertex   -4.266041e+01 1.432093e+01 0.000000e+00
      vertex   -4.164396e+01 1.705230e+01 0.000000e+00
    endloop
  endfacet
  facet normal 9.126651e-01 -4.087082e-01 0.000000e+00
    outer loop
      vertex   -4.164396e+01 1.705230e+01 5.000000e+01
      vertex   -4.164396e+01 1.705230e+01 0.000000e+00
      vertex   -4.045283e+01 1.971215e+01 5.000000e+01
    endloop
  endfacet
  facet normal 9.126651e-01 -4.087082e-01 0.000000e+00
    outer loop
      vertex   -4.045283e+01 1.971215e+01 5.000000e+01
      vertex   -4.164396e+01 1.705230e+01 0.000000e+00
      vertex   -4.045283e+01 1.971215e+01 0.000000e+00
    endloop
  endfacet
  facet normal 8.842955e-01 -4.669277e-01 0.000000e+00
    outer loop
      vertex   -4.045283e+01 1.971215e+01 5.000000e+01
      vertex   -4.045283e+01 1.971215e+01 0.000000e+00
      vertex   -3.909203e+01 2.228931e+01 5.000000e+01
    endloop
  endfacet
  facet normal 8.842955e-01 -4.669277e-01 0.000000e+00
    outer loop
      vertex   -3.909203e+01 2.228931e+01 5.000000e+01
      vertex   -4.045283e+01 1.971215e+01 0.000000e+00
      vertex   -3.909203e+01 2.228931e+01 0.000000e+00
    endloop
  endfacet
  facet normal 8.522168e-01 -5.231888e-01 0.000000e+00
    outer loop
      vertex   -3.909203e+01 2.228931e+01 5.000000e+01
      vertex   -3.909203e+01 2.228931e+01 0.000000e+00
      vertex   -3.756726e+01 2.477299e+01 5.000000e+01
    endloop
  endfacet
  facet normal 8.522168e-01 -5.231888e-01 0.000000e+00
    outer loop
      vertex   -3.756726e+01 2.477299e+01 5.000000e+01
      vertex   -3.909203e+01 2.228931e+01 0.000000e+00
      vertex   -3.756726e+01 2.477299e+01 0.000000e+00
    endloop
  endfacet
  facet normal 8.165637e-01 -5.772554e-01 0.000000e+00
    outer loop
      vertex   -3.756726e+01 2.477299e+01 5.000000e+01
      vertex   -3.756726e+01 2.477299e+01 0.000000e+00
      vertex   -3.588493e+01 2.715275e+01 5.000000e+01
    endloop
  endfacet
  facet normal 8.165637e-01 -5.772554e-01 0.000000e+00
    outer loop
      vertex   -3.588493e+01 2.715275e+01 5.000000e+01
      vertex   -3.756726e+01 2.477299e+01 0.000000e+00
      vertex   -3.588493e+01 2.715275e+01 0.000000e+00
    endloop
  endfacet
  facet normal 7.774856e-01 -6.289008e-01 0.000000e+00
    outer loop
      vertex   -3.588493e+01 2.715275e+01 5.000000e+01
      vertex   -3.588493e+01 2.715275e+01 0.000000e+00
      vertex   -3.405208e+01 2.941863e+01 5.000000e+01
    endloop
  endfacet
  facet normal 7.774856e-01 -6.289008e-01 0.000000e+00
    outer loop
      vertex   -3.405208e+01 2.941863e+01 5.000000e+01
      vertex   -3.588493e+01 2.715275e+01 0.000000e+00
      vertex   -3.405208e+01 2.941863e+01 0.000000e+00
    endloop
  endfacet
  facet normal 7.351464e-01 -6.779084e-01 0.000000e+00
    outer loop
      vertex   -3.405208e+01 2.941863e+01 5.000000e+01
      vertex   -3.405208e+01 2.941863e+01 0.000000e+00
      vertex   -3.207640e+01 3.156112e+01 5.000000e+01
    endloop
  endfacet
  facet normal 7.351464e-01 -6.779084e-01 0.000000e+00
    outer loop
      vertex   -3.207640e+01 3.156112e+01 5.000000e+01
      vertex   -3.405208e+01 2.941863e+01 0.000000e+00
      vertex   -3.207640e+01 3.156112e+01 0.000000e+00
    endloop
  endfacet
  facet normal 6.897238e-01 -7.240726e-01 0.000000e+00
    outer loop
      vertex   -3.207640e+01 3.156112e+01 5.000000e+01
      vertex   -3.207640e+01 3.156112e+01 0.000000e+00
      vertex   -2.996619e+01 3.357123e+01 5.000000e+01
    endloop
  endfacet
  facet normal 6.897238e-01 -7.240726e-01 0.000000e+00
    outer loop
      vertex   -2.996619e+01 3.357123e+01 5.000000e+01
      vertex   -3.207640e+01 3.156112e+01 0.000000e+00
      vertex   -2.996619e+01 3.357123e+01 0.000000e+00
    endloop
  endfacet
  facet normal 6.414082e-01 -7.671998e-01 0.000000e+00
    outer loop
      vertex   -2.996619e+01 3.357123e+01 5.000000e+01
      vertex   -2.996619e+01 3.357123e+01 0.000000e+00
      vertex   -2.773028e+01 3.544053e+01 5.000000e+01
    endloop
  endfacet
  facet normal 6.414082e-01 -7.671998e-01 0.000000e+00
    outer loop
      vertex   -2.773028e+01 3.544053e+01 5.000000e+01
      vertex   -2.996619e+01 3.357123e+01 0.000000e+00
      vertex   -2.773028e+01 3.544053e+01 0.000000e+00
    endloop
  endfacet
  facet normal 5.904024e-01 -8.071091e-01 0.000000e+00
    outer loop
      vertex   -2.773028e+01 3.544053e+01 5.000000e+01
      vertex   -2.773028e+01 3.544053e+01 0.000000e+00
      vertex   -2.537807e+01 3.716119e+01 5.000000e+01
    endloop
  endfacet
  facet normal 5.904024e-01 -8.071091e-01 0.000000e+00
    outer loop
      vertex   -2.537807e+01 3.716119e+01 5.000000e+01
      vertex   -2.773028e+01 3.544053e+01 0.000000e+00
      vertex   -2.537807e+01 3.716119e+01 0.000000e+00
    endloop
  endfacet
  facet normal 5.369202e-01 -8.436331e-01 0.000000e+00
    outer loop
      vertex   -2.537807e+01 3.716119e+01 5.000000e+01
      vertex   -2.537807e+01 3.716119e+01 0.000000e+00
      vertex   -2.291941e+01 3.872597e+01 5.000000e+01
    endloop
  endfacet
  facet normal 5.369202e-01 -8.436331e-01 0.000000e+00
    outer loop
      vertex   -2.291941e+01 3.872597e+01 5.000000e+01
      vertex   -2.537807e+01 3.716119e+01 0.000000e+00
      vertex   -2.291941e+01 3.872597e+01 0.000000e+00
    endloop
  endfacet
  facet normal 4.811859e-01 -8.766186e-01 0.000000e+00
    outer loop
      vertex   -2.291941e+01 3.872597e+01 5.000000e+01
      vertex   -2.291941e+01 3.872597e+01 0.000000e+00
      vertex   -2.036462e+01 4.012832e+01 5.000000e+01
    endloop
  endfacet
  facet normal 4.811859e-01 -8.766186e-01 0.000000e+00
    outer loop
      vertex   -2.036462e+01 4.012832e+01 5.000000e+01
      vertex   -2.291941e+01 3.872597e+01 0.000000e+00
      vertex   -2.036462e+01 4.012832e+01 0.000000e+00
    endloop
  endfacet
  facet normal 4.234335e-01 -9.059272e-01 0.000000e+00
    outer loop
      vertex   -2.036462e+01 4.012832e+01 5.000000e+01
      vertex   -2.036462e+01 4.012832e+01 0.000000e+00
      vertex   -1.772441e+01 4.136237e+01 5.000000e+01
    endloop
  endfacet
  facet normal 4.234335e-01 -9.059272e-01 0.000000e+00
    outer loop
      vertex   -1.772441e+01 4.136237e+01 5.000000e+01
      vertex   -2.036462e+01 4.012832e+01 0.000000e+00
      vertex   -1.772441e+01 4.136237e+01 0.000000e+00
    endloop
  endfacet
  facet normal 3.639049e-01 -9.314361e-01 0.000000e+00
    outer loop
      vertex   -1.772441e+01 4.136237e+01 5.000000e+01
      vertex   -1.772441e+01 4.136237e+01 0.000000e+00
      vertex   -1.500986e+01 4.242292e+01 5.000000e+01
    endloop
  endfacet
  facet normal 3.639049e-01 -9.314361e-01 0.000000e+00
    outer loop
      vertex   -1.500986e+01 4.242292e+01 5.000000e+01
      vertex   -1.772441e+01 4.136237e+01 0.000000e+00
      vertex   -1.500986e+01 4.242292e+01 0.000000e+00
    endloop
  endfacet
  facet normal 3.028501e-01 -9.530382e-01 0.000000e+00
    outer loop
      vertex   -1.500986e+01 4.242292e+01 5.000000e+01
      vertex   -1.500986e+01 4.242292e+01 0.000000e+00
      vertex   -1.223235e+01 4.330554e+01 5.000000e+01
    endloop
  endfacet
  facet normal 3.028501e-01 -9.530382e-01 0.000000e+00
    outer loop
      vertex   -1.223235e+01 4.330554e+01 5.000000e+01
      vertex   -1.500986e+01 4.242292e+01 0.000000e+00
      vertex   -1.223235e+01 4.330554e+01 0.000000e+00
    endloop
  endfacet
  facet normal 2.405250e-01 -9.706430e-01 0.000000e+00
    outer loop
      vertex   -1.223235e+01 4.330554e+01 5.000000e+01
      vertex   -1.223235e+01 4.330554e+01 0.000000e+00
      vertex   -9.403540e+00 4.400652e+01 5.000000e+01
    endloop
  endfacet
  facet normal 2.405250e-01 -9.706430e-01 0.000000e+00
    outer loop
      vertex   -9.403540e+00 4.400652e+01 5.000000e+01
      vertex   -1.223235e+01 4.330554e+01 0.000000e+00
      vertex   -9.403540e+00 4.400652e+01 0.000000e+00
    endloop
  endfacet
  facet normal 1.771910e-01 -9.841765e-01 0.000000e+00
    outer loop
      vertex   -9.403540e+00 4.400652e+01 5.000000e+01
      vertex   -9.403540e+00 4.400652e+01 0.000000e+00
      vertex   -6.535286e+00 4.452292e+01 5.000000e+01
    endloop
  endfacet
  facet normal 1.771910e-01 -9.841765e-01 0.000000e+00
    outer loop
      vertex   -6.535286e+00 4.452292e+01 5.000000e+01
      vertex   -9.403540e+00 4.400652e+01 0.000000e+00
      vertex   -6.535286e+00 4.452292e+01 0.000000e+00
    endloop
  endfacet
  facet normal 1.131138e-01 -9.935820e-01 0.000000e+00
    outer loop
      vertex   -6.535286e+00 4.452292e+01 5.000000e+01
      vertex   -6.535286e+00 4.452292e+01 0.000000e+00
      vertex   -3.639620e+00 4.485257e+01 5.000000e+01
    endloop
  endfacet
  facet normal 1.131138e-01 -9.935820e-01 0.000000e+00
    outer loop
      vertex   -3.639620e+00 4.485257e+01 5.000000e+01
      vertex   -6.535286e+00 4.452292e+01 0.000000e+00
      vertex   -3.639620e+00 4.485257e+01 0.000000e+00
    endloop
  endfacet
  facet normal 4.856222e-02 -9.988202e-01 0.000000e+00
    outer loop
      vertex   -3.639620e+00 4.485257e+01 5.000000e+01
      vertex   -3.639620e+00 4.485257e+01 0.000000e+00
      vertex   -7.286881e-01 4.499410e+01 5.000000e+01
    endloop
  endfacet
  facet normal 4.856222e-02 -9.988202e-01 0.000000e+00
    outer loop
      vertex   -7.286881e-01 4.499410e+01 5.000000e+01
      vertex   -3.639620e+00 4.485257e+01 0.000000e+00
      vertex   -7.286881e-01 4.499410e+01 0.000000e+00
    endloop
  endfacet
  facet normal -1.619307e-02 -9.998689e-01 -0.000000e+00
    outer loop
      vertex   -7.286881e-01 4.499410e+01 5.000000e+01
      vertex   -7.286881e-01 4.499410e+01 0.000000e+00
      vertex   2.185300e+00 4.494691e+01 5.000000e+01
    endloop
  endfacet
  facet normal -1.619307e-02 -9.998689e-01 -0.000000e+00
    outer loop
      vertex   2.185300e+00 4.494691e+01 5.000000e+01
      vertex   -7.286881e-01 4.499410e+01 0.000000e+00
      vertex   2.185300e+00 4.494691e+01 0.000000e+00
    endloop
  endfacet
  facet normal -8.088044e-02 -9.967238e-01 -0.000000e+00
    outer loop
      vertex   2.185300e+00 4.494691e+01 5.000000e+01
      vertex   2.185300e+00 4.494691e+01 0.000000e+00
      vertex   5.090122e+00 4.471119e+01 5.000000e+01
    endloop
  endfacet
  facet normal -8.088044e-02 -9.967238e-01 -0.000000e+00
    outer loop
      vertex   5.090122e+00 4.471119e+01 5.000000e+01
      vertex   2.185300e+00 4.494691e+01 0.000000e+00
      vertex   5.090122e+00 4.471119e+01 0.000000e+00
    endloop
  endfacet
  facet normal -1.452286e-01 -9.893981e-01 -0.000000e+00
    outer loop
      vertex   5.090122e+00 4.471119e+01 5.000000e+01
      vertex   5.090122e+00 4.471119e+01 0.000000e+00
      vertex   7.973595e+00 4.428794e+01 5.000000e+01
    endloop
  endfacet
  facet normal -1.452286e-01 -9.893981e-01 -0.000000e+00
    outer loop
      vertex   7.973595e+00 4.428794e+01 5.000000e+01
      vertex   5.090122e+00 4.471119e+01 0.000000e+00
      vertex   7.973595e+00 4.428794e+01 0.000000e+00
    endloop
  endfacet
  facet normal -2.089676e-01 -9.779226e-01 -0.000000e+00
    outer loop
      vertex   7.973595e+00 4.428794e+01 5.000000e+01
      vertex   7.973595e+00 4.428794e+01 0.000000e+00
      vertex   1.082362e+01 4.367893e+01 5.000000e+01
    endloop
  endfacet
  facet normal -2.089676e-01 -9.779226e-01 -0.000000e+00
    outer loop
      vertex   1.082362e+01 4.367893e+01 5.000000e+01
      vertex   7.973595e+00 4.428794e+01 0.000000e+00
      vertex   1.082362e+01 4.367893e+01 0.000000e+00
    endloop
  endfacet
  facet normal -2.718301e-01 -9.623453e-01 -0.000000e+00
    outer loop
      vertex   1.082362e+01 4.367893e+01 5.000000e+01
      vertex   1.082362e+01 4.367893e+01 0.000000e+00
      vertex   1.362825e+01 4.288672e+01 5.000000e+01
    endloop
  endfacet
  facet normal -2.718301e-01 -9.623453e-01 -0.000000e+00
    outer loop
      vertex   1.362825e+01 4.288672e+01 5.000000e+01
      vertex   1.082362e+01 4.367893e+01 0.000000e+00
      vertex   1.362825e+01 4.288672e+01 0.000000e+00
    endloop
  endfacet
  facet normal -3.335524e-01 -9.427315e-01 -0.000000e+00
    outer loop
      vertex   1.362825e+01 4.288672e+01 5.000000e+01
      vertex   1.362825e+01 4.288672e+01 0.000000e+00
      vertex   1.637572e+01 4.191462e+01 5.000000e+01
    endloop
  endfacet
  facet normal -3.335524e-01 -9.427315e-01 -0.000000e+00
    outer loop
      vertex   1.637572e+01 4.191462e+01 5.000000e+01
      vertex   1.362825e+01 4.288672e+01 0.000000e+00
      vertex   1.637572e+01 4.191462e+01 0.000000e+00
    endloop
  endfacet
  facet normal -3.938758e-01 -9.191637e-01 -0.000000e+00
    outer loop
      vertex   1.637572e+01 4.191462e+01 5.000000e+01
      vertex   1.637572e+01 4.191462e+01 0.000000e+00
      vertex   1.905451e+01 4.076672e+01 5.000000e+01
    endloop
  endfacet
  facet normal -3.938758e-01 -9.191637e-01 -0.000000e+00
    outer loop
      vertex   1.905451e+01 4.076672e+01 5.000000e+01
      vertex   1.637572e+01 4.191462e+01 0.000000e+00
      vertex   1.905451e+01 4.076672e+01 0.000000e+00
    endloop
  endfacet
  facet normal -4.525470e-01 -8.917405e-01 -0.000000e+00
    outer loop
      vertex   1.905451e+01 4.076672e+01 5.000000e+01
      vertex   1.905451e+01 4.076672e+01 0.000000e+00
      vertex   2.165337e+01 3.944783e+01 5.000000e+01
    endloop
  endfacet
  facet normal -4.525470e-01 -8.917405e-01 -0.000000e+00
    outer loop
      vertex   2.165337e+01 3.944783e+01 5.000000e+01
      vertex   1.905451e+01 4.076672e+01 0.000000e+00
      vertex   2.165337e+01 3.944783e+01 0.000000e+00
    endloop
  endfacet
  facet normal -5.093202e-01 -8.605771e-01 -0.000000e+00
    outer loop
      vertex   2.165337e+01 3.944783e+01 5.000000e+01
      vertex   2.165337e+01 3.944783e+01 0.000000e+00
      vertex   2.416141e+01 3.796349e+01 5.000000e+01
    endloop
  endfacet
  facet normal -5.093202e-01 -8.605771e-01 -0.000000e+00
    outer loop
      vertex   2.416141e+01 3.796349e+01 5.000000e+01
      vertex   2.165337e+01 3.944783e+01 0.000000e+00
      vertex   2.416141e+01 3.796349e+01 0.000000e+00
    endloop
  endfacet
  facet normal -5.639570e-01 -8.258041e-01 -0.000000e+00
    outer loop
      vertex   2.416141e+01 3.796349e+01 5.000000e+01
      vertex   2.416141e+01 3.796349e+01 0.000000e+00
      vertex   2.656811e+01 3.631991e+01 5.000000e+01
    endloop
  endfacet
  facet normal -5.639570e-01 -8.258041e-01 -0.000000e+00
    outer loop
      vertex   2.656811e+01 3.631991e+01 5.000000e+01
      vertex   2.416141e+01 3.796349e+01 0.000000e+00
      vertex   2.656811e+01 3.631991e+01 0.000000e+00
    endloop
  endfacet
  facet normal -6.162285e-01 -7.875674e-01 -0.000000e+00
    outer loop
      vertex   2.656811e+01 3.631991e+01 5.000000e+01
      vertex   2.656811e+01 3.631991e+01 0.000000e+00
      vertex   2.886337e+01 3.452399e+01 5.000000e+01
    endloop
  endfacet
  facet normal -6.162285e-01 -7.875674e-01 -0.000000e+00
    outer loop
      vertex   2.886337e+01 3.452399e+01 5.000000e+01
      vertex   2.656811e+01 3.631991e+01 0.000000e+00
      vertex   2.886337e+01 3.452399e+01 0.000000e+00
    endloop
  endfacet
  facet normal -6.659152e-01 -7.460274e-01 -0.000000e+00
    outer loop
      vertex   2.886337e+01 3.452399e+01 5.000000e+01
      vertex   2.886337e+01 3.452399e+01 0.000000e+00
      vertex   3.103757e+01 3.258327e+01 5.000000e+01
    endloop
  endfacet
  facet normal -6.659152e-01 -7.460274e-01 -0.000000e+00
    outer loop
      vertex   3.103757e+01 3.258327e+01 5.000000e+01
      vertex   2.886337e+01 3.452399e+01 0.000000e+00
      vertex   3.103757e+01 3.258327e+01 0.000000e+00
    endloop
  endfacet
  facet normal -7.128089e-01 -7.013583e-01 -0.000000e+00
    outer loop
      vertex   3.103757e+01 3.258327e+01 5.000000e+01
      vertex   3.103757e+01 3.258327e+01 0.000000e+00
      vertex   3.308159e+01 3.050588e+01 5.000000e+01
    endloop
  endfacet
  facet normal -7.128089e-01 -7.013583e-01 -0.000000e+00
    outer loop
      vertex   3.308159e+01 3.050588e+01 5.000000e+01
      vertex   3.103757e+01 3.258327e+01 0.000000e+00
      vertex   3.308159e+01 3.050588e+01 0.000000e+00
    endloop
  endfacet
  facet normal -7.567128e-01 -6.537474e-01 -0.000000e+00
    outer loop
      vertex   3.308159e+01 3.050588e+01 5.000000e+01
      vertex   3.308159e+01 3.050588e+01 0.000000e+00
      vertex   3.498685e+01 2.830054e+01 5.000000e+01
    endloop
  endfacet
  facet normal -7.567128e-01 -6.537474e-01 -0.000000e+00
    outer loop
      vertex   3.498685e+01 2.830054e+01 5.000000e+01
      vertex   3.308159e+01 3.050588e+01 0.000000e+00
      vertex   3.498685e+01 2.830054e+01 0.000000e+00
    endloop
  endfacet
  facet normal -7.974428e-01 -6.033945e-01 -0.000000e+00
    outer loop
      vertex   3.498685e+01 2.830054e+01 5.000000e+01
      vertex   3.498685e+01 2.830054e+01 0.000000e+00
      vertex   3.674536e+01 2.597649e+01 5.000000e+01
    endloop
  endfacet
  facet normal -7.974428e-01 -6.033945e-01 -0.000000e+00
    outer loop
      vertex   3.674536e+01 2.597649e+01 5.000000e+01
      vertex   3.498685e+01 2.830054e+01 0.000000e+00
      vertex   3.674536e+01 2.597649e+01 0.000000e+00
    endloop
  endfacet
  facet normal -8.348281e-01 -5.505108e-01 -0.000000e+00
    outer loop
      vertex   3.674536e+01 2.597649e+01 5.000000e+01
      vertex   3.674536e+01 2.597649e+01 0.000000e+00
      vertex   3.834976e+01 2.354349e+01 5.000000e+01
    endloop
  endfacet
  facet normal -8.348281e-01 -5.505108e-01 -0.000000e+00
    outer loop
      vertex   3.834976e+01 2.354349e+01 5.000000e+01
      vertex   3.674536e+01 2.597649e+01 0.000000e+00
      vertex   3.834976e+01 2.354349e+01 0.000000e+00
    endloop
  endfacet
  facet normal -8.687117e-01 -4.953180e-01 -0.000000e+00
    outer loop
      vertex   3.834976e+01 2.354349e+01 5.000000e+01
      vertex   3.834976e+01 2.354349e+01 0.000000e+00
      vertex   3.979330e+01 2.101175e+01 5.000000e+01
    endloop
  endfacet
  facet normal -8.687117e-01 -4.953180e-01 -0.000000e+00
    outer loop
      vertex   3.979330e+01 2.101175e+01 5.000000e+01
      vertex   3.834976e+01 2.354349e+01 0.000000e+00
      vertex   3.979330e+01 2.101175e+01 0.000000e+00
    endloop
  endfacet
  facet normal -8.989517e-01 -4.380477e-01 -0.000000e+00
    outer loop
      vertex   3.979330e+01 2.101175e+01 5.000000e+01
      vertex   3.979330e+01 2.101175e+01 0.000000e+00
      vertex   4.106993e+01 1.839187e+01 5.000000e+01
    endloop
  endfacet
  facet normal -8.989517e-01 -4.380477e-01 -0.000000e+00
    outer loop
      vertex   4.106993e+01 1.839187e+01 5.000000e+01
      vertex   3.979330e+01 2.101175e+01 0.000000e+00
      vertex   4.106993e+01 1.839187e+01 0.000000e+00
    endloop
  endfacet
  facet normal -9.254212e-01 -3.789400e-01 -0.000000e+00
    outer loop
      vertex   4.106993e+01 1.839187e+01 5.000000e+01
      vertex   4.106993e+01 1.839187e+01 0.000000e+00
      vertex   4.217430e+01 1.569485e+01 5.000000e+01
    endloop
  endfacet
  facet normal -9.254212e-01 -3.789400e-01 -0.000000e+00
    outer loop
      vertex   4.217430e+01 1.569485e+01 5.000000e+01
      vertex   4.106993e+01 1.839187e+01 0.000000e+00
      vertex   4.217430e+01 1.569485e+01 0.000000e+00
    endloop
  endfacet
  facet normal -9.480092e-01 -3.182430e-01 -0.000000e+00
    outer loop
      vertex   4.217430e+01 1.569485e+01 5.000000e+01
      vertex   4.217430e+01 1.569485e+01 0.000000e+00
      vertex   4.310178e+01 1.293200e+01 5.000000e+01
    endloop
  endfacet
  facet normal -9.480092e-01 -3.182430e-01 -0.000000e+00
    outer loop
      vertex   4.310178e+01 1.293200e+01 5.000000e+01
      vertex   4.217430e+01 1.569485e+01 0.000000e+00
      vertex   4.310178e+01 1.293200e+01 0.000000e+00
    endloop
  endfacet
  facet normal -9.666209e-01 -2.562111e-01 -0.000000e+00
    outer loop
      vertex   4.310178e+01 1.293200e+01 5.000000e+01
      vertex   4.310178e+01 1.293200e+01 0.000000e+00
      vertex   4.384847e+01 1.011491e+01 5.000000e+01
    endloop
  endfacet
  facet normal -9.666209e-01 -2.562111e-01 -0.000000e+00
    outer loop
      vertex   4.384847e+01 1.011491e+01 5.000000e+01
      vertex   4.310178e+01 1.293200e+01 0.000000e+00
      vertex   4.384847e+01 1.011491e+01 0.000000e+00
    endloop
  endfacet
  facet normal -9.811782e-01 -1.931046e-01 -0.000000e+00
    outer loop
      vertex   4.384847e+01 1.011491e+01 5.000000e+01
      vertex   4.384847e+01 1.011491e+01 0.000000e+00
      vertex   4.441125e+01 7.255391e+00 5.000000e+01
    endloop
  endfacet
  facet normal -9.811782e-01 -1.931046e-01 -0.000000e+00
    outer loop
      vertex   4.441125e+01 7.255391e+00 5.000000e+01
      vertex   4.384847e+01 1.011491e+01 0.000000e+00
      vertex   4.441125e+01 7.255391e+00 0.000000e+00
    endloop
  endfacet
  facet normal -9.916201e-01 -1.291881e-01 -0.000000e+00
    outer loop
      vertex   4.441125e+01 7.255391e+00 5.000000e+01
      vertex   4.441125e+01 7.255391e+00 0.000000e+00
      vertex   4.478775e+01 4.365443e+00 5.000000e+01
    endloop
  endfacet
  facet normal -9.916201e-01 -1.291881e-01 -0.000000e+00
    outer loop
      vertex   4.478775e+01 4.365443e+00 5.000000e+01
      vertex   4.441125e+01 7.255391e+00 0.000000e+00
      vertex   4.478775e+01 4.365443e+00 0.000000e+00
    endloop
  endfacet
  facet normal -9.979028e-01 -6.472982e-02 -0.000000e+00
    outer loop
      vertex   4.478775e+01 4.365443e+00 5.000000e+01
      vertex   4.478775e+01 4.365443e+00 0.000000e+00
      vertex   4.497640e+01 1.457185e+00 5.000000e+01
    endloop
  endfacet
  facet normal -9.979028e-01 -6.472982e-02 -0.000000e+00
    outer loop
      vertex   4.497640e+01 1.457185e+00 5.000000e+01
      vertex   4.478775e+01 4.365443e+00 0.000000e+00
      vertex   4.497640e+01 1.457185e+00 0.000000e+00
    endloop
  endfacet
  facet normal -1.000000e+00 -0.000000e+00 -0.000000e+00
    outer loop
      vertex   4.497640e+01 1.457185e+00 5.000000e+01
      vertex   4.497640e+01 1.457185e+00 0.000000e+00
      vertex   4.497640e+01 -1.457185e+00 5.000000e+01
    endloop
  endfacet
  facet normal -1.000000e+00 0.000000e+00 0.000000e+00
    outer loop
      vertex   4.497640e+01 -1.457185e+00 5.000000e+01
      vertex   4.497640e+01 1.457185e+00 0.000000e+00
      vertex   4.497640e+01 -1.457185e+00 0.000000e+00
    endloop
  endfacet
  facet normal -9.979028e-01 6.472982e-02 0.000000e+00
    outer loop
      vertex   4.497640e+01 -1.457185e+00 5.000000e+01
      vertex   4.497640e+01 -1.457185e+00 0.000000e+00
      vertex   4.478775e+01 -4.365443e+00 5.000000e+01
    endloop
  endfacet
  facet normal -9.979028e-01 6.472982e-02 0.000000e+00
    outer loop
      vertex   4.478775e+01 -4.365443e+00 5.000000e+01
      vertex   4.497640e+01 -1.457185e+00 0.000000e+00
      vertex   4.478775e+01 -4.365443e+00 0.000000e+00
    endloop
  endfacet
  facet normal -9.916201e-01 1.291881e-01 0.000000e+00
    outer loop
      vertex   4.478775e+01 -4.365443e+00 5.000000e+01
      vertex   4.478775e+01 -4.365443e+00 0.000000e+00
      vertex   4.441125e+01 -7.255391e+00 5.000000e+01
    endloop
  endfacet
  facet normal -9.916201e-01 1.291881e-01 0.000000e+00
    outer loop
      vertex   4.441125e+01 -7.255391e+00 5.000000e+01
      vertex   4.478775e+01 -4.365443e+00 0.000000e+00
      vertex   4.441125e+01 -7.255391e+00 0.000000e+00
    endloop
  endfacet
  facet normal -9.811782e-01 1.931046e-01 0.000000e+00
    outer loop
      vertex   4.441125e+01 -7.255391e+00 5.000000e+01
      vertex   4.441125e+01 -7.255391e+00 0.000000e+00
      vertex   4.384847e+01 -1.011491e+01 5.000000e+01
    endloop
  endfacet
  facet normal -9.811782e-01 1.931046e-01 0.000000e+00
    outer loop
      vertex   4.384847e+01 -1.011491e+01 5.000000e+01
      vertex   4.441125e+01 -7.255391e+00 0.000000e+00
      vertex   4.384847e+01 -1.011491e+01 0.000000e+00
    endloop
  endfacet
  facet normal -9.666209e-01 2.562111e-01 0.000000e+00
    outer loop
      vertex   4.384847e+01 -1.011491e+01 5.000000e+01
      vertex   4.384847e+01 -1.011491e+01 0.000000e+00
      vertex   4.310178e+01 -1.293200e+01 5.000000e+01
    endloop
  endfacet
  facet normal -9.666209e-01 2.562111e-01 0.000000e+00
    outer loop
      vertex   4.310178e+01 -1.293200e+01 5.000000e+01
      vertex   4.384847e+01 -1.011491e+01 0.000000e+00
      vertex   4.310178e+01 -1.293200e+01 0.000000e+00
    endloop
  endfacet
  facet normal -9.480092e-01 3.182430e-01 0.000000e+00
    outer loop
      vertex   4.310178e+01 -1.293200e+01 5.000000e+01
      vertex   4.310178e+01 -1.293200e+01 0.000000e+00
      vertex   4.217430e+01 -1.569485e+01 5.000000e+01
    endloop
  endfacet
  facet normal -9.480092e-01 3.182430e-01 0.000000e+00
    outer loop
      vertex   4.217430e+01 -1.569485e+01 5.000000e+01
      vertex   4.310178e+01 -1.293200e+01 0.000000e+00
      vertex   4.217430e+01 -1.569485e+01 0.000000e+00
    endloop
  endfacet
  facet normal -9.254212e-01 3.789400e-01 0.000000e+00
    outer loop
      vertex   4.217430e+01 -1.569485e+01 5.000000e+01
      vertex   4.217430e+01 -1.569485e+01 0.000000e+00
      vertex   4.106993e+01 -1.839187e+01 5.000000e+01
    endloop
  endfacet
  facet normal -9.254212e-01 3.789400e-01 0.000000e+00
    outer loop
      vertex   4.106993e+01 -1.839187e+01 5.000000e+01
      vertex   4.217430e+01 -1.569485e+01 0.000000e+00
      vertex   4.106993e+01 -1.839187e+01 0.000000e+00
    endloop
  endfacet
  facet normal -8.989517e-01 4.380477e-01 0.000000e+00
    outer loop
      vertex   4.106993e+01 -1.839187e+01 5.000000e+01
      vertex   4.106993e+01 -1.839187e+01 0.000000e+00
      vertex   3.979330e+01 -2.101175e+01 5.000000e+01
    endloop
  endfacet
  facet normal -8.989517e-01 4.380477e-01 0.000000e+00
    outer loop
      vertex   3.979330e+01 -2.101175e+01 5.000000e+01
      vertex   4.106993e+01 -1.839187e+01 0.000000e+00
      vertex   3.979330e+01 -2.101175e+01 0.000000e+00
    endloop
  endfacet
  facet normal -8.687117e-01 4.953180e-01 0.000000e+00
    outer loop
      vertex   3.979330e+01 -2.101175e+01 5.000000e+01
      vertex   3.979330e+01 -2.101175e+01 0.000000e+00
      vertex   3.834976e+01 -2.354349e+01 5.000000e+01
    endloop
  endfacet
  facet normal -8.687117e-01 4.953180e-01 0.000000e+00
    outer loop
      vertex   3.834976e+01 -2.354349e+01 5.000000e+01
      vertex   3.979330e+01 -2.101175e+01 0.000000e+00
      vertex   3.834976e+01 -2.354349e+01 0.000000e+00
    endloop
  endfacet
  facet normal -8.348281e-01 5.505108e-01 0.000000e+00
    outer loop
      vertex   3.834976e+01 -2.354349e+01 5.000000e+01
      vertex   3.834976e+01 -2.354349e+01 0.000000e+00
      vertex   3.674536e+01 -2.597649e+01 5.000000e+01
    endloop
  endfacet
  facet normal -8.348281e-01 5.505108e-01 0.000000e+00
    outer loop
      vertex   3.674536e+01 -2.597649e+01 5.000000e+01
      vertex   3.834976e+01 -2.354349e+01 0.000000e+00
      vertex   3.674536e+01 -2.597649e+01 0.000000e+00
    endloop
  endfacet
  facet normal -7.974428e-01 6.033945e-01 0.000000e+00
    outer loop
      vertex   3.674536e+01 -2.597649e+01 5.000000e+01
      vertex   3.674536e+01 -2.597649e+01 0.000000e+00
      vertex   3.498685e+01 -2.830054e+01 5.000000e+01
    endloop
  endfacet
  facet normal -7.974428e-01 6.033945e-01 0.000000e+00
    outer loop
      vertex   3.498685e+01 -2.830054e+01 5.000000e+01
      vertex   3.674536e+01 -2.597649e+01 0.000000e+00
      vertex   3.498685e+01 -2.830054e+01 0.000000e+00
    endloop
  endfacet
  facet normal -7.567128e-01 6.537474e-01 0.000000e+00
    outer loop
      vertex   3.498685e+01 -2.830054e+01 5.000000e+01
      vertex   3.498685e+01 -2.830054e+01 0.000000e+00
      vertex   3.308159e+01 -3.050588e+01 5.000000e+01
    endloop
  endfacet
  facet normal -7.567128e-01 6.537474e-01 0.000000e+00
    outer loop
      vertex   3.308159e+01 -3.050588e+01 5.000000e+01
      vertex   3.498685e+01 -2.830054e+01 0.000000e+00
      vertex   3.308159e+01 -3.050588e+01 0.000000e+00
    endloop
  endfacet
  facet normal -7.128089e-01 7.013583e-01 0.000000e+00
    outer loop
      vertex   3.308159e+01 -3.050588e+01 5.000000e+01
      vertex   3.308159e+01 -3.050588e+01 0.000000e+00
      vertex   3.103757e+01 -3.258327e+01 5.000000e+01
    endloop
  endfacet
  facet normal -7.128089e-01 7.013583e-01 0.000000e+00
    outer loop
      vertex   3.103757e+01 -3.258327e+01 5.000000e+01
      vertex   3.308159e+01 -3.050588e+01 0.000000e+00
      vertex   3.103757e+01 -3.258327e+01 0.000000e+00
    endloop
  endfacet
  facet normal -6.659152e-01 7.460274e-01 0.000000e+00
    outer loop
      vertex   3.103757e+01 -3.258327e+01 5.000000e+01
      vertex   3.103757e+01 -3.258327e+01 0.000000e+00
      vertex   2.886337e+01 -3.452399e+01 5.000000e+01
    endloop
  endfacet
  facet normal -6.659152e-01 7.460274e-01 0.000000e+00
    outer loop
      vertex   2.886337e+01 -3.452399e+01 5.000000e+01
      vertex   3.103757e+01 -3.258327e+01 0.000000e+00
      vertex   2.886337e+01 -3.452399e+01 0.000000e+00
    endloop
  endfacet
  facet normal -6.162285e-01 7.875674e-01 0.000000e+00
    outer loop
      vertex   2.886337e+01 -3.452399e+01 5.000000e+01
      vertex   2.886337e+01 -3.452399e+01 0.000000e+00
      vertex   2.656811e+01 -3.631991e+01 5.000000e+01
    endloop
  endfacet
  facet normal -6.162285e-01 7.875674e-01 0.000000e+00
    outer loop
      vertex   2.656811e+01 -3.631991e+01 5.000000e+01
      vertex   2.886337e+01 -3.452399e+01 0.000000e+00
      vertex   2.656811e+01 -3.631991e+01 0.000000e+00
    endloop
  endfacet
  facet normal -5.639570e-01 8.258041e-01 0.000000e+00
    outer loop
      vertex   2.656811e+01 -3.631991e+01 5.000000e+01
      vertex   2.656811e+01 -3.631991e+01 0.000000e+00
      vertex   2.416141e+01 -3.796349e+01 5.000000e+01
    endloop
  endfacet
  facet normal -5.639570e-01 8.258041e-01 0.000000e+00
    outer loop
      vertex   2.416141e+01 -3.796349e+01 5.000000e+01
      vertex   2.656811e+01 -3.631991e+01 0.000000e+00
      vertex   2.416141e+01 -3.796349e+01 0.000000e+00
    endloop
  endfacet
  facet normal -5.093202e-01 8.605771e-01 0.000000e+00
    outer loop
      vertex   2.416141e+01 -3.796349e+01 5.000000e+01
      vertex   2.416141e+01 -3.796349e+01 0.000000e+00
      vertex   2.165337e+01 -3.944783e+01 5.000000e+01
    endloop
  endfacet
  facet normal -5.093202e-01 8.605771e-01 0.000000e+00
    outer loop
      vertex   2.165337e+01 -3.944783e+01 5.000000e+01
      vertex   2.416141e+01 -3.796349e+01 0.000000e+00
      vertex   2.165337e+01 -3.944783e+01 0.000000e+00
    endloop
  endfacet
  facet normal -4.525470e-01 8.917405e-01 0.000000e+00
    outer loop
      vertex   2.165337e+01 -3.944783e+01 5.000000e+01
      vertex   2.165337e+01 -3.944783e+01 0.000000e+00
      vertex   1.905451e+01 -4.076672e+01 5.000000e+01
    endloop
  endfacet
  facet normal -4.525470e-01 8.917405e-01 0.000000e+00
    outer loop
      vertex   1.905451e+01 -4.076672e+01 5.000000e+01
      vertex   2.165337e+01 -3.944783e+01 0.000000e+00
      vertex   1.905451e+01 -4.076672e+01 0.000000e+00
    endloop
  endfacet
  facet normal -3.938758e-01 9.191637e-01 0.000000e+00
    outer loop
      vertex   1.905451e+01 -4.076672e+01 5.000000e+01
      vertex   1.905451e+01 -4.076672e+01 0.000000e+00
      vertex   1.637572e+01 -4.191462e+01 5.000000e+01
    endloop
  endfacet
  facet normal -3.938758e-01 9.191637e-01 0.000000e+00
    outer loop
      vertex   1.637572e+01 -4.191462e+01 5.000000e+01
      vertex   1.905451e+01 -4.076672e+01 0.000000e+00
      vertex   1.637572e+01 -4.191462e+01 0.000000e+00
    endloop
  endfacet
  facet normal -3.335524e-01 9.427315e-01 0.000000e+00
    outer loop
      vertex   1.637572e+01 -4.191462e+01 5.000000e+01
      vertex   1.637572e+01 -4.191462e+01 0.000000e+00
      vertex   1.362825e+01 -4.288672e+01 5.000000e+01
    endloop
  endfacet
  facet normal -3.335524e-01 9.427315e-01 0.000000e+00
    outer loop
      vertex   1.362825e+01 -4.288672e+01 5.000000e+01
      vertex   1.637572e+01 -4.191462e+01 0.000000e+00
      vertex   1.362825e+01 -4.288672e+01 0.000000e+00
    endloop
  endfacet
  facet normal -2.718301e-01 9.623453e-01 0.000000e+00
    outer loop
      vertex   1.362825e+01 -4.288672e+01 5.000000e+01
      vertex   1.362825e+01 -4.288672e+01 0.000000e+00
      vertex   1.082362e+01 -4.367893e+01 5.000000e+01
    endloop
  endfacet
  facet normal -2.718301e-01 9.623453e-01 0.000000e+00
    outer loop
      vertex   1.082362e+01 -4.367893e+01 5.000000e+01
      vertex   1.362825e+01 -4.288672e+01 0.000000e+00
      vertex   1.082362e+01 -4.367893e+01 0.000000e+00
    endloop
  endfacet
  facet normal -2.089676e-01 9.779226e-01 0.000000e+00
    outer loop
      vertex   1.082362e+01 -4.367893e+01 5.000000e+01
      vertex   1.082362e+01 -4.367893e+01 0.000000e+00
      vertex   7.973595e+00 -4.428794e+01 5.000000e+01
    endloop
  endfacet
  facet normal -2.089676e-01 9.779226e-01 0.000000e+00
    outer loop
      vertex   7.973595e+00 -4.428794e+01 5.000000e+01
      vertex   1.082362e+01 -4.367893e+01 0.000000e+00
      vertex   7.973595e+00 -4.428794e+01 0.000000e+00
    endloop
  endfacet
  facet normal -1.452286e-01 9.893981e-01 0.000000e+00
    outer loop
      vertex   7.973595e+00 -4.428794e+01 5.000000e+01
      vertex   7.973595e+00 -4.428794e+01 0.000000e+00
      vertex   5.090122e+00 -4.471119e+01 5.000000e+01
    endloop
  endfacet
  facet normal -1.452286e-01 9.893981e-01 0.000000e+00
    outer loop
      vertex   5.090122e+00 -4.471119e+01 5.000000e+01
      vertex   7.973595e+00 -4.428794e+01 0.000000e+00
      vertex   5.090122e+00 -4.471119e+01 0.000000e+00
    endloop
  endfacet
  facet normal -8.088044e-02 9.967238e-01 0.000000e+00
    outer loop
      vertex   5.090122e+00 -4.471119e+01 5.000000e+01
      vertex   5.090122e+00 -4.471119e+01 0.000000e+00
      vertex   2.185300e+00 -4.494691e+01 5.000000e+01
    endloop
  endfacet
  facet normal -8.088044e-02 9.967238e-01 0.000000e+00
    outer loop
      vertex   2.185300e+00 -4.494691e+01 5.000000e+01
      vertex   5.090122e+00 -4.471119e+01 0.000000e+00
      vertex   2.185300e+00 -4.494691e+01 0.000000e+00
    endloop
  endfacet
  facet normal -1.619307e-02 9.998689e-01 0.000000e+00
    outer loop
      vertex   2.185300e+00 -4.494691e+01 5.000000e+01
      vertex   2.185300e+00 -4.494691e+01 0.000000e+00
      vertex   -7.286881e-01 -4.499410e+01 5.000000e+01
    endloop
  endfacet
  facet normal -1.619307e-02 9.998689e-01 0.000000e+00
    outer loop
      vertex   -7.286881e-01 -4.499410e+01 5.000000e+01
      vertex   2.185300e+00 -4.494691e+01 0.000000e+00
      vertex   -7.286881e-01 -4.499410e+01 0.000000e+00
    endloop
  endfacet
  facet normal 4.856222e-02 9.988202e-01 0.000000e+00
    outer loop
      vertex   -7.286881e-01 -4.499410e+01 5.000000e+01
      vertex   -7.286881e-01 -4.499410e+01 0.000000e+00
      vertex   -3.639620e+00 -4.485257e+01 5.000000e+01
    endloop
  endfacet
  facet normal 4.856222e-02 9.988202e-01 0.000000e+00
    outer loop
      vertex   -3.639620e+00 -4.485257e+01 5.000000e+01
      vertex   -7.286881e-01 -4.499410e+01 0.000000e+00
      vertex   -3.639620e+00 -4.485257e+01 0.000000e+00
    endloop
  endfacet
  facet normal 1.131138e-01 9.935820e-01 0.000000e+00
    outer loop
      vertex   -3.639620e+00 -4.485257e+01 5.000000e+01
      vertex   -3.639620e+00 -4.485257e+01 0.000000e+00
      vertex   -6.535286e+00 -4.452292e+01 5.000000e+01
    endloop
  endfacet
  facet normal 1.131138e-01 9.935820e-01 0.000000e+00
    outer loop
      vertex   -6.535286e+00 -4.452292e+01 5.000000e+01
      vertex   -3.639620e+00 -4.485257e+01 0.000000e+00
      vertex   -6.535286e+00 -4.452292e+01 0.000000e+00
    endloop
  endfacet
  facet normal 1.771910e-01 9.841765e-01 0.000000e+00
    outer loop
      vertex   -6.535286e+00 -4.452292e+01 5.000000e+01
      vertex   -6.535286e+00 -4.452292e+01 0.000000e+00
      vertex   -9.403540e+00 -4.400652e+01 5.000000e+01
    endloop
  endfacet
  facet normal 1.771910e-01 9.841765e-01 0.000000e+00
    outer loop
      vertex   -9.403540e+00 -4.400652e+01 5.000000e+01
      vertex   -6.535286e+00 -4.452292e+01 0.000000e+00
      vertex   -9.403540e+00 -4.400652e+01 0.000000e+00
    endloop
  endfacet
  facet normal 2.405250e-01 9.706430e-01 0.000000e+00
    outer loop
      vertex   -9.403540e+00 -4.400652e+01 5.000000e+01
      vertex   -9.403540e+00 -4.400652e+01 0.000000e+00
      vertex   -1.223235e+01 -4.330554e+01 5.000000e+01
    endloop
  endfacet
  facet normal 2.405250e-01 9.706430e-01 0.000000e+00
    outer loop
      vertex   -1.223235e+01 -4.330554e+01 5.000000e+01
      vertex   -9.403540e+00 -4.400652e+01 0.000000e+00
      vertex   -1.223235e+01 -4.330554e+01 0.000000e+00
    endloop
  endfacet
  facet normal 3.028501e-01 9.530382e-01 0.000000e+00
    outer loop
      vertex   -1.223235e+01 -4.330554e+01 5.000000e+01
      vertex   -1.223235e+01 -4.330554e+01 0.000000e+00
      vertex   -1.500986e+01 -4.242292e+01 5.000000e+01
    endloop
  endfacet
  facet normal 3.028501e-01 9.530382e-01 0.000000e+00
    outer loop
      vertex   -1.500986e+01 -4.242292e+01 5.000000e+01
      vertex   -1.223235e+01 -4.330554e+01 0.000000e+00
      vertex   -1.500986e+01 -4.242292e+01 0.000000e+00
    endloop
  endfacet
  facet normal 3.639049e-01 9.314361e-01 0.000000e+00
    outer loop
      vertex   -1.500986e+01 -4.242292e+01 5.000000e+01
      vertex   -1.500986e+01 -4.242292e+01 0.000000e+00
      vertex   -1.772441e+01 -4.136237e+01 5.000000e+01
    endloop
  endfacet
  facet normal 3.639049e-01 9.314361e-01 0.000000e+00
    outer loop
      vertex   -1.772441e+01 -4.136237e+01 5.000000e+01
      vertex   -1.500986e+01 -4.242292e+01 0.000000e+00
      vertex   -1.772441e+01 -4.136237e+01 0.000000e+00
    endloop
  endfacet
  facet normal 4.234335e-01 9.059272e-01 0.000000e+00
    outer loop
      vertex   -1.772441e+01 -4.136237e+01 5.000000e+01
      vertex   -1.772441e+01 -4.136237e+01 0.000000e+00
      vertex   -2.036462e+01 -4.012832e+01 5.000000e+01
    endloop
  endfacet
  facet normal 4.234335e-01 9.059272e-01 0.000000e+00
    outer loop
      vertex   -2.036462e+01 -4.012832e+01 5.000000e+01
      vertex   -1.772441e+01 -4.136237e+01 0.000000e+00
      vertex   -2.036462e+01 -4.012832e+01 0.000000e+00
    endloop
  endfacet
  facet normal 4.811859e-01 8.766186e-01 0.000000e+00
    outer loop
      vertex   -2.036462e+01 -4.012832e+01 5.000000e+01
      vertex   -2.036462e+01 -4.012832e+01 0.000000e+00
      vertex   -2.291941e+01 -3.872597e+01 5.000000e+01
    endloop
  endfacet
  facet normal 4.811859e-01 8.766186e-01 0.000000e+00
    outer loop
      vertex   -2.291941e+01 -3.872597e+01 5.000000e+01
      vertex   -2.036462e+01 -4.012832e+01 0.000000e+00
      vertex   -2.291941e+01 -3.872597e+01 0.000000e+00
    endloop
  endfacet
  facet normal 5.369202e-01 8.436331e-01 0.000000e+00
    outer loop
      vertex   -2.291941e+01 -3.872597e+01 5.000000e+01
      vertex   -2.291941e+01 -3.872597e+01 0.000000e+00
      vertex   -2.537807e+01 -3.716119e+01 5.000000e+01
    endloop
  endfacet
  facet normal 5.369202e-01 8.436331e-01 0.000000e+00
    outer loop
      vertex   -2.537807e+01 -3.716119e+01 5.000000e+01
      vertex   -2.291941e+01 -3.872597e+01 0.000000e+00
      vertex   -2.537807e+01 -3.716119e+01 0.000000e+00
    endloop
  endfacet
  facet normal 5.904024e-01 8.071091e-01 0.000000e+00
    outer loop
      vertex   -2.537807e+01 -3.716119e+01 5.000000e+01
      vertex   -2.537807e+01 -3.716119e+01 0.000000e+00
      vertex   -2.773028e+01 -3.544053e+01 5.000000e+01
    endloop
  endfacet
  facet normal 5.904024e-01 8.071091e-01 0.000000e+00
    outer loop
      vertex   -2.773028e+01 -3.544053e+01 5.000000e+01
      vertex   -2.537807e+01 -3.716119e+01 0.000000e+00
      vertex   -2.773028e+01 -3.544053e+01 0.000000e+00
    endloop
  endfacet
  facet normal 6.414082e-01 7.671998e-01 0.000000e+00
    outer loop
      vertex   -2.773028e+01 -3.544053e+01 5.000000e+01
      vertex   -2.773028e+01 -3.544053e+01 0.000000e+00
      vertex   -2.996619e+01 -3.357123e+01 5.000000e+01
    endloop
  endfacet
  facet normal 6.414082e-01 7.671998e-01 0.000000e+00
    outer loop
      vertex   -2.996619e+01 -3.357123e+01 5.000000e+01
      vertex   -2.773028e+01 -3.544053e+01 0.000000e+00
      vertex   -2.996619e+01 -3.357123e+01 0.000000e+00
    endloop
  endfacet
  facet normal 6.897238e-01 7.240726e-01 0.000000e+00
    outer loop
      vertex   -2.996619e+01 -3.357123e+01 5.000000e+01
      vertex   -2.996619e+01 -3.357123e+01 0.000000e+00
      vertex   -3.207640e+01 -3.156112e+01 5.000000e+01
    endloop
  endfacet
  facet normal 6.897238e-01 7.240726e-01 0.000000e+00
    outer loop
      vertex   -3.207640e+01 -3.156112e+01 5.000000e+01
      vertex   -2.996619e+01 -3.357123e+01 0.000000e+00
      vertex   -3.207640e+01 -3.156112e+01 0.000000e+00
    endloop
  endfacet
  facet normal 7.351464e-01 6.779084e-01 0.000000e+00
    outer loop
      vertex   -3.207640e+01 -3.156112e+01 5.000000e+01
      vertex   -3.207640e+01 -3.156112e+01 0.000000e+00
      vertex   -3.405208e+01 -2.941863e+01 5.000000e+01
    endloop
  endfacet
  facet normal 7.351464e-01 6.779084e-01 0.000000e+00
    outer loop
      vertex   -3.405208e+01 -2.941863e+01 5.000000e+01
      vertex   -3.207640e+01 -3.156112e+01 0.000000e+00
      vertex   -3.405208e+01 -2.941863e+01 0.000000e+00
    endloop
  endfacet
  facet normal 7.774856e-01 6.289008e-01 0.000000e+00
    outer loop
      vertex   -3.405208e+01 -2.941863e+01 5.000000e+01
      vertex   -3.405208e+01 -2.941863e+01 0.000000e+00
      vertex   -3.588493e+01 -2.715275e+01 5.000000e+01
    endloop
  endfacet
  facet normal 7.774856e-01 6.289008e-01 0.000000e+00
    outer loop
      vertex   -3.588493e+01 -2.715275e+01 5.000000e+01
      vertex   -3.405208e+01 -2.941863e+01 0.000000e+00
      vertex   -3.588493e+01 -2.715275e+01 0.000000e+00
    endloop
  endfacet
  facet normal 8.165637e-01 5.772554e-01 0.000000e+00
    outer loop
      vertex   -3.588493e+01 -2.715275e+01 5.000000e+01
      vertex   -3.588493e+01 -2.715275e+01 0.000000e+00
      vertex   -3.756726e+01 -2.477299e+01 5.000000e+01
    endloop
  endfacet
  facet normal 8.165637e-01 5.772554e-01 0.000000e+00
    outer loop
      vertex   -3.756726e+01 -2.477299e+01 5.000000e+01
      vertex   -3.588493e+01 -2.715275e+01 0.000000e+00
      vertex   -3.756726e+01 -2.477299e+01 0.000000e+00
    endloop
  endfacet
  facet normal 8.522168e-01 5.231888e-01 0.000000e+00
    outer loop
      vertex   -3.756726e+01 -2.477299e+01 5.000000e+01
      vertex   -3.756726e+01 -2.477299e+01 0.000000e+00
      vertex   -3.909203e+01 -2.228931e+01 5.000000e+01
    endloop
  endfacet
  facet normal 8.522168e-01 5.231888e-01 0.000000e+00
    outer loop
      vertex   -3.909203e+01 -2.228931e+01 5.000000e+01
      vertex   -3.756726e+01 -2.477299e+01 0.000000e+00
      vertex   -3.909203e+01 -2.228931e+01 0.000000e+00
    endloop
  endfacet
  facet normal 8.842955e-01 4.669277e-01 0.000000e+00
    outer loop
      vertex   -3.909203e+01 -2.228931e+01 5.000000e+01
      vertex   -3.909203e+01 -2.228931e+01 0.000000e+00
      vertex   -4.045283e+01 -1.971215e+01 5.000000e+01
    endloop
  endfacet
  facet normal 8.842955e-01 4.669277e-01 0.000000e+00
    outer loop
      vertex   -4.045283e+01 -1.971215e+01 5.000000e+01
      vertex   -3.909203e+01 -2.228931e+01 0.000000e+00
      vertex   -4.045283e+01 -1.971215e+01 0.000000e+00
    endloop
  endfacet
  facet normal 9.126651e-01 4.087082e-01 0.000000e+00
    outer loop
      vertex   -4.045283e+01 -1.971215e+01 5.000000e+01
      vertex   -4.045283e+01 -1.971215e+01 0.000000e+00
      vertex   -4.164396e+01 -1.705230e+01 5.000000e+01
    endloop
  endfacet
  facet normal 9.126651e-01 4.087082e-01 0.000000e+00
    outer loop
      vertex   -4.164396e+01 -1.705230e+01 5.000000e+01
      vertex   -4.045283e+01 -1.971215e+01 0.000000e+00
      vertex   -4.164396e+01 -1.705230e+01 0.000000e+00
    endloop
  endfacet
  facet normal 9.372067e-01 3.487744e-01 0.000000e+00
    outer loop
      vertex   -4.164396e+01 -1.705230e+01 5.000000e+01
      vertex   -4.164396e+01 -1.705230e+01 0.000000e+00
      vertex   -4.266041e+01 -1.432093e+01 5.000000e+01
    endloop
  endfacet
  facet normal 9.372067e-01 3.487744e-01 0.000000e+00
    outer loop
      vertex   -4.266041e+01 -1.432093e+01 5.000000e+01
      vertex   -4.164396e+01 -1.705230e+01 0.000000e+00
      vertex   -4.266041e+01 -1.432093e+01 0.000000e+00
    endloop
  endfacet
  facet normal 9.578173e-01 2.873778e-01 0.000000e+00
    outer loop
      vertex   -4.266041e+01 -1.432093e+01 5.000000e+01
      vertex   -4.266041e+01 -1.432093e+01 0.000000e+00
      vertex   -4.349794e+01 -1.152950e+01 5.000000e+01
    endloop
  endfacet
  facet normal 9.578173e-01 2.873778e-01 0.000000e+00
    outer loop
      vertex   -4.349794e+01 -1.152950e+01 5.000000e+01
      vertex   -4.266041e+01 -1.432093e+01 0.000000e+00
      vertex   -4.349794e+01 -1.152950e+01 0.000000e+00
    endloop
  endfacet
  facet normal 9.744105e-01 2.247757e-01 0.000000e+00
    outer loop
      vertex   -4.349794e+01 -1.152950e+01 5.000000e+01
      vertex   -4.349794e+01 -1.152950e+01 0.000000e+00
      vertex   -4.415302e+01 -8.689707e+00 5.000000e+01
    endloop
  endfacet
  facet normal 9.744105e-01 2.247757e-01 0.000000e+00
    outer loop
      vertex   -4.415302e+01 -8.689707e+00 5.000000e+01
      vertex   -4.349794e+01 -1.152950e+01 0.000000e+00
      vertex   -4.415302e+01 -8.689707e+00 0.000000e+00
    endloop
  endfacet
  facet normal 9.869167e-01 1.612309e-01 0.000000e+00
    outer loop
      vertex   -4.415302e+01 -8.689707e+00 5.000000e+01
      vertex   -4.415302e+01 -8.689707e+00 0.000000e+00
      vertex   -4.462290e+01 -5.813466e+00 5.000000e+01
    endloop
  endfacet
  facet normal 9.869167e-01 1.612309e-01 0.000000e+00
    outer loop
      vertex   -4.462290e+01 -5.813466e+00 5.000000e+01
      vertex   -4.415302e+01 -8.689707e+00 0.000000e+00
      vertex   -4.462290e+01 -5.813466e+00 0.000000e+00
    endloop
  endfacet
  facet normal 9.952834e-01 9.700985e-02 0.000000e+00
    outer loop
      vertex   -4.462290e+01 -5.813466e+00 5.000000e+01
      vertex   -4.462290e+01 -5.813466e+00 0.000000e+00
      vertex   -4.490563e+01 -2.912842e+00 5.000000e+01
    endloop
  endfacet
  facet normal 9.952834e-01 9.700985e-02 0.000000e+00
    outer loop
      vertex   -4.490563e+01 -2.912842e+00 5.000000e+01
      vertex   -4.462290e+01 -5.813466e+00 0.000000e+00
      vertex   -4.490563e+01 -2.912842e+00 0.000000e+00
    endloop
  endfacet
  facet normal -9.995257e-01 3.079506e-02 0.000000e+00
    outer loop
      vertex   -4.970555e+01 3.065733e+00 5.500000e+01
      vertex   -4.970555e+01 3.065733e+00 0.000000e+00
      vertex   -4.980000e+01 -6.098741e-15 5.500000e+01
    endloop
  endfacet
  facet normal -9.995257e-01 3.079506e-02 0.000000e+00
    outer loop
      vertex   -4.980000e+01 -6.098741e-15 5.500000e+01
      vertex   -4.970555e+01 3.065733e+00 0.000000e+00
      vertex   -4.980000e+01 -6.098741e-15 0.000000e+00
    endloop
  endfacet
  facet normal -9.995257e-01 -3.079506e-02 -0.000000e+00
    outer loop
      vertex   -4.980000e+01 -6.098741e-15 5.500000e+01
      vertex   -4.980000e+01 -6.098741e-15 0.000000e+00
      vertex   -4.970555e+01 -3.065733e+00 5.500000e+01
    endloop
  endfacet
  facet normal -9.995257e-01 -3.079506e-02 -0.000000e+00
    outer loop
      vertex   -4.970555e+01 -3.065733e+00 5.500000e+01
      vertex   -4.980000e+01 -6.098741e-15 0.000000e+00
      vertex   -4.970555e+01 -3.065733e+00 0.000000e+00
    endloop
  endfacet
  facet normal -9.957342e-01 -9.226836e-02 -0.000000e+00
    outer loop
      vertex   -4.970555e+01 -3.065733e+00 5.500000e+01
      vertex   -4.970555e+01 -3.065733e+00 0.000000e+00
      vertex   -4.942254e+01 -6.119837e+00 5.500000e+01
    endloop
  endfacet
  facet normal -9.957342e-01 -9.226836e-02 -0.000000e+00
    outer loop
      vertex   -4.942254e+01 -6.119837e+00 5.500000e+01
      vertex   -4.970555e+01 -3.065733e+00 0.000000e+00
      vertex   -4.942254e+01 -6.119837e+00 0.000000e+00
    endloop
  endfacet
  facet normal -9.881655e-01 -1.533917e-01 -0.000000e+00
    outer loop
      vertex   -4.942254e+01 -6.119837e+00 5.500000e+01
      vertex   -4.942254e+01 -6.119837e+00 0.000000e+00
      vertex   -4.895206e+01 -9.150726e+00 5.500000e+01
    endloop
  endfacet
  facet normal -9.881655e-01 -1.533917e-01 -0.000000e+00
    outer loop
      vertex   -4.895206e+01 -9.150726e+00 5.500000e+01
      vertex   -4.942254e+01 -6.119837e+00 0.000000e+00
      vertex   -4.895206e+01 -9.150726e+00 0.000000e+00
    endloop
  endfacet
  facet normal -9.768483e-01 -2.139331e-01 -0.000000e+00
    outer loop
      vertex   -4.895206e+01 -9.150726e+00 5.500000e+01
      vertex   -4.895206e+01 -9.150726e+00 0.000000e+00
      vertex   -4.829589e+01 -1.214690e+01 5.500000e+01
    endloop
  endfacet
  facet normal -9.768483e-01 -2.139331e-01 -0.000000e+00
    outer loop
      vertex   -4.829589e+01 -1.214690e+01 5.500000e+01
      vertex   -4.895206e+01 -9.150726e+00 0.000000e+00
      vertex   -4.829589e+01 -1.214690e+01 0.000000e+00
    endloop
  endfacet
  facet normal -9.618256e-01 -2.736630e-01 -0.000000e+00
    outer loop
      vertex   -4.829589e+01 -1.214690e+01 5.500000e+01
      vertex   -4.829589e+01 -1.214690e+01 0.000000e+00
      vertex   -4.745651e+01 -1.509700e+01 5.500000e+01
    endloop
  endfacet
  facet normal -9.618256e-01 -2.736630e-01 -0.000000e+00
    outer loop
      vertex   -4.745651e+01 -1.509700e+01 5.500000e+01
      vertex   -4.829589e+01 -1.214690e+01 0.000000e+00
      vertex   -4.745651e+01 -1.509700e+01 0.000000e+00
    endloop
  endfacet
  facet normal -9.431544e-01 -3.323548e-01 -0.000000e+00
    outer loop
      vertex   -4.745651e+01 -1.509700e+01 5.500000e+01
      vertex   -4.745651e+01 -1.509700e+01 0.000000e+00
      vertex   -4.643712e+01 -1.798983e+01 5.500000e+01
    endloop
  endfacet
  facet normal -9.431544e-01 -3.323548e-01 -0.000000e+00
    outer loop
      vertex   -4.643712e+01 -1.798983e+01 5.500000e+01
      vertex   -4.745651e+01 -1.509700e+01 0.000000e+00
      vertex   -4.643712e+01 -1.798983e+01 0.000000e+00
    endloop
  endfacet
  facet normal -9.209055e-01 -3.897859e-01 -0.000000e+00
    outer loop
      vertex   -4.643712e+01 -1.798983e+01 5.500000e+01
      vertex   -4.643712e+01 -1.798983e+01 0.000000e+00
      vertex   -4.524157e+01 -2.081443e+01 5.500000e+01
    endloop
  endfacet
  facet normal -9.209055e-01 -3.897859e-01 -0.000000e+00
    outer loop
      vertex   -4.524157e+01 -2.081443e+01 5.500000e+01
      vertex   -4.643712e+01 -1.798983e+01 0.000000e+00
      vertex   -4.524157e+01 -2.081443e+01 0.000000e+00
    endloop
  endfacet
  facet normal -8.951633e-01 -4.457384e-01 -0.000000e+00
    outer loop
      vertex   -4.524157e+01 -2.081443e+01 5.500000e+01
      vertex   -4.524157e+01 -2.081443e+01 0.000000e+00
      vertex   -4.387441e+01 -2.356006e+01 5.500000e+01
    endloop
  endfacet
  facet normal -8.951633e-01 -4.457384e-01 -0.000000e+00
    outer loop
      vertex   -4.387441e+01 -2.356006e+01 5.500000e+01
      vertex   -4.524157e+01 -2.081443e+01 0.000000e+00
      vertex   -4.387441e+01 -2.356006e+01 0.000000e+00
    endloop
  endfacet
  facet normal -8.660254e-01 -5.000000e-01 -0.000000e+00
    outer loop
      vertex   -4.387441e+01 -2.356006e+01 5.500000e+01
      vertex   -4.387441e+01 -2.356006e+01 0.000000e+00
      vertex   -4.234081e+01 -2.621632e+01 5.500000e+01
    endloop
  endfacet
  facet normal -8.660254e-01 -5.000000e-01 -0.000000e+00
    outer loop
      vertex   -4.234081e+01 -2.621632e+01 5.500000e+01
      vertex   -4.387441e+01 -2.356006e+01 0.000000e+00
      vertex   -4.234081e+01 -2.621632e+01 0.000000e+00
    endloop
  endfacet
  facet normal -8.336024e-01 -5.523650e-01 -0.000000e+00
    outer loop
      vertex   -4.234081e+01 -2.621632e+01 5.500000e+01
      vertex   -4.234081e+01 -2.621632e+01 0.000000e+00
      vertex   -4.064661e+01 -2.877314e+01 5.500000e+01
    endloop
  endfacet
  facet normal -8.336024e-01 -5.523650e-01 -0.000000e+00
    outer loop
      vertex   -4.064661e+01 -2.877314e+01 5.500000e+01
      vertex   -4.234081e+01 -2.621632e+01 0.000000e+00
      vertex   -4.064661e+01 -2.877314e+01 0.000000e+00
    endloop
  endfacet
  facet normal -7.980172e-01 -6.026346e-01 -0.000000e+00
    outer loop
      vertex   -4.064661e+01 -2.877314e+01 5.500000e+01
      vertex   -4.064661e+01 -2.877314e+01 0.000000e+00
      vertex   -3.879821e+01 -3.122081e+01 5.500000e+01
    endloop
  endfacet
  facet normal -7.980172e-01 -6.026346e-01 -0.000000e+00
    outer loop
      vertex   -3.879821e+01 -3.122081e+01 5.500000e+01
      vertex   -4.064661e+01 -2.877314e+01 0.000000e+00
      vertex   -3.879821e+01 -3.122081e+01 0.000000e+00
    endloop
  endfacet
  facet normal -7.594049e-01 -6.506183e-01 -0.000000e+00
    outer loop
      vertex   -3.879821e+01 -3.122081e+01 5.500000e+01
      vertex   -3.879821e+01 -3.122081e+01 0.000000e+00
      vertex   -3.680264e+01 -3.355004e+01 5.500000e+01
    endloop
  endfacet
  facet normal -7.594049e-01 -6.506183e-01 -0.000000e+00
    outer loop
      vertex   -3.680264e+01 -3.355004e+01 5.500000e+01
      vertex   -3.879821e+01 -3.122081e+01 0.000000e+00
      vertex   -3.680264e+01 -3.355004e+01 0.000000e+00
    endloop
  endfacet
  facet normal -7.179119e-01 -6.961339e-01 -0.000000e+00
    outer loop
      vertex   -3.680264e+01 -3.355004e+01 5.500000e+01
      vertex   -3.680264e+01 -3.355004e+01 0.000000e+00
      vertex   -3.466747e+01 -3.575201e+01 5.500000e+01
    endloop
  endfacet
  facet normal -7.179119e-01 -6.961339e-01 -0.000000e+00
    outer loop
      vertex   -3.466747e+01 -3.575201e+01 5.500000e+01
      vertex   -3.680264e+01 -3.355004e+01 0.000000e+00
      vertex   -3.466747e+01 -3.575201e+01 0.000000e+00
    endloop
  endfacet
  facet normal -6.736956e-01 -7.390089e-01 -0.000000e+00
    outer loop
      vertex   -3.466747e+01 -3.575201e+01 5.500000e+01
      vertex   -3.466747e+01 -3.575201e+01 0.000000e+00
      vertex   -3.240079e+01 -3.781836e+01 5.500000e+01
    endloop
  endfacet
  facet normal -6.736956e-01 -7.390089e-01 -0.000000e+00
    outer loop
      vertex   -3.240079e+01 -3.781836e+01 5.500000e+01
      vertex   -3.466747e+01 -3.575201e+01 0.000000e+00
      vertex   -3.240079e+01 -3.781836e+01 0.000000e+00
    endloop
  endfacet
  facet normal -6.269238e-01 -7.790806e-01 -0.000000e+00
    outer loop
      vertex   -3.240079e+01 -3.781836e+01 5.500000e+01
      vertex   -3.240079e+01 -3.781836e+01 0.000000e+00
      vertex   -3.001120e+01 -3.974126e+01 5.500000e+01
    endloop
  endfacet
  facet normal -6.269238e-01 -7.790806e-01 -0.000000e+00
    outer loop
      vertex   -3.001120e+01 -3.974126e+01 5.500000e+01
      vertex   -3.240079e+01 -3.781836e+01 0.000000e+00
      vertex   -3.001120e+01 -3.974126e+01 0.000000e+00
    endloop
  endfacet
  facet normal -5.777738e-01 -8.161969e-01 -0.000000e+00
    outer loop
      vertex   -3.001120e+01 -3.974126e+01 5.500000e+01
      vertex   -3.001120e+01 -3.974126e+01 0.000000e+00
      vertex   -2.750778e+01 -4.151340e+01 5.500000e+01
    endloop
  endfacet
  facet normal -5.777738e-01 -8.161969e-01 -0.000000e+00
    outer loop
      vertex   -2.750778e+01 -4.151340e+01 5.500000e+01
      vertex   -3.001120e+01 -3.974126e+01 0.000000e+00
      vertex   -2.750778e+01 -4.151340e+01 0.000000e+00
    endloop
  endfacet
  facet normal -5.264322e-01 -8.502171e-01 -0.000000e+00
    outer loop
      vertex   -2.750778e+01 -4.151340e+01 5.500000e+01
      vertex   -2.750778e+01 -4.151340e+01 0.000000e+00
      vertex   -2.490000e+01 -4.312807e+01 5.500000e+01
    endloop
  endfacet
  facet normal -5.264322e-01 -8.502171e-01 -0.000000e+00
    outer loop
      vertex   -2.490000e+01 -4.312807e+01 5.500000e+01
      vertex   -2.750778e+01 -4.151340e+01 0.000000e+00
      vertex   -2.490000e+01 -4.312807e+01 0.000000e+00
    endloop
  endfacet
  facet normal -4.730936e-01 -8.810122e-01 -0.000000e+00
    outer loop
      vertex   -2.490000e+01 -4.312807e+01 5.500000e+01
      vertex   -2.490000e+01 -4.312807e+01 0.000000e+00
      vertex   -2.219777e+01 -4.457913e+01 5.500000e+01
    endloop
  endfacet
  facet normal -4.730936e-01 -8.810122e-01 -0.000000e+00
    outer loop
      vertex   -2.219777e+01 -4.457913e+01 5.500000e+01
      vertex   -2.490000e+01 -4.312807e+01 0.000000e+00
      vertex   -2.219777e+01 -4.457913e+01 0.000000e+00
    endloop
  endfacet
  facet normal -4.179603e-01 -9.084653e-01 -0.000000e+00
    outer loop
      vertex   -2.219777e+01 -4.457913e+01 5.500000e+01
      vertex   -2.219777e+01 -4.457913e+01 0.000000e+00
      vertex   -1.941134e+01 -4.586109e+01 5.500000e+01
    endloop
  endfacet
  facet normal -4.179603e-01 -9.084653e-01 -0.000000e+00
    outer loop
      vertex   -1.941134e+01 -4.586109e+01 5.500000e+01
      vertex   -2.219777e+01 -4.457913e+01 0.000000e+00
      vertex   -1.941134e+01 -4.586109e+01 0.000000e+00
    endloop
  endfacet
  facet normal -3.612417e-01 -9.324722e-01 -0.000000e+00
    outer loop
      vertex   -1.941134e+01 -4.586109e+01 5.500000e+01
      vertex   -1.941134e+01 -4.586109e+01 0.000000e+00
      vertex   -1.655127e+01 -4.696909e+01 5.500000e+01
    endloop
  endfacet
  facet normal -3.612417e-01 -9.324722e-01 -0.000000e+00
    outer loop
      vertex   -1.655127e+01 -4.696909e+01 5.500000e+01
      vertex   -1.941134e+01 -4.586109e+01 0.000000e+00
      vertex   -1.655127e+01 -4.696909e+01 0.000000e+00
    endloop
  endfacet
  facet normal -3.031527e-01 -9.529420e-01 -0.000000e+00
    outer loop
      vertex   -1.655127e+01 -4.696909e+01 5.500000e+01
      vertex   -1.655127e+01 -4.696909e+01 0.000000e+00
      vertex   -1.362842e+01 -4.789892e+01 5.500000e+01
    endloop
  endfacet
  facet normal -3.031527e-01 -9.529420e-01 -0.000000e+00
    outer loop
      vertex   -1.362842e+01 -4.789892e+01 5.500000e+01
      vertex   -1.655127e+01 -4.696909e+01 0.000000e+00
      vertex   -1.362842e+01 -4.789892e+01 0.000000e+00
    endloop
  endfacet
  facet normal -2.439137e-01 -9.697969e-01 -0.000000e+00
    outer loop
      vertex   -1.362842e+01 -4.789892e+01 5.500000e+01
      vertex   -1.362842e+01 -4.789892e+01 0.000000e+00
      vertex   -1.065387e+01 -4.864705e+01 5.500000e+01
    endloop
  endfacet
  facet normal -2.439137e-01 -9.697969e-01 -0.000000e+00
    outer loop
      vertex   -1.065387e+01 -4.864705e+01 5.500000e+01
      vertex   -1.362842e+01 -4.789892e+01 0.000000e+00
      vertex   -1.065387e+01 -4.864705e+01 0.000000e+00
    endloop
  endfacet
  facet normal -1.837495e-01 -9.829731e-01 -0.000000e+00
    outer loop
      vertex   -1.065387e+01 -4.864705e+01 5.500000e+01
      vertex   -1.065387e+01 -4.864705e+01 0.000000e+00
      vertex   -7.638904e+00 -4.921064e+01 5.500000e+01
    endloop
  endfacet
  facet normal -1.837495e-01 -9.829731e-01 -0.000000e+00
    outer loop
      vertex   -7.638904e+00 -4.921064e+01 5.500000e+01
      vertex   -1.065387e+01 -4.864705e+01 0.000000e+00
      vertex   -7.638904e+00 -4.921064e+01 0.000000e+00
    endloop
  endfacet
  facet normal -1.228883e-01 -9.924205e-01 -0.000000e+00
    outer loop
      vertex   -7.638904e+00 -4.921064e+01 5.500000e+01
      vertex   -7.638904e+00 -4.921064e+01 0.000000e+00
      vertex   -4.594964e+00 -4.958756e+01 5.500000e+01
    endloop
  endfacet
  facet normal -1.228883e-01 -9.924205e-01 -0.000000e+00
    outer loop
      vertex   -4.594964e+00 -4.958756e+01 5.500000e+01
      vertex   -7.638904e+00 -4.921064e+01 0.000000e+00
      vertex   -4.594964e+00 -4.958756e+01 0.000000e+00
    endloop
  endfacet
  facet normal -6.156091e-02 -9.981033e-01 -0.000000e+00
    outer loop
      vertex   -4.594964e+00 -4.958756e+01 5.500000e+01
      vertex   -4.594964e+00 -4.958756e+01 0.000000e+00
      vertex   -1.533594e+00 -4.977638e+01 5.500000e+01
    endloop
  endfacet
  facet normal -6.156091e-02 -9.981033e-01 -0.000000e+00
    outer loop
      vertex   -1.533594e+00 -4.977638e+01 5.500000e+01
      vertex   -4.594964e+00 -4.958756e+01 0.000000e+00
      vertex   -1.533594e+00 -4.977638e+01 0.000000e+00
    endloop
  endfacet
  facet normal 0.000000e+00 -1.000000e+00 0.000000e+00
    outer loop
      vertex   -1.533594e+00 -4.977638e+01 5.500000e+01
      vertex   -1.533594e+00 -4.977638e+01 0.000000e+00
      vertex   1.533594e+00 -4.977638e+01 5.500000e+01
    endloop
  endfacet
  facet normal 0.000000e+00 -1.000000e+00 -0.000000e+00
    outer loop
      vertex   1.533594e+00 -4.977638e+01 5.500000e+01
      vertex   -1.533594e+00 -4.977638e+01 0.000000e+00
      vertex   1.533594e+00 -4.977638e+01 0.000000e+00
    endloop
  endfacet
  facet normal 6.156091e-02 -9.981033e-01 0.000000e+00
    outer loop
      vertex   1.533594e+00 -4.977638e+01 5.500000e+01
      vertex   1.533594e+00 -4.977638e+01 0.000000e+00
      vertex   4.594964e+00 -4.958756e+01 5.500000e+01
    endloop
  endfacet
  facet normal 6.156091e-02 -9.981033e-01 0.000000e+00
    outer loop
      vertex   4.594964e+00 -4.958756e+01 5.500000e+01
      vertex   1.533594e+00 -4.977638e+01 0.000000e+00
      vertex   4.594964e+00 -4.958756e+01 0.000000e+00
    endloop
  endfacet
  facet normal 1.228883e-01 -9.924205e-01 0.000000e+00
    outer loop
      vertex   4.594964e+00 -4.958756e+01 5.500000e+01
      vertex   4.594964e+00 -4.958756e+01 0.000000e+00
      vertex   7.638904e+00 -4.921064e+01 5.500000e+01
    endloop
  endfacet
  facet normal 1.228883e-01 -9.924205e-01 0.000000e+00
    outer loop
      vertex   7.638904e+00 -4.921064e+01 5.500000e+01
      vertex   4.594964e+00 -4.958756e+01 0.000000e+00
      vertex   7.638904e+00 -4.921064e+01 0.000000e+00
    endloop
  endfacet
  facet normal 1.837495e-01 -9.829731e-01 0.000000e+00
    outer loop
      vertex   7.638904e+00 -4.921064e+01 5.500000e+01
      vertex   7.638904e+00 -4.921064e+01 0.000000e+00
      vertex   1.065387e+01 -4.864705e+01 5.500000e+01
    endloop
  endfacet
  facet normal 1.837495e-01 -9.829731e-01 0.000000e+00
    outer loop
      vertex   1.065387e+01 -4.864705e+01 5.500000e+01
      vertex   7.638904e+00 -4.921064e+01 0.000000e+00
      vertex   1.065387e+01 -4.864705e+01 0.000000e+00
    endloop
  endfacet
  facet normal 2.439137e-01 -9.697969e-01 0.000000e+00
    outer loop
      vertex   1.065387e+01 -4.864705e+01 5.500000e+01
      vertex   1.065387e+01 -4.864705e+01 0.000000e+00
      vertex   1.362842e+01 -4.789892e+01 5.500000e+01
    endloop
  endfacet
  facet normal 2.439137e-01 -9.697969e-01 0.000000e+00
    outer loop
      vertex   1.362842e+01 -4.789892e+01 5.500000e+01
      vertex   1.065387e+01 -4.864705e+01 0.000000e+00
      vertex   1.362842e+01 -4.789892e+01 0.000000e+00
    endloop
  endfacet
  facet normal 3.031527e-01 -9.529420e-01 0.000000e+00
    outer loop
      vertex   1.362842e+01 -4.789892e+01 5.500000e+01
      vertex   1.362842e+01 -4.789892e+01 0.000000e+00
      vertex   1.655127e+01 -4.696909e+01 5.500000e+01
    endloop
  endfacet
  facet normal 3.031527e-01 -9.529420e-01 0.000000e+00
    outer loop
      vertex   1.655127e+01 -4.696909e+01 5.500000e+01
      vertex   1.362842e+01 -4.789892e+01 0.000000e+00
      vertex   1.655127e+01 -4.696909e+01 0.000000e+00
    endloop
  endfacet
  facet normal 3.612417e-01 -9.324722e-01 0.000000e+00
    outer loop
      vertex   1.655127e+01 -4.696909e+01 5.500000e+01
      vertex   1.655127e+01 -4.696909e+01 0.000000e+00
      vertex   1.941134e+01 -4.586109e+01 5.500000e+01
    endloop
  endfacet
  facet normal 3.612417e-01 -9.324722e-01 0.000000e+00
    outer loop
      vertex   1.941134e+01 -4.586109e+01 5.500000e+01
      vertex   1.655127e+01 -4.696909e+01 0.000000e+00
      vertex   1.941134e+01 -4.586109e+01 0.000000e+00
    endloop
  endfacet
  facet normal 4.179603e-01 -9.084653e-01 0.000000e+00
    outer loop
      vertex   1.941134e+01 -4.586109e+01 5.500000e+01
      vertex   1.941134e+01 -4.586109e+01 0.000000e+00
      vertex   2.219777e+01 -4.457913e+01 5.500000e+01
    endloop
  endfacet
  facet normal 4.179603e-01 -9.084653e-01 0.000000e+00
    outer loop
      vertex   2.219777e+01 -4.457913e+01 5.500000e+01
      vertex   1.941134e+01 -4.586109e+01 0.000000e+00
      vertex   2.219777e+01 -4.457913e+01 0.000000e+00
    endloop
  endfacet
  facet normal 4.730936e-01 -8.810122e-01 0.000000e+00
    outer loop
      vertex   2.219777e+01 -4.457913e+01 5.500000e+01
      vertex   2.219777e+01 -4.457913e+01 0.000000e+00
      vertex   2.490000e+01 -4.312807e+01 5.500000e+01
    endloop
  endfacet
  facet normal 4.730936e-01 -8.810122e-01 0.000000e+00
    outer loop
      vertex   2.490000e+01 -4.312807e+01 5.500000e+01
      vertex   2.219777e+01 -4.457913e+01 0.000000e+00
      vertex   2.490000e+01 -4.312807e+01 0.000000e+00
    endloop
  endfacet
  facet normal 5.264322e-01 -8.502171e-01 0.000000e+00
    outer loop
      vertex   2.490000e+01 -4.312807e+01 5.500000e+01
      vertex   2.490000e+01 -4.312807e+01 0.000000e+00
      vertex   2.750778e+01 -4.151340e+01 5.500000e+01
    endloop
  endfacet
  facet normal 5.264322e-01 -8.502171e-01 0.000000e+00
    outer loop
      vertex   2.750778e+01 -4.151340e+01 5.500000e+01
      vertex   2.490000e+01 -4.312807e+01 0.000000e+00
      vertex   2.750778e+01 -4.151340e+01 0.000000e+00
    endloop
  endfacet
  facet normal 5.777738e-01 -8.161969e-01 0.000000e+00
    outer loop
      vertex   2.750778e+01 -4.151340e+01 5.500000e+01
      vertex   2.750778e+01 -4.151340e+01 0.000000e+00
      vertex   3.001120e+01 -3.974126e+01 5.500000e+01
    endloop
  endfacet
  facet normal 5.777738e-01 -8.161969e-01 0.000000e+00
    outer loop
      vertex   3.001120e+01 -3.974126e+01 5.500000e+01
      vertex   2.750778e+01 -4.151340e+01 0.000000e+00
      vertex   3.001120e+01 -3.974126e+01 0.000000e+00
    endloop
  endfacet
  facet normal 6.269238e-01 -7.790806e-01 0.000000e+00
    outer loop
      vertex   3.001120e+01 -3.974126e+01 5.500000e+01
      vertex   3.001120e+01 -3.974126e+01 0.000000e+00
      vertex   3.240079e+01 -3.781836e+01 5.500000e+01
    endloop
  endfacet
  facet normal 6.269238e-01 -7.790806e-01 0.000000e+00
    outer loop
      vertex   3.240079e+01 -3.781836e+01 5.500000e+01
      vertex   3.001120e+01 -3.974126e+01 0.000000e+00
      vertex   3.240079e+01 -3.781836e+01 0.000000e+00
    endloop
  endfacet
  facet normal 6.736956e-01 -7.390089e-01 0.000000e+00
    outer loop
      vertex   3.240079e+01 -3.781836e+01 5.500000e+01
      vertex   3.240079e+01 -3.781836e+01 0.000000e+00
      vertex   3.466747e+01 -3.575201e+01 5.500000e+01
    endloop
  endfacet
  facet normal 6.736956e-01 -7.390089e-01 0.000000e+00
    outer loop
      vertex   3.466747e+01 -3.575201e+01 5.500000e+01
      vertex   3.240079e+01 -3.781836e+01 0.000000e+00
      vertex   3.466747e+01 -3.575201e+01 0.000000e+00
    endloop
  endfacet
  facet normal 7.179119e-01 -6.961339e-01 0.000000e+00
    outer loop
      vertex   3.466747e+01 -3.575201e+01 5.500000e+01
      vertex   3.466747e+01 -3.575201e+01 0.000000e+00
      vertex   3.680264e+01 -3.355004e+01 5.500000e+01
    endloop
  endfacet
  facet normal 7.179119e-01 -6.961339e-01 0.000000e+00
    outer loop
      vertex   3.680264e+01 -3.355004e+01 5.500000e+01
      vertex   3.466747e+01 -3.575201e+01 0.000000e+00
      vertex   3.680264e+01 -3.355004e+01 0.000000e+00
    endloop
  endfacet
  facet normal 7.594049e-01 -6.506183e-01 0.000000e+00
    outer loop
      vertex   3.680264e+01 -3.355004e+01 5.500000e+01
      vertex   3.680264e+01 -3.355004e+01 0.000000e+00
      vertex   3.879821e+01 -3.122081e+01 5.500000e+01
    endloop
  endfacet
  facet normal 7.594049e-01 -6.506183e-01 0.000000e+00
    outer loop
      vertex   3.879821e+01 -3.122081e+01 5.500000e+01
      vertex   3.680264e+01 -3.355004e+01 0.000000e+00
      vertex   3.879821e+01 -3.122081e+01 0.000000e+00
    endloop
  endfacet
  facet normal 7.980172e-01 -6.026346e-01 0.000000e+00
    outer loop
      vertex   3.879821e+01 -3.122081e+01 5.500000e+01
      vertex   3.879821e+01 -3.122081e+01 0.000000e+00
      vertex   4.064661e+01 -2.877314e+01 5.500000e+01
    endloop
  endfacet
  facet normal 7.980172e-01 -6.026346e-01 0.000000e+00
    outer loop
      vertex   4.064661e+01 -2.877314e+01 5.500000e+01
      vertex   3.879821e+01 -3.122081e+01 0.000000e+00
      vertex   4.064661e+01 -2.877314e+01 0.000000e+00
    endloop
  endfacet
  facet normal 8.336024e-01 -5.523650e-01 0.000000e+00
    outer loop
      vertex   4.064661e+01 -2.877314e+01 5.500000e+01
      vertex   4.064661e+01 -2.877314e+01 0.000000e+00
      vertex   4.234081e+01 -2.621632e+01 5.500000e+01
    endloop
  endfacet
  facet normal 8.336024e-01 -5.523650e-01 0.000000e+00
    outer loop
      vertex   4.234081e+01 -2.621632e+01 5.500000e+01
      vertex   4.064661e+01 -2.877314e+01 0.000000e+00
      vertex   4.234081e+01 -2.621632e+01 0.000000e+00
    endloop
  endfacet
  facet normal 8.660254e-01 -5.000000e-01 0.000000e+00
    outer loop
      vertex   4.234081e+01 -2.621632e+01 5.500000e+01
      vertex   4.234081e+01 -2.621632e+01 0.000000e+00
      vertex   4.387441e+01 -2.356006e+01 5.500000e+01
    endloop
  endfacet
  facet normal 8.660254e-01 -5.000000e-01 0.000000e+00
    outer loop
      vertex   4.387441e+01 -2.356006e+01 5.500000e+01
      vertex   4.234081e+01 -2.621632e+01 0.000000e+00
      vertex   4.387441e+01 -2.356006e+01 0.000000e+00
    endloop
  endfacet
  facet normal 8.951633e-01 -4.457384e-01 0.000000e+00
    outer loop
      vertex   4.387441e+01 -2.356006e+01 5.500000e+01
      vertex   4.387441e+01 -2.356006e+01 0.000000e+00
      vertex   4.524157e+01 -2.081443e+01 5.500000e+01
    endloop
  endfacet
  facet normal 8.951633e-01 -4.457384e-01 0.000000e+00
    outer loop
      vertex   4.524157e+01 -2.081443e+01 5.500000e+01
      vertex   4.387441e+01 -2.356006e+01 0.000000e+00
      vertex   4.524157e+01 -2.081443e+01 0.000000e+00
    endloop
  endfacet
  facet normal 9.209055e-01 -3.897859e-01 0.000000e+00
    outer loop
      vertex   4.524157e+01 -2.081443e+01 5.500000e+01
      vertex   4.524157e+01 -2.081443e+01 0.000000e+00
      vertex   4.643712e+01 -1.798983e+01 5.500000e+01
    endloop
  endfacet
  facet normal 9.209055e-01 -3.897859e-01 0.000000e+00
    outer loop
      vertex   4.643712e+01 -1.798983e+01 5.500000e+01
      vertex   4.524157e+01 -2.081443e+01 0.000000e+00
      vertex   4.643712e+01 -1.798983e+01 0.000000e+00
    endloop
  endfacet
  facet normal 9.431544e-01 -3.323548e-01 0.000000e+00
    outer loop
      vertex   4.643712e+01 -1.798983e+01 5.500000e+01
      vertex   4.643712e+01 -1.798983e+01 0.000000e+00
      vertex   4.745651e+01 -1.509700e+01 5.500000e+01
    endloop
  endfacet
  facet normal 9.431544e-01 -3.323548e-01 0.000000e+00
    outer loop
      vertex   4.745651e+01 -1.509700e+01 5.500000e+01
      vertex   4.643712e+01 -1.798983e+01 0.000000e+00
      vertex   4.745651e+01 -1.509700e+01 0.000000e+00
    endloop
  endfacet
  facet normal 9.618256e-01 -2.736630e-01 0.000000e+00
    outer loop
      vertex   4.745651e+01 -1.509700e+01 5.500000e+01
      vertex   4.745651e+01 -1.509700e+01 0.000000e+00
      vertex   4.829589e+01 -1.214690e+01 5.500000e+01
    endloop
  endfacet
  facet normal 9.618256e-01 -2.736630e-01 0.000000e+00
    outer loop
      vertex   4.829589e+01 -1.214690e+01 5.500000e+01
      vertex   4.745651e+01 -1.509700e+01 0.000000e+00
      vertex   4.829589e+01 -1.214690e+01 0.000000e+00
    endloop
  endfacet
  facet normal 9.768483e-01 -2.139331e-01 0.000000e+00
    outer loop
      vertex   4.829589e+01 -1.214690e+01 5.500000e+01
      vertex   4.829589e+01 -1.214690e+01 0.000000e+00
      vertex   4.895206e+01 -9.150726e+00 5.500000e+01
    endloop
  endfacet
  facet normal 9.768483e-01 -2.139331e-01 0.000000e+00
    outer loop
      vertex   4.895206e+01 -9.150726e+00 5.500000e+01
      vertex   4.829589e+01 -1.214690e+01 0.000000e+00
      vertex   4.895206e+01 -9.150726e+00 0.000000e+00
    endloop
  endfacet
  facet normal 9.881655e-01 -1.533917e-01 0.000000e+00
    outer loop
      vertex   4.895206e+01 -9.150726e+00 5.500000e+01
      vertex   4.895206e+01 -9.150726e+00 0.000000e+00
      vertex   4.942254e+01 -6.119837e+00 5.500000e+01
    endloop
  endfacet
  facet normal 9.881655e-01 -1.533917e-01 0.000000e+00
    outer loop
      vertex   4.942254e+01 -6.119837e+00 5.500000e+01
      vertex   4.895206e+01 -9.150726e+00 0.000000e+00
      vertex   4.942254e+01 -6.119837e+00 0.000000e+00
    endloop
  endfacet
  facet normal 9.957342e-01 -9.226836e-02 0.000000e+00
    outer loop
      vertex   4.942254e+01 -6.119837e+00 5.500000e+01
      vertex   4.942254e+01 -6.119837e+00 0.000000e+00
      vertex   4.970555e+01 -3.065733e+00 5.500000e+01
    endloop
  endfacet
  facet normal 9.957342e-01 -9.226836e-02 0.000000e+00
    outer loop
      vertex   4.970555e+01 -3.065733e+00 5.500000e+01
      vertex   4.942254e+01 -6.119837e+00 0.000000e+00
      vertex   4.970555e+01 -3.065733e+00 0.000000e+00
    endloop
  endfacet
  facet normal 9.995257e-01 -3.079506e-02 0.000000e+00
    outer loop
      vertex   4.970555e+01 -3.065733e+00 5.500000e+01
      vertex   4.970555e+01 -3.065733e+00 0.000000e+00
      vertex   4.980000e+01 0.000000e+00 5.500000e+01
    endloop
  endfacet
  facet normal 9.995257e-01 -3.079506e-02 0.000000e+00
    outer loop
      vertex   4.980000e+01 0.000000e+00 5.500000e+01
      vertex   4.970555e+01 -3.065733e+00 0.000000e+00
      vertex   4.980000e+01 0.000000e+00 0.000000e+00
    endloop
  endfacet
  facet normal 9.995257e-01 3.079506e-02 0.000000e+00
    outer loop
      vertex   4.980000e+01 0.000000e+00 5.500000e+01
      vertex   4.980000e+01 0.000000e+00 0.000000e+00
      vertex   4.970555e+01 3.065733e+00 5.500000e+01
    endloop
  endfacet
  facet normal 9.995257e-01 3.079506e-02 0.000000e+00
    outer loop
      vertex   4.970555e+01 3.065733e+00 5.500000e+01
      vertex   4.980000e+01 0.000000e+00 0.000000e+00
      vertex   4.970555e+01 3.065733e+00 0.000000e+00
    endloop
  endfacet
  facet normal 9.957342e-01 9.226836e-02 0.000000e+00
    outer loop
      vertex   4.970555e+01 3.065733e+00 5.500000e+01
      vertex   4.970555e+01 3.065733e+00 0.000000e+00
      vertex   4.942254e+01 6.119837e+00 5.500000e+01
    endloop
  endfacet
  facet normal 9.957342e-01 9.226836e-02 0.000000e+00
    outer loop
      vertex   4.942254e+01 6.119837e+00 5.500000e+01
      vertex   4.970555e+01 3.065733e+00 0.000000e+00
      vertex   4.942254e+01 6.119837e+00 0.000000e+00
    endloop
  endfacet
  facet normal 9.881655e-01 1.533917e-01 0.000000e+00
    outer loop
      vertex   4.942254e+01 6.119837e+00 5.500000e+01
      vertex   4.942254e+01 6.119837e+00 0.000000e+00
      vertex   4.895206e+01 9.150726e+00 5.500000e+01
    endloop
  endfacet
  facet normal 9.881655e-01 1.533917e-01 0.000000e+00
    outer loop
      vertex   4.895206e+01 9.150726e+00 5.500000e+01
      vertex   4.942254e+01 6.119837e+00 0.000000e+00
      vertex   4.895206e+01 9.150726e+00 0.000000e+00
    endloop
  endfacet
  facet normal 9.768483e-01 2.139331e-01 0.000000e+00
    outer loop
      vertex   4.895206e+01 9.150726e+00 5.500000e+01
      vertex   4.895206e+01 9.150726e+00 0.000000e+00
      vertex   4.829589e+01 1.214690e+01 5.500000e+01
    endloop
  endfacet
  facet normal 9.768483e-01 2.139331e-01 0.000000e+00
    outer loop
      vertex   4.829589e+01 1.214690e+01 5.500000e+01
      vertex   4.895206e+01 9.150726e+00 0.000000e+00
      vertex   4.829589e+01 1.214690e+01 0.000000e+00
    endloop
  endfacet
  facet normal 9.618256e-01 2.736630e-01 0.000000e+00
    outer loop
      vertex   4.829589e+01 1.214690e+01 5.500000e+01
      vertex   4.829589e+01 1.214690e+01 0.000000e+00
      vertex   4.745651e+01 1.509700e+01 5.500000e+01
    endloop
  endfacet
  facet normal 9.618256e-01 2.736630e-01 0.000000e+00
    outer loop
      vertex   4.745651e+01 1.509700e+01 5.500000e+01
      vertex   4.829589e+01 1.214690e+01 0.000000e+00
      vertex   4.745651e+01 1.509700e+01 0.000000e+00
    endloop
  endfacet
  facet normal 9.431544e-01 3.323548e-01 0.000000e+00
    outer loop
      vertex   4.745651e+01 1.509700e+01 5.500000e+01
      vertex   4.745651e+01 1.509700e+01 0.000000e+00
      vertex   4.643712e+01 1.798983e+01 5.500000e+01
    endloop
  endfacet
  facet normal 9.431544e-01 3.323548e-01 0.000000e+00
    outer loop
      vertex   4.643712e+01 1.798983e+01 5.500000e+01
      vertex   4.745651e+01 1.509700e+01 0.000000e+00
      vertex   4.643712e+01 1.798983e+01 0.000000e+00
    endloop
  endfacet
  facet normal 9.209055e-01 3.897859e-01 0.000000e+00
    outer loop
      vertex   4.643712e+01 1.798983e+01 5.500000e+01
      vertex   4.643712e+01 1.798983e+01 0.000000e+00
      vertex   4.524157e+01 2.081443e+01 5.500000e+01
    endloop
  endfacet
  facet normal 9.209055e-01 3.897859e-01 0.000000e+00
    outer loop
      vertex   4.524157e+01 2.081443e+01 5.500000e+01
      vertex   4.643712e+01 1.798983e+01 0.000000e+00
      vertex   4.524157e+01 2.081443e+01 0.000000e+00
    endloop
  endfacet
  facet normal 8.951633e-01 4.457384e-01 0.000000e+00
    outer loop
      vertex   4.524157e+01 2.081443e+01 5.500000e+01
      vertex   4.524157e+01 2.081443e+01 0.000000e+00
      vertex   4.387441e+01 2.356006e+01 5.500000e+01
    endloop
  endfacet
  facet normal 8.951633e-01 4.457384e-01 0.000000e+00
    outer loop
      vertex   4.387441e+01 2.356006e+01 5.500000e+01
      vertex   4.524157e+01 2.081443e+01 0.000000e+00
      vertex   4.387441e+01 2.356006e+01 0.000000e+00
    endloop
  endfacet
  facet normal 8.660254e-01 5.000000e-01 0.000000e+00
    outer loop
      vertex   4.387441e+01 2.356006e+01 5.500000e+01
      vertex   4.387441e+01 2.356006e+01 0.000000e+00
      vertex   4.234081e+01 2.621632e+01 5.500000e+01
    endloop
  endfacet
  facet normal 8.660254e-01 5.000000e-01 0.000000e+00
    outer loop
      vertex   4.234081e+01 2.621632e+01 5.500000e+01
      vertex   4.387441e+01 2.356006e+01 0.000000e+00
      vertex   4.234081e+01 2.621632e+01 0.000000e+00
    endloop
  endfacet
  facet normal 8.336024e-01 5.523650e-01 0.000000e+00
    outer loop
      vertex   4.234081e+01 2.621632e+01 5.500000e+01
      vertex   4.234081e+01 2.621632e+01 0.000000e+00
      vertex   4.064661e+01 2.877314e+01 5.500000e+01
    endloop
  endfacet
  facet normal 8.336024e-01 5.523650e-01 0.000000e+00
    outer loop
      vertex   4.064661e+01 2.877314e+01 5.500000e+01
      vertex   4.234081e+01 2.621632e+01 0.000000e+00
      vertex   4.064661e+01 2.877314e+01 0.000000e+00
    endloop
  endfacet
  facet normal 7.980172e-01 6.026346e-01 0.000000e+00
    outer loop
      vertex   4.064661e+01 2.877314e+01 5.500000e+01
      vertex   4.064661e+01 2.877314e+01 0.000000e+00
      vertex   3.879821e+01 3.122081e+01 5.500000e+01
    endloop
  endfacet
  facet normal 7.980172e-01 6.026346e-01 0.000000e+00
    outer loop
      vertex   3.879821e+01 3.122081e+01 5.500000e+01
      vertex   4.064661e+01 2.877314e+01 0.000000e+00
      vertex   3.879821e+01 3.122081e+01 0.000000e+00
    endloop
  endfacet
  facet normal 7.594049e-01 6.506183e-01 0.000000e+00
    outer loop
      vertex   3.879821e+01 3.122081e+01 5.500000e+01
      vertex   3.879821e+01 3.122081e+01 0.000000e+00
      vertex   3.680264e+01 3.355004e+01 5.500000e+01
    endloop
  endfacet
  facet normal 7.594049e-01 6.506183e-01 0.000000e+00
    outer loop
      vertex   3.680264e+01 3.355004e+01 5.500000e+01
      vertex   3.879821e+01 3.122081e+01 0.000000e+00
      vertex   3.680264e+01 3.355004e+01 0.000000e+00
    endloop
  endfacet
  facet normal 7.179119e-01 6.961339e-01 0.000000e+00
    outer loop
      vertex   3.680264e+01 3.355004e+01 5.500000e+01
      vertex   3.680264e+01 3.355004e+01 0.000000e+00
      vertex   3.466747e+01 3.575201e+01 5.500000e+01
    endloop
  endfacet
  facet normal 7.179119e-01 6.961339e-01 0.000000e+00
    outer loop
      vertex   3.466747e+01 3.575201e+01 5.500000e+01
      vertex   3.680264e+01 3.355004e+01 0.000000e+00
      vertex   3.466747e+01 3.575201e+01 0.000000e+00
    endloop
  endfacet
  facet normal 6.736956e-01 7.390089e-01 0.000000e+00
    outer loop
      vertex   3.466747e+01 3.575201e+01 5.500000e+01
      vertex   3.466747e+01 3.575201e+01 0.000000e+00
      vertex   3.240079e+01 3.781836e+01 5.500000e+01
    endloop
  endfacet
  facet normal 6.736956e-01 7.390089e-01 0.000000e+00
    outer loop
      vertex   3.240079e+01 3.781836e+01 5.500000e+01
      vertex   3.466747e+01 3.575201e+01 0.000000e+00
      vertex   3.240079e+01 3.781836e+01 0.000000e+00
    endloop
  endfacet
  facet normal 6.269238e-01 7.790806e-01 0.000000e+00
    outer loop
      vertex   3.240079e+01 3.781836e+01 5.500000e+01
      vertex   3.240079e+01 3.781836e+01 0.000000e+00
      vertex   3.001120e+01 3.974126e+01 5.500000e+01
    endloop
  endfacet
  facet normal 6.269238e-01 7.790806e-01 0.000000e+00
    outer loop
      vertex   3.001120e+01 3.974126e+01 5.500000e+01
      vertex   3.240079e+01 3.781836e+01 0.000000e+00
      vertex   3.001120e+01 3.974126e+01 0.000000e+00
    endloop
  endfacet
  facet normal 5.777738e-01 8.161969e-01 0.000000e+00
    outer loop
      vertex   3.001120e+01 3.974126e+01 5.500000e+01
      vertex   3.001120e+01 3.974126e+01 0.000000e+00
      vertex   2.750778e+01 4.151340e+01 5.500000e+01
    endloop
  endfacet
  facet normal 5.777738e-01 8.161969e-01 0.000000e+00
    outer loop
      vertex   2.750778e+01 4.151340e+01 5.500000e+01
      vertex   3.001120e+01 3.974126e+01 0.000000e+00
      vertex   2.750778e+01 4.151340e+01 0.000000e+00
    endloop
  endfacet
  facet normal 5.264322e-01 8.502171e-01 0.000000e+00
    outer loop
      vertex   2.750778e+01 4.151340e+01 5.500000e+01
      vertex   2.750778e+01 4.151340e+01 0.000000e+00
      vertex   2.490000e+01 4.312807e+01 5.500000e+01
    endloop
  endfacet
  facet normal 5.264322e-01 8.502171e-01 0.000000e+00
    outer loop
      vertex   2.490000e+01 4.312807e+01 5.500000e+01
      vertex   2.750778e+01 4.151340e+01 0.000000e+00
      vertex   2.490000e+01 4.312807e+01 0.000000e+00
    endloop
  endfacet
  facet normal 4.730936e-01 8.810122e-01 0.000000e+00
    outer loop
      vertex   2.490000e+01 4.312807e+01 5.500000e+01
      vertex   2.490000e+01 4.312807e+01 0.000000e+00
      vertex   2.219777e+01 4.457913e+01 5.500000e+01
    endloop
  endfacet
  facet normal 4.730936e-01 8.810122e-01 0.000000e+00
    outer loop
      vertex   2.219777e+01 4.457913e+01 5.500000e+01
      vertex   2.490000e+01 4.312807e+01 0.000000e+00
      vertex   2.219777e+01 4.457913e+01 0.000000e+00
    endloop
  endfacet
  facet normal 4.179603e-01 9.084653e-01 0.000000e+00
    outer loop
      vertex   2.219777e+01 4.457913e+01 5.500000e+01
      vertex   2.219777e+01 4.457913e+01 0.000000e+00
      vertex   1.941134e+01 4.586109e+01 5.500000e+01
    endloop
  endfacet
  facet normal 4.179603e-01 9.084653e-01 0.000000e+00
    outer loop
      vertex   1.941134e+01 4.586109e+01 5.500000e+01
      vertex   2.219777e+01 4.457913e+01 0.000000e+00
      vertex   1.941134e+01 4.586109e+01 0.000000e+00
    endloop
  endfacet
  facet normal 3.612417e-01 9.324722e-01 0.000000e+00
    outer loop
      vertex   1.941134e+01 4.586109e+01 5.500000e+01
      vertex   1.941134e+01 4.586109e+01 0.000000e+00
      vertex   1.655127e+01 4.696909e+01 5.500000e+01
    endloop
  endfacet
  facet normal 3.612417e-01 9.324722e-01 0.000000e+00
    outer loop
      vertex   1.655127e+01 4.696909e+01 5.500000e+01
      vertex   1.941134e+01 4.586109e+01 0.000000e+00
      vertex   1.655127e+01 4.696909e+01 0.000000e+00
    endloop
  endfacet
  facet normal 3.031527e-01 9.529420e-01 0.000000e+00
    outer loop
      vertex   1.655127e+01 4.696909e+01 5.500000e+01
      vertex   1.655127e+01 4.696909e+01 0.000000e+00
      vertex   1.362842e+01 4.789892e+01 5.500000e+01
    endloop
  endfacet
  facet normal 3.031527e-01 9.529420e-01 0.000000e+00
    outer loop
      vertex   1.362842e+01 4.789892e+01 5.500000e+01
      vertex   1.655127e+01 4.696909e+01 0.000000e+00
      vertex   1.362842e+01 4.789892e+01 0.000000e+00
    endloop
  endfacet
  facet normal 2.439137e-01 9.697969e-01 0.000000e+00
    outer loop
      vertex   1.362842e+01 4.789892e+01 5.500000e+01
      vertex   1.362842e+01 4.789892e+01 0.000000e+00
      vertex   1.065387e+01 4.864705e+01 5.500000e+01
    endloop
  endfacet
  facet normal 2.439137e-01 9.697969e-01 0.000000e+00
    outer loop
      vertex   1.065387e+01 4.864705e+01 5.500000e+01
      vertex   1.362842e+01 4.789892e+01 0.000000e+00
      vertex   1.065387e+01 4.864705e+01 0.000000e+00
    endloop
  endfacet
  facet normal 1.837495e-01 9.829731e-01 0.000000e+00
    outer loop
      vertex   1.065387e+01 4.864705e+01 5.500000e+01
      vertex   1.065387e+01 4.864705e+01 0.000000e+00
      vertex   7.638904e+00 4.921064e+01 5.500000e+01
    endloop
  endfacet
  facet normal 1.837495e-01 9.829731e-01 0.000000e+00
    outer loop
      vertex   7.638904e+00 4.921064e+01 5.500000e+01
      vertex   1.065387e+01 4.864705e+01 0.000000e+00
      vertex   7.638904e+00 4.921064e+01 0.000000e+00
    endloop
  endfacet
  facet normal 1.228883e-01 9.924205e-01 0.000000e+00
    outer loop
      vertex   7.638904e+00 4.921064e+01 5.500000e+01
      vertex   7.638904e+00 4.921064e+01 0.000000e+00
      vertex   4.594964e+00 4.958756e+01 5.500000e+01
    endloop
  endfacet
  facet normal 1.228883e-01 9.924205e-01 0.000000e+00
    outer loop
      vertex   4.594964e+00 4.958756e+01 5.500000e+01
      vertex   7.638904e+00 4.921064e+01 0.000000e+00
      vertex   4.594964e+00 4.958756e+01 0.000000e+00
    endloop
  endfacet
  facet normal 6.156091e-02 9.981033e-01 0.000000e+00
    outer loop
      vertex   4.594964e+00 4.958756e+01 5.500000e+01
      vertex   4.594964e+00 4.958756e+01 0.000000e+00
      vertex   1.533594e+00 4.977638e+01 5.500000e+01
    endloop
  endfacet
  facet normal 6.156091e-02 9.981033e-01 0.000000e+00
    outer loop
      vertex   1.533594e+00 4.977638e+01 5.500000e+01
      vertex   4.594964e+00 4.958756e+01 0.000000e+00
      vertex   1.533594e+00 4.977638e+01 0.000000e+00
    endloop
  endfacet
  facet normal 0.000000e+00 1.000000e+00 0.000000e+00
    outer loop
      vertex   1.533594e+00 4.977638e+01 5.500000e+01
      vertex   1.533594e+00 4.977638e+01 0.000000e+00
      vertex   -1.533594e+00 4.977638e+01 5.500000e+01
    endloop
  endfacet
  facet normal 0.000000e+00 1.000000e+00 0.000000e+00
    outer loop
      vertex   -1.533594e+00 4.977638e+01 5.500000e+01
      vertex   1.533594e+00 4.977638e+01 0.000000e+00
      vertex   -1.533594e+00 4.977638e+01 0.000000e+00
    endloop
  endfacet
  facet normal -6.156091e-02 9.981033e-01 0.000000e+00
    outer loop
      vertex   -1.533594e+00 4.977638e+01 5.500000e+01
      vertex   -1.533594e+00 4.977638e+01 0.000000e+00
      vertex   -4.594964e+00 4.958756e+01 5.500000e+01
    endloop
  endfacet
  facet normal -6.156091e-02 9.981033e-01 0.000000e+00
    outer loop
      vertex   -4.594964e+00 4.958756e+01 5.500000e+01
      vertex   -1.533594e+00 4.977638e+01 0.000000e+00
      vertex   -4.594964e+00 4.958756e+01 0.000000e+00
    endloop
  endfacet
  facet normal -1.228883e-01 9.924205e-01 0.000000e+00
    outer loop
      vertex   -4.594964e+00 4.958756e+01 5.500000e+01
      vertex   -4.594964e+00 4.958756e+01 0.000000e+00
      vertex   -7.638904e+00 4.921064e+01 5.500000e+01
    endloop
  endfacet
  facet normal -1.228883e-01 9.924205e-01 0.000000e+00
    outer loop
      vertex   -7.638904e+00 4.921064e+01 5.500000e+01
      vertex   -4.594964e+00 4.958756e+01 0.000000e+00
      vertex   -7.638904e+00 4.921064e+01 0.000000e+00
    endloop
  endfacet
  facet normal -1.837495e-01 9.829731e-01 0.000000e+00
    outer loop
      vertex   -7.638904e+00 4.921064e+01 5.500000e+01
      vertex   -7.638904e+00 4.921064e+01 0.000000e+00
      vertex   -1.065387e+01 4.864705e+01 5.500000e+01
    endloop
  endfacet
  facet normal -1.837495e-01 9.829731e-01 0.000000e+00
    outer loop
      vertex   -1.065387e+01 4.864705e+01 5.500000e+01
      vertex   -7.638904e+00 4.921064e+01 0.000000e+00
      vertex   -1.065387e+01 4.864705e+01 0.000000e+00
    endloop
  endfacet
  facet normal -2.439137e-01 9.697969e-01 0.000000e+00
    outer loop
      vertex   -1.065387e+01 4.864705e+01 5.500000e+01
      vertex   -1.065387e+01 4.864705e+01 0.000000e+00
      vertex   -1.362842e+01 4.789892e+01 5.500000e+01
    endloop
  endfacet
  facet normal -2.439137e-01 9.697969e-01 0.000000e+00
    outer loop
      vertex   -1.362842e+01 4.789892e+01 5.500000e+01
      vertex   -1.065387e+01 4.864705e+01 0.000000e+00
      vertex   -1.362842e+01 4.789892e+01 0.000000e+00
    endloop
  endfacet
  facet normal -3.031527e-01 9.529420e-01 0.000000e+00
    outer loop
      vertex   -1.362842e+01 4.789892e+01 5.500000e+01
      vertex   -1.362842e+01 4.789892e+01 0.000000e+00
      vertex   -1.655127e+01 4.696909e+01 5.500000e+01
    endloop
  endfacet
  facet normal -3.031527e-01 9.529420e-01 0.000000e+00
    outer loop
      vertex   -1.655127e+01 4.696909e+01 5.500000e+01
      vertex   -1.362842e+01 4.789892e+01 0.000000e+00
      vertex   -1.655127e+01 4.696909e+01 0.000000e+00
    endloop
  endfacet
  facet normal -3.612417e-01 9.324722e-01 0.000000e+00
    outer loop
      vertex   -1.655127e+01 4.696909e+01 5.500000e+01
      vertex   -1.655127e+01 4.696909e+01 0.000000e+00
      vertex   -1.941134e+01 4.586109e+01 5.500000e+01
    endloop
  endfacet
  facet normal -3.612417e-01 9.324722e-01 0.000000e+00
    outer loop
      vertex   -1.941134e+01 4.586109e+01 5.500000e+01
      vertex   -1.655127e+01 4.696909e+01 0.000000e+00
      vertex   -1.941134e+01 4.586109e+01 0.000000e+00
    endloop
  endfacet
  facet normal -4.179603e-01 9.084653e-01 0.000000e+00
    outer loop
      vertex   -1.941134e+01 4.586109e+01 5.500000e+01
      vertex   -1.941134e+01 4.586109e+01 0.000000e+00
      vertex   -2.219777e+01 4.457913e+01 5.500000e+01
    endloop
  endfacet
  facet normal -4.179603e-01 9.084653e-01 0.000000e+00
    outer loop
      vertex   -2.219777e+01 4.457913e+01 5.500000e+01
      vertex   -1.941134e+01 4.586109e+01 0.000000e+00
      vertex   -2.219777e+01 4.457913e+01 0.000000e+00
    endloop
  endfacet
  facet normal -4.730936e-01 8.810122e-01 0.000000e+00
    outer loop
      vertex   -2.219777e+01 4.457913e+01 5.500000e+01
      vertex   -2.219777e+01 4.457913e+01 0.000000e+00
      vertex   -2.490000e+01 4.312807e+01 5.500000e+01
    endloop
  endfacet
  facet normal -4.730936e-01 8.810122e-01 0.000000e+00
    outer loop
      vertex   -2.490000e+01 4.312807e+01 5.500000e+01
      vertex   -2.219777e+01 4.457913e+01 0.000000e+00
      vertex   -2.490000e+01 4.312807e+01 0.000000e+00
    endloop
  endfacet
  facet normal -5.264322e-01 8.502171e-01 0.000000e+00
    outer loop
      vertex   -2.490000e+01 4.312807e+01 5.500000e+01
      vertex   -2.490000e+01 4.312807e+01 0.000000e+00
      vertex   -2.750778e+01 4.151340e+01 5.500000e+01
    endloop
  endfacet
  facet normal -5.264322e-01 8.502171e-01 0.000000e+00
    outer loop
      vertex   -2.750778e+01 4.151340e+01 5.500000e+01
      vertex   -2.490000e+01 4.312807e+01 0.000000e+00
      vertex   -2.750778e+01 4.151340e+01 0.000000e+00
    endloop
  endfacet
  facet normal -5.777738e-01 8.161969e-01 0.000000e+00
    outer loop
      vertex   -2.750778e+01 4.151340e+01 5.500000e+01
      vertex   -2.750778e+01 4.151340e+01 0.000000e+00
      vertex   -3.001120e+01 3.974126e+01 5.500000e+01
    endloop
  endfacet
  facet normal -5.777738e-01 8.161969e-01 0.000000e+00
    outer loop
      vertex   -3.001120e+01 3.974126e+01 5.500000e+01
      vertex   -2.750778e+01 4.151340e+01 0.000000e+00
      vertex   -3.001120e+01 3.974126e+01 0.000000e+00
    endloop
  endfacet
  facet normal -6.269238e-01 7.790806e-01 0.000000e+00
    outer loop
      vertex   -3.001120e+01 3.974126e+01 5.500000e+01
      vertex   -3.001120e+01 3.974126e+01 0.000000e+00
      vertex   -3.240079e+01 3.781836e+01 5.500000e+01
    endloop
  endfacet
  facet normal -6.269238e-01 7.790806e-01 0.000000e+00
    outer loop
      vertex   -3.240079e+01 3.781836e+01 5.500000e+01
      vertex   -3.001120e+01 3.974126e+01 0.000000e+00
      vertex   -3.240079e+01 3.781836e+01 0.000000e+00
    endloop
  endfacet
  facet normal -6.736956e-01 7.390089e-01 0.000000e+00
    outer loop
      vertex   -3.240079e+01 3.781836e+01 5.500000e+01
      vertex   -3.240079e+01 3.781836e+01 0.000000e+00
      vertex   -3.466747e+01 3.575201e+01 5.500000e+01
    endloop
  endfacet
  facet normal -6.736956e-01 7.390089e-01 0.000000e+00
    outer loop
      vertex   -3.466747e+01 3.575201e+01 5.500000e+01
      vertex   -3.240079e+01 3.781836e+01 0.000000e+00
      vertex   -3.466747e+01 3.575201e+01 0.000000e+00
    endloop
  endfacet
  facet normal -7.179119e-01 6.961339e-01 0.000000e+00
    outer loop
      vertex   -3.466747e+01 3.575201e+01 5.500000e+01
      vertex   -3.466747e+01 3.575201e+01 0.000000e+00
      vertex   -3.680264e+01 3.355004e+01 5.500000e+01
    endloop
  endfacet
  facet normal -7.179119e-01 6.961339e-01 0.000000e+00
    outer loop
      vertex   -3.680264e+01 3.355004e+01 5.500000e+01
      vertex   -3.466747e+01 3.575201e+01 0.000000e+00
      vertex   -3.680264e+01 3.355004e+01 0.000000e+00
    endloop
  endfacet
  facet normal -7.594049e-01 6.506183e-01 0.000000e+00
    outer loop
      vertex   -3.680264e+01 3.355004e+01 5.500000e+01
      vertex   -3.680264e+01 3.355004e+01 0.000000e+00
      vertex   -3.879821e+01 3.122081e+01 5.500000e+01
    endloop
  endfacet
  facet normal -7.594049e-01 6.506183e-01 0.000000e+00
    outer loop
      vertex   -3.879821e+01 3.122081e+01 5.500000e+01
      vertex   -3.680264e+01 3.355004e+01 0.000000e+00
      vertex   -3.879821e+01 3.122081e+01 0.000000e+00
    endloop
  endfacet
  facet normal -7.980172e-01 6.026346e-01 0.000000e+00
    outer loop
      vertex   -3.879821e+01 3.122081e+01 5.500000e+01
      vertex   -3.879821e+01 3.122081e+01 0.000000e+00
      vertex   -4.064661e+01 2.877314e+01 5.500000e+01
    endloop
  endfacet
  facet normal -7.980172e-01 6.026346e-01 0.000000e+00
    outer loop
      vertex   -4.064661e+01 2.877314e+01 5.500000e+01
      vertex   -3.879821e+01 3.122081e+01 0.000000e+00
      vertex   -4.064661e+01 2.877314e+01 0.000000e+00
    endloop
  endfacet
  facet normal -8.336024e-01 5.523650e-01 0.000000e+00
    outer loop
      vertex   -4.064661e+01 2.877314e+01 5.500000e+01
      vertex   -4.064661e+01 2.877314e+01 0.000000e+00
      vertex   -4.234081e+01 2.621632e+01 5.500000e+01
    endloop
  endfacet
  facet normal -8.336024e-01 5.523650e-01 0.000000e+00
    outer loop
      vertex   -4.234081e+01 2.621632e+01 5.500000e+01
      vertex   -4.064661e+01 2.877314e+01 0.000000e+00
      vertex   -4.234081e+01 2.621632e+01 0.000000e+00
    endloop
  endfacet
  facet normal -8.660254e-01 5.000000e-01 0.000000e+00
    outer loop
      vertex   -4.234081e+01 2.621632e+01 5.500000e+01
      vertex   -4.234081e+01 2.621632e+01 0.000000e+00
      vertex   -4.387441e+01 2.356006e+01 5.500000e+01
    endloop
  endfacet
  facet normal -8.660254e-01 5.000000e-01 0.000000e+00
    outer loop
      vertex   -4.387441e+01 2.356006e+01 5.500000e+01
      vertex   -4.234081e+01 2.621632e+01 0.000000e+00
      vertex   -4.387441e+01 2.356006e+01 0.000000e+00
    endloop
  endfacet
  facet normal -8.951633e-01 4.457384e-01 0.000000e+00
    outer loop
      vertex   -4.387441e+01 2.356006e+01 5.500000e+01
      vertex   -4.387441e+01 2.356006e+01 0.000000e+00
      vertex   -4.524157e+01 2.081443e+01 5.500000e+01
    endloop
  endfacet
  facet normal -8.951633e-01 4.457384e-01 0.000000e+00
    outer loop
      vertex   -4.524157e+01 2.081443e+01 5.500000e+01
      vertex   -4.387441e+01 2.356006e+01 0.000000e+00
      vertex   -4.524157e+01 2.081443e+01 0.000000e+00
    endloop
  endfacet
  facet normal -9.209055e-01 3.897859e-01 0.000000e+00
    outer loop
      vertex   -4.524157e+01 2.081443e+01 5.500000e+01
      vertex   -4.524157e+01 2.081443e+01 0.000000e+00
      vertex   -4.643712e+01 1.798983e+01 5.500000e+01
    endloop
  endfacet
  facet normal -9.209055e-01 3.897859e-01 0.000000e+00
    outer loop
      vertex   -4.643712e+01 1.798983e+01 5.500000e+01
      vertex   -4.524157e+01 2.081443e+01 0.000000e+00
      vertex   -4.643712e+01 1.798983e+01 0.000000e+00
    endloop
  endfacet
  facet normal -9.431544e-01 3.323548e-01 0.000000e+00
    outer loop
      vertex   -4.643712e+01 1.798983e+01 5.500000e+01
      vertex   -4.643712e+01 1.798983e+01 0.000000e+00
      vertex   -4.745651e+01 1.509700e+01 5.500000e+01
    endloop
  endfacet
  facet normal -9.431544e-01 3.323548e-01 0.000000e+00
    outer loop
      vertex   -4.745651e+01 1.509700e+01 5.500000e+01
      vertex   -4.643712e+01 1.798983e+01 0.000000e+00
      vertex   -4.745651e+01 1.509700e+01 0.000000e+00
    endloop
  endfacet
  facet normal -9.618256e-01 2.736630e-01 0.000000e+00
    outer loop
      vertex   -4.745651e+01 1.509700e+01 5.500000e+01
      vertex   -4.745651e+01 1.509700e+01 0.000000e+00
      vertex   -4.829589e+01 1.214690e+01 5.500000e+01
    endloop
  endfacet
  facet normal -9.618256e-01 2.736630e-01 0.000000e+00
    outer loop
      vertex   -4.829589e+01 1.214690e+01 5.500000e+01
      vertex   -4.745651e+01 1.509700e+01 0.000000e+00
      vertex   -4.829589e+01 1.214690e+01 0.000000e+00
    endloop
  endfacet
  facet normal -9.768483e-01 2.139331e-01 0.000000e+00
    outer loop
      vertex   -4.829589e+01 1.214690e+01 5.500000e+01
      vertex   -4.829589e+01 1.214690e+01 0.000000e+00
      vertex   -4.895206e+01 9.150726e+00 5.500000e+01
    endloop
  endfacet
  facet normal -9.768483e-01 2.139331e-01 0.000000e+00
    outer loop
      vertex   -4.895206e+01 9.150726e+00 5.500000e+01
      vertex   -4.829589e+01 1.214690e+01 0.000000e+00
      vertex   -4.895206e+01 9.150726e+00 0.000000e+00
    endloop
  endfacet
  facet normal -9.881655e-01 1.533917e-01 0.000000e+00
    outer loop
      vertex   -4.895206e+01 9.150726e+00 5.500000e+01
      vertex   -4.895206e+01 9.150726e+00 0.000000e+00
      vertex   -4.942254e+01 6.119837e+00 5.500000e+01
    endloop
  endfacet
  facet normal -9.881655e-01 1.533917e-01 0.000000e+00
    outer loop
      vertex   -4.942254e+01 6.119837e+00 5.500000e+01
      vertex   -4.895206e+01 9.150726e+00 0.000000e+00
      vertex   -4.942254e+01 6.119837e+00 0.000000e+00
    endloop
  endfacet
  facet normal -9.957342e-01 9.226836e-02 0.000000e+00
    outer loop
      vertex   -4.942254e+01 6.119837e+00 5.500000e+01
      vertex   -4.942254e+01 6.119837e+00 0.000000e+00
      vertex   -4.970555e+01 3.065733e+00 5.500000e+01
    endloop
  endfacet
  facet normal -9.957342e-01 9.226836e-02 0.000000e+00
    outer loop
      vertex   -4.970555e+01 3.065733e+00 5.500000e+01
      vertex   -4.942254e+01 6.119837e+00 0.000000e+00
      vertex   -4.970555e+01 3.065733e+00 0.000000e+00
    endloop
  endfacet
  facet normal 0.000000e+00 0.000000e+00 1.000000e+00
    outer loop
      vertex   -4.915473e+01 3.061855e+00 5.000000e+01
      vertex   -4.925000e+01 -6.031385e-15 5.000000e+01
      vertex   -4.500000e+01 -5.510911e-15 5.000000e+01
    endloop
  endfacet
  facet normal 0.000000e+00 0.000000e+00 1.000000e+00
    outer loop
      vertex   -4.500000e+01 -5.510911e-15 5.000000e+01
      vertex   -4.925000e+01 -6.031385e-15 5.000000e+01
      vertex   -4.915473e+01 -3.061855e+00 5.000000e+01
    endloop
  endfacet
  facet normal 0.000000e+00 0.000000e+00 1.000000e+00
    outer loop
      vertex   -4.500000e+01 -5.510911e-15 5.000000e+01
      vertex   -4.915473e+01 -3.061855e+00 5.000000e+01
      vertex   -4.490563e+01 -2.912842e+00 5.000000e+01
    endloop
  endfacet
  facet normal 0.000000e+00 0.000000e+00 1.000000e+00
    outer loop
      vertex   -4.490563e+01 -2.912842e+00 5.000000e+01
      vertex   -4.915473e+01 -3.061855e+00 5.000000e+01
      vertex   -4.886929e+01 -6.111864e+00 5.000000e+01
    endloop
  endfacet
  facet normal 0.000000e+00 0.000000e+00 1.000000e+00
    outer loop
      vertex   -4.490563e+01 -2.912842e+00 5.000000e+01
      vertex   -4.886929e+01 -6.111864e+00 5.000000e+01
      vertex   -4.462290e+01 -5.813466e+00 5.000000e+01
    endloop
  endfacet
  facet normal 0.000000e+00 0.000000e+00 1.000000e+00
    outer loop
      vertex   -4.462290e+01 -5.813466e+00 5.000000e+01
      vertex   -4.886929e+01 -6.111864e+00 5.000000e+01
      vertex   -4.839479e+01 -9.138227e+00 5.000000e+01
    endloop
  endfacet
  facet normal 0.000000e+00 0.000000e+00 1.000000e+00
    outer loop
      vertex   -4.462290e+01 -5.813466e+00 5.000000e+01
      vertex   -4.839479e+01 -9.138227e+00 5.000000e+01
      vertex   -4.415302e+01 -8.689707e+00 5.000000e+01
    endloop
  endfacet
  facet normal 0.000000e+00 0.000000e+00 1.000000e+00
    outer loop
      vertex   -4.415302e+01 -8.689707e+00 5.000000e+01
      vertex   -4.839479e+01 -9.138227e+00 5.000000e+01
      vertex   -4.773305e+01 -1.212924e+01 5.000000e+01
    endloop
  endfacet
  facet normal 0.000000e+00 0.000000e+00 1.000000e+00
    outer loop
      vertex   -4.415302e+01 -8.689707e+00 5.000000e+01
      vertex   -4.773305e+01 -1.212924e+01 5.000000e+01
      vertex   -4.349794e+01 -1.152950e+01 5.000000e+01
    endloop
  endfacet
  facet normal 0.000000e+00 0.000000e+00 1.000000e+00
    outer loop
      vertex   -4.349794e+01 -1.152950e+01 5.000000e+01
      vertex   -4.773305e+01 -1.212924e+01 5.000000e+01
      vertex   -4.688665e+01 -1.507332e+01 5.000000e+01
    endloop
  endfacet
  facet normal 0.000000e+00 0.000000e+00 1.000000e+00
    outer loop
      vertex   -4.349794e+01 -1.152950e+01 5.000000e+01
      vertex   -4.688665e+01 -1.507332e+01 5.000000e+01
      vertex   -4.266041e+01 -1.432093e+01 5.000000e+01
    endloop
  endfacet
  facet normal 0.000000e+00 0.000000e+00 1.000000e+00
    outer loop
      vertex   -4.266041e+01 -1.432093e+01 5.000000e+01
      vertex   -4.688665e+01 -1.507332e+01 5.000000e+01
      vertex   -4.585885e+01 -1.795909e+01 5.000000e+01
    endloop
  endfacet
  facet normal 0.000000e+00 0.000000e+00 1.000000e+00
    outer loop
      vertex   -4.266041e+01 -1.432093e+01 5.000000e+01
      vertex   -4.585885e+01 -1.795909e+01 5.000000e+01
      vertex   -4.164396e+01 -1.705230e+01 5.000000e+01
    endloop
  endfacet
  facet normal 0.000000e+00 0.000000e+00 1.000000e+00
    outer loop
      vertex   -4.164396e+01 -1.705230e+01 5.000000e+01
      vertex   -4.585885e+01 -1.795909e+01 5.000000e+01
      vertex   -4.465363e+01 -2.077538e+01 5.000000e+01
    endloop
  endfacet
  facet normal 0.000000e+00 0.000000e+00 1.000000e+00
    outer loop
      vertex   -4.164396e+01 -1.705230e+01 5.000000e+01
      vertex   -4.465363e+01 -2.077538e+01 5.000000e+01
      vertex   -4.045283e+01 -1.971215e+01 5.000000e+01
    endloop
  endfacet
  facet normal 0.000000e+00 0.000000e+00 1.000000e+00
    outer loop
      vertex   -4.045283e+01 -1.971215e+01 5.000000e+01
      vertex   -4.465363e+01 -2.077538e+01 5.000000e+01
      vertex   -4.327565e+01 -2.351129e+01 5.000000e+01
    endloop
  endfacet
  facet normal 0.000000e+00 0.000000e+00 1.000000e+00
    outer loop
      vertex   -4.045283e+01 -1.971215e+01 5.000000e+01
      vertex   -4.327565e+01 -2.351129e+01 5.000000e+01
      vertex   -3.909203e+01 -2.228931e+01 5.000000e+01
    endloop
  endfacet
  facet normal 0.000000e+00 0.000000e+00 1.000000e+00
    outer loop
      vertex   -3.909203e+01 -2.228931e+01 5.000000e+01
      vertex   -4.327565e+01 -2.351129e+01 5.000000e+01
      vertex   -4.173025e+01 -2.615624e+01 5.000000e+01
    endloop
  endfacet
  facet normal 0.000000e+00 0.000000e+00 1.000000e+00
    outer loop
      vertex   -3.909203e+01 -2.228931e+01 5.000000e+01
      vertex   -4.173025e+01 -2.615624e+01 5.000000e+01
      vertex   -3.756726e+01 -2.477299e+01 5.000000e+01
    endloop
  endfacet
  facet normal 0.000000e+00 0.000000e+00 1.000000e+00
    outer loop
      vertex   -3.756726e+01 -2.477299e+01 5.000000e+01
      vertex   -4.173025e+01 -2.615624e+01 5.000000e+01
      vertex   -4.002340e+01 -2.870000e+01 5.000000e+01
    endloop
  endfacet
  facet normal 0.000000e+00 0.000000e+00 1.000000e+00
    outer loop
      vertex   -3.756726e+01 -2.477299e+01 5.000000e+01
      vertex   -4.002340e+01 -2.870000e+01 5.000000e+01
      vertex   -3.588493e+01 -2.715275e+01 5.000000e+01
    endloop
  endfacet
  facet normal 0.000000e+00 0.000000e+00 1.000000e+00
    outer loop
      vertex   -3.588493e+01 -2.715275e+01 5.000000e+01
      vertex   -4.002340e+01 -2.870000e+01 5.000000e+01
      vertex   -3.816171e+01 -3.113272e+01 5.000000e+01
    endloop
  endfacet
  facet normal 0.000000e+00 0.000000e+00 1.000000e+00
    outer loop
      vertex   -3.588493e+01 -2.715275e+01 5.000000e+01
      vertex   -3.816171e+01 -3.113272e+01 5.000000e+01
      vertex   -3.405208e+01 -2.941863e+01 5.000000e+01
    endloop
  endfacet
  facet normal 0.000000e+00 0.000000e+00 1.000000e+00
    outer loop
      vertex   -3.405208e+01 -2.941863e+01 5.000000e+01
      vertex   -3.816171e+01 -3.113272e+01 5.000000e+01
      vertex   -3.615238e+01 -3.344500e+01 5.000000e+01
    endloop
  endfacet
  facet normal 0.000000e+00 0.000000e+00 1.000000e+00
    outer loop
      vertex   -3.405208e+01 -2.941863e+01 5.000000e+01
      vertex   -3.615238e+01 -3.344500e+01 5.000000e+01
      vertex   -3.207640e+01 -3.156112e+01 5.000000e+01
    endloop
  endfacet
  facet normal 0.000000e+00 0.000000e+00 1.000000e+00
    outer loop
      vertex   -3.207640e+01 -3.156112e+01 5.000000e+01
      vertex   -3.615238e+01 -3.344500e+01 5.000000e+01
      vertex   -3.400319e+01 -3.562788e+01 5.000000e+01
    endloop
  endfacet
  facet normal 0.000000e+00 0.000000e+00 1.000000e+00
    outer loop
      vertex   -3.207640e+01 -3.156112e+01 5.000000e+01
      vertex   -3.400319e+01 -3.562788e+01 5.000000e+01
      vertex   -2.996619e+01 -3.357123e+01 5.000000e+01
    endloop
  endfacet
  facet normal 0.000000e+00 0.000000e+00 1.000000e+00
    outer loop
      vertex   -2.996619e+01 -3.357123e+01 5.000000e+01
      vertex   -3.400319e+01 -3.562788e+01 5.000000e+01
      vertex   -3.172244e+01 -3.767293e+01 5.000000e+01
    endloop
  endfacet
  facet normal 0.000000e+00 0.000000e+00 1.000000e+00
    outer loop
      vertex   -2.996619e+01 -3.357123e+01 5.000000e+01
      vertex   -3.172244e+01 -3.767293e+01 5.000000e+01
      vertex   -2.773028e+01 -3.544053e+01 5.000000e+01
    endloop
  endfacet
  facet normal 0.000000e+00 0.000000e+00 1.000000e+00
    outer loop
      vertex   -2.773028e+01 -3.544053e+01 5.000000e+01
      vertex   -3.172244e+01 -3.767293e+01 5.000000e+01
      vertex   -2.931896e+01 -3.957223e+01 5.000000e+01
    endloop
  endfacet
  facet normal 0.000000e+00 0.000000e+00 1.000000e+00
    outer loop
      vertex   -2.773028e+01 -3.544053e+01 5.000000e+01
      vertex   -2.931896e+01 -3.957223e+01 5.000000e+01
      vertex   -2.537807e+01 -3.716119e+01 5.000000e+01
    endloop
  endfacet
  facet normal 0.000000e+00 0.000000e+00 1.000000e+00
    outer loop
      vertex   -2.537807e+01 -3.716119e+01 5.000000e+01
      vertex   -2.931896e+01 -3.957223e+01 5.000000e+01
      vertex   -2.680206e+01 -4.131843e+01 5.000000e+01
    endloop
  endfacet
  facet normal 0.000000e+00 0.000000e+00 1.000000e+00
    outer loop
      vertex   -2.537807e+01 -3.716119e+01 5.000000e+01
      vertex   -2.680206e+01 -4.131843e+01 5.000000e+01
      vertex   -2.291941e+01 -3.872597e+01 5.000000e+01
    endloop
  endfacet
  facet normal 0.000000e+00 0.000000e+00 1.000000e+00
    outer loop
      vertex   -2.291941e+01 -3.872597e+01 5.000000e+01
      vertex   -2.680206e+01 -4.131843e+01 5.000000e+01
      vertex   -2.418146e+01 -4.290477e+01 5.000000e+01
    endloop
  endfacet
  facet normal 0.000000e+00 0.000000e+00 1.000000e+00
    outer loop
      vertex   -2.291941e+01 -3.872597e+01 5.000000e+01
      vertex   -2.418146e+01 -4.290477e+01 5.000000e+01
      vertex   -2.036462e+01 -4.012832e+01 5.000000e+01
    endloop
  endfacet
  facet normal 0.000000e+00 0.000000e+00 1.000000e+00
    outer loop
      vertex   -2.036462e+01 -4.012832e+01 5.000000e+01
      vertex   -2.418146e+01 -4.290477e+01 5.000000e+01
      vertex   -2.146731e+01 -4.432513e+01 5.000000e+01
    endloop
  endfacet
  facet normal 0.000000e+00 0.000000e+00 1.000000e+00
    outer loop
      vertex   -2.036462e+01 -4.012832e+01 5.000000e+01
      vertex   -2.146731e+01 -4.432513e+01 5.000000e+01
      vertex   -1.772441e+01 -4.136237e+01 5.000000e+01
    endloop
  endfacet
  facet normal 0.000000e+00 0.000000e+00 1.000000e+00
    outer loop
      vertex   -1.772441e+01 -4.136237e+01 5.000000e+01
      vertex   -2.146731e+01 -4.432513e+01 5.000000e+01
      vertex   -1.867010e+01 -4.557400e+01 5.000000e+01
    endloop
  endfacet
  facet normal 0.000000e+00 0.000000e+00 1.000000e+00
    outer loop
      vertex   -1.772441e+01 -4.136237e+01 5.000000e+01
      vertex   -1.867010e+01 -4.557400e+01 5.000000e+01
      vertex   -1.500986e+01 -4.242292e+01 5.000000e+01
    endloop
  endfacet
  facet normal 0.000000e+00 0.000000e+00 1.000000e+00
    outer loop
      vertex   -1.500986e+01 -4.242292e+01 5.000000e+01
      vertex   -1.867010e+01 -4.557400e+01 5.000000e+01
      vertex   -1.580067e+01 -4.664656e+01 5.000000e+01
    endloop
  endfacet
  facet normal 0.000000e+00 0.000000e+00 1.000000e+00
    outer loop
      vertex   -1.500986e+01 -4.242292e+01 5.000000e+01
      vertex   -1.580067e+01 -4.664656e+01 5.000000e+01
      vertex   -1.223235e+01 -4.330554e+01 5.000000e+01
    endloop
  endfacet
  facet normal 0.000000e+00 0.000000e+00 1.000000e+00
    outer loop
      vertex   -1.223235e+01 -4.330554e+01 5.000000e+01
      vertex   -1.580067e+01 -4.664656e+01 5.000000e+01
      vertex   -1.287010e+01 -4.753865e+01 5.000000e+01
    endloop
  endfacet
  facet normal 0.000000e+00 0.000000e+00 1.000000e+00
    outer loop
      vertex   -1.223235e+01 -4.330554e+01 5.000000e+01
      vertex   -1.287010e+01 -4.753865e+01 5.000000e+01
      vertex   -9.403540e+00 -4.400652e+01 5.000000e+01
    endloop
  endfacet
  facet normal 0.000000e+00 0.000000e+00 1.000000e+00
    outer loop
      vertex   -9.403540e+00 -4.400652e+01 5.000000e+01
      vertex   -1.287010e+01 -4.753865e+01 5.000000e+01
      vertex   -9.889748e+00 -4.824682e+01 5.000000e+01
    endloop
  endfacet
  facet normal 0.000000e+00 0.000000e+00 1.000000e+00
    outer loop
      vertex   -9.403540e+00 -4.400652e+01 5.000000e+01
      vertex   -9.889748e+00 -4.824682e+01 5.000000e+01
      vertex   -6.535286e+00 -4.452292e+01 5.000000e+01
    endloop
  endfacet
  facet normal 0.000000e+00 0.000000e+00 1.000000e+00
    outer loop
      vertex   -6.535286e+00 -4.452292e+01 5.000000e+01
      vertex   -9.889748e+00 -4.824682e+01 5.000000e+01
      vertex   -6.871130e+00 -4.876833e+01 5.000000e+01
    endloop
  endfacet
  facet normal 0.000000e+00 0.000000e+00 1.000000e+00
    outer loop
      vertex   -6.535286e+00 -4.452292e+01 5.000000e+01
      vertex   -6.871130e+00 -4.876833e+01 5.000000e+01
      vertex   -3.639620e+00 -4.485257e+01 5.000000e+01
    endloop
  endfacet
  facet normal 0.000000e+00 0.000000e+00 1.000000e+00
    outer loop
      vertex   -3.639620e+00 -4.485257e+01 5.000000e+01
      vertex   -6.871130e+00 -4.876833e+01 5.000000e+01
      vertex   -3.825929e+00 -4.910117e+01 5.000000e+01
    endloop
  endfacet
  facet normal 0.000000e+00 0.000000e+00 1.000000e+00
    outer loop
      vertex   -3.639620e+00 -4.485257e+01 5.000000e+01
      vertex   -3.825929e+00 -4.910117e+01 5.000000e+01
      vertex   -7.286881e-01 -4.499410e+01 5.000000e+01
    endloop
  endfacet
  facet normal 0.000000e+00 0.000000e+00 1.000000e+00
    outer loop
      vertex   -7.286881e-01 -4.499410e+01 5.000000e+01
      vertex   -3.825929e+00 -4.910117e+01 5.000000e+01
      vertex   -7.659267e-01 -4.924404e+01 5.000000e+01
    endloop
  endfacet
  facet normal 0.000000e+00 0.000000e+00 1.000000e+00
    outer loop
      vertex   -7.286881e-01 -4.499410e+01 5.000000e+01
      vertex   -7.659267e-01 -4.924404e+01 5.000000e+01
      vertex   2.297039e+00 -4.919640e+01 5.000000e+01
    endloop
  endfacet
  facet normal -0.000000e+00 0.000000e+00 1.000000e+00
    outer loop
      vertex   -7.286881e-01 -4.499410e+01 5.000000e+01
      vertex   2.297039e+00 -4.919640e+01 5.000000e+01
      vertex   2.185300e+00 -4.494691e+01 5.000000e+01
    endloop
  endfacet
  facet normal 0.000000e+00 0.000000e+00 1.000000e+00
    outer loop
      vertex   2.185300e+00 -4.494691e+01 5.000000e+01
      vertex   2.297039e+00 -4.919640e+01 5.000000e+01
      vertex   5.351118e+00 -4.895843e+01 5.000000e+01
    endloop
  endfacet
  facet normal -0.000000e+00 0.000000e+00 1.000000e+00
    outer loop
      vertex   2.185300e+00 -4.494691e+01 5.000000e+01
      vertex   5.351118e+00 -4.895843e+01 5.000000e+01
      vertex   5.090122e+00 -4.471119e+01 5.000000e+01
    endloop
  endfacet
  facet normal 0.000000e+00 0.000000e+00 1.000000e+00
    outer loop
      vertex   5.090122e+00 -4.471119e+01 5.000000e+01
      vertex   5.351118e+00 -4.895843e+01 5.000000e+01
      vertex   8.384495e+00 -4.853105e+01 5.000000e+01
    endloop
  endfacet
  facet normal -0.000000e+00 0.000000e+00 1.000000e+00
    outer loop
      vertex   5.090122e+00 -4.471119e+01 5.000000e+01
      vertex   8.384495e+00 -4.853105e+01 5.000000e+01
      vertex   7.973595e+00 -4.428794e+01 5.000000e+01
    endloop
  endfacet
  facet normal 0.000000e+00 0.000000e+00 1.000000e+00
    outer loop
      vertex   7.973595e+00 -4.428794e+01 5.000000e+01
      vertex   8.384495e+00 -4.853105e+01 5.000000e+01
      vertex   1.138543e+01 -4.791591e+01 5.000000e+01
    endloop
  endfacet
  facet normal -0.000000e+00 0.000000e+00 1.000000e+00
    outer loop
      vertex   7.973595e+00 -4.428794e+01 5.000000e+01
      vertex   1.138543e+01 -4.791591e+01 5.000000e+01
      vertex   1.082362e+01 -4.367893e+01 5.000000e+01
    endloop
  endfacet
  facet normal 0.000000e+00 0.000000e+00 1.000000e+00
    outer loop
      vertex   1.082362e+01 -4.367893e+01 5.000000e+01
      vertex   1.138543e+01 -4.791591e+01 5.000000e+01
      vertex   1.434232e+01 -4.711539e+01 5.000000e+01
    endloop
  endfacet
  facet normal -0.000000e+00 0.000000e+00 1.000000e+00
    outer loop
      vertex   1.082362e+01 -4.367893e+01 5.000000e+01
      vertex   1.434232e+01 -4.711539e+01 5.000000e+01
      vertex   1.362825e+01 -4.288672e+01 5.000000e+01
    endloop
  endfacet
  facet normal 0.000000e+00 0.000000e+00 1.000000e+00
    outer loop
      vertex   1.362825e+01 -4.288672e+01 5.000000e+01
      vertex   1.434232e+01 -4.711539e+01 5.000000e+01
      vertex   1.724373e+01 -4.613260e+01 5.000000e+01
    endloop
  endfacet
  facet normal -0.000000e+00 0.000000e+00 1.000000e+00
    outer loop
      vertex   1.362825e+01 -4.288672e+01 5.000000e+01
      vertex   1.724373e+01 -4.613260e+01 5.000000e+01
      vertex   1.637572e+01 -4.191462e+01 5.000000e+01
    endloop
  endfacet
  facet normal 0.000000e+00 0.000000e+00 1.000000e+00
    outer loop
      vertex   1.637572e+01 -4.191462e+01 5.000000e+01
      vertex   1.724373e+01 -4.613260e+01 5.000000e+01
      vertex   2.007842e+01 -4.497132e+01 5.000000e+01
    endloop
  endfacet
  facet normal -0.000000e+00 0.000000e+00 1.000000e+00
    outer loop
      vertex   1.637572e+01 -4.191462e+01 5.000000e+01
      vertex   2.007842e+01 -4.497132e+01 5.000000e+01
      vertex   1.905451e+01 -4.076672e+01 5.000000e+01
    endloop
  endfacet
  facet normal 0.000000e+00 0.000000e+00 1.000000e+00
    outer loop
      vertex   1.905451e+01 -4.076672e+01 5.000000e+01
      vertex   2.007842e+01 -4.497132e+01 5.000000e+01
      vertex   2.283543e+01 -4.363606e+01 5.000000e+01
    endloop
  endfacet
  facet normal -0.000000e+00 0.000000e+00 1.000000e+00
    outer loop
      vertex   1.905451e+01 -4.076672e+01 5.000000e+01
      vertex   2.283543e+01 -4.363606e+01 5.000000e+01
      vertex   2.165337e+01 -3.944783e+01 5.000000e+01
    endloop
  endfacet
  facet normal 0.000000e+00 0.000000e+00 1.000000e+00
    outer loop
      vertex   2.165337e+01 -3.944783e+01 5.000000e+01
      vertex   2.283543e+01 -4.363606e+01 5.000000e+01
      vertex   2.550409e+01 -4.213198e+01 5.000000e+01
    endloop
  endfacet
  facet normal -0.000000e+00 0.000000e+00 1.000000e+00
    outer loop
      vertex   2.165337e+01 -3.944783e+01 5.000000e+01
      vertex   2.550409e+01 -4.213198e+01 5.000000e+01
      vertex   2.416141e+01 -3.796349e+01 5.000000e+01
    endloop
  endfacet
  facet normal 0.000000e+00 0.000000e+00 1.000000e+00
    outer loop
      vertex   2.416141e+01 -3.796349e+01 5.000000e+01
      vertex   2.550409e+01 -4.213198e+01 5.000000e+01
      vertex   2.807409e+01 -4.046490e+01 5.000000e+01
    endloop
  endfacet
  facet normal -0.000000e+00 0.000000e+00 1.000000e+00
    outer loop
      vertex   2.416141e+01 -3.796349e+01 5.000000e+01
      vertex   2.807409e+01 -4.046490e+01 5.000000e+01
      vertex   2.656811e+01 -3.631991e+01 5.000000e+01
    endloop
  endfacet
  facet normal 0.000000e+00 0.000000e+00 1.000000e+00
    outer loop
      vertex   2.656811e+01 -3.631991e+01 5.000000e+01
      vertex   2.807409e+01 -4.046490e+01 5.000000e+01
      vertex   3.053547e+01 -3.864127e+01 5.000000e+01
    endloop
  endfacet
  facet normal -0.000000e+00 0.000000e+00 1.000000e+00
    outer loop
      vertex   2.656811e+01 -3.631991e+01 5.000000e+01
      vertex   3.053547e+01 -3.864127e+01 5.000000e+01
      vertex   2.886337e+01 -3.452399e+01 5.000000e+01
    endloop
  endfacet
  facet normal 0.000000e+00 0.000000e+00 1.000000e+00
    outer loop
      vertex   2.886337e+01 -3.452399e+01 5.000000e+01
      vertex   3.053547e+01 -3.864127e+01 5.000000e+01
      vertex   3.287872e+01 -3.666814e+01 5.000000e+01
    endloop
  endfacet
  facet normal -0.000000e+00 0.000000e+00 1.000000e+00
    outer loop
      vertex   2.886337e+01 -3.452399e+01 5.000000e+01
      vertex   3.287872e+01 -3.666814e+01 5.000000e+01
      vertex   3.103757e+01 -3.258327e+01 5.000000e+01
    endloop
  endfacet
  facet normal 0.000000e+00 0.000000e+00 1.000000e+00
    outer loop
      vertex   3.103757e+01 -3.258327e+01 5.000000e+01
      vertex   3.287872e+01 -3.666814e+01 5.000000e+01
      vertex   3.509476e+01 -3.455315e+01 5.000000e+01
    endloop
  endfacet
  facet normal -0.000000e+00 0.000000e+00 1.000000e+00
    outer loop
      vertex   3.103757e+01 -3.258327e+01 5.000000e+01
      vertex   3.509476e+01 -3.455315e+01 5.000000e+01
      vertex   3.308159e+01 -3.050588e+01 5.000000e+01
    endloop
  endfacet
  facet normal 0.000000e+00 0.000000e+00 1.000000e+00
    outer loop
      vertex   3.308159e+01 -3.050588e+01 5.000000e+01
      vertex   3.509476e+01 -3.455315e+01 5.000000e+01
      vertex   3.717503e+01 -3.230448e+01 5.000000e+01
    endloop
  endfacet
  facet normal -0.000000e+00 0.000000e+00 1.000000e+00
    outer loop
      vertex   3.308159e+01 -3.050588e+01 5.000000e+01
      vertex   3.717503e+01 -3.230448e+01 5.000000e+01
      vertex   3.498685e+01 -2.830054e+01 5.000000e+01
    endloop
  endfacet
  facet normal 0.000000e+00 0.000000e+00 1.000000e+00
    outer loop
      vertex   3.498685e+01 -2.830054e+01 5.000000e+01
      vertex   3.717503e+01 -3.230448e+01 5.000000e+01
      vertex   3.911148e+01 -2.993084e+01 5.000000e+01
    endloop
  endfacet
  facet normal -0.000000e+00 0.000000e+00 1.000000e+00
    outer loop
      vertex   3.498685e+01 -2.830054e+01 5.000000e+01
      vertex   3.911148e+01 -2.993084e+01 5.000000e+01
      vertex   3.674536e+01 -2.597649e+01 5.000000e+01
    endloop
  endfacet
  facet normal 0.000000e+00 0.000000e+00 1.000000e+00
    outer loop
      vertex   3.674536e+01 -2.597649e+01 5.000000e+01
      vertex   3.911148e+01 -2.993084e+01 5.000000e+01
      vertex   4.089661e+01 -2.744139e+01 5.000000e+01
    endloop
  endfacet
  facet normal -0.000000e+00 0.000000e+00 1.000000e+00
    outer loop
      vertex   3.674536e+01 -2.597649e+01 5.000000e+01
      vertex   4.089661e+01 -2.744139e+01 5.000000e+01
      vertex   3.834976e+01 -2.354349e+01 5.000000e+01
    endloop
  endfacet
  facet normal 0.000000e+00 0.000000e+00 1.000000e+00
    outer loop
      vertex   3.834976e+01 -2.354349e+01 5.000000e+01
      vertex   4.089661e+01 -2.744139e+01 5.000000e+01
      vertex   4.252352e+01 -2.484578e+01 5.000000e+01
    endloop
  endfacet
  facet normal -0.000000e+00 0.000000e+00 1.000000e+00
    outer loop
      vertex   3.834976e+01 -2.354349e+01 5.000000e+01
      vertex   4.252352e+01 -2.484578e+01 5.000000e+01
      vertex   3.979330e+01 -2.101175e+01 5.000000e+01
    endloop
  endfacet
  facet normal 0.000000e+00 0.000000e+00 1.000000e+00
    outer loop
      vertex   3.979330e+01 -2.101175e+01 5.000000e+01
      vertex   4.252352e+01 -2.484578e+01 5.000000e+01
      vertex   4.398591e+01 -2.215405e+01 5.000000e+01
    endloop
  endfacet
  facet normal -0.000000e+00 0.000000e+00 1.000000e+00
    outer loop
      vertex   3.979330e+01 -2.101175e+01 5.000000e+01
      vertex   4.398591e+01 -2.215405e+01 5.000000e+01
      vertex   4.106993e+01 -1.839187e+01 5.000000e+01
    endloop
  endfacet
  facet normal 0.000000e+00 0.000000e+00 1.000000e+00
    outer loop
      vertex   4.106993e+01 -1.839187e+01 5.000000e+01
      vertex   4.398591e+01 -2.215405e+01 5.000000e+01
      vertex   4.527814e+01 -1.937660e+01 5.000000e+01
    endloop
  endfacet
  facet normal -0.000000e+00 0.000000e+00 1.000000e+00
    outer loop
      vertex   4.106993e+01 -1.839187e+01 5.000000e+01
      vertex   4.527814e+01 -1.937660e+01 5.000000e+01
      vertex   4.217430e+01 -1.569485e+01 5.000000e+01
    endloop
  endfacet
  facet normal 0.000000e+00 0.000000e+00 1.000000e+00
    outer loop
      vertex   4.217430e+01 -1.569485e+01 5.000000e+01
      vertex   4.527814e+01 -1.937660e+01 5.000000e+01
      vertex   4.639519e+01 -1.652420e+01 5.000000e+01
    endloop
  endfacet
  facet normal -0.000000e+00 0.000000e+00 1.000000e+00
    outer loop
      vertex   4.217430e+01 -1.569485e+01 5.000000e+01
      vertex   4.639519e+01 -1.652420e+01 5.000000e+01
      vertex   4.310178e+01 -1.293200e+01 5.000000e+01
    endloop
  endfacet
  facet normal 0.000000e+00 0.000000e+00 1.000000e+00
    outer loop
      vertex   4.310178e+01 -1.293200e+01 5.000000e+01
      vertex   4.639519e+01 -1.652420e+01 5.000000e+01
      vertex   4.733274e+01 -1.360786e+01 5.000000e+01
    endloop
  endfacet
  facet normal -0.000000e+00 0.000000e+00 1.000000e+00
    outer loop
      vertex   4.310178e+01 -1.293200e+01 5.000000e+01
      vertex   4.733274e+01 -1.360786e+01 5.000000e+01
      vertex   4.384847e+01 -1.011491e+01 5.000000e+01
    endloop
  endfacet
  facet normal 0.000000e+00 0.000000e+00 1.000000e+00
    outer loop
      vertex   4.384847e+01 -1.011491e+01 5.000000e+01
      vertex   4.733274e+01 -1.360786e+01 5.000000e+01
      vertex   4.808718e+01 -1.063888e+01 5.000000e+01
    endloop
  endfacet
  facet normal -0.000000e+00 0.000000e+00 1.000000e+00
    outer loop
      vertex   4.384847e+01 -1.011491e+01 5.000000e+01
      vertex   4.808718e+01 -1.063888e+01 5.000000e+01
      vertex   4.441125e+01 -7.255391e+00 5.000000e+01
    endloop
  endfacet
  facet normal 0.000000e+00 0.000000e+00 1.000000e+00
    outer loop
      vertex   4.441125e+01 -7.255391e+00 5.000000e+01
      vertex   4.808718e+01 -1.063888e+01 5.000000e+01
      vertex   4.865557e+01 -7.628735e+00 5.000000e+01
    endloop
  endfacet
  facet normal -0.000000e+00 0.000000e+00 1.000000e+00
    outer loop
      vertex   4.441125e+01 -7.255391e+00 5.000000e+01
      vertex   4.865557e+01 -7.628735e+00 5.000000e+01
      vertex   4.478775e+01 -4.365443e+00 5.000000e+01
    endloop
  endfacet
  facet normal 0.000000e+00 0.000000e+00 1.000000e+00
    outer loop
      vertex   4.478775e+01 -4.365443e+00 5.000000e+01
      vertex   4.865557e+01 -7.628735e+00 5.000000e+01
      vertex   4.903573e+01 -4.589079e+00 5.000000e+01
    endloop
  endfacet
  facet normal -0.000000e+00 0.000000e+00 1.000000e+00
    outer loop
      vertex   4.478775e+01 -4.365443e+00 5.000000e+01
      vertex   4.903573e+01 -4.589079e+00 5.000000e+01
      vertex   4.497640e+01 -1.457185e+00 5.000000e+01
    endloop
  endfacet
  facet normal 0.000000e+00 0.000000e+00 1.000000e+00
    outer loop
      vertex   4.497640e+01 -1.457185e+00 5.000000e+01
      vertex   4.903573e+01 -4.589079e+00 5.000000e+01
      vertex   4.922618e+01 -1.531668e+00 5.000000e+01
    endloop
  endfacet
  facet normal -0.000000e+00 0.000000e+00 1.000000e+00
    outer loop
      vertex   4.497640e+01 -1.457185e+00 5.000000e+01
      vertex   4.922618e+01 -1.531668e+00 5.000000e+01
      vertex   4.497640e+01 1.457185e+00 5.000000e+01
    endloop
  endfacet
  facet normal -0.000000e+00 0.000000e+00 1.000000e+00
    outer loop
      vertex   4.497640e+01 1.457185e+00 5.000000e+01
      vertex   4.922618e+01 -1.531668e+00 5.000000e+01
      vertex   4.922618e+01 1.531668e+00 5.000000e+01
    endloop
  endfacet
  facet normal 0.000000e+00 0.000000e+00 1.000000e+00
    outer loop
      vertex   4.497640e+01 1.457185e+00 5.000000e+01
      vertex   4.922618e+01 1.531668e+00 5.000000e+01
      vertex   4.903573e+01 4.589079e+00 5.000000e+01
    endloop
  endfacet
  facet normal 0.000000e+00 -0.000000e+00 1.000000e+00
    outer loop
      vertex   4.497640e+01 1.457185e+00 5.000000e+01
      vertex   4.903573e+01 4.589079e+00 5.000000e+01
      vertex   4.478775e+01 4.365443e+00 5.000000e+01
    endloop
  endfacet
  facet normal 0.000000e+00 0.000000e+00 1.000000e+00
    outer loop
      vertex   4.478775e+01 4.365443e+00 5.000000e+01
      vertex   4.903573e+01 4.589079e+00 5.000000e+01
      vertex   4.865557e+01 7.628735e+00 5.000000e+01
    endloop
  endfacet
  facet normal 0.000000e+00 -0.000000e+00 1.000000e+00
    outer loop
      vertex   4.478775e+01 4.365443e+00 5.000000e+01
      vertex   4.865557e+01 7.628735e+00 5.000000e+01
      vertex   4.441125e+01 7.255391e+00 5.000000e+01
    endloop
  endfacet
  facet normal 0.000000e+00 0.000000e+00 1.000000e+00
    outer loop
      vertex   4.441125e+01 7.255391e+00 5.000000e+01
      vertex   4.865557e+01 7.628735e+00 5.000000e+01
      vertex   4.808718e+01 1.063888e+01 5.000000e+01
    endloop
  endfacet
  facet normal 0.000000e+00 -0.000000e+00 1.000000e+00
    outer loop
      vertex   4.441125e+01 7.255391e+00 5.000000e+01
      vertex   4.808718e+01 1.063888e+01 5.000000e+01
      vertex   4.384847e+01 1.011491e+01 5.000000e+01
    endloop
  endfacet
  facet normal 0.000000e+00 0.000000e+00 1.000000e+00
    outer loop
      vertex   4.384847e+01 1.011491e+01 5.000000e+01
      vertex   4.808718e+01 1.063888e+01 5.000000e+01
      vertex   4.733274e+01 1.360786e+01 5.000000e+01
    endloop
  endfacet
  facet normal 0.000000e+00 -0.000000e+00 1.000000e+00
    outer loop
      vertex   4.384847e+01 1.011491e+01 5.000000e+01
      vertex   4.733274e+01 1.360786e+01 5.000000e+01
      vertex   4.310178e+01 1.293200e+01 5.000000e+01
    endloop
  endfacet
  facet normal 0.000000e+00 0.000000e+00 1.000000e+00
    outer loop
      vertex   4.310178e+01 1.293200e+01 5.000000e+01
      vertex   4.733274e+01 1.360786e+01 5.000000e+01
      vertex   4.639519e+01 1.652420e+01 5.000000e+01
    endloop
  endfacet
  facet normal 0.000000e+00 -0.000000e+00 1.000000e+00
    outer loop
      vertex   4.310178e+01 1.293200e+01 5.000000e+01
      vertex   4.639519e+01 1.652420e+01 5.000000e+01
      vertex   4.217430e+01 1.569485e+01 5.000000e+01
    endloop
  endfacet
  facet normal 0.000000e+00 0.000000e+00 1.000000e+00
    outer loop
      vertex   4.217430e+01 1.569485e+01 5.000000e+01
      vertex   4.639519e+01 1.652420e+01 5.000000e+01
      vertex   4.527814e+01 1.937660e+01 5.000000e+01
    endloop
  endfacet
  facet normal 0.000000e+00 -0.000000e+00 1.000000e+00
    outer loop
      vertex   4.217430e+01 1.569485e+01 5.000000e+01
      vertex   4.527814e+01 1.937660e+01 5.000000e+01
      vertex   4.106993e+01 1.839187e+01 5.000000e+01
    endloop
  endfacet
  facet normal 0.000000e+00 0.000000e+00 1.000000e+00
    outer loop
      vertex   4.106993e+01 1.839187e+01 5.000000e+01
      vertex   4.527814e+01 1.937660e+01 5.000000e+01
      vertex   4.398591e+01 2.215405e+01 5.000000e+01
    endloop
  endfacet
  facet normal 0.000000e+00 -0.000000e+00 1.000000e+00
    outer loop
      vertex   4.106993e+01 1.839187e+01 5.000000e+01
      vertex   4.398591e+01 2.215405e+01 5.000000e+01
      vertex   3.979330e+01 2.101175e+01 5.000000e+01
    endloop
  endfacet
  facet normal 0.000000e+00 0.000000e+00 1.000000e+00
    outer loop
      vertex   3.979330e+01 2.101175e+01 5.000000e+01
      vertex   4.398591e+01 2.215405e+01 5.000000e+01
      vertex   4.252352e+01 2.484578e+01 5.000000e+01
    endloop
  endfacet
  facet normal 0.000000e+00 -0.000000e+00 1.000000e+00
    outer loop
      vertex   3.979330e+01 2.101175e+01 5.000000e+01
      vertex   4.252352e+01 2.484578e+01 5.000000e+01
      vertex   3.834976e+01 2.354349e+01 5.000000e+01
    endloop
  endfacet
  facet normal 0.000000e+00 0.000000e+00 1.000000e+00
    outer loop
      vertex   3.834976e+01 2.354349e+01 5.000000e+01
      vertex   4.252352e+01 2.484578e+01 5.000000e+01
      vertex   4.089661e+01 2.744139e+01 5.000000e+01
    endloop
  endfacet
  facet normal 0.000000e+00 -0.000000e+00 1.000000e+00
    outer loop
      vertex   3.834976e+01 2.354349e+01 5.000000e+01
      vertex   4.089661e+01 2.744139e+01 5.000000e+01
      vertex   3.674536e+01 2.597649e+01 5.000000e+01
    endloop
  endfacet
  facet normal 0.000000e+00 0.000000e+00 1.000000e+00
    outer loop
      vertex   3.674536e+01 2.597649e+01 5.000000e+01
      vertex   4.089661e+01 2.744139e+01 5.000000e+01
      vertex   3.911148e+01 2.993084e+01 5.000000e+01
    endloop
  endfacet
  facet normal 0.000000e+00 -0.000000e+00 1.000000e+00
    outer loop
      vertex   3.674536e+01 2.597649e+01 5.000000e+01
      vertex   3.911148e+01 2.993084e+01 5.000000e+01
      vertex   3.498685e+01 2.830054e+01 5.000000e+01
    endloop
  endfacet
  facet normal 0.000000e+00 0.000000e+00 1.000000e+00
    outer loop
      vertex   3.498685e+01 2.830054e+01 5.000000e+01
      vertex   3.911148e+01 2.993084e+01 5.000000e+01
      vertex   3.717503e+01 3.230448e+01 5.000000e+01
    endloop
  endfacet
  facet normal 0.000000e+00 -0.000000e+00 1.000000e+00
    outer loop
      vertex   3.498685e+01 2.830054e+01 5.000000e+01
      vertex   3.717503e+01 3.230448e+01 5.000000e+01
      vertex   3.308159e+01 3.050588e+01 5.000000e+01
    endloop
  endfacet
  facet normal 0.000000e+00 0.000000e+00 1.000000e+00
    outer loop
      vertex   3.308159e+01 3.050588e+01 5.000000e+01
      vertex   3.717503e+01 3.230448e+01 5.000000e+01
      vertex   3.509476e+01 3.455315e+01 5.000000e+01
    endloop
  endfacet
  facet normal 0.000000e+00 -0.000000e+00 1.000000e+00
    outer loop
      vertex   3.308159e+01 3.050588e+01 5.000000e+01
      vertex   3.509476e+01 3.455315e+01 5.000000e+01
      vertex   3.103757e+01 3.258327e+01 5.000000e+01
    endloop
  endfacet
  facet normal 0.000000e+00 0.000000e+00 1.000000e+00
    outer loop
      vertex   3.103757e+01 3.258327e+01 5.000000e+01
      vertex   3.509476e+01 3.455315e+01 5.000000e+01
      vertex   3.287872e+01 3.666814e+01 5.000000e+01
    endloop
  endfacet
  facet normal 0.000000e+00 -0.000000e+00 1.000000e+00
    outer loop
      vertex   3.103757e+01 3.258327e+01 5.000000e+01
      vertex   3.287872e+01 3.666814e+01 5.000000e+01
      vertex   2.886337e+01 3.452399e+01 5.000000e+01
    endloop
  endfacet
  facet normal 0.000000e+00 0.000000e+00 1.000000e+00
    outer loop
      vertex   2.886337e+01 3.452399e+01 5.000000e+01
      vertex   3.287872e+01 3.666814e+01 5.000000e+01
      vertex   3.053547e+01 3.864127e+01 5.000000e+01
    endloop
  endfacet
  facet normal 0.000000e+00 -0.000000e+00 1.000000e+00
    outer loop
      vertex   2.886337e+01 3.452399e+01 5.000000e+01
      vertex   3.053547e+01 3.864127e+01 5.000000e+01
      vertex   2.656811e+01 3.631991e+01 5.000000e+01
    endloop
  endfacet
  facet normal 0.000000e+00 0.000000e+00 1.000000e+00
    outer loop
      vertex   2.656811e+01 3.631991e+01 5.000000e+01
      vertex   3.053547e+01 3.864127e+01 5.000000e+01
      vertex   2.807409e+01 4.046490e+01 5.000000e+01
    endloop
  endfacet
  facet normal 0.000000e+00 -0.000000e+00 1.000000e+00
    outer loop
      vertex   2.656811e+01 3.631991e+01 5.000000e+01
      vertex   2.807409e+01 4.046490e+01 5.000000e+01
      vertex   2.416141e+01 3.796349e+01 5.000000e+01
    endloop
  endfacet
  facet normal 0.000000e+00 0.000000e+00 1.000000e+00
    outer loop
      vertex   2.416141e+01 3.796349e+01 5.000000e+01
      vertex   2.807409e+01 4.046490e+01 5.000000e+01
      vertex   2.550409e+01 4.213198e+01 5.000000e+01
    endloop
  endfacet
  facet normal 0.000000e+00 -0.000000e+00 1.000000e+00
    outer loop
      vertex   2.416141e+01 3.796349e+01 5.000000e+01
      vertex   2.550409e+01 4.213198e+01 5.000000e+01
      vertex   2.165337e+01 3.944783e+01 5.000000e+01
    endloop
  endfacet
  facet normal 0.000000e+00 0.000000e+00 1.000000e+00
    outer loop
      vertex   2.165337e+01 3.944783e+01 5.000000e+01
      vertex   2.550409e+01 4.213198e+01 5.000000e+01
      vertex   2.283543e+01 4.363606e+01 5.000000e+01
    endloop
  endfacet
  facet normal 0.000000e+00 -0.000000e+00 1.000000e+00
    outer loop
      vertex   2.165337e+01 3.944783e+01 5.000000e+01
      vertex   2.283543e+01 4.363606e+01 5.000000e+01
      vertex   1.905451e+01 4.076672e+01 5.000000e+01
    endloop
  endfacet
  facet normal 0.000000e+00 0.000000e+00 1.000000e+00
    outer loop
      vertex   1.905451e+01 4.076672e+01 5.000000e+01
      vertex   2.283543e+01 4.363606e+01 5.000000e+01
      vertex   2.007842e+01 4.497132e+01 5.000000e+01
    endloop
  endfacet
  facet normal 0.000000e+00 -0.000000e+00 1.000000e+00
    outer loop
      vertex   1.905451e+01 4.076672e+01 5.000000e+01
      vertex   2.007842e+01 4.497132e+01 5.000000e+01
      vertex   1.637572e+01 4.191462e+01 5.000000e+01
    endloop
  endfacet
  facet normal 0.000000e+00 0.000000e+00 1.000000e+00
    outer loop
      vertex   1.637572e+01 4.191462e+01 5.000000e+01
      vertex   2.007842e+01 4.497132e+01 5.000000e+01
      vertex   1.724373e+01 4.613260e+01 5.000000e+01
    endloop
  endfacet
  facet normal 0.000000e+00 -0.000000e+00 1.000000e+00
    outer loop
      vertex   1.637572e+01 4.191462e+01 5.000000e+01
      vertex   1.724373e+01 4.613260e+01 5.000000e+01
      vertex   1.362825e+01 4.288672e+01 5.000000e+01
    endloop
  endfacet
  facet normal 0.000000e+00 0.000000e+00 1.000000e+00
    outer loop
      vertex   1.362825e+01 4.288672e+01 5.000000e+01
      vertex   1.724373e+01 4.613260e+01 5.000000e+01
      vertex   1.434232e+01 4.711539e+01 5.000000e+01
    endloop
  endfacet
  facet normal 0.000000e+00 -0.000000e+00 1.000000e+00
    outer loop
      vertex   1.362825e+01 4.288672e+01 5.000000e+01
      vertex   1.434232e+01 4.711539e+01 5.000000e+01
      vertex   1.082362e+01 4.367893e+01 5.000000e+01
    endloop
  endfacet
  facet normal 0.000000e+00 0.000000e+00 1.000000e+00
    outer loop
      vertex   1.082362e+01 4.367893e+01 5.000000e+01
      vertex   1.434232e+01 4.711539e+01 5.000000e+01
      vertex   1.138543e+01 4.791591e+01 5.000000e+01
    endloop
  endfacet
  facet normal 0.000000e+00 -0.000000e+00 1.000000e+00
    outer loop
      vertex   1.082362e+01 4.367893e+01 5.000000e+01
      vertex   1.138543e+01 4.791591e+01 5.000000e+01
      vertex   7.973595e+00 4.428794e+01 5.000000e+01
    endloop
  endfacet
  facet normal 0.000000e+00 0.000000e+00 1.000000e+00
    outer loop
      vertex   7.973595e+00 4.428794e+01 5.000000e+01
      vertex   1.138543e+01 4.791591e+01 5.000000e+01
      vertex   8.384495e+00 4.853105e+01 5.000000e+01
    endloop
  endfacet
  facet normal 0.000000e+00 -0.000000e+00 1.000000e+00
    outer loop
      vertex   7.973595e+00 4.428794e+01 5.000000e+01
      vertex   8.384495e+00 4.853105e+01 5.000000e+01
      vertex   5.090122e+00 4.471119e+01 5.000000e+01
    endloop
  endfacet
  facet normal 0.000000e+00 0.000000e+00 1.000000e+00
    outer loop
      vertex   5.090122e+00 4.471119e+01 5.000000e+01
      vertex   8.384495e+00 4.853105e+01 5.000000e+01
      vertex   5.351118e+00 4.895843e+01 5.000000e+01
    endloop
  endfacet
  facet normal 0.000000e+00 -0.000000e+00 1.000000e+00
    outer loop
      vertex   5.090122e+00 4.471119e+01 5.000000e+01
      vertex   5.351118e+00 4.895843e+01 5.000000e+01
      vertex   2.185300e+00 4.494691e+01 5.000000e+01
    endloop
  endfacet
  facet normal 0.000000e+00 0.000000e+00 1.000000e+00
    outer loop
      vertex   2.185300e+00 4.494691e+01 5.000000e+01
      vertex   5.351118e+00 4.895843e+01 5.000000e+01
      vertex   2.297039e+00 4.919640e+01 5.000000e+01
    endloop
  endfacet
  facet normal 0.000000e+00 -0.000000e+00 1.000000e+00
    outer loop
      vertex   2.185300e+00 4.494691e+01 5.000000e+01
      vertex   2.297039e+00 4.919640e+01 5.000000e+01
      vertex   -7.286881e-01 4.499410e+01 5.000000e+01
    endloop
  endfacet
  facet normal 0.000000e+00 -0.000000e+00 1.000000e+00
    outer loop
      vertex   -7.286881e-01 4.499410e+01 5.000000e+01
      vertex   2.297039e+00 4.919640e+01 5.000000e+01
      vertex   -7.659267e-01 4.924404e+01 5.000000e+01
    endloop
  endfacet
  facet normal 0.000000e+00 0.000000e+00 1.000000e+00
    outer loop
      vertex   -7.286881e-01 4.499410e+01 5.000000e+01
      vertex   -7.659267e-01 4.924404e+01 5.000000e+01
      vertex   -3.825929e+00 4.910117e+01 5.000000e+01
    endloop
  endfacet
  facet normal 0.000000e+00 0.000000e+00 1.000000e+00
    outer loop
      vertex   -7.286881e-01 4.499410e+01 5.000000e+01
      vertex   -3.825929e+00 4.910117e+01 5.000000e+01
      vertex   -3.639620e+00 4.485257e+01 5.000000e+01
    endloop
  endfacet
  facet normal 0.000000e+00 0.000000e+00 1.000000e+00
    outer loop
      vertex   -3.639620e+00 4.485257e+01 5.000000e+01
      vertex   -3.825929e+00 4.910117e+01 5.000000e+01
      vertex   -6.871130e+00 4.876833e+01 5.000000e+01
    endloop
  endfacet
  facet normal 0.000000e+00 0.000000e+00 1.000000e+00
    outer loop
      vertex   -3.639620e+00 4.485257e+01 5.000000e+01
      vertex   -6.871130e+00 4.876833e+01 5.000000e+01
      vertex   -6.535286e+00 4.452292e+01 5.000000e+01
    endloop
  endfacet
  facet normal 0.000000e+00 0.000000e+00 1.000000e+00
    outer loop
      vertex   -6.535286e+00 4.452292e+01 5.000000e+01
      vertex   -6.871130e+00 4.876833e+01 5.000000e+01
      vertex   -9.889748e+00 4.824682e+01 5.000000e+01
    endloop
  endfacet
  facet normal 0.000000e+00 0.000000e+00 1.000000e+00
    outer loop
      vertex   -6.535286e+00 4.452292e+01 5.000000e+01
      vertex   -9.889748e+00 4.824682e+01 5.000000e+01
      vertex   -9.403540e+00 4.400652e+01 5.000000e+01
    endloop
  endfacet
  facet normal 0.000000e+00 0.000000e+00 1.000000e+00
    outer loop
      vertex   -9.403540e+00 4.400652e+01 5.000000e+01
      vertex   -9.889748e+00 4.824682e+01 5.000000e+01
      vertex   -1.287010e+01 4.753865e+01 5.000000e+01
    endloop
  endfacet
  facet normal 0.000000e+00 0.000000e+00 1.000000e+00
    outer loop
      vertex   -9.403540e+00 4.400652e+01 5.000000e+01
      vertex   -1.287010e+01 4.753865e+01 5.000000e+01
      vertex   -1.223235e+01 4.330554e+01 5.000000e+01
    endloop
  endfacet
  facet normal 0.000000e+00 0.000000e+00 1.000000e+00
    outer loop
      vertex   -1.223235e+01 4.330554e+01 5.000000e+01
      vertex   -1.287010e+01 4.753865e+01 5.000000e+01
      vertex   -1.580067e+01 4.664656e+01 5.000000e+01
    endloop
  endfacet
  facet normal 0.000000e+00 0.000000e+00 1.000000e+00
    outer loop
      vertex   -1.223235e+01 4.330554e+01 5.000000e+01
      vertex   -1.580067e+01 4.664656e+01 5.000000e+01
      vertex   -1.500986e+01 4.242292e+01 5.000000e+01
    endloop
  endfacet
  facet normal 0.000000e+00 0.000000e+00 1.000000e+00
    outer loop
      vertex   -1.500986e+01 4.242292e+01 5.000000e+01
      vertex   -1.580067e+01 4.664656e+01 5.000000e+01
      vertex   -1.867010e+01 4.557400e+01 5.000000e+01
    endloop
  endfacet
  facet normal 0.000000e+00 0.000000e+00 1.000000e+00
    outer loop
      vertex   -1.500986e+01 4.242292e+01 5.000000e+01
      vertex   -1.867010e+01 4.557400e+01 5.000000e+01
      vertex   -1.772441e+01 4.136237e+01 5.000000e+01
    endloop
  endfacet
  facet normal 0.000000e+00 0.000000e+00 1.000000e+00
    outer loop
      vertex   -1.772441e+01 4.136237e+01 5.000000e+01
      vertex   -1.867010e+01 4.557400e+01 5.000000e+01
      vertex   -2.146731e+01 4.432513e+01 5.000000e+01
    endloop
  endfacet
  facet normal 0.000000e+00 0.000000e+00 1.000000e+00
    outer loop
      vertex   -1.772441e+01 4.136237e+01 5.000000e+01
      vertex   -2.146731e+01 4.432513e+01 5.000000e+01
      vertex   -2.036462e+01 4.012832e+01 5.000000e+01
    endloop
  endfacet
  facet normal 0.000000e+00 0.000000e+00 1.000000e+00
    outer loop
      vertex   -2.036462e+01 4.012832e+01 5.000000e+01
      vertex   -2.146731e+01 4.432513e+01 5.000000e+01
      vertex   -2.418146e+01 4.290477e+01 5.000000e+01
    endloop
  endfacet
  facet normal 0.000000e+00 0.000000e+00 1.000000e+00
    outer loop
      vertex   -2.036462e+01 4.012832e+01 5.000000e+01
      vertex   -2.418146e+01 4.290477e+01 5.000000e+01
      vertex   -2.291941e+01 3.872597e+01 5.000000e+01
    endloop
  endfacet
  facet normal 0.000000e+00 0.000000e+00 1.000000e+00
    outer loop
      vertex   -2.291941e+01 3.872597e+01 5.000000e+01
      vertex   -2.418146e+01 4.290477e+01 5.000000e+01
      vertex   -2.680206e+01 4.131843e+01 5.000000e+01
    endloop
  endfacet
  facet normal 0.000000e+00 0.000000e+00 1.000000e+00
    outer loop
      vertex   -2.291941e+01 3.872597e+01 5.000000e+01
      vertex   -2.680206e+01 4.131843e+01 5.000000e+01
      vertex   -2.537807e+01 3.716119e+01 5.000000e+01
    endloop
  endfacet
  facet normal 0.000000e+00 0.000000e+00 1.000000e+00
    outer loop
      vertex   -2.537807e+01 3.716119e+01 5.000000e+01
      vertex   -2.680206e+01 4.131843e+01 5.000000e+01
      vertex   -2.931896e+01 3.957223e+01 5.000000e+01
    endloop
  endfacet
  facet normal 0.000000e+00 0.000000e+00 1.000000e+00
    outer loop
      vertex   -2.537807e+01 3.716119e+01 5.000000e+01
      vertex   -2.931896e+01 3.957223e+01 5.000000e+01
      vertex   -2.773028e+01 3.544053e+01 5.000000e+01
    endloop
  endfacet
  facet normal 0.000000e+00 0.000000e+00 1.000000e+00
    outer loop
      vertex   -2.773028e+01 3.544053e+01 5.000000e+01
      vertex   -2.931896e+01 3.957223e+01 5.000000e+01
      vertex   -3.172244e+01 3.767293e+01 5.000000e+01
    endloop
  endfacet
  facet normal 0.000000e+00 0.000000e+00 1.000000e+00
    outer loop
      vertex   -2.773028e+01 3.544053e+01 5.000000e+01
      vertex   -3.172244e+01 3.767293e+01 5.000000e+01
      vertex   -2.996619e+01 3.357123e+01 5.000000e+01
    endloop
  endfacet
  facet normal 0.000000e+00 0.000000e+00 1.000000e+00
    outer loop
      vertex   -2.996619e+01 3.357123e+01 5.000000e+01
      vertex   -3.172244e+01 3.767293e+01 5.000000e+01
      vertex   -3.400319e+01 3.562788e+01 5.000000e+01
    endloop
  endfacet
  facet normal 0.000000e+00 0.000000e+00 1.000000e+00
    outer loop
      vertex   -2.996619e+01 3.357123e+01 5.000000e+01
      vertex   -3.400319e+01 3.562788e+01 5.000000e+01
      vertex   -3.207640e+01 3.156112e+01 5.000000e+01
    endloop
  endfacet
  facet normal 0.000000e+00 0.000000e+00 1.000000e+00
    outer loop
      vertex   -3.207640e+01 3.156112e+01 5.000000e+01
      vertex   -3.400319e+01 3.562788e+01 5.000000e+01
      vertex   -3.615238e+01 3.344500e+01 5.000000e+01
    endloop
  endfacet
  facet normal 0.000000e+00 0.000000e+00 1.000000e+00
    outer loop
      vertex   -3.207640e+01 3.156112e+01 5.000000e+01
      vertex   -3.615238e+01 3.344500e+01 5.000000e+01
      vertex   -3.405208e+01 2.941863e+01 5.000000e+01
    endloop
  endfacet
  facet normal 0.000000e+00 0.000000e+00 1.000000e+00
    outer loop
      vertex   -3.405208e+01 2.941863e+01 5.000000e+01
      vertex   -3.615238e+01 3.344500e+01 5.000000e+01
      vertex   -3.816171e+01 3.113272e+01 5.000000e+01
    endloop
  endfacet
  facet normal 0.000000e+00 0.000000e+00 1.000000e+00
    outer loop
      vertex   -3.405208e+01 2.941863e+01 5.000000e+01
      vertex   -3.816171e+01 3.113272e+01 5.000000e+01
      vertex   -3.588493e+01 2.715275e+01 5.000000e+01
    endloop
  endfacet
  facet normal 0.000000e+00 0.000000e+00 1.000000e+00
    outer loop
      vertex   -3.588493e+01 2.715275e+01 5.000000e+01
      vertex   -3.816171e+01 3.113272e+01 5.000000e+01
      vertex   -4.002340e+01 2.870000e+01 5.000000e+01
    endloop
  endfacet
  facet normal 0.000000e+00 0.000000e+00 1.000000e+00
    outer loop
      vertex   -3.588493e+01 2.715275e+01 5.000000e+01
      vertex   -4.002340e+01 2.870000e+01 5.000000e+01
      vertex   -3.756726e+01 2.477299e+01 5.000000e+01
    endloop
  endfacet
  facet normal 0.000000e+00 0.000000e+00 1.000000e+00
    outer loop
      vertex   -3.756726e+01 2.477299e+01 5.000000e+01
      vertex   -4.002340e+01 2.870000e+01 5.000000e+01
      vertex   -4.173025e+01 2.615624e+01 5.000000e+01
    endloop
  endfacet
  facet normal 0.000000e+00 0.000000e+00 1.000000e+00
    outer loop
      vertex   -3.756726e+01 2.477299e+01 5.000000e+01
      vertex   -4.173025e+01 2.615624e+01 5.000000e+01
      vertex   -3.909203e+01 2.228931e+01 5.000000e+01
    endloop
  endfacet
  facet normal 0.000000e+00 0.000000e+00 1.000000e+00
    outer loop
      vertex   -3.909203e+01 2.228931e+01 5.000000e+01
      vertex   -4.173025e+01 2.615624e+01 5.000000e+01
      vertex   -4.327565e+01 2.351129e+01 5.000000e+01
    endloop
  endfacet
  facet normal 0.000000e+00 0.000000e+00 1.000000e+00
    outer loop
      vertex   -3.909203e+01 2.228931e+01 5.000000e+01
      vertex   -4.327565e+01 2.351129e+01 5.000000e+01
      vertex   -4.045283e+01 1.971215e+01 5.000000e+01
    endloop
  endfacet
  facet normal 0.000000e+00 0.000000e+00 1.000000e+00
    outer loop
      vertex   -4.045283e+01 1.971215e+01 5.000000e+01
      vertex   -4.327565e+01 2.351129e+01 5.000000e+01
      vertex   -4.465363e+01 2.077538e+01 5.000000e+01
    endloop
  endfacet
  facet normal 0.000000e+00 0.000000e+00 1.000000e+00
    outer loop
      vertex   -4.045283e+01 1.971215e+01 5.000000e+01
      vertex   -4.465363e+01 2.077538e+01 5.000000e+01
      vertex   -4.164396e+01 1.705230e+01 5.000000e+01
    endloop
  endfacet
  facet normal 0.000000e+00 0.000000e+00 1.000000e+00
    outer loop
      vertex   -4.164396e+01 1.705230e+01 5.000000e+01
      vertex   -4.465363e+01 2.077538e+01 5.000000e+01
      vertex   -4.585885e+01 1.795909e+01 5.000000e+01
    endloop
  endfacet
  facet normal 0.000000e+00 0.000000e+00 1.000000e+00
    outer loop
      vertex   -4.164396e+01 1.705230e+01 5.000000e+01
      vertex   -4.585885e+01 1.795909e+01 5.000000e+01
      vertex   -4.266041e+01 1.432093e+01 5.000000e+01
    endloop
  endfacet
  facet normal 0.000000e+00 0.000000e+00 1.000000e+00
    outer loop
      vertex   -4.266041e+01 1.432093e+01 5.000000e+01
      vertex   -4.585885e+01 1.795909e+01 5.000000e+01
      vertex   -4.688665e+01 1.507332e+01 5.000000e+01
    endloop
  endfacet
  facet normal 0.000000e+00 0.000000e+00 1.000000e+00
    outer loop
      vertex   -4.266041e+01 1.432093e+01 5.000000e+01
      vertex   -4.688665e+01 1.507332e+01 5.000000e+01
      vertex   -4.349794e+01 1.152950e+01 5.000000e+01
    endloop
  endfacet
  facet normal 0.000000e+00 0.000000e+00 1.000000e+00
    outer loop
      vertex   -4.349794e+01 1.152950e+01 5.000000e+01
      vertex   -4.688665e+01 1.507332e+01 5.000000e+01
      vertex   -4.773305e+01 1.212924e+01 5.000000e+01
    endloop
  endfacet
  facet normal 0.000000e+00 0.000000e+00 1.000000e+00
    outer loop
      vertex   -4.349794e+01 1.152950e+01 5.000000e+01
      vertex   -4.773305e+01 1.212924e+01 5.000000e+01
      vertex   -4.415302e+01 8.689707e+00 5.000000e+01
    endloop
  endfacet
  facet normal 0.000000e+00 0.000000e+00 1.000000e+00
    outer loop
      vertex   -4.415302e+01 8.689707e+00 5.000000e+01
      vertex   -4.773305e+01 1.212924e+01 5.000000e+01
      vertex   -4.839479e+01 9.138227e+00 5.000000e+01
    endloop
  endfacet
  facet normal 0.000000e+00 0.000000e+00 1.000000e+00
    outer loop
      vertex   -4.415302e+01 8.689707e+00 5.000000e+01
      vertex   -4.839479e+01 9.138227e+00 5.000000e+01
      vertex   -4.462290e+01 5.813466e+00 5.000000e+01
    endloop
  endfacet
  facet normal 0.000000e+00 0.000000e+00 1.000000e+00
    outer loop
      vertex   -4.462290e+01 5.813466e+00 5.000000e+01
      vertex   -4.839479e+01 9.138227e+00 5.000000e+01
      vertex   -4.886929e+01 6.111864e+00 5.000000e+01
    endloop
  endfacet
  facet normal 0.000000e+00 0.000000e+00 1.000000e+00
    outer loop
      vertex   -4.462290e+01 5.813466e+00 5.000000e+01
      vertex   -4.886929e+01 6.111864e+00 5.000000e+01
      vertex   -4.490563e+01 2.912842e+00 5.000000e+01
    endloop
  endfacet
  facet normal 0.000000e+00 0.000000e+00 1.000000e+00
    outer loop
      vertex   -4.490563e+01 2.912842e+00 5.000000e+01
      vertex   -4.886929e+01 6.111864e+00 5.000000e+01
      vertex   -4.915473e+01 3.061855e+00 5.000000e+01
    endloop
  endfacet
  facet normal 0.000000e+00 0.000000e+00 1.000000e+00
    outer loop
      vertex   -4.490563e+01 2.912842e+00 5.000000e+01
      vertex   -4.915473e+01 3.061855e+00 5.000000e+01
      vertex   -4.500000e+01 -5.510911e-15 5.000000e+01
    endloop
  endfacet
  facet normal 0.000000e+00 0.000000e+00 -1.000000e+00
    outer loop
      vertex   -4.970555e+01 -3.065733e+00 0.000000e+00
      vertex   -4.980000e+01 -6.098741e-15 0.000000e+00
      vertex   -4.500000e+01 -5.510911e-15 0.000000e+00
    endloop
  endfacet
  facet normal -0.000000e+00 0.000000e+00 -1.000000e+00
    outer loop
      vertex   -4.500000e+01 -5.510911e-15 0.000000e+00
      vertex   -4.980000e+01 -6.098741e-15 0.000000e+00
      vertex   -4.970555e+01 3.065733e+00 0.000000e+00
    endloop
  endfacet
  facet normal 0.000000e+00 0.000000e+00 -1.000000e+00
    outer loop
      vertex   -4.500000e+01 -5.510911e-15 0.000000e+00
      vertex   -4.970555e+01 3.065733e+00 0.000000e+00
      vertex   -4.490563e+01 2.912842e+00 0.000000e+00
    endloop
  endfacet
  facet normal 0.000000e+00 0.000000e+00 -1.000000e+00
    outer loop
      vertex   -4.490563e+01 2.912842e+00 0.000000e+00
      vertex   -4.970555e+01 3.065733e+00 0.000000e+00
      vertex   -4.942254e+01 6.119837e+00 0.000000e+00
    endloop
  endfacet
  facet normal 0.000000e+00 0.000000e+00 -1.000000e+00
    outer loop
      vertex   -4.490563e+01 2.912842e+00 0.000000e+00
      vertex   -4.942254e+01 6.119837e+00 0.000000e+00
      vertex   -4.462290e+01 5.813466e+00 0.000000e+00
    endloop
  endfacet
  facet normal 0.000000e+00 0.000000e+00 -1.000000e+00
    outer loop
      vertex   -4.462290e+01 5.813466e+00 0.000000e+00
      vertex   -4.942254e+01 6.119837e+00 0.000000e+00
      vertex   -4.895206e+01 9.150726e+00 0.000000e+00
    endloop
  endfacet
  facet normal 0.000000e+00 0.000000e+00 -1.000000e+00
    outer loop
      vertex   -4.462290e+01 5.813466e+00 0.000000e+00
      vertex   -4.895206e+01 9.150726e+00 0.000000e+00
      vertex   -4.415302e+01 8.689707e+00 0.000000e+00
    endloop
  endfacet
  facet normal 0.000000e+00 0.000000e+00 -1.000000e+00
    outer loop
      vertex   -4.415302e+01 8.689707e+00 0.000000e+00
      vertex   -4.895206e+01 9.150726e+00 0.000000e+00
      vertex   -4.829589e+01 1.214690e+01 0.000000e+00
    endloop
  endfacet
  facet normal 0.000000e+00 0.000000e+00 -1.000000e+00
    outer loop
      vertex   -4.415302e+01 8.689707e+00 0.000000e+00
      vertex   -4.829589e+01 1.214690e+01 0.000000e+00
      vertex   -4.349794e+01 1.152950e+01 0.000000e+00
    endloop
  endfacet
  facet normal 0.000000e+00 0.000000e+00 -1.000000e+00
    outer loop
      vertex   -4.349794e+01 1.152950e+01 0.000000e+00
      vertex   -4.829589e+01 1.214690e+01 0.000000e+00
      vertex   -4.745651e+01 1.509700e+01 0.000000e+00
    endloop
  endfacet
  facet normal 0.000000e+00 0.000000e+00 -1.000000e+00
    outer loop
      vertex   -4.349794e+01 1.152950e+01 0.000000e+00
      vertex   -4.745651e+01 1.509700e+01 0.000000e+00
      vertex   -4.266041e+01 1.432093e+01 0.000000e+00
    endloop
  endfacet
  facet normal 0.000000e+00 0.000000e+00 -1.000000e+00
    outer loop
      vertex   -4.266041e+01 1.432093e+01 0.000000e+00
      vertex   -4.745651e+01 1.509700e+01 0.000000e+00
      vertex   -4.643712e+01 1.798983e+01 0.000000e+00
    endloop
  endfacet
  facet normal 0.000000e+00 0.000000e+00 -1.000000e+00
    outer loop
      vertex   -4.266041e+01 1.432093e+01 0.000000e+00
      vertex   -4.643712e+01 1.798983e+01 0.000000e+00
      vertex   -4.164396e+01 1.705230e+01 0.000000e+00
    endloop
  endfacet
  facet normal 0.000000e+00 0.000000e+00 -1.000000e+00
    outer loop
      vertex   -4.164396e+01 1.705230e+01 0.000000e+00
      vertex   -4.643712e+01 1.798983e+01 0.000000e+00
      vertex   -4.524157e+01 2.081443e+01 0.000000e+00
    endloop
  endfacet
  facet normal 0.000000e+00 0.000000e+00 -1.000000e+00
    outer loop
      vertex   -4.164396e+01 1.705230e+01 0.000000e+00
      vertex   -4.524157e+01 2.081443e+01 0.000000e+00
      vertex   -4.045283e+01 1.971215e+01 0.000000e+00
    endloop
  endfacet
  facet normal 0.000000e+00 0.000000e+00 -1.000000e+00
    outer loop
      vertex   -4.045283e+01 1.971215e+01 0.000000e+00
      vertex   -4.524157e+01 2.081443e+01 0.000000e+00
      vertex   -4.387441e+01 2.356006e+01 0.000000e+00
    endloop
  endfacet
  facet normal 0.000000e+00 0.000000e+00 -1.000000e+00
    outer loop
      vertex   -4.045283e+01 1.971215e+01 0.000000e+00
      vertex   -4.387441e+01 2.356006e+01 0.000000e+00
      vertex   -3.909203e+01 2.228931e+01 0.000000e+00
    endloop
  endfacet
  facet normal 0.000000e+00 0.000000e+00 -1.000000e+00
    outer loop
      vertex   -3.909203e+01 2.228931e+01 0.000000e+00
      vertex   -4.387441e+01 2.356006e+01 0.000000e+00
      vertex   -4.234081e+01 2.621632e+01 0.000000e+00
    endloop
  endfacet
  facet normal 0.000000e+00 0.000000e+00 -1.000000e+00
    outer loop
      vertex   -3.909203e+01 2.228931e+01 0.000000e+00
      vertex   -4.234081e+01 2.621632e+01 0.000000e+00
      vertex   -3.756726e+01 2.477299e+01 0.000000e+00
    endloop
  endfacet
  facet normal 0.000000e+00 0.000000e+00 -1.000000e+00
    outer loop
      vertex   -3.756726e+01 2.477299e+01 0.000000e+00
      vertex   -4.234081e+01 2.621632e+01 0.000000e+00
      vertex   -4.064661e+01 2.877314e+01 0.000000e+00
    endloop
  endfacet
  facet normal 0.000000e+00 0.000000e+00 -1.000000e+00
    outer loop
      vertex   -3.756726e+01 2.477299e+01 0.000000e+00
      vertex   -4.064661e+01 2.877314e+01 0.000000e+00
      vertex   -3.588493e+01 2.715275e+01 0.000000e+00
    endloop
  endfacet
  facet normal 0.000000e+00 0.000000e+00 -1.000000e+00
    outer loop
      vertex   -3.588493e+01 2.715275e+01 0.000000e+00
      vertex   -4.064661e+01 2.877314e+01 0.000000e+00
      vertex   -3.879821e+01 3.122081e+01 0.000000e+00
    endloop
  endfacet
  facet normal 0.000000e+00 0.000000e+00 -1.000000e+00
    outer loop
      vertex   -3.588493e+01 2.715275e+01 0.000000e+00
      vertex   -3.879821e+01 3.122081e+01 0.000000e+00
      vertex   -3.405208e+01 2.941863e+01 0.000000e+00
    endloop
  endfacet
  facet normal 0.000000e+00 0.000000e+00 -1.000000e+00
    outer loop
      vertex   -3.405208e+01 2.941863e+01 0.000000e+00
      vertex   -3.879821e+01 3.122081e+01 0.000000e+00
      vertex   -3.680264e+01 3.355004e+01 0.000000e+00
    endloop
  endfacet
  facet normal 0.000000e+00 0.000000e+00 -1.000000e+00
    outer loop
      vertex   -3.405208e+01 2.941863e+01 0.000000e+00
      vertex   -3.680264e+01 3.355004e+01 0.000000e+00
      vertex   -3.207640e+01 3.156112e+01 0.000000e+00
    endloop
  endfacet
  facet normal 0.000000e+00 0.000000e+00 -1.000000e+00
    outer loop
      vertex   -3.207640e+01 3.156112e+01 0.000000e+00
      vertex   -3.680264e+01 3.355004e+01 0.000000e+00
      vertex   -3.466747e+01 3.575201e+01 0.000000e+00
    endloop
  endfacet
  facet normal 0.000000e+00 0.000000e+00 -1.000000e+00
    outer loop
      vertex   -3.207640e+01 3.156112e+01 0.000000e+00
      vertex   -3.466747e+01 3.575201e+01 0.000000e+00
      vertex   -2.996619e+01 3.357123e+01 0.000000e+00
    endloop
  endfacet
  facet normal 0.000000e+00 0.000000e+00 -1.000000e+00
    outer loop
      vertex   -2.996619e+01 3.357123e+01 0.000000e+00
      vertex   -3.466747e+01 3.575201e+01 0.000000e+00
      vertex   -3.240079e+01 3.781836e+01 0.000000e+00
    endloop
  endfacet
  facet normal 0.000000e+00 0.000000e+00 -1.000000e+00
    outer loop
      vertex   -2.996619e+01 3.357123e+01 0.000000e+00
      vertex   -3.240079e+01 3.781836e+01 0.000000e+00
      vertex   -2.773028e+01 3.544053e+01 0.000000e+00
    endloop
  endfacet
  facet normal 0.000000e+00 0.000000e+00 -1.000000e+00
    outer loop
      vertex   -2.773028e+01 3.544053e+01 0.000000e+00
      vertex   -3.240079e+01 3.781836e+01 0.000000e+00
      vertex   -3.001120e+01 3.974126e+01 0.000000e+00
    endloop
  endfacet
  facet normal 0.000000e+00 0.000000e+00 -1.000000e+00
    outer loop
      vertex   -2.773028e+01 3.544053e+01 0.000000e+00
      vertex   -3.001120e+01 3.974126e+01 0.000000e+00
      vertex   -2.537807e+01 3.716119e+01 0.000000e+00
    endloop
  endfacet
  facet normal 0.000000e+00 0.000000e+00 -1.000000e+00
    outer loop
      vertex   -2.537807e+01 3.716119e+01 0.000000e+00
      vertex   -3.001120e+01 3.974126e+01 0.000000e+00
      vertex   -2.750778e+01 4.151340e+01 0.000000e+00
    endloop
  endfacet
  facet normal 0.000000e+00 0.000000e+00 -1.000000e+00
    outer loop
      vertex   -2.537807e+01 3.716119e+01 0.000000e+00
      vertex   -2.750778e+01 4.151340e+01 0.000000e+00
      vertex   -2.291941e+01 3.872597e+01 0.000000e+00
    endloop
  endfacet
  facet normal 0.000000e+00 0.000000e+00 -1.000000e+00
    outer loop
      vertex   -2.291941e+01 3.872597e+01 0.000000e+00
      vertex   -2.750778e+01 4.151340e+01 0.000000e+00
      vertex   -2.490000e+01 4.312807e+01 0.000000e+00
    endloop
  endfacet
  facet normal 0.000000e+00 0.000000e+00 -1.000000e+00
    outer loop
      vertex   -2.291941e+01 3.872597e+01 0.000000e+00
      vertex   -2.490000e+01 4.312807e+01 0.000000e+00
      vertex   -2.036462e+01 4.012832e+01 0.000000e+00
    endloop
  endfacet
  facet normal 0.000000e+00 0.000000e+00 -1.000000e+00
    outer loop
      vertex   -2.036462e+01 4.012832e+01 0.000000e+00
      vertex   -2.490000e+01 4.312807e+01 0.000000e+00
      vertex   -2.219777e+01 4.457913e+01 0.000000e+00
    endloop
  endfacet
  facet normal 0.000000e+00 0.000000e+00 -1.000000e+00
    outer loop
      vertex   -2.036462e+01 4.012832e+01 0.000000e+00
      vertex   -2.219777e+01 4.457913e+01 0.000000e+00
      vertex   -1.772441e+01 4.136237e+01 0.000000e+00
    endloop
  endfacet
  facet normal 0.000000e+00 0.000000e+00 -1.000000e+00
    outer loop
      vertex   -1.772441e+01 4.136237e+01 0.000000e+00
      vertex   -2.219777e+01 4.457913e+01 0.000000e+00
      vertex   -1.941134e+01 4.586109e+01 0.000000e+00
    endloop
  endfacet
  facet normal 0.000000e+00 0.000000e+00 -1.000000e+00
    outer loop
      vertex   -1.772441e+01 4.136237e+01 0.000000e+00
      vertex   -1.941134e+01 4.586109e+01 0.000000e+00
      vertex   -1.500986e+01 4.242292e+01 0.000000e+00
    endloop
  endfacet
  facet normal 0.000000e+00 0.000000e+00 -1.000000e+00
    outer loop
      vertex   -1.500986e+01 4.242292e+01 0.000000e+00
      vertex   -1.941134e+01 4.586109e+01 0.000000e+00
      vertex   -1.655127e+01 4.696909e+01 0.000000e+00
    endloop
  endfacet
  facet normal 0.000000e+00 0.000000e+00 -1.000000e+00
    outer loop
      vertex   -1.500986e+01 4.242292e+01 0.000000e+00
      vertex   -1.655127e+01 4.696909e+01 0.000000e+00
      vertex   -1.362842e+01 4.789892e+01 0.000000e+00
    endloop
  endfacet
  facet normal 0.000000e+00 0.000000e+00 -1.000000e+00
    outer loop
      vertex   -1.500986e+01 4.242292e+01 0.000000e+00
      vertex   -1.362842e+01 4.789892e+01 0.000000e+00
      vertex   -1.223235e+01 4.330554e+01 0.000000e+00
    endloop
  endfacet
  facet normal 0.000000e+00 0.000000e+00 -1.000000e+00
    outer loop
      vertex   -1.223235e+01 4.330554e+01 0.000000e+00
      vertex   -1.362842e+01 4.789892e+01 0.000000e+00
      vertex   -1.065387e+01 4.864705e+01 0.000000e+00
    endloop
  endfacet
  facet normal 0.000000e+00 0.000000e+00 -1.000000e+00
    outer loop
      vertex   -1.223235e+01 4.330554e+01 0.000000e+00
      vertex   -1.065387e+01 4.864705e+01 0.000000e+00
      vertex   -9.403540e+00 4.400652e+01 0.000000e+00
    endloop
  endfacet
  facet normal 0.000000e+00 0.000000e+00 -1.000000e+00
    outer loop
      vertex   -9.403540e+00 4.400652e+01 0.000000e+00
      vertex   -1.065387e+01 4.864705e+01 0.000000e+00
      vertex   -7.638904e+00 4.921064e+01 0.000000e+00
    endloop
  endfacet
  facet normal 0.000000e+00 0.000000e+00 -1.000000e+00
    outer loop
      vertex   -9.403540e+00 4.400652e+01 0.000000e+00
      vertex   -7.638904e+00 4.921064e+01 0.000000e+00
      vertex   -6.535286e+00 4.452292e+01 0.000000e+00
    endloop
  endfacet
  facet normal 0.000000e+00 0.000000e+00 -1.000000e+00
    outer loop
      vertex   -6.535286e+00 4.452292e+01 0.000000e+00
      vertex   -7.638904e+00 4.921064e+01 0.000000e+00
      vertex   -4.594964e+00 4.958756e+01 0.000000e+00
    endloop
  endfacet
  facet normal 0.000000e+00 0.000000e+00 -1.000000e+00
    outer loop
      vertex   -6.535286e+00 4.452292e+01 0.000000e+00
      vertex   -4.594964e+00 4.958756e+01 0.000000e+00
      vertex   -3.639620e+00 4.485257e+01 0.000000e+00
    endloop
  endfacet
  facet normal 0.000000e+00 0.000000e+00 -1.000000e+00
    outer loop
      vertex   -3.639620e+00 4.485257e+01 0.000000e+00
      vertex   -4.594964e+00 4.958756e+01 0.000000e+00
      vertex   -1.533594e+00 4.977638e+01 0.000000e+00
    endloop
  endfacet
  facet normal 0.000000e+00 0.000000e+00 -1.000000e+00
    outer loop
      vertex   -3.639620e+00 4.485257e+01 0.000000e+00
      vertex   -1.533594e+00 4.977638e+01 0.000000e+00
      vertex   -7.286881e-01 4.499410e+01 0.000000e+00
    endloop
  endfacet
  facet normal 0.000000e+00 0.000000e+00 -1.000000e+00
    outer loop
      vertex   -7.286881e-01 4.499410e+01 0.000000e+00
      vertex   -1.533594e+00 4.977638e+01 0.000000e+00
      vertex   1.533594e+00 4.977638e+01 0.000000e+00
    endloop
  endfacet
  facet normal 0.000000e+00 0.000000e+00 -1.000000e+00
    outer loop
      vertex   -7.286881e-01 4.499410e+01 0.000000e+00
      vertex   1.533594e+00 4.977638e+01 0.000000e+00
      vertex   2.185300e+00 4.494691e+01 0.000000e+00
    endloop
  endfacet
  facet normal 0.000000e+00 0.000000e+00 -1.000000e+00
    outer loop
      vertex   2.185300e+00 4.494691e+01 0.000000e+00
      vertex   1.533594e+00 4.977638e+01 0.000000e+00
      vertex   4.594964e+00 4.958756e+01 0.000000e+00
    endloop
  endfacet
  facet normal 0.000000e+00 0.000000e+00 -1.000000e+00
    outer loop
      vertex   2.185300e+00 4.494691e+01 0.000000e+00
      vertex   4.594964e+00 4.958756e+01 0.000000e+00
      vertex   5.090122e+00 4.471119e+01 0.000000e+00
    endloop
  endfacet
  facet normal 0.000000e+00 0.000000e+00 -1.000000e+00
    outer loop
      vertex   5.090122e+00 4.471119e+01 0.000000e+00
      vertex   4.594964e+00 4.958756e+01 0.000000e+00
      vertex   7.638904e+00 4.921064e+01 0.000000e+00
    endloop
  endfacet
  facet normal 0.000000e+00 0.000000e+00 -1.000000e+00
    outer loop
      vertex   5.090122e+00 4.471119e+01 0.000000e+00
      vertex   7.638904e+00 4.921064e+01 0.000000e+00
      vertex   7.973595e+00 4.428794e+01 0.000000e+00
    endloop
  endfacet
  facet normal 0.000000e+00 0.000000e+00 -1.000000e+00
    outer loop
      vertex   7.973595e+00 4.428794e+01 0.000000e+00
      vertex   7.638904e+00 4.921064e+01 0.000000e+00
      vertex   1.065387e+01 4.864705e+01 0.000000e+00
    endloop
  endfacet
  facet normal 0.000000e+00 0.000000e+00 -1.000000e+00
    outer loop
      vertex   7.973595e+00 4.428794e+01 0.000000e+00
      vertex   1.065387e+01 4.864705e+01 0.000000e+00
      vertex   1.082362e+01 4.367893e+01 0.000000e+00
    endloop
  endfacet
  facet normal 0.000000e+00 0.000000e+00 -1.000000e+00
    outer loop
      vertex   1.082362e+01 4.367893e+01 0.000000e+00
      vertex   1.065387e+01 4.864705e+01 0.000000e+00
      vertex   1.362842e+01 4.789892e+01 0.000000e+00
    endloop
  endfacet
  facet normal 0.000000e+00 0.000000e+00 -1.000000e+00
    outer loop
      vertex   1.082362e+01 4.367893e+01 0.000000e+00
      vertex   1.362842e+01 4.789892e+01 0.000000e+00
      vertex   1.362825e+01 4.288672e+01 0.000000e+00
    endloop
  endfacet
  facet normal 0.000000e+00 0.000000e+00 -1.000000e+00
    outer loop
      vertex   1.362825e+01 4.288672e+01 0.000000e+00
      vertex   1.362842e+01 4.789892e+01 0.000000e+00
      vertex   1.655127e+01 4.696909e+01 0.000000e+00
    endloop
  endfacet
  facet normal 0.000000e+00 0.000000e+00 -1.000000e+00
    outer loop
      vertex   1.362825e+01 4.288672e+01 0.000000e+00
      vertex   1.655127e+01 4.696909e+01 0.000000e+00
      vertex   1.637572e+01 4.191462e+01 0.000000e+00
    endloop
  endfacet
  facet normal 0.000000e+00 0.000000e+00 -1.000000e+00
    outer loop
      vertex   1.637572e+01 4.191462e+01 0.000000e+00
      vertex   1.655127e+01 4.696909e+01 0.000000e+00
      vertex   1.941134e+01 4.586109e+01 0.000000e+00
    endloop
  endfacet
  facet normal 0.000000e+00 0.000000e+00 -1.000000e+00
    outer loop
      vertex   1.637572e+01 4.191462e+01 0.000000e+00
      vertex   1.941134e+01 4.586109e+01 0.000000e+00
      vertex   1.905451e+01 4.076672e+01 0.000000e+00
    endloop
  endfacet
  facet normal 0.000000e+00 0.000000e+00 -1.000000e+00
    outer loop
      vertex   1.905451e+01 4.076672e+01 0.000000e+00
      vertex   1.941134e+01 4.586109e+01 0.000000e+00
      vertex   2.219777e+01 4.457913e+01 0.000000e+00
    endloop
  endfacet
  facet normal 0.000000e+00 0.000000e+00 -1.000000e+00
    outer loop
      vertex   1.905451e+01 4.076672e+01 0.000000e+00
      vertex   2.219777e+01 4.457913e+01 0.000000e+00
      vertex   2.165337e+01 3.944783e+01 0.000000e+00
    endloop
  endfacet
  facet normal 0.000000e+00 0.000000e+00 -1.000000e+00
    outer loop
      vertex   2.165337e+01 3.944783e+01 0.000000e+00
      vertex   2.219777e+01 4.457913e+01 0.000000e+00
      vertex   2.490000e+01 4.312807e+01 0.000000e+00
    endloop
  endfacet
  facet normal 0.000000e+00 0.000000e+00 -1.000000e+00
    outer loop
      vertex   2.165337e+01 3.944783e+01 0.000000e+00
      vertex   2.490000e+01 4.312807e+01 0.000000e+00
      vertex   2.416141e+01 3.796349e+01 0.000000e+00
    endloop
  endfacet
  facet normal 0.000000e+00 0.000000e+00 -1.000000e+00
    outer loop
      vertex   2.416141e+01 3.796349e+01 0.000000e+00
      vertex   2.490000e+01 4.312807e+01 0.000000e+00
      vertex   2.750778e+01 4.151340e+01 0.000000e+00
    endloop
  endfacet
  facet normal 0.000000e+00 0.000000e+00 -1.000000e+00
    outer loop
      vertex   2.416141e+01 3.796349e+01 0.000000e+00
      vertex   2.750778e+01 4.151340e+01 0.000000e+00
      vertex   2.656811e+01 3.631991e+01 0.000000e+00
    endloop
  endfacet
  facet normal 0.000000e+00 0.000000e+00 -1.000000e+00
    outer loop
      vertex   2.656811e+01 3.631991e+01 0.000000e+00
      vertex   2.750778e+01 4.151340e+01 0.000000e+00
      vertex   3.001120e+01 3.974126e+01 0.000000e+00
    endloop
  endfacet
  facet normal 0.000000e+00 0.000000e+00 -1.000000e+00
    outer loop
      vertex   2.656811e+01 3.631991e+01 0.000000e+00
      vertex   3.001120e+01 3.974126e+01 0.000000e+00
      vertex   2.886337e+01 3.452399e+01 0.000000e+00
    endloop
  endfacet
  facet normal 0.000000e+00 0.000000e+00 -1.000000e+00
    outer loop
      vertex   2.886337e+01 3.452399e+01 0.000000e+00
      vertex   3.001120e+01 3.974126e+01 0.000000e+00
      vertex   3.240079e+01 3.781836e+01 0.000000e+00
    endloop
  endfacet
  facet normal 0.000000e+00 0.000000e+00 -1.000000e+00
    outer loop
      vertex   2.886337e+01 3.452399e+01 0.000000e+00
      vertex   3.240079e+01 3.781836e+01 0.000000e+00
      vertex   3.103757e+01 3.258327e+01 0.000000e+00
    endloop
  endfacet
  facet normal 0.000000e+00 0.000000e+00 -1.000000e+00
    outer loop
      vertex   3.103757e+01 3.258327e+01 0.000000e+00
      vertex   3.240079e+01 3.781836e+01 0.000000e+00
      vertex   3.466747e+01 3.575201e+01 0.000000e+00
    endloop
  endfacet
  facet normal 0.000000e+00 0.000000e+00 -1.000000e+00
    outer loop
      vertex   3.103757e+01 3.258327e+01 0.000000e+00
      vertex   3.466747e+01 3.575201e+01 0.000000e+00
      vertex   3.308159e+01 3.050588e+01 0.000000e+00
    endloop
  endfacet
  facet normal 0.000000e+00 0.000000e+00 -1.000000e+00
    outer loop
      vertex   3.308159e+01 3.050588e+01 0.000000e+00
      vertex   3.466747e+01 3.575201e+01 0.000000e+00
      vertex   3.680264e+01 3.355004e+01 0.000000e+00
    endloop
  endfacet
  facet normal 0.000000e+00 0.000000e+00 -1.000000e+00
    outer loop
      vertex   3.308159e+01 3.050588e+01 0.000000e+00
      vertex   3.680264e+01 3.355004e+01 0.000000e+00
      vertex   3.498685e+01 2.830054e+01 0.000000e+00
    endloop
  endfacet
  facet normal 0.000000e+00 0.000000e+00 -1.000000e+00
    outer loop
      vertex   3.498685e+01 2.830054e+01 0.000000e+00
      vertex   3.680264e+01 3.355004e+01 0.000000e+00
      vertex   3.879821e+01 3.122081e+01 0.000000e+00
    endloop
  endfacet
  facet normal 0.000000e+00 0.000000e+00 -1.000000e+00
    outer loop
      vertex   3.498685e+01 2.830054e+01 0.000000e+00
      vertex   3.879821e+01 3.122081e+01 0.000000e+00
      vertex   3.674536e+01 2.597649e+01 0.000000e+00
    endloop
  endfacet
  facet normal 0.000000e+00 0.000000e+00 -1.000000e+00
    outer loop
      vertex   3.674536e+01 2.597649e+01 0.000000e+00
      vertex   3.879821e+01 3.122081e+01 0.000000e+00
      vertex   4.064661e+01 2.877314e+01 0.000000e+00
    endloop
  endfacet
  facet normal 0.000000e+00 0.000000e+00 -1.000000e+00
    outer loop
      vertex   3.674536e+01 2.597649e+01 0.000000e+00
      vertex   4.064661e+01 2.877314e+01 0.000000e+00
      vertex   4.234081e+01 2.621632e+01 0.000000e+00
    endloop
  endfacet
  facet normal 0.000000e+00 0.000000e+00 -1.000000e+00
    outer loop
      vertex   3.674536e+01 2.597649e+01 0.000000e+00
      vertex   4.234081e+01 2.621632e+01 0.000000e+00
      vertex   3.834976e+01 2.354349e+01 0.000000e+00
    endloop
  endfacet
  facet normal 0.000000e+00 0.000000e+00 -1.000000e+00
    outer loop
      vertex   3.834976e+01 2.354349e+01 0.000000e+00
      vertex   4.234081e+01 2.621632e+01 0.000000e+00
      vertex   4.387441e+01 2.356006e+01 0.000000e+00
    endloop
  endfacet
  facet normal 0.000000e+00 0.000000e+00 -1.000000e+00
    outer loop
      vertex   3.834976e+01 2.354349e+01 0.000000e+00
      vertex   4.387441e+01 2.356006e+01 0.000000e+00
      vertex   3.979330e+01 2.101175e+01 0.000000e+00
    endloop
  endfacet
  facet normal 0.000000e+00 0.000000e+00 -1.000000e+00
    outer loop
      vertex   3.979330e+01 2.101175e+01 0.000000e+00
      vertex   4.387441e+01 2.356006e+01 0.000000e+00
      vertex   4.524157e+01 2.081443e+01 0.000000e+00
    endloop
  endfacet
  facet normal 0.000000e+00 0.000000e+00 -1.000000e+00
    outer loop
      vertex   3.979330e+01 2.101175e+01 0.000000e+00
      vertex   4.524157e+01 2.081443e+01 0.000000e+00
      vertex   4.106993e+01 1.839187e+01 0.000000e+00
    endloop
  endfacet
  facet normal 0.000000e+00 0.000000e+00 -1.000000e+00
    outer loop
      vertex   4.106993e+01 1.839187e+01 0.000000e+00
      vertex   4.524157e+01 2.081443e+01 0.000000e+00
      vertex   4.643712e+01 1.798983e+01 0.000000e+00
    endloop
  endfacet
  facet normal 0.000000e+00 0.000000e+00 -1.000000e+00
    outer loop
      vertex   4.106993e+01 1.839187e+01 0.000000e+00
      vertex   4.643712e+01 1.798983e+01 0.000000e+00
      vertex   4.217430e+01 1.569485e+01 0.000000e+00
    endloop
  endfacet
  facet normal 0.000000e+00 0.000000e+00 -1.000000e+00
    outer loop
      vertex   4.217430e+01 1.569485e+01 0.000000e+00
      vertex   4.643712e+01 1.798983e+01 0.000000e+00
      vertex   4.745651e+01 1.509700e+01 0.000000e+00
    endloop
  endfacet
  facet normal 0.000000e+00 0.000000e+00 -1.000000e+00
    outer loop
      vertex   4.217430e+01 1.569485e+01 0.000000e+00
      vertex   4.745651e+01 1.509700e+01 0.000000e+00
      vertex   4.310178e+01 1.293200e+01 0.000000e+00
    endloop
  endfacet
  facet normal 0.000000e+00 0.000000e+00 -1.000000e+00
    outer loop
      vertex   4.310178e+01 1.293200e+01 0.000000e+00
      vertex   4.745651e+01 1.509700e+01 0.000000e+00
      vertex   4.829589e+01 1.214690e+01 0.000000e+00
    endloop
  endfacet
  facet normal 0.000000e+00 0.000000e+00 -1.000000e+00
    outer loop
      vertex   4.310178e+01 1.293200e+01 0.000000e+00
      vertex   4.829589e+01 1.214690e+01 0.000000e+00
      vertex   4.384847e+01 1.011491e+01 0.000000e+00
    endloop
  endfacet
  facet normal 0.000000e+00 0.000000e+00 -1.000000e+00
    outer loop
      vertex   4.384847e+01 1.011491e+01 0.000000e+00
      vertex   4.829589e+01 1.214690e+01 0.000000e+00
      vertex   4.895206e+01 9.150726e+00 0.000000e+00
    endloop
  endfacet
  facet normal 0.000000e+00 0.000000e+00 -1.000000e+00
    outer loop
      vertex   4.384847e+01 1.011491e+01 0.000000e+00
      vertex   4.895206e+01 9.150726e+00 0.000000e+00
      vertex   4.441125e+01 7.255391e+00 0.000000e+00
    endloop
  endfacet
  facet normal 0.000000e+00 0.000000e+00 -1.000000e+00
    outer loop
      vertex   4.441125e+01 7.255391e+00 0.000000e+00
      vertex   4.895206e+01 9.150726e+00 0.000000e+00
      vertex   4.942254e+01 6.119837e+00 0.000000e+00
    endloop
  endfacet
  facet normal 0.000000e+00 0.000000e+00 -1.000000e+00
    outer loop
      vertex   4.441125e+01 7.255391e+00 0.000000e+00
      vertex   4.942254e+01 6.119837e+00 0.000000e+00
      vertex   4.478775e+01 4.365443e+00 0.000000e+00
    endloop
  endfacet
  facet normal 0.000000e+00 0.000000e+00 -1.000000e+00
    outer loop
      vertex   4.478775e+01 4.365443e+00 0.000000e+00
      vertex   4.942254e+01 6.119837e+00 0.000000e+00
      vertex   4.970555e+01 3.065733e+00 0.000000e+00
    endloop
  endfacet
  facet normal 0.000000e+00 0.000000e+00 -1.000000e+00
    outer loop
      vertex   4.478775e+01 4.365443e+00 0.000000e+00
      vertex   4.970555e+01 3.065733e+00 0.000000e+00
      vertex   4.497640e+01 1.457185e+00 0.000000e+00
    endloop
  endfacet
  facet normal 0.000000e+00 0.000000e+00 -1.000000e+00
    outer loop
      vertex   4.497640e+01 1.457185e+00 0.000000e+00
      vertex   4.970555e+01 3.065733e+00 0.000000e+00
      vertex   4.980000e+01 0.000000e+00 0.000000e+00
    endloop
  endfacet
  facet normal 0.000000e+00 0.000000e+00 -1.000000e+00
    outer loop
      vertex   4.497640e+01 1.457185e+00 0.000000e+00
      vertex   4.980000e+01 0.000000e+00 0.000000e+00
      vertex   4.497640e+01 -1.457185e+00 0.000000e+00
    endloop
  endfacet
  facet normal 0.000000e+00 0.000000e+00 -1.000000e+00
    outer loop
      vertex   4.497640e+01 -1.457185e+00 0.000000e+00
      vertex   4.980000e+01 0.000000e+00 0.000000e+00
      vertex   4.970555e+01 -3.065733e+00 0.000000e+00
    endloop
  endfacet
  facet normal 0.000000e+00 -0.000000e+00 -1.000000e+00
    outer loop
      vertex   4.497640e+01 -1.457185e+00 0.000000e+00
      vertex   4.970555e+01 -3.065733e+00 0.000000e+00
      vertex   4.478775e+01 -4.365443e+00 0.000000e+00
    endloop
  endfacet
  facet normal 0.000000e+00 0.000000e+00 -1.000000e+00
    outer loop
      vertex   4.478775e+01 -4.365443e+00 0.000000e+00
      vertex   4.970555e+01 -3.065733e+00 0.000000e+00
      vertex   4.942254e+01 -6.119837e+00 0.000000e+00
    endloop
  endfacet
  facet normal 0.000000e+00 -0.000000e+00 -1.000000e+00
    outer loop
      vertex   4.478775e+01 -4.365443e+00 0.000000e+00
      vertex   4.942254e+01 -6.119837e+00 0.000000e+00
      vertex   4.441125e+01 -7.255391e+00 0.000000e+00
    endloop
  endfacet
  facet normal 0.000000e+00 0.000000e+00 -1.000000e+00
    outer loop
      vertex   4.441125e+01 -7.255391e+00 0.000000e+00
      vertex   4.942254e+01 -6.119837e+00 0.000000e+00
      vertex   4.895206e+01 -9.150726e+00 0.000000e+00
    endloop
  endfacet
  facet normal 0.000000e+00 -0.000000e+00 -1.000000e+00
    outer loop
      vertex   4.441125e+01 -7.255391e+00 0.000000e+00
      vertex   4.895206e+01 -9.150726e+00 0.000000e+00
      vertex   4.384847e+01 -1.011491e+01 0.000000e+00
    endloop
  endfacet
  facet normal 0.000000e+00 0.000000e+00 -1.000000e+00
    outer loop
      vertex   4.384847e+01 -1.011491e+01 0.000000e+00
      vertex   4.895206e+01 -9.150726e+00 0.000000e+00
      vertex   4.829589e+01 -1.214690e+01 0.000000e+00
    endloop
  endfacet
  facet normal 0.000000e+00 -0.000000e+00 -1.000000e+00
    outer loop
      vertex   4.384847e+01 -1.011491e+01 0.000000e+00
      vertex   4.829589e+01 -1.214690e+01 0.000000e+00
      vertex   4.310178e+01 -1.293200e+01 0.000000e+00
    endloop
  endfacet
  facet normal 0.000000e+00 0.000000e+00 -1.000000e+00
    outer loop
      vertex   4.310178e+01 -1.293200e+01 0.000000e+00
      vertex   4.829589e+01 -1.214690e+01 0.000000e+00
      vertex   4.745651e+01 -1.509700e+01 0.000000e+00
    endloop
  endfacet
  facet normal 0.000000e+00 -0.000000e+00 -1.000000e+00
    outer loop
      vertex   4.310178e+01 -1.293200e+01 0.000000e+00
      vertex   4.745651e+01 -1.509700e+01 0.000000e+00
      vertex   4.217430e+01 -1.569485e+01 0.000000e+00
    endloop
  endfacet
  facet normal 0.000000e+00 0.000000e+00 -1.000000e+00
    outer loop
      vertex   4.217430e+01 -1.569485e+01 0.000000e+00
      vertex   4.745651e+01 -1.509700e+01 0.000000e+00
      vertex   4.643712e+01 -1.798983e+01 0.000000e+00
    endloop
  endfacet
  facet normal 0.000000e+00 -0.000000e+00 -1.000000e+00
    outer loop
      vertex   4.217430e+01 -1.569485e+01 0.000000e+00
      vertex   4.643712e+01 -1.798983e+01 0.000000e+00
      vertex   4.106993e+01 -1.839187e+01 0.000000e+00
    endloop
  endfacet
  facet normal 0.000000e+00 0.000000e+00 -1.000000e+00
    outer loop
      vertex   4.106993e+01 -1.839187e+01 0.000000e+00
      vertex   4.643712e+01 -1.798983e+01 0.000000e+00
      vertex   4.524157e+01 -2.081443e+01 0.000000e+00
    endloop
  endfacet
  facet normal 0.000000e+00 -0.000000e+00 -1.000000e+00
    outer loop
      vertex   4.106993e+01 -1.839187e+01 0.000000e+00
      vertex   4.524157e+01 -2.081443e+01 0.000000e+00
      vertex   3.979330e+01 -2.101175e+01 0.000000e+00
    endloop
  endfacet
  facet normal 0.000000e+00 0.000000e+00 -1.000000e+00
    outer loop
      vertex   3.979330e+01 -2.101175e+01 0.000000e+00
      vertex   4.524157e+01 -2.081443e+01 0.000000e+00
      vertex   4.387441e+01 -2.356006e+01 0.000000e+00
    endloop
  endfacet
  facet normal 0.000000e+00 -0.000000e+00 -1.000000e+00
    outer loop
      vertex   3.979330e+01 -2.101175e+01 0.000000e+00
      vertex   4.387441e+01 -2.356006e+01 0.000000e+00
      vertex   3.834976e+01 -2.354349e+01 0.000000e+00
    endloop
  endfacet
  facet normal 0.000000e+00 0.000000e+00 -1.000000e+00
    outer loop
      vertex   3.834976e+01 -2.354349e+01 0.000000e+00
      vertex   4.387441e+01 -2.356006e+01 0.000000e+00
      vertex   4.234081e+01 -2.621632e+01 0.000000e+00
    endloop
  endfacet
  facet normal 0.000000e+00 -0.000000e+00 -1.000000e+00
    outer loop
      vertex   3.834976e+01 -2.354349e+01 0.000000e+00
      vertex   4.234081e+01 -2.621632e+01 0.000000e+00
      vertex   3.674536e+01 -2.597649e+01 0.000000e+00
    endloop
  endfacet
  facet normal 0.000000e+00 0.000000e+00 -1.000000e+00
    outer loop
      vertex   3.674536e+01 -2.597649e+01 0.000000e+00
      vertex   4.234081e+01 -2.621632e+01 0.000000e+00
      vertex   4.064661e+01 -2.877314e+01 0.000000e+00
    endloop
  endfacet
  facet normal 0.000000e+00 0.000000e+00 -1.000000e+00
    outer loop
      vertex   3.674536e+01 -2.597649e+01 0.000000e+00
      vertex   4.064661e+01 -2.877314e+01 0.000000e+00
      vertex   3.879821e+01 -3.122081e+01 0.000000e+00
    endloop
  endfacet
  facet normal 0.000000e+00 -0.000000e+00 -1.000000e+00
    outer loop
      vertex   3.674536e+01 -2.597649e+01 0.000000e+00
      vertex   3.879821e+01 -3.122081e+01 0.000000e+00
      vertex   3.498685e+01 -2.830054e+01 0.000000e+00
    endloop
  endfacet
  facet normal 0.000000e+00 0.000000e+00 -1.000000e+00
    outer loop
      vertex   3.498685e+01 -2.830054e+01 0.000000e+00
      vertex   3.879821e+01 -3.122081e+01 0.000000e+00
      vertex   3.680264e+01 -3.355004e+01 0.000000e+00
    endloop
  endfacet
  facet normal 0.000000e+00 -0.000000e+00 -1.000000e+00
    outer loop
      vertex   3.498685e+01 -2.830054e+01 0.000000e+00
      vertex   3.680264e+01 -3.355004e+01 0.000000e+00
      vertex   3.308159e+01 -3.050588e+01 0.000000e+00
    endloop
  endfacet
  facet normal 0.000000e+00 0.000000e+00 -1.000000e+00
    outer loop
      vertex   3.308159e+01 -3.050588e+01 0.000000e+00
      vertex   3.680264e+01 -3.355004e+01 0.000000e+00
      vertex   3.466747e+01 -3.575201e+01 0.000000e+00
    endloop
  endfacet
  facet normal 0.000000e+00 -0.000000e+00 -1.000000e+00
    outer loop
      vertex   3.308159e+01 -3.050588e+01 0.000000e+00
      vertex   3.466747e+01 -3.575201e+01 0.000000e+00
      vertex   3.103757e+01 -3.258327e+01 0.000000e+00
    endloop
  endfacet
  facet normal 0.000000e+00 0.000000e+00 -1.000000e+00
    outer loop
      vertex   3.103757e+01 -3.258327e+01 0.000000e+00
      vertex   3.466747e+01 -3.575201e+01 0.000000e+00
      vertex   3.240079e+01 -3.781836e+01 0.000000e+00
    endloop
  endfacet
  facet normal 0.000000e+00 -0.000000e+00 -1.000000e+00
    outer loop
      vertex   3.103757e+01 -3.258327e+01 0.000000e+00
      vertex   3.240079e+01 -3.781836e+01 0.000000e+00
      vertex   2.886337e+01 -3.452399e+01 0.000000e+00
    endloop
  endfacet
  facet normal 0.000000e+00 0.000000e+00 -1.000000e+00
    outer loop
      vertex   2.886337e+01 -3.452399e+01 0.000000e+00
      vertex   3.240079e+01 -3.781836e+01 0.000000e+00
      vertex   3.001120e+01 -3.974126e+01 0.000000e+00
    endloop
  endfacet
  facet normal 0.000000e+00 -0.000000e+00 -1.000000e+00
    outer loop
      vertex   2.886337e+01 -3.452399e+01 0.000000e+00
      vertex   3.001120e+01 -3.974126e+01 0.000000e+00
      vertex   2.656811e+01 -3.631991e+01 0.000000e+00
    endloop
  endfacet
  facet normal 0.000000e+00 0.000000e+00 -1.000000e+00
    outer loop
      vertex   2.656811e+01 -3.631991e+01 0.000000e+00
      vertex   3.001120e+01 -3.974126e+01 0.000000e+00
      vertex   2.750778e+01 -4.151340e+01 0.000000e+00
    endloop
  endfacet
  facet normal 0.000000e+00 -0.000000e+00 -1.000000e+00
    outer loop
      vertex   2.656811e+01 -3.631991e+01 0.000000e+00
      vertex   2.750778e+01 -4.151340e+01 0.000000e+00
      vertex   2.416141e+01 -3.796349e+01 0.000000e+00
    endloop
  endfacet
  facet normal 0.000000e+00 0.000000e+00 -1.000000e+00
    outer loop
      vertex   2.416141e+01 -3.796349e+01 0.000000e+00
      vertex   2.750778e+01 -4.151340e+01 0.000000e+00
      vertex   2.490000e+01 -4.312807e+01 0.000000e+00
    endloop
  endfacet
  facet normal 0.000000e+00 -0.000000e+00 -1.000000e+00
    outer loop
      vertex   2.416141e+01 -3.796349e+01 0.000000e+00
      vertex   2.490000e+01 -4.312807e+01 0.000000e+00
      vertex   2.165337e+01 -3.944783e+01 0.000000e+00
    endloop
  endfacet
  facet normal 0.000000e+00 0.000000e+00 -1.000000e+00
    outer loop
      vertex   2.165337e+01 -3.944783e+01 0.000000e+00
      vertex   2.490000e+01 -4.312807e+01 0.000000e+00
      vertex   2.219777e+01 -4.457913e+01 0.000000e+00
    endloop
  endfacet
  facet normal 0.000000e+00 -0.000000e+00 -1.000000e+00
    outer loop
      vertex   2.165337e+01 -3.944783e+01 0.000000e+00
      vertex   2.219777e+01 -4.457913e+01 0.000000e+00
      vertex   1.905451e+01 -4.076672e+01 0.000000e+00
    endloop
  endfacet
  facet normal 0.000000e+00 0.000000e+00 -1.000000e+00
    outer loop
      vertex   1.905451e+01 -4.076672e+01 0.000000e+00
      vertex   2.219777e+01 -4.457913e+01 0.000000e+00
      vertex   1.941134e+01 -4.586109e+01 0.000000e+00
    endloop
  endfacet
  facet normal 0.000000e+00 -0.000000e+00 -1.000000e+00
    outer loop
      vertex   1.905451e+01 -4.076672e+01 0.000000e+00
      vertex   1.941134e+01 -4.586109e+01 0.000000e+00
      vertex   1.637572e+01 -4.191462e+01 0.000000e+00
    endloop
  endfacet
  facet normal 0.000000e+00 0.000000e+00 -1.000000e+00
    outer loop
      vertex   1.637572e+01 -4.191462e+01 0.000000e+00
      vertex   1.941134e+01 -4.586109e+01 0.000000e+00
      vertex   1.655127e+01 -4.696909e+01 0.000000e+00
    endloop
  endfacet
  facet normal 0.000000e+00 -0.000000e+00 -1.000000e+00
    outer loop
      vertex   1.637572e+01 -4.191462e+01 0.000000e+00
      vertex   1.655127e+01 -4.696909e+01 0.000000e+00
      vertex   1.362825e+01 -4.288672e+01 0.000000e+00
    endloop
  endfacet
  facet normal 0.000000e+00 0.000000e+00 -1.000000e+00
    outer loop
      vertex   1.362825e+01 -4.288672e+01 0.000000e+00
      vertex   1.655127e+01 -4.696909e+01 0.000000e+00
      vertex   1.362842e+01 -4.789892e+01 0.000000e+00
    endloop
  endfacet
  facet normal 0.000000e+00 -0.000000e+00 -1.000000e+00
    outer loop
      vertex   1.362825e+01 -4.288672e+01 0.000000e+00
      vertex   1.362842e+01 -4.789892e+01 0.000000e+00
      vertex   1.082362e+01 -4.367893e+01 0.000000e+00
    endloop
  endfacet
  facet normal 0.000000e+00 -0.000000e+00 -1.000000e+00
    outer loop
      vertex   1.082362e+01 -4.367893e+01 0.000000e+00
      vertex   1.362842e+01 -4.789892e+01 0.000000e+00
      vertex   1.065387e+01 -4.864705e+01 0.000000e+00
    endloop
  endfacet
  facet normal 0.000000e+00 0.000000e+00 -1.000000e+00
    outer loop
      vertex   1.082362e+01 -4.367893e+01 0.000000e+00
      vertex   1.065387e+01 -4.864705e+01 0.000000e+00
      vertex   7.973595e+00 -4.428794e+01 0.000000e+00
    endloop
  endfacet
  facet normal 0.000000e+00 -0.000000e+00 -1.000000e+00
    outer loop
      vertex   7.973595e+00 -4.428794e+01 0.000000e+00
      vertex   1.065387e+01 -4.864705e+01 0.000000e+00
      vertex   7.638904e+00 -4.921064e+01 0.000000e+00
    endloop
  endfacet
  facet normal 0.000000e+00 0.000000e+00 -1.000000e+00
    outer loop
      vertex   7.973595e+00 -4.428794e+01 0.000000e+00
      vertex   7.638904e+00 -4.921064e+01 0.000000e+00
      vertex   5.090122e+00 -4.471119e+01 0.000000e+00
    endloop
  endfacet
  facet normal 0.000000e+00 -0.000000e+00 -1.000000e+00
    outer loop
      vertex   5.090122e+00 -4.471119e+01 0.000000e+00
      vertex   7.638904e+00 -4.921064e+01 0.000000e+00
      vertex   4.594964e+00 -4.958756e+01 0.000000e+00
    endloop
  endfacet
  facet normal 0.000000e+00 0.000000e+00 -1.000000e+00
    outer loop
      vertex   5.090122e+00 -4.471119e+01 0.000000e+00
      vertex   4.594964e+00 -4.958756e+01 0.000000e+00
      vertex   2.185300e+00 -4.494691e+01 0.000000e+00
    endloop
  endfacet
  facet normal 0.000000e+00 -0.000000e+00 -1.000000e+00
    outer loop
      vertex   2.185300e+00 -4.494691e+01 0.000000e+00
      vertex   4.594964e+00 -4.958756e+01 0.000000e+00
      vertex   1.533594e+00 -4.977638e+01 0.000000e+00
    endloop
  endfacet
  facet normal 0.000000e+00 0.000000e+00 -1.000000e+00
    outer loop
      vertex   2.185300e+00 -4.494691e+01 0.000000e+00
      vertex   1.533594e+00 -4.977638e+01 0.000000e+00
      vertex   -7.286881e-01 -4.499410e+01 0.000000e+00
    endloop
  endfacet
  facet normal 0.000000e+00 -0.000000e+00 -1.000000e+00
    outer loop
      vertex   -7.286881e-01 -4.499410e+01 0.000000e+00
      vertex   1.533594e+00 -4.977638e+01 0.000000e+00
      vertex   -1.533594e+00 -4.977638e+01 0.000000e+00
    endloop
  endfacet
  facet normal -0.000000e+00 0.000000e+00 -1.000000e+00
    outer loop
      vertex   -7.286881e-01 -4.499410e+01 0.000000e+00
      vertex   -1.533594e+00 -4.977638e+01 0.000000e+00
      vertex   -3.639620e+00 -4.485257e+01 0.000000e+00
    endloop
  endfacet
  facet normal 0.000000e+00 -0.000000e+00 -1.000000e+00
    outer loop
      vertex   -3.639620e+00 -4.485257e+01 0.000000e+00
      vertex   -1.533594e+00 -4.977638e+01 0.000000e+00
      vertex   -4.594964e+00 -4.958756e+01 0.000000e+00
    endloop
  endfacet
  facet normal -0.000000e+00 0.000000e+00 -1.000000e+00
    outer loop
      vertex   -3.639620e+00 -4.485257e+01 0.000000e+00
      vertex   -4.594964e+00 -4.958756e+01 0.000000e+00
      vertex   -6.535286e+00 -4.452292e+01 0.000000e+00
    endloop
  endfacet
  facet normal 0.000000e+00 -0.000000e+00 -1.000000e+00
    outer loop
      vertex   -6.535286e+00 -4.452292e+01 0.000000e+00
      vertex   -4.594964e+00 -4.958756e+01 0.000000e+00
      vertex   -7.638904e+00 -4.921064e+01 0.000000e+00
    endloop
  endfacet
  facet normal -0.000000e+00 0.000000e+00 -1.000000e+00
    outer loop
      vertex   -6.535286e+00 -4.452292e+01 0.000000e+00
      vertex   -7.638904e+00 -4.921064e+01 0.000000e+00
      vertex   -9.403540e+00 -4.400652e+01 0.000000e+00
    endloop
  endfacet
  facet normal 0.000000e+00 -0.000000e+00 -1.000000e+00
    outer loop
      vertex   -9.403540e+00 -4.400652e+01 0.000000e+00
      vertex   -7.638904e+00 -4.921064e+01 0.000000e+00
      vertex   -1.065387e+01 -4.864705e+01 0.000000e+00
    endloop
  endfacet
  facet normal -0.000000e+00 0.000000e+00 -1.000000e+00
    outer loop
      vertex   -9.403540e+00 -4.400652e+01 0.000000e+00
      vertex   -1.065387e+01 -4.864705e+01 0.000000e+00
      vertex   -1.223235e+01 -4.330554e+01 0.000000e+00
    endloop
  endfacet
  facet normal 0.000000e+00 -0.000000e+00 -1.000000e+00
    outer loop
      vertex   -1.223235e+01 -4.330554e+01 0.000000e+00
      vertex   -1.065387e+01 -4.864705e+01 0.000000e+00
      vertex   -1.362842e+01 -4.789892e+01 0.000000e+00
    endloop
  endfacet
  facet normal -0.000000e+00 0.000000e+00 -1.000000e+00
    outer loop
      vertex   -1.223235e+01 -4.330554e+01 0.000000e+00
      vertex   -1.362842e+01 -4.789892e+01 0.000000e+00
      vertex   -1.500986e+01 -4.242292e+01 0.000000e+00
    endloop
  endfacet
  facet normal 0.000000e+00 -0.000000e+00 -1.000000e+00
    outer loop
      vertex   -1.500986e+01 -4.242292e+01 0.000000e+00
      vertex   -1.362842e+01 -4.789892e+01 0.000000e+00
      vertex   -1.655127e+01 -4.696909e+01 0.000000e+00
    endloop
  endfacet
  facet normal 0.000000e+00 0.000000e+00 -1.000000e+00
    outer loop
      vertex   -1.500986e+01 -4.242292e+01 0.000000e+00
      vertex   -1.655127e+01 -4.696909e+01 0.000000e+00
      vertex   -1.941134e+01 -4.586109e+01 0.000000e+00
    endloop
  endfacet
  facet normal -0.000000e+00 0.000000e+00 -1.000000e+00
    outer loop
      vertex   -1.500986e+01 -4.242292e+01 0.000000e+00
      vertex   -1.941134e+01 -4.586109e+01 0.000000e+00
      vertex   -1.772441e+01 -4.136237e+01 0.000000e+00
    endloop
  endfacet
  facet normal 0.000000e+00 0.000000e+00 -1.000000e+00
    outer loop
      vertex   -1.772441e+01 -4.136237e+01 0.000000e+00
      vertex   -1.941134e+01 -4.586109e+01 0.000000e+00
      vertex   -2.219777e+01 -4.457913e+01 0.000000e+00
    endloop
  endfacet
  facet normal -0.000000e+00 0.000000e+00 -1.000000e+00
    outer loop
      vertex   -1.772441e+01 -4.136237e+01 0.000000e+00
      vertex   -2.219777e+01 -4.457913e+01 0.000000e+00
      vertex   -2.036462e+01 -4.012832e+01 0.000000e+00
    endloop
  endfacet
  facet normal 0.000000e+00 0.000000e+00 -1.000000e+00
    outer loop
      vertex   -2.036462e+01 -4.012832e+01 0.000000e+00
      vertex   -2.219777e+01 -4.457913e+01 0.000000e+00
      vertex   -2.490000e+01 -4.312807e+01 0.000000e+00
    endloop
  endfacet
  facet normal -0.000000e+00 0.000000e+00 -1.000000e+00
    outer loop
      vertex   -2.036462e+01 -4.012832e+01 0.000000e+00
      vertex   -2.490000e+01 -4.312807e+01 0.000000e+00
      vertex   -2.291941e+01 -3.872597e+01 0.000000e+00
    endloop
  endfacet
  facet normal 0.000000e+00 0.000000e+00 -1.000000e+00
    outer loop
      vertex   -2.291941e+01 -3.872597e+01 0.000000e+00
      vertex   -2.490000e+01 -4.312807e+01 0.000000e+00
      vertex   -2.750778e+01 -4.151340e+01 0.000000e+00
    endloop
  endfacet
  facet normal -0.000000e+00 0.000000e+00 -1.000000e+00
    outer loop
      vertex   -2.291941e+01 -3.872597e+01 0.000000e+00
      vertex   -2.750778e+01 -4.151340e+01 0.000000e+00
      vertex   -2.537807e+01 -3.716119e+01 0.000000e+00
    endloop
  endfacet
  facet normal 0.000000e+00 0.000000e+00 -1.000000e+00
    outer loop
      vertex   -2.537807e+01 -3.716119e+01 0.000000e+00
      vertex   -2.750778e+01 -4.151340e+01 0.000000e+00
      vertex   -3.001120e+01 -3.974126e+01 0.000000e+00
    endloop
  endfacet
  facet normal -0.000000e+00 0.000000e+00 -1.000000e+00
    outer loop
      vertex   -2.537807e+01 -3.716119e+01 0.000000e+00
      vertex   -3.001120e+01 -3.974126e+01 0.000000e+00
      vertex   -2.773028e+01 -3.544053e+01 0.000000e+00
    endloop
  endfacet
  facet normal 0.000000e+00 0.000000e+00 -1.000000e+00
    outer loop
      vertex   -2.773028e+01 -3.544053e+01 0.000000e+00
      vertex   -3.001120e+01 -3.974126e+01 0.000000e+00
      vertex   -3.240079e+01 -3.781836e+01 0.000000e+00
    endloop
  endfacet
  facet normal -0.000000e+00 0.000000e+00 -1.000000e+00
    outer loop
      vertex   -2.773028e+01 -3.544053e+01 0.000000e+00
      vertex   -3.240079e+01 -3.781836e+01 0.000000e+00
      vertex   -2.996619e+01 -3.357123e+01 0.000000e+00
    endloop
  endfacet
  facet normal 0.000000e+00 0.000000e+00 -1.000000e+00
    outer loop
      vertex   -2.996619e+01 -3.357123e+01 0.000000e+00
      vertex   -3.240079e+01 -3.781836e+01 0.000000e+00
      vertex   -3.466747e+01 -3.575201e+01 0.000000e+00
    endloop
  endfacet
  facet normal -0.000000e+00 0.000000e+00 -1.000000e+00
    outer loop
      vertex   -2.996619e+01 -3.357123e+01 0.000000e+00
      vertex   -3.466747e+01 -3.575201e+01 0.000000e+00
      vertex   -3.207640e+01 -3.156112e+01 0.000000e+00
    endloop
  endfacet
  facet normal 0.000000e+00 0.000000e+00 -1.000000e+00
    outer loop
      vertex   -3.207640e+01 -3.156112e+01 0.000000e+00
      vertex   -3.466747e+01 -3.575201e+01 0.000000e+00
      vertex   -3.680264e+01 -3.355004e+01 0.000000e+00
    endloop
  endfacet
  facet normal -0.000000e+00 0.000000e+00 -1.000000e+00
    outer loop
      vertex   -3.207640e+01 -3.156112e+01 0.000000e+00
      vertex   -3.680264e+01 -3.355004e+01 0.000000e+00
      vertex   -3.405208e+01 -2.941863e+01 0.000000e+00
    endloop
  endfacet
  facet normal 0.000000e+00 0.000000e+00 -1.000000e+00
    outer loop
      vertex   -3.405208e+01 -2.941863e+01 0.000000e+00
      vertex   -3.680264e+01 -3.355004e+01 0.000000e+00
      vertex   -3.879821e+01 -3.122081e+01 0.000000e+00
    endloop
  endfacet
  facet normal -0.000000e+00 0.000000e+00 -1.000000e+00
    outer loop
      vertex   -3.405208e+01 -2.941863e+01 0.000000e+00
      vertex   -3.879821e+01 -3.122081e+01 0.000000e+00
      vertex   -3.588493e+01 -2.715275e+01 0.000000e+00
    endloop
  endfacet
  facet normal 0.000000e+00 0.000000e+00 -1.000000e+00
    outer loop
      vertex   -3.588493e+01 -2.715275e+01 0.000000e+00
      vertex   -3.879821e+01 -3.122081e+01 0.000000e+00
      vertex   -4.064661e+01 -2.877314e+01 0.000000e+00
    endloop
  endfacet
  facet normal -0.000000e+00 0.000000e+00 -1.000000e+00
    outer loop
      vertex   -3.588493e+01 -2.715275e+01 0.000000e+00
      vertex   -4.064661e+01 -2.877314e+01 0.000000e+00
      vertex   -3.756726e+01 -2.477299e+01 0.000000e+00
    endloop
  endfacet
  facet normal 0.000000e+00 0.000000e+00 -1.000000e+00
    outer loop
      vertex   -3.756726e+01 -2.477299e+01 0.000000e+00
      vertex   -4.064661e+01 -2.877314e+01 0.000000e+00
      vertex   -4.234081e+01 -2.621632e+01 0.000000e+00
    endloop
  endfacet
  facet normal -0.000000e+00 0.000000e+00 -1.000000e+00
    outer loop
      vertex   -3.756726e+01 -2.477299e+01 0.000000e+00
      vertex   -4.234081e+01 -2.621632e+01 0.000000e+00
      vertex   -3.909203e+01 -2.228931e+01 0.000000e+00
    endloop
  endfacet
  facet normal 0.000000e+00 0.000000e+00 -1.000000e+00
    outer loop
      vertex   -3.909203e+01 -2.228931e+01 0.000000e+00
      vertex   -4.234081e+01 -2.621632e+01 0.000000e+00
      vertex   -4.387441e+01 -2.356006e+01 0.000000e+00
    endloop
  endfacet
  facet normal -0.000000e+00 0.000000e+00 -1.000000e+00
    outer loop
      vertex   -3.909203e+01 -2.228931e+01 0.000000e+00
      vertex   -4.387441e+01 -2.356006e+01 0.000000e+00
      vertex   -4.045283e+01 -1.971215e+01 0.000000e+00
    endloop
  endfacet
  facet normal 0.000000e+00 0.000000e+00 -1.000000e+00
    outer loop
      vertex   -4.045283e+01 -1.971215e+01 0.000000e+00
      vertex   -4.387441e+01 -2.356006e+01 0.000000e+00
      vertex   -4.524157e+01 -2.081443e+01 0.000000e+00
    endloop
  endfacet
  facet normal -0.000000e+00 0.000000e+00 -1.000000e+00
    outer loop
      vertex   -4.045283e+01 -1.971215e+01 0.000000e+00
      vertex   -4.524157e+01 -2.081443e+01 0.000000e+00
      vertex   -4.164396e+01 -1.705230e+01 0.000000e+00
    endloop
  endfacet
  facet normal 0.000000e+00 0.000000e+00 -1.000000e+00
    outer loop
      vertex   -4.164396e+01 -1.705230e+01 0.000000e+00
      vertex   -4.524157e+01 -2.081443e+01 0.000000e+00
      vertex   -4.643712e+01 -1.798983e+01 0.000000e+00
    endloop
  endfacet
  facet normal -0.000000e+00 0.000000e+00 -1.000000e+00
    outer loop
      vertex   -4.164396e+01 -1.705230e+01 0.000000e+00
      vertex   -4.643712e+01 -1.798983e+01 0.000000e+00
      vertex   -4.266041e+01 -1.432093e+01 0.000000e+00
    endloop
  endfacet
  facet normal 0.000000e+00 0.000000e+00 -1.000000e+00
    outer loop
      vertex   -4.266041e+01 -1.432093e+01 0.000000e+00
      vertex   -4.643712e+01 -1.798983e+01 0.000000e+00
      vertex   -4.745651e+01 -1.509700e+01 0.000000e+00
    endloop
  endfacet
  facet normal -0.000000e+00 0.000000e+00 -1.000000e+00
    outer loop
      vertex   -4.266041e+01 -1.432093e+01 0.000000e+00
      vertex   -4.745651e+01 -1.509700e+01 0.000000e+00
      vertex   -4.349794e+01 -1.152950e+01 0.000000e+00
    endloop
  endfacet
  facet normal 0.000000e+00 0.000000e+00 -1.000000e+00
    outer loop
      vertex   -4.349794e+01 -1.152950e+01 0.000000e+00
      vertex   -4.745651e+01 -1.509700e+01 0.000000e+00
      vertex   -4.829589e+01 -1.214690e+01 0.000000e+00
    endloop
  endfacet
  facet normal -0.000000e+00 0.000000e+00 -1.000000e+00
    outer loop
      vertex   -4.349794e+01 -1.152950e+01 0.000000e+00
      vertex   -4.829589e+01 -1.214690e+01 0.000000e+00
      vertex   -4.415302e+01 -8.689707e+00 0.000000e+00
    endloop
  endfacet
  facet normal 0.000000e+00 0.000000e+00 -1.000000e+00
    outer loop
      vertex   -4.415302e+01 -8.689707e+00 0.000000e+00
      vertex   -4.829589e+01 -1.214690e+01 0.000000e+00
      vertex   -4.895206e+01 -9.150726e+00 0.000000e+00
    endloop
  endfacet
  facet normal -0.000000e+00 0.000000e+00 -1.000000e+00
    outer loop
      vertex   -4.415302e+01 -8.689707e+00 0.000000e+00
      vertex   -4.895206e+01 -9.150726e+00 0.000000e+00
      vertex   -4.462290e+01 -5.813466e+00 0.000000e+00
    endloop
  endfacet
  facet normal 0.000000e+00 0.000000e+00 -1.000000e+00
    outer loop
      vertex   -4.462290e+01 -5.813466e+00 0.000000e+00
      vertex   -4.895206e+01 -9.150726e+00 0.000000e+00
      vertex   -4.942254e+01 -6.119837e+00 0.000000e+00
    endloop
  endfacet
  facet normal -0.000000e+00 0.000000e+00 -1.000000e+00
    outer loop
      vertex   -4.462290e+01 -5.813466e+00 0.000000e+00
      vertex   -4.942254e+01 -6.119837e+00 0.000000e+00
      vertex   -4.490563e+01 -2.912842e+00 0.000000e+00
    endloop
  endfacet
  facet normal 0.000000e+00 0.000000e+00 -1.000000e+00
    outer loop
      vertex   -4.490563e+01 -2.912842e+00 0.000000e+00
      vertex   -4.942254e+01 -6.119837e+00 0.000000e+00
      vertex   -4.970555e+01 -3.065733e+00 0.000000e+00
    endloop
  endfacet
  facet normal -0.000000e+00 0.000000e+00 -1.000000e+00
    outer loop
      vertex   -4.490563e+01 -2.912842e+00 0.000000e+00
      vertex   -4.970555e+01 -3.065733e+00 0.000000e+00
      vertex   -4.500000e+01 -5.510911e-15 0.000000e+00
    endloop
  endfacet
endsolid
