solid ASCII
  facet normal 9.961947e-01 -8.715574e-02 0.000000e+00
    outer loop
      vertex   5.021538e+00 1.389185e+00 -5.000000e+00
      vertex   5.021538e+00 1.389185e+00 0.000000e+00
      vertex   4.900000e+00 -2.204364e-15 -5.000000e+00
    endloop
  endfacet
  facet normal 9.961947e-01 -8.715574e-02 0.000000e+00
    outer loop
      vertex   4.900000e+00 -2.204364e-15 -5.000000e+00
      vertex   5.021538e+00 1.389185e+00 0.000000e+00
      vertex   4.900000e+00 -2.204364e-15 0.000000e+00
    endloop
  endfacet
  facet normal 9.961947e-01 8.715574e-02 -0.000000e+00
    outer loop
      vertex   4.900000e+00 -2.204364e-15 -5.000000e+00
      vertex   4.900000e+00 -2.204364e-15 0.000000e+00
      vertex   5.021538e+00 -1.389185e+00 -5.000000e+00
    endloop
  endfacet
  facet normal 9.961947e-01 8.715574e-02 -0.000000e+00
    outer loop
      vertex   5.021538e+00 -1.389185e+00 -5.000000e+00
      vertex   4.900000e+00 -2.204364e-15 0.000000e+00
      vertex   5.021538e+00 -1.389185e+00 0.000000e+00
    endloop
  endfacet
  facet normal 9.659258e-01 2.588190e-01 -0.000000e+00
    outer loop
      vertex   5.021538e+00 -1.389185e+00 -5.000000e+00
      vertex   5.021538e+00 -1.389185e+00 0.000000e+00
      vertex   5.382459e+00 -2.736161e+00 -5.000000e+00
    endloop
  endfacet
  facet normal 9.659258e-01 2.588190e-01 3.530685e-17
    outer loop
      vertex   5.382459e+00 -2.736161e+00 -5.000000e+00
      vertex   5.021538e+00 -1.389185e+00 0.000000e+00
      vertex   5.382459e+00 -2.736161e+00 0.000000e+00
    endloop
  endfacet
  facet normal 9.063078e-01 4.226183e-01 1.768318e-16
    outer loop
      vertex   5.382459e+00 -2.736161e+00 -5.000000e+00
      vertex   5.382459e+00 -2.736161e+00 0.000000e+00
      vertex   5.971797e+00 -4.000000e+00 -5.000000e+00
    endloop
  endfacet
  facet normal 9.063078e-01 4.226183e-01 -5.923291e-17
    outer loop
      vertex   5.971797e+00 -4.000000e+00 -5.000000e+00
      vertex   5.382459e+00 -2.736161e+00 0.000000e+00
      vertex   5.971797e+00 -4.000000e+00 0.000000e+00
    endloop
  endfacet
  facet normal 8.191520e-01 5.735764e-01 6.558548e-17
    outer loop
      vertex   5.971797e+00 -4.000000e+00 -5.000000e+00
      vertex   5.971797e+00 -4.000000e+00 0.000000e+00
      vertex   6.771644e+00 -5.142301e+00 -5.000000e+00
    endloop
  endfacet
  facet normal 8.191520e-01 5.735764e-01 -0.000000e+00
    outer loop
      vertex   6.771644e+00 -5.142301e+00 -5.000000e+00
      vertex   5.971797e+00 -4.000000e+00 0.000000e+00
      vertex   6.771644e+00 -5.142301e+00 0.000000e+00
    endloop
  endfacet
  facet normal 7.071068e-01 7.071068e-01 -0.000000e+00
    outer loop
      vertex   6.771644e+00 -5.142301e+00 -5.000000e+00
      vertex   6.771644e+00 -5.142301e+00 0.000000e+00
      vertex   7.757699e+00 -6.128356e+00 -5.000000e+00
    endloop
  endfacet
  facet normal 7.071068e-01 7.071068e-01 -0.000000e+00
    outer loop
      vertex   7.757699e+00 -6.128356e+00 -5.000000e+00
      vertex   6.771644e+00 -5.142301e+00 0.000000e+00
      vertex   7.757699e+00 -6.128356e+00 0.000000e+00
    endloop
  endfacet
  facet normal 5.735764e-01 8.191520e-01 -0.000000e+00
    outer loop
      vertex   7.757699e+00 -6.128356e+00 -5.000000e+00
      vertex   7.757699e+00 -6.128356e+00 0.000000e+00
      vertex   8.900000e+00 -6.928203e+00 -5.000000e+00
    endloop
  endfacet
  facet normal 5.735764e-01 8.191520e-01 -0.000000e+00
    outer loop
      vertex   8.900000e+00 -6.928203e+00 -5.000000e+00
      vertex   7.757699e+00 -6.128356e+00 0.000000e+00
      vertex   8.900000e+00 -6.928203e+00 0.000000e+00
    endloop
  endfacet
  facet normal 4.226183e-01 9.063078e-01 -0.000000e+00
    outer loop
      vertex   8.900000e+00 -6.928203e+00 -5.000000e+00
      vertex   8.900000e+00 -6.928203e+00 0.000000e+00
      vertex   1.016384e+01 -7.517541e+00 -5.000000e+00
    endloop
  endfacet
  facet normal 4.226183e-01 9.063078e-01 -3.002883e-16
    outer loop
      vertex   1.016384e+01 -7.517541e+00 -5.000000e+00
      vertex   8.900000e+00 -6.928203e+00 0.000000e+00
      vertex   1.016384e+01 -7.517541e+00 0.000000e+00
    endloop
  endfacet
  facet normal 2.588190e-01 9.659258e-01 -1.839020e-16
    outer loop
      vertex   1.016384e+01 -7.517541e+00 -5.000000e+00
      vertex   1.016384e+01 -7.517541e+00 0.000000e+00
      vertex   1.151081e+01 -7.878462e+00 -5.000000e+00
    endloop
  endfacet
  facet normal 2.588190e-01 9.659258e-01 1.715829e-16
    outer loop
      vertex   1.151081e+01 -7.878462e+00 -5.000000e+00
      vertex   1.016384e+01 -7.517541e+00 0.000000e+00
      vertex   1.151081e+01 -7.878462e+00 0.000000e+00
    endloop
  endfacet
  facet normal 8.715574e-02 9.961947e-01 1.769597e-16
    outer loop
      vertex   1.151081e+01 -7.878462e+00 -5.000000e+00
      vertex   1.151081e+01 -7.878462e+00 0.000000e+00
      vertex   1.290000e+01 -8.000000e+00 -5.000000e+00
    endloop
  endfacet
  facet normal 8.715574e-02 9.961947e-01 -0.000000e+00
    outer loop
      vertex   1.290000e+01 -8.000000e+00 -5.000000e+00
      vertex   1.151081e+01 -7.878462e+00 0.000000e+00
      vertex   1.290000e+01 -8.000000e+00 0.000000e+00
    endloop
  endfacet
  facet normal -8.715574e-02 9.961947e-01 0.000000e+00
    outer loop
      vertex   1.290000e+01 -8.000000e+00 -5.000000e+00
      vertex   1.290000e+01 -8.000000e+00 0.000000e+00
      vertex   1.428919e+01 -7.878462e+00 -5.000000e+00
    endloop
  endfacet
  facet normal -8.715574e-02 9.961947e-01 1.459958e-16
    outer loop
      vertex   1.428919e+01 -7.878462e+00 -5.000000e+00
      vertex   1.290000e+01 -8.000000e+00 0.000000e+00
      vertex   1.428919e+01 -7.878462e+00 0.000000e+00
    endloop
  endfacet
  facet normal -2.588190e-01 9.659258e-01 7.963190e-17
    outer loop
      vertex   1.428919e+01 -7.878462e+00 -5.000000e+00
      vertex   1.428919e+01 -7.878462e+00 0.000000e+00
      vertex   1.563616e+01 -7.517541e+00 -5.000000e+00
    endloop
  endfacet
  facet normal -2.588190e-01 9.659258e-01 1.231910e-17
    outer loop
      vertex   1.563616e+01 -7.517541e+00 -5.000000e+00
      vertex   1.428919e+01 -7.878462e+00 0.000000e+00
      vertex   1.563616e+01 -7.517541e+00 0.000000e+00
    endloop
  endfacet
  facet normal -4.226183e-01 9.063078e-01 1.392957e-16
    outer loop
      vertex   1.563616e+01 -7.517541e+00 -5.000000e+00
      vertex   1.563616e+01 -7.517541e+00 0.000000e+00
      vertex   1.690000e+01 -6.928203e+00 -5.000000e+00
    endloop
  endfacet
  facet normal -4.226183e-01 9.063078e-01 -2.169687e-17
    outer loop
      vertex   1.690000e+01 -6.928203e+00 -5.000000e+00
      vertex   1.563616e+01 -7.517541e+00 0.000000e+00
      vertex   1.690000e+01 -6.928203e+00 0.000000e+00
    endloop
  endfacet
  facet normal -5.735764e-01 8.191520e-01 1.165293e-16
    outer loop
      vertex   1.690000e+01 -6.928203e+00 -5.000000e+00
      vertex   1.690000e+01 -6.928203e+00 0.000000e+00
      vertex   1.804230e+01 -6.128356e+00 -5.000000e+00
    endloop
  endfacet
  facet normal -5.735764e-01 8.191520e-01 0.000000e+00
    outer loop
      vertex   1.804230e+01 -6.128356e+00 -5.000000e+00
      vertex   1.690000e+01 -6.928203e+00 0.000000e+00
      vertex   1.804230e+01 -6.128356e+00 0.000000e+00
    endloop
  endfacet
  facet normal -7.071068e-01 7.071068e-01 0.000000e+00
    outer loop
      vertex   1.804230e+01 -6.128356e+00 -5.000000e+00
      vertex   1.804230e+01 -6.128356e+00 0.000000e+00
      vertex   1.902836e+01 -5.142301e+00 -5.000000e+00
    endloop
  endfacet
  facet normal -7.071068e-01 7.071068e-01 0.000000e+00
    outer loop
      vertex   1.902836e+01 -5.142301e+00 -5.000000e+00
      vertex   1.804230e+01 -6.128356e+00 0.000000e+00
      vertex   1.902836e+01 -5.142301e+00 0.000000e+00
    endloop
  endfacet
  facet normal -8.191520e-01 5.735764e-01 0.000000e+00
    outer loop
      vertex   1.902836e+01 -5.142301e+00 -5.000000e+00
      vertex   1.902836e+01 -5.142301e+00 0.000000e+00
      vertex   1.982820e+01 -4.000000e+00 -5.000000e+00
    endloop
  endfacet
  facet normal -8.191520e-01 5.735764e-01 0.000000e+00
    outer loop
      vertex   1.982820e+01 -4.000000e+00 -5.000000e+00
      vertex   1.902836e+01 -5.142301e+00 0.000000e+00
      vertex   1.982820e+01 -4.000000e+00 0.000000e+00
    endloop
  endfacet
  facet normal -9.063078e-01 4.226183e-01 0.000000e+00
    outer loop
      vertex   1.982820e+01 -4.000000e+00 -5.000000e+00
      vertex   1.982820e+01 -4.000000e+00 0.000000e+00
      vertex   2.041754e+01 -2.736161e+00 -5.000000e+00
    endloop
  endfacet
  facet normal -9.063078e-01 4.226183e-01 0.000000e+00
    outer loop
      vertex   2.041754e+01 -2.736161e+00 -5.000000e+00
      vertex   1.982820e+01 -4.000000e+00 0.000000e+00
      vertex   2.041754e+01 -2.736161e+00 0.000000e+00
    endloop
  endfacet
  facet normal -9.659258e-01 2.588190e-01 0.000000e+00
    outer loop
      vertex   2.041754e+01 -2.736161e+00 -5.000000e+00
      vertex   2.041754e+01 -2.736161e+00 0.000000e+00
      vertex   2.077846e+01 -1.389185e+00 -5.000000e+00
    endloop
  endfacet
  facet normal -9.659258e-01 2.588190e-01 -1.953959e-16
    outer loop
      vertex   2.077846e+01 -1.389185e+00 -5.000000e+00
      vertex   2.041754e+01 -2.736161e+00 0.000000e+00
      vertex   2.077846e+01 -1.389185e+00 0.000000e+00
    endloop
  endfacet
  facet normal -9.961947e-01 8.715574e-02 -6.579837e-17
    outer loop
      vertex   2.077846e+01 -1.389185e+00 -5.000000e+00
      vertex   2.077846e+01 -1.389185e+00 0.000000e+00
      vertex   2.090000e+01 -1.224647e-15 -5.000000e+00
    endloop
  endfacet
  facet normal -9.961947e-01 8.715574e-02 0.000000e+00
    outer loop
      vertex   2.090000e+01 -1.224647e-15 -5.000000e+00
      vertex   2.077846e+01 -1.389185e+00 0.000000e+00
      vertex   2.090000e+01 -1.224647e-15 0.000000e+00
    endloop
  endfacet
  facet normal -9.961947e-01 -8.715574e-02 0.000000e+00
    outer loop
      vertex   2.090000e+01 -1.224647e-15 -5.000000e+00
      vertex   2.090000e+01 -1.224647e-15 0.000000e+00
      vertex   2.077846e+01 1.389185e+00 -5.000000e+00
    endloop
  endfacet
  facet normal -9.961947e-01 -8.715574e-02 6.579837e-17
    outer loop
      vertex   2.077846e+01 1.389185e+00 -5.000000e+00
      vertex   2.090000e+01 -1.224647e-15 0.000000e+00
      vertex   2.077846e+01 1.389185e+00 0.000000e+00
    endloop
  endfacet
  facet normal -9.659258e-01 -2.588190e-01 1.953959e-16
    outer loop
      vertex   2.077846e+01 1.389185e+00 -5.000000e+00
      vertex   2.077846e+01 1.389185e+00 0.000000e+00
      vertex   2.041754e+01 2.736161e+00 -5.000000e+00
    endloop
  endfacet
  facet normal -9.659258e-01 -2.588190e-01 0.000000e+00
    outer loop
      vertex   2.041754e+01 2.736161e+00 -5.000000e+00
      vertex   2.077846e+01 1.389185e+00 0.000000e+00
      vertex   2.041754e+01 2.736161e+00 0.000000e+00
    endloop
  endfacet
  facet normal -9.063078e-01 -4.226183e-01 0.000000e+00
    outer loop
      vertex   2.041754e+01 2.736161e+00 -5.000000e+00
      vertex   2.041754e+01 2.736161e+00 0.000000e+00
      vertex   1.982820e+01 4.000000e+00 -5.000000e+00
    endloop
  endfacet
  facet normal -9.063078e-01 -4.226183e-01 0.000000e+00
    outer loop
      vertex   1.982820e+01 4.000000e+00 -5.000000e+00
      vertex   2.041754e+01 2.736161e+00 0.000000e+00
      vertex   1.982820e+01 4.000000e+00 0.000000e+00
    endloop
  endfacet
  facet normal -8.191520e-01 -5.735764e-01 0.000000e+00
    outer loop
      vertex   1.982820e+01 4.000000e+00 -5.000000e+00
      vertex   1.982820e+01 4.000000e+00 0.000000e+00
      vertex   1.902836e+01 5.142301e+00 -5.000000e+00
    endloop
  endfacet
  facet normal -8.191520e-01 -5.735764e-01 0.000000e+00
    outer loop
      vertex   1.902836e+01 5.142301e+00 -5.000000e+00
      vertex   1.982820e+01 4.000000e+00 0.000000e+00
      vertex   1.902836e+01 5.142301e+00 0.000000e+00
    endloop
  endfacet
  facet normal -7.071068e-01 -7.071068e-01 0.000000e+00
    outer loop
      vertex   1.902836e+01 5.142301e+00 -5.000000e+00
      vertex   1.902836e+01 5.142301e+00 0.000000e+00
      vertex   1.804230e+01 6.128356e+00 -5.000000e+00
    endloop
  endfacet
  facet normal -7.071068e-01 -7.071068e-01 0.000000e+00
    outer loop
      vertex   1.804230e+01 6.128356e+00 -5.000000e+00
      vertex   1.902836e+01 5.142301e+00 0.000000e+00
      vertex   1.804230e+01 6.128356e+00 0.000000e+00
    endloop
  endfacet
  facet normal -5.735764e-01 -8.191520e-01 0.000000e+00
    outer loop
      vertex   1.804230e+01 6.128356e+00 -5.000000e+00
      vertex   1.804230e+01 6.128356e+00 0.000000e+00
      vertex   1.690000e+01 6.928203e+00 -5.000000e+00
    endloop
  endfacet
  facet normal -5.735764e-01 -8.191520e-01 -1.165293e-16
    outer loop
      vertex   1.690000e+01 6.928203e+00 -5.000000e+00
      vertex   1.804230e+01 6.128356e+00 0.000000e+00
      vertex   1.690000e+01 6.928203e+00 0.000000e+00
    endloop
  endfacet
  facet normal -4.226183e-01 -9.063078e-01 2.169687e-17
    outer loop
      vertex   1.690000e+01 6.928203e+00 -5.000000e+00
      vertex   1.690000e+01 6.928203e+00 0.000000e+00
      vertex   1.563616e+01 7.517541e+00 -5.000000e+00
    endloop
  endfacet
  facet normal -4.226183e-01 -9.063078e-01 -1.392957e-16
    outer loop
      vertex   1.563616e+01 7.517541e+00 -5.000000e+00
      vertex   1.690000e+01 6.928203e+00 0.000000e+00
      vertex   1.563616e+01 7.517541e+00 0.000000e+00
    endloop
  endfacet
  facet normal -2.588190e-01 -9.659258e-01 -1.231910e-17
    outer loop
      vertex   1.563616e+01 7.517541e+00 -5.000000e+00
      vertex   1.563616e+01 7.517541e+00 0.000000e+00
      vertex   1.428919e+01 7.878462e+00 -5.000000e+00
    endloop
  endfacet
  facet normal -2.588190e-01 -9.659258e-01 -7.963190e-17
    outer loop
      vertex   1.428919e+01 7.878462e+00 -5.000000e+00
      vertex   1.563616e+01 7.517541e+00 0.000000e+00
      vertex   1.428919e+01 7.878462e+00 0.000000e+00
    endloop
  endfacet
  facet normal -8.715574e-02 -9.961947e-01 -1.459958e-16
    outer loop
      vertex   1.428919e+01 7.878462e+00 -5.000000e+00
      vertex   1.428919e+01 7.878462e+00 0.000000e+00
      vertex   1.290000e+01 8.000000e+00 -5.000000e+00
    endloop
  endfacet
  facet normal -8.715574e-02 -9.961947e-01 0.000000e+00
    outer loop
      vertex   1.290000e+01 8.000000e+00 -5.000000e+00
      vertex   1.428919e+01 7.878462e+00 0.000000e+00
      vertex   1.290000e+01 8.000000e+00 0.000000e+00
    endloop
  endfacet
  facet normal 8.715574e-02 -9.961947e-01 0.000000e+00
    outer loop
      vertex   1.290000e+01 8.000000e+00 -5.000000e+00
      vertex   1.290000e+01 8.000000e+00 0.000000e+00
      vertex   1.151081e+01 7.878462e+00 -5.000000e+00
    endloop
  endfacet
  facet normal 8.715574e-02 -9.961947e-01 -1.769597e-16
    outer loop
      vertex   1.151081e+01 7.878462e+00 -5.000000e+00
      vertex   1.290000e+01 8.000000e+00 0.000000e+00
      vertex   1.151081e+01 7.878462e+00 0.000000e+00
    endloop
  endfacet
  facet normal 2.588190e-01 -9.659258e-01 -1.715829e-16
    outer loop
      vertex   1.151081e+01 7.878462e+00 -5.000000e+00
      vertex   1.151081e+01 7.878462e+00 0.000000e+00
      vertex   1.016384e+01 7.517541e+00 -5.000000e+00
    endloop
  endfacet
  facet normal 2.588190e-01 -9.659258e-01 1.839020e-16
    outer loop
      vertex   1.016384e+01 7.517541e+00 -5.000000e+00
      vertex   1.151081e+01 7.878462e+00 0.000000e+00
      vertex   1.016384e+01 7.517541e+00 0.000000e+00
    endloop
  endfacet
  facet normal 4.226183e-01 -9.063078e-01 3.002883e-16
    outer loop
      vertex   1.016384e+01 7.517541e+00 -5.000000e+00
      vertex   1.016384e+01 7.517541e+00 0.000000e+00
      vertex   8.900000e+00 6.928203e+00 -5.000000e+00
    endloop
  endfacet
  facet normal 4.226183e-01 -9.063078e-01 0.000000e+00
    outer loop
      vertex   8.900000e+00 6.928203e+00 -5.000000e+00
      vertex   1.016384e+01 7.517541e+00 0.000000e+00
      vertex   8.900000e+00 6.928203e+00 0.000000e+00
    endloop
  endfacet
  facet normal 5.735764e-01 -8.191520e-01 0.000000e+00
    outer loop
      vertex   8.900000e+00 6.928203e+00 -5.000000e+00
      vertex   8.900000e+00 6.928203e+00 0.000000e+00
      vertex   7.757699e+00 6.128356e+00 -5.000000e+00
    endloop
  endfacet
  facet normal 5.735764e-01 -8.191520e-01 0.000000e+00
    outer loop
      vertex   7.757699e+00 6.128356e+00 -5.000000e+00
      vertex   8.900000e+00 6.928203e+00 0.000000e+00
      vertex   7.757699e+00 6.128356e+00 0.000000e+00
    endloop
  endfacet
  facet normal 7.071068e-01 -7.071068e-01 0.000000e+00
    outer loop
      vertex   7.757699e+00 6.128356e+00 -5.000000e+00
      vertex   7.757699e+00 6.128356e+00 0.000000e+00
      vertex   6.771644e+00 5.142301e+00 -5.000000e+00
    endloop
  endfacet
  facet normal 7.071068e-01 -7.071068e-01 0.000000e+00
    outer loop
      vertex   6.771644e+00 5.142301e+00 -5.000000e+00
      vertex   7.757699e+00 6.128356e+00 0.000000e+00
      vertex   6.771644e+00 5.142301e+00 0.000000e+00
    endloop
  endfacet
  facet normal 8.191520e-01 -5.735764e-01 0.000000e+00
    outer loop
      vertex   6.771644e+00 5.142301e+00 -5.000000e+00
      vertex   6.771644e+00 5.142301e+00 0.000000e+00
      vertex   5.971797e+00 4.000000e+00 -5.000000e+00
    endloop
  endfacet
  facet normal 8.191520e-01 -5.735764e-01 -1.165293e-16
    outer loop
      vertex   5.971797e+00 4.000000e+00 -5.000000e+00
      vertex   6.771644e+00 5.142301e+00 0.000000e+00
      vertex   5.971797e+00 4.000000e+00 0.000000e+00
    endloop
  endfacet
  facet normal 9.063078e-01 -4.226183e-01 2.169687e-17
    outer loop
      vertex   5.971797e+00 4.000000e+00 -5.000000e+00
      vertex   5.971797e+00 4.000000e+00 0.000000e+00
      vertex   5.382459e+00 2.736161e+00 -5.000000e+00
    endloop
  endfacet
  facet normal 9.063078e-01 -4.226183e-01 -1.768318e-16
    outer loop
      vertex   5.382459e+00 2.736161e+00 -5.000000e+00
      vertex   5.971797e+00 4.000000e+00 0.000000e+00
      vertex   5.382459e+00 2.736161e+00 0.000000e+00
    endloop
  endfacet
  facet normal 9.659258e-01 -2.588190e-01 -3.530685e-17
    outer loop
      vertex   5.382459e+00 2.736161e+00 -5.000000e+00
      vertex   5.382459e+00 2.736161e+00 0.000000e+00
      vertex   5.021538e+00 1.389185e+00 -5.000000e+00
    endloop
  endfacet
  facet normal 9.659258e-01 -2.588190e-01 0.000000e+00
    outer loop
      vertex   5.021538e+00 1.389185e+00 -5.000000e+00
      vertex   5.382459e+00 2.736161e+00 0.000000e+00
      vertex   5.021538e+00 1.389185e+00 0.000000e+00
    endloop
  endfacet
  facet normal 9.961947e-01 -8.715574e-02 0.000000e+00
    outer loop
      vertex   -2.077846e+01 1.389185e+00 -5.000000e+00
      vertex   -2.077846e+01 1.389185e+00 0.000000e+00
      vertex   -2.090000e+01 -2.204364e-15 -5.000000e+00
    endloop
  endfacet
  facet normal 9.961947e-01 -8.715574e-02 0.000000e+00
    outer loop
      vertex   -2.090000e+01 -2.204364e-15 -5.000000e+00
      vertex   -2.077846e+01 1.389185e+00 0.000000e+00
      vertex   -2.090000e+01 -2.204364e-15 0.000000e+00
    endloop
  endfacet
  facet normal 9.961947e-01 8.715574e-02 -0.000000e+00
    outer loop
      vertex   -2.090000e+01 -2.204364e-15 -5.000000e+00
      vertex   -2.090000e+01 -2.204364e-15 0.000000e+00
      vertex   -2.077846e+01 -1.389185e+00 -5.000000e+00
    endloop
  endfacet
  facet normal 9.961947e-01 8.715574e-02 -0.000000e+00
    outer loop
      vertex   -2.077846e+01 -1.389185e+00 -5.000000e+00
      vertex   -2.090000e+01 -2.204364e-15 0.000000e+00
      vertex   -2.077846e+01 -1.389185e+00 0.000000e+00
    endloop
  endfacet
  facet normal 9.659258e-01 2.588190e-01 -0.000000e+00
    outer loop
      vertex   -2.077846e+01 -1.389185e+00 -5.000000e+00
      vertex   -2.077846e+01 -1.389185e+00 0.000000e+00
      vertex   -2.041754e+01 -2.736161e+00 -5.000000e+00
    endloop
  endfacet
  facet normal 9.659258e-01 2.588190e-01 1.839020e-16
    outer loop
      vertex   -2.041754e+01 -2.736161e+00 -5.000000e+00
      vertex   -2.077846e+01 -1.389185e+00 0.000000e+00
      vertex   -2.041754e+01 -2.736161e+00 0.000000e+00
    endloop
  endfacet
  facet normal 9.063078e-01 4.226183e-01 3.002883e-16
    outer loop
      vertex   -2.041754e+01 -2.736161e+00 -5.000000e+00
      vertex   -2.041754e+01 -2.736161e+00 0.000000e+00
      vertex   -1.982820e+01 -4.000000e+00 -5.000000e+00
    endloop
  endfacet
  facet normal 9.063078e-01 4.226183e-01 -3.436821e-16
    outer loop
      vertex   -1.982820e+01 -4.000000e+00 -5.000000e+00
      vertex   -2.041754e+01 -2.736161e+00 0.000000e+00
      vertex   -1.982820e+01 -4.000000e+00 0.000000e+00
    endloop
  endfacet
  facet normal 8.191520e-01 5.735764e-01 -1.744920e-16
    outer loop
      vertex   -1.982820e+01 -4.000000e+00 -5.000000e+00
      vertex   -1.982820e+01 -4.000000e+00 0.000000e+00
      vertex   -1.902836e+01 -5.142301e+00 -5.000000e+00
    endloop
  endfacet
  facet normal 8.191520e-01 5.735764e-01 -0.000000e+00
    outer loop
      vertex   -1.902836e+01 -5.142301e+00 -5.000000e+00
      vertex   -1.982820e+01 -4.000000e+00 0.000000e+00
      vertex   -1.902836e+01 -5.142301e+00 0.000000e+00
    endloop
  endfacet
  facet normal 7.071068e-01 7.071068e-01 -0.000000e+00
    outer loop
      vertex   -1.902836e+01 -5.142301e+00 -5.000000e+00
      vertex   -1.902836e+01 -5.142301e+00 0.000000e+00
      vertex   -1.804230e+01 -6.128356e+00 -5.000000e+00
    endloop
  endfacet
  facet normal 7.071068e-01 7.071068e-01 -0.000000e+00
    outer loop
      vertex   -1.804230e+01 -6.128356e+00 -5.000000e+00
      vertex   -1.902836e+01 -5.142301e+00 0.000000e+00
      vertex   -1.804230e+01 -6.128356e+00 0.000000e+00
    endloop
  endfacet
  facet normal 5.735764e-01 8.191520e-01 -0.000000e+00
    outer loop
      vertex   -1.804230e+01 -6.128356e+00 -5.000000e+00
      vertex   -1.804230e+01 -6.128356e+00 0.000000e+00
      vertex   -1.690000e+01 -6.928203e+00 -5.000000e+00
    endloop
  endfacet
  facet normal 5.735764e-01 8.191520e-01 -0.000000e+00
    outer loop
      vertex   -1.690000e+01 -6.928203e+00 -5.000000e+00
      vertex   -1.804230e+01 -6.128356e+00 0.000000e+00
      vertex   -1.690000e+01 -6.928203e+00 0.000000e+00
    endloop
  endfacet
  facet normal 4.226183e-01 9.063078e-01 -0.000000e+00
    outer loop
      vertex   -1.690000e+01 -6.928203e+00 -5.000000e+00
      vertex   -1.690000e+01 -6.928203e+00 0.000000e+00
      vertex   -1.563616e+01 -7.517541e+00 -5.000000e+00
    endloop
  endfacet
  facet normal 4.226183e-01 9.063078e-01 -3.002883e-16
    outer loop
      vertex   -1.563616e+01 -7.517541e+00 -5.000000e+00
      vertex   -1.690000e+01 -6.928203e+00 0.000000e+00
      vertex   -1.563616e+01 -7.517541e+00 0.000000e+00
    endloop
  endfacet
  facet normal 2.588190e-01 9.659258e-01 -1.839020e-16
    outer loop
      vertex   -1.563616e+01 -7.517541e+00 -5.000000e+00
      vertex   -1.563616e+01 -7.517541e+00 0.000000e+00
      vertex   -1.428919e+01 -7.878462e+00 -5.000000e+00
    endloop
  endfacet
  facet normal 2.588190e-01 9.659258e-01 1.715829e-16
    outer loop
      vertex   -1.428919e+01 -7.878462e+00 -5.000000e+00
      vertex   -1.563616e+01 -7.517541e+00 0.000000e+00
      vertex   -1.428919e+01 -7.878462e+00 0.000000e+00
    endloop
  endfacet
  facet normal 8.715574e-02 9.961947e-01 1.769597e-16
    outer loop
      vertex   -1.428919e+01 -7.878462e+00 -5.000000e+00
      vertex   -1.428919e+01 -7.878462e+00 0.000000e+00
      vertex   -1.290000e+01 -8.000000e+00 -5.000000e+00
    endloop
  endfacet
  facet normal 8.715574e-02 9.961947e-01 -0.000000e+00
    outer loop
      vertex   -1.290000e+01 -8.000000e+00 -5.000000e+00
      vertex   -1.428919e+01 -7.878462e+00 0.000000e+00
      vertex   -1.290000e+01 -8.000000e+00 0.000000e+00
    endloop
  endfacet
  facet normal -8.715574e-02 9.961947e-01 0.000000e+00
    outer loop
      vertex   -1.290000e+01 -8.000000e+00 -5.000000e+00
      vertex   -1.290000e+01 -8.000000e+00 0.000000e+00
      vertex   -1.151081e+01 -7.878462e+00 -5.000000e+00
    endloop
  endfacet
  facet normal -8.715574e-02 9.961947e-01 1.459958e-16
    outer loop
      vertex   -1.151081e+01 -7.878462e+00 -5.000000e+00
      vertex   -1.290000e+01 -8.000000e+00 0.000000e+00
      vertex   -1.151081e+01 -7.878462e+00 0.000000e+00
    endloop
  endfacet
  facet normal -2.588190e-01 9.659258e-01 7.963190e-17
    outer loop
      vertex   -1.151081e+01 -7.878462e+00 -5.000000e+00
      vertex   -1.151081e+01 -7.878462e+00 0.000000e+00
      vertex   -1.016384e+01 -7.517541e+00 -5.000000e+00
    endloop
  endfacet
  facet normal -2.588190e-01 9.659258e-01 -1.592638e-16
    outer loop
      vertex   -1.016384e+01 -7.517541e+00 -5.000000e+00
      vertex   -1.151081e+01 -7.878462e+00 0.000000e+00
      vertex   -1.016384e+01 -7.517541e+00 0.000000e+00
    endloop
  endfacet
  facet normal -4.226183e-01 9.063078e-01 -2.169687e-17
    outer loop
      vertex   -1.016384e+01 -7.517541e+00 -5.000000e+00
      vertex   -1.016384e+01 -7.517541e+00 0.000000e+00
      vertex   -8.900000e+00 -6.928203e+00 -5.000000e+00
    endloop
  endfacet
  facet normal -4.226183e-01 9.063078e-01 -1.826895e-16
    outer loop
      vertex   -8.900000e+00 -6.928203e+00 -5.000000e+00
      vertex   -1.016384e+01 -7.517541e+00 0.000000e+00
      vertex   -8.900000e+00 -6.928203e+00 0.000000e+00
    endloop
  endfacet
  facet normal -5.735764e-01 8.191520e-01 -2.898133e-17
    outer loop
      vertex   -8.900000e+00 -6.928203e+00 -5.000000e+00
      vertex   -8.900000e+00 -6.928203e+00 0.000000e+00
      vertex   -7.757699e+00 -6.128356e+00 -5.000000e+00
    endloop
  endfacet
  facet normal -5.735764e-01 8.191520e-01 0.000000e+00
    outer loop
      vertex   -7.757699e+00 -6.128356e+00 -5.000000e+00
      vertex   -8.900000e+00 -6.928203e+00 0.000000e+00
      vertex   -7.757699e+00 -6.128356e+00 0.000000e+00
    endloop
  endfacet
  facet normal -7.071068e-01 7.071068e-01 0.000000e+00
    outer loop
      vertex   -7.757699e+00 -6.128356e+00 -5.000000e+00
      vertex   -7.757699e+00 -6.128356e+00 0.000000e+00
      vertex   -6.771644e+00 -5.142301e+00 -5.000000e+00
    endloop
  endfacet
  facet normal -7.071068e-01 7.071068e-01 0.000000e+00
    outer loop
      vertex   -6.771644e+00 -5.142301e+00 -5.000000e+00
      vertex   -7.757699e+00 -6.128356e+00 0.000000e+00
      vertex   -6.771644e+00 -5.142301e+00 0.000000e+00
    endloop
  endfacet
  facet normal -8.191520e-01 5.735764e-01 0.000000e+00
    outer loop
      vertex   -6.771644e+00 -5.142301e+00 -5.000000e+00
      vertex   -6.771644e+00 -5.142301e+00 0.000000e+00
      vertex   -5.971797e+00 -4.000000e+00 -5.000000e+00
    endloop
  endfacet
  facet normal -8.191520e-01 5.735764e-01 0.000000e+00
    outer loop
      vertex   -5.971797e+00 -4.000000e+00 -5.000000e+00
      vertex   -6.771644e+00 -5.142301e+00 0.000000e+00
      vertex   -5.971797e+00 -4.000000e+00 0.000000e+00
    endloop
  endfacet
  facet normal -9.063078e-01 4.226183e-01 0.000000e+00
    outer loop
      vertex   -5.971797e+00 -4.000000e+00 -5.000000e+00
      vertex   -5.971797e+00 -4.000000e+00 0.000000e+00
      vertex   -5.382459e+00 -2.736161e+00 -5.000000e+00
    endloop
  endfacet
  facet normal -9.063078e-01 4.226183e-01 0.000000e+00
    outer loop
      vertex   -5.382459e+00 -2.736161e+00 -5.000000e+00
      vertex   -5.971797e+00 -4.000000e+00 0.000000e+00
      vertex   -5.382459e+00 -2.736161e+00 0.000000e+00
    endloop
  endfacet
  facet normal -9.659258e-01 2.588190e-01 0.000000e+00
    outer loop
      vertex   -5.382459e+00 -2.736161e+00 -5.000000e+00
      vertex   -5.382459e+00 -2.736161e+00 0.000000e+00
      vertex   -5.021538e+00 -1.389185e+00 -5.000000e+00
    endloop
  endfacet
  facet normal -9.659258e-01 2.588190e-01 -2.381297e-17
    outer loop
      vertex   -5.021538e+00 -1.389185e+00 -5.000000e+00
      vertex   -5.382459e+00 -2.736161e+00 0.000000e+00
      vertex   -5.021538e+00 -1.389185e+00 0.000000e+00
    endloop
  endfacet
  facet normal -9.961947e-01 8.715574e-02 1.111614e-16
    outer loop
      vertex   -5.021538e+00 -1.389185e+00 -5.000000e+00
      vertex   -5.021538e+00 -1.389185e+00 0.000000e+00
      vertex   -4.900000e+00 -1.224647e-15 -5.000000e+00
    endloop
  endfacet
  facet normal -9.961947e-01 8.715574e-02 0.000000e+00
    outer loop
      vertex   -4.900000e+00 -1.224647e-15 -5.000000e+00
      vertex   -5.021538e+00 -1.389185e+00 0.000000e+00
      vertex   -4.900000e+00 -1.224647e-15 0.000000e+00
    endloop
  endfacet
  facet normal -9.961947e-01 -8.715574e-02 0.000000e+00
    outer loop
      vertex   -4.900000e+00 -1.224647e-15 -5.000000e+00
      vertex   -4.900000e+00 -1.224647e-15 0.000000e+00
      vertex   -5.021538e+00 1.389185e+00 -5.000000e+00
    endloop
  endfacet
  facet normal -9.961947e-01 -8.715574e-02 -1.111614e-16
    outer loop
      vertex   -5.021538e+00 1.389185e+00 -5.000000e+00
      vertex   -4.900000e+00 -1.224647e-15 0.000000e+00
      vertex   -5.021538e+00 1.389185e+00 0.000000e+00
    endloop
  endfacet
  facet normal -9.659258e-01 -2.588190e-01 2.381297e-17
    outer loop
      vertex   -5.021538e+00 1.389185e+00 -5.000000e+00
      vertex   -5.021538e+00 1.389185e+00 0.000000e+00
      vertex   -5.382459e+00 2.736161e+00 -5.000000e+00
    endloop
  endfacet
  facet normal -9.659258e-01 -2.588190e-01 0.000000e+00
    outer loop
      vertex   -5.382459e+00 2.736161e+00 -5.000000e+00
      vertex   -5.021538e+00 1.389185e+00 0.000000e+00
      vertex   -5.382459e+00 2.736161e+00 0.000000e+00
    endloop
  endfacet
  facet normal -9.063078e-01 -4.226183e-01 0.000000e+00
    outer loop
      vertex   -5.382459e+00 2.736161e+00 -5.000000e+00
      vertex   -5.382459e+00 2.736161e+00 0.000000e+00
      vertex   -5.971797e+00 4.000000e+00 -5.000000e+00
    endloop
  endfacet
  facet normal -9.063078e-01 -4.226183e-01 0.000000e+00
    outer loop
      vertex   -5.971797e+00 4.000000e+00 -5.000000e+00
      vertex   -5.382459e+00 2.736161e+00 0.000000e+00
      vertex   -5.971797e+00 4.000000e+00 0.000000e+00
    endloop
  endfacet
  facet normal -8.191520e-01 -5.735764e-01 0.000000e+00
    outer loop
      vertex   -5.971797e+00 4.000000e+00 -5.000000e+00
      vertex   -5.971797e+00 4.000000e+00 0.000000e+00
      vertex   -6.771644e+00 5.142301e+00 -5.000000e+00
    endloop
  endfacet
  facet normal -8.191520e-01 -5.735764e-01 0.000000e+00
    outer loop
      vertex   -6.771644e+00 5.142301e+00 -5.000000e+00
      vertex   -5.971797e+00 4.000000e+00 0.000000e+00
      vertex   -6.771644e+00 5.142301e+00 0.000000e+00
    endloop
  endfacet
  facet normal -7.071068e-01 -7.071068e-01 0.000000e+00
    outer loop
      vertex   -6.771644e+00 5.142301e+00 -5.000000e+00
      vertex   -6.771644e+00 5.142301e+00 0.000000e+00
      vertex   -7.757699e+00 6.128356e+00 -5.000000e+00
    endloop
  endfacet
  facet normal -7.071068e-01 -7.071068e-01 0.000000e+00
    outer loop
      vertex   -7.757699e+00 6.128356e+00 -5.000000e+00
      vertex   -6.771644e+00 5.142301e+00 0.000000e+00
      vertex   -7.757699e+00 6.128356e+00 0.000000e+00
    endloop
  endfacet
  facet normal -5.735764e-01 -8.191520e-01 0.000000e+00
    outer loop
      vertex   -7.757699e+00 6.128356e+00 -5.000000e+00
      vertex   -7.757699e+00 6.128356e+00 0.000000e+00
      vertex   -8.900000e+00 6.928203e+00 -5.000000e+00
    endloop
  endfacet
  facet normal -5.735764e-01 -8.191520e-01 -1.165293e-16
    outer loop
      vertex   -8.900000e+00 6.928203e+00 -5.000000e+00
      vertex   -7.757699e+00 6.128356e+00 0.000000e+00
      vertex   -8.900000e+00 6.928203e+00 0.000000e+00
    endloop
  endfacet
  facet normal -4.226183e-01 -9.063078e-01 2.169687e-17
    outer loop
      vertex   -8.900000e+00 6.928203e+00 -5.000000e+00
      vertex   -8.900000e+00 6.928203e+00 0.000000e+00
      vertex   -1.016384e+01 7.517541e+00 -5.000000e+00
    endloop
  endfacet
  facet normal -4.226183e-01 -9.063078e-01 -1.392957e-16
    outer loop
      vertex   -1.016384e+01 7.517541e+00 -5.000000e+00
      vertex   -8.900000e+00 6.928203e+00 0.000000e+00
      vertex   -1.016384e+01 7.517541e+00 0.000000e+00
    endloop
  endfacet
  facet normal -2.588190e-01 -9.659258e-01 -1.231910e-17
    outer loop
      vertex   -1.016384e+01 7.517541e+00 -5.000000e+00
      vertex   -1.016384e+01 7.517541e+00 0.000000e+00
      vertex   -1.151081e+01 7.878462e+00 -5.000000e+00
    endloop
  endfacet
  facet normal -2.588190e-01 -9.659258e-01 -7.963190e-17
    outer loop
      vertex   -1.151081e+01 7.878462e+00 -5.000000e+00
      vertex   -1.016384e+01 7.517541e+00 0.000000e+00
      vertex   -1.151081e+01 7.878462e+00 0.000000e+00
    endloop
  endfacet
  facet normal -8.715574e-02 -9.961947e-01 -1.459958e-16
    outer loop
      vertex   -1.151081e+01 7.878462e+00 -5.000000e+00
      vertex   -1.151081e+01 7.878462e+00 0.000000e+00
      vertex   -1.290000e+01 8.000000e+00 -5.000000e+00
    endloop
  endfacet
  facet normal -8.715574e-02 -9.961947e-01 0.000000e+00
    outer loop
      vertex   -1.290000e+01 8.000000e+00 -5.000000e+00
      vertex   -1.151081e+01 7.878462e+00 0.000000e+00
      vertex   -1.290000e+01 8.000000e+00 0.000000e+00
    endloop
  endfacet
  facet normal 8.715574e-02 -9.961947e-01 0.000000e+00
    outer loop
      vertex   -1.290000e+01 8.000000e+00 -5.000000e+00
      vertex   -1.290000e+01 8.000000e+00 0.000000e+00
      vertex   -1.428919e+01 7.878462e+00 -5.000000e+00
    endloop
  endfacet
  facet normal 8.715574e-02 -9.961947e-01 -1.769597e-16
    outer loop
      vertex   -1.428919e+01 7.878462e+00 -5.000000e+00
      vertex   -1.290000e+01 8.000000e+00 0.000000e+00
      vertex   -1.428919e+01 7.878462e+00 0.000000e+00
    endloop
  endfacet
  facet normal 2.588190e-01 -9.659258e-01 -1.715829e-16
    outer loop
      vertex   -1.428919e+01 7.878462e+00 -5.000000e+00
      vertex   -1.428919e+01 7.878462e+00 0.000000e+00
      vertex   -1.563616e+01 7.517541e+00 -5.000000e+00
    endloop
  endfacet
  facet normal 2.588190e-01 -9.659258e-01 1.839020e-16
    outer loop
      vertex   -1.563616e+01 7.517541e+00 -5.000000e+00
      vertex   -1.428919e+01 7.878462e+00 0.000000e+00
      vertex   -1.563616e+01 7.517541e+00 0.000000e+00
    endloop
  endfacet
  facet normal 4.226183e-01 -9.063078e-01 3.002883e-16
    outer loop
      vertex   -1.563616e+01 7.517541e+00 -5.000000e+00
      vertex   -1.563616e+01 7.517541e+00 0.000000e+00
      vertex   -1.690000e+01 6.928203e+00 -5.000000e+00
    endloop
  endfacet
  facet normal 4.226183e-01 -9.063078e-01 0.000000e+00
    outer loop
      vertex   -1.690000e+01 6.928203e+00 -5.000000e+00
      vertex   -1.563616e+01 7.517541e+00 0.000000e+00
      vertex   -1.690000e+01 6.928203e+00 0.000000e+00
    endloop
  endfacet
  facet normal 5.735764e-01 -8.191520e-01 0.000000e+00
    outer loop
      vertex   -1.690000e+01 6.928203e+00 -5.000000e+00
      vertex   -1.690000e+01 6.928203e+00 0.000000e+00
      vertex   -1.804230e+01 6.128356e+00 -5.000000e+00
    endloop
  endfacet
  facet normal 5.735764e-01 -8.191520e-01 0.000000e+00
    outer loop
      vertex   -1.804230e+01 6.128356e+00 -5.000000e+00
      vertex   -1.690000e+01 6.928203e+00 0.000000e+00
      vertex   -1.804230e+01 6.128356e+00 0.000000e+00
    endloop
  endfacet
  facet normal 7.071068e-01 -7.071068e-01 0.000000e+00
    outer loop
      vertex   -1.804230e+01 6.128356e+00 -5.000000e+00
      vertex   -1.804230e+01 6.128356e+00 0.000000e+00
      vertex   -1.902836e+01 5.142301e+00 -5.000000e+00
    endloop
  endfacet
  facet normal 7.071068e-01 -7.071068e-01 0.000000e+00
    outer loop
      vertex   -1.902836e+01 5.142301e+00 -5.000000e+00
      vertex   -1.804230e+01 6.128356e+00 0.000000e+00
      vertex   -1.902836e+01 5.142301e+00 0.000000e+00
    endloop
  endfacet
  facet normal 8.191520e-01 -5.735764e-01 0.000000e+00
    outer loop
      vertex   -1.902836e+01 5.142301e+00 -5.000000e+00
      vertex   -1.902836e+01 5.142301e+00 0.000000e+00
      vertex   -1.982820e+01 4.000000e+00 -5.000000e+00
    endloop
  endfacet
  facet normal 8.191520e-01 -5.735764e-01 1.744920e-16
    outer loop
      vertex   -1.982820e+01 4.000000e+00 -5.000000e+00
      vertex   -1.902836e+01 5.142301e+00 0.000000e+00
      vertex   -1.982820e+01 4.000000e+00 0.000000e+00
    endloop
  endfacet
  facet normal 9.063078e-01 -4.226183e-01 3.436821e-16
    outer loop
      vertex   -1.982820e+01 4.000000e+00 -5.000000e+00
      vertex   -1.982820e+01 4.000000e+00 0.000000e+00
      vertex   -2.041754e+01 2.736161e+00 -5.000000e+00
    endloop
  endfacet
  facet normal 9.063078e-01 -4.226183e-01 -3.002883e-16
    outer loop
      vertex   -2.041754e+01 2.736161e+00 -5.000000e+00
      vertex   -1.982820e+01 4.000000e+00 0.000000e+00
      vertex   -2.041754e+01 2.736161e+00 0.000000e+00
    endloop
  endfacet
  facet normal 9.659258e-01 -2.588190e-01 -1.839020e-16
    outer loop
      vertex   -2.041754e+01 2.736161e+00 -5.000000e+00
      vertex   -2.041754e+01 2.736161e+00 0.000000e+00
      vertex   -2.077846e+01 1.389185e+00 -5.000000e+00
    endloop
  endfacet
  facet normal 9.659258e-01 -2.588190e-01 0.000000e+00
    outer loop
      vertex   -2.077846e+01 1.389185e+00 -5.000000e+00
      vertex   -2.041754e+01 2.736161e+00 0.000000e+00
      vertex   -2.077846e+01 1.389185e+00 0.000000e+00
    endloop
  endfacet
  facet normal 9.844315e-01 -1.296029e-01 1.187342e-01
    outer loop
      vertex   2.903407e+01 2.588190e-01 -4.500000e+00
      vertex   2.889044e+01 8.518588e-02 -3.498656e+00
      vertex   2.900000e+01 1.224647e-16 -4.500000e+00
    endloop
  endfacet
  facet normal 9.940677e-01 0.000000e+00 1.087630e-01
    outer loop
      vertex   2.900000e+01 1.224647e-16 -4.500000e+00
      vertex   2.889044e+01 8.518588e-02 -3.498656e+00
      vertex   2.889044e+01 -8.518588e-02 -3.498656e+00
    endloop
  endfacet
  facet normal 9.811106e-01 1.515418e-01 1.202372e-01
    outer loop
      vertex   2.900000e+01 1.224647e-16 -4.500000e+00
      vertex   2.889044e+01 -8.518588e-02 -3.498656e+00
      vertex   2.891645e+01 -2.535609e-01 -3.498656e+00
    endloop
  endfacet
  facet normal 9.331197e-01 1.441292e-01 3.294153e-01
    outer loop
      vertex   2.891645e+01 -2.535609e-01 -3.498656e+00
      vertex   2.889044e+01 -8.518588e-02 -3.498656e+00
      vertex   2.855860e+01 -1.106627e-01 -2.547523e+00
    endloop
  endfacet
  facet normal 9.331197e-01 1.441292e-01 3.294153e-01
    outer loop
      vertex   2.891645e+01 -2.535609e-01 -3.498656e+00
      vertex   2.855860e+01 -1.106627e-01 -2.547523e+00
      vertex   2.859239e+01 -3.293942e-01 -2.547523e+00
    endloop
  endfacet
  facet normal 8.374958e-01 1.293592e-01 5.309115e-01
    outer loop
      vertex   2.859239e+01 -3.293942e-01 -2.547523e+00
      vertex   2.855860e+01 -1.106627e-01 -2.547523e+00
      vertex   2.802406e+01 -1.517021e-01 -1.694296e+00
    endloop
  endfacet
  facet normal 8.374958e-01 1.293592e-01 5.309115e-01
    outer loop
      vertex   2.859239e+01 -3.293942e-01 -2.547523e+00
      vertex   2.802406e+01 -1.517021e-01 -1.694296e+00
      vertex   2.807037e+01 -4.515506e-01 -1.694296e+00
    endloop
  endfacet
  facet normal 6.998458e-01 1.080978e-01 7.060671e-01
    outer loop
      vertex   2.807037e+01 -4.515506e-01 -1.694296e+00
      vertex   2.802406e+01 -1.517021e-01 -1.694296e+00
      vertex   2.731361e+01 -2.062463e-01 -9.817583e-01
    endloop
  endfacet
  facet normal 6.998458e-01 1.080978e-01 7.060671e-01
    outer loop
      vertex   2.807037e+01 -4.515506e-01 -1.694296e+00
      vertex   2.731361e+01 -2.062463e-01 -9.817583e-01
      vertex   2.737658e+01 -6.139048e-01 -9.817583e-01
    endloop
  endfacet
  facet normal 5.269048e-01 8.138545e-02 8.460187e-01
    outer loop
      vertex   2.737658e+01 -6.139048e-01 -9.817583e-01
      vertex   2.731361e+01 -2.062463e-01 -9.817583e-01
      vertex   2.646289e+01 -2.715602e-01 -4.456401e-01
    endloop
  endfacet
  facet normal 5.269048e-01 8.138545e-02 8.460187e-01
    outer loop
      vertex   2.737658e+01 -6.139048e-01 -9.817583e-01
      vertex   2.646289e+01 -2.715602e-01 -4.456401e-01
      vertex   2.654579e+01 -8.083156e-01 -4.456401e-01
    endloop
  endfacet
  facet normal 3.272637e-01 5.054898e-02 9.435800e-01
    outer loop
      vertex   2.654579e+01 -8.083156e-01 -4.456401e-01
      vertex   2.646289e+01 -2.715602e-01 -4.456401e-01
      vertex   2.551454e+01 -3.443687e-01 -1.128244e-01
    endloop
  endfacet
  facet normal 3.272637e-01 5.054898e-02 9.435800e-01
    outer loop
      vertex   2.654579e+01 -8.083156e-01 -4.456401e-01
      vertex   2.551454e+01 -3.443687e-01 -1.128244e-01
      vertex   2.561968e+01 -1.025035e+00 -1.128244e-01
    endloop
  endfacet
  facet normal 1.101613e-01 1.701546e-02 9.937681e-01
    outer loop
      vertex   2.561968e+01 -1.025035e+00 -1.128244e-01
      vertex   2.551454e+01 -3.443687e-01 -1.128244e-01
      vertex   2.462019e+01 -1.143514e+00 0.000000e+00
    endloop
  endfacet
  facet normal 1.080986e-01 3.420989e-02 9.935514e-01
    outer loop
      vertex   2.561968e+01 -1.025035e+00 -1.128244e-01
      vertex   2.462019e+01 -1.143514e+00 0.000000e+00
      vertex   2.582749e+01 -1.681674e+00 -1.128244e-01
    endloop
  endfacet
  facet normal 1.085652e-01 3.527496e-02 9.934633e-01
    outer loop
      vertex   2.582749e+01 -1.681674e+00 -1.128244e-01
      vertex   2.462019e+01 -1.143514e+00 0.000000e+00
      vertex   2.497550e+01 -2.237052e+00 0.000000e+00
    endloop
  endfacet
  facet normal 9.949409e-02 4.926266e-02 9.938179e-01
    outer loop
      vertex   2.582749e+01 -1.681674e+00 -1.128244e-01
      vertex   2.497550e+01 -2.237052e+00 0.000000e+00
      vertex   2.613309e+01 -2.298897e+00 -1.128244e-01
    endloop
  endfacet
  facet normal 9.989547e-02 5.767468e-02 9.933250e-01
    outer loop
      vertex   2.613309e+01 -2.298897e+00 -1.128244e-01
      vertex   2.497550e+01 -2.237052e+00 0.000000e+00
      vertex   2.555041e+01 -3.232819e+00 0.000000e+00
    endloop
  endfacet
  facet normal 9.045905e-02 6.362748e-02 9.938655e-01
    outer loop
      vertex   2.613309e+01 -2.298897e+00 -1.128244e-01
      vertex   2.555041e+01 -3.232819e+00 0.000000e+00
      vertex   2.652934e+01 -2.862236e+00 -1.128244e-01
    endloop
  endfacet
  facet normal 8.538540e-02 7.688136e-02 9.933774e-01
    outer loop
      vertex   2.652934e+01 -2.862236e+00 -1.128244e-01
      vertex   2.555041e+01 -3.232819e+00 0.000000e+00
      vertex   2.631978e+01 -4.087297e+00 0.000000e+00
    endloop
  endfacet
  facet normal 8.074122e-02 7.770563e-02 9.937015e-01
    outer loop
      vertex   2.652934e+01 -2.862236e+00 -1.128244e-01
      vertex   2.631978e+01 -4.087297e+00 0.000000e+00
      vertex   2.700693e+01 -3.358486e+00 -1.128244e-01
    endloop
  endfacet
  facet normal 6.822287e-02 8.949999e-02 9.936475e-01
    outer loop
      vertex   2.700693e+01 -3.358486e+00 -1.128244e-01
      vertex   2.631978e+01 -4.087297e+00 0.000000e+00
      vertex   2.755468e+01 -3.776016e+00 -1.128244e-01
    endloop
  endfacet
  facet normal 2.007483e-01 2.633569e-01 9.435800e-01
    outer loop
      vertex   2.700693e+01 -3.358486e+00 -1.128244e-01
      vertex   2.755468e+01 -3.776016e+00 -1.128244e-01
      vertex   2.807168e+01 -2.977668e+00 -4.456401e-01
    endloop
  endfacet
  facet normal 1.581943e-01 2.909146e-01 9.435800e-01
    outer loop
      vertex   2.807168e+01 -2.977668e+00 -4.456401e-01
      vertex   2.755468e+01 -3.776016e+00 -1.128244e-01
      vertex   2.854882e+01 -3.237128e+00 -4.456401e-01
    endloop
  endfacet
  facet normal 2.546978e-01 4.683816e-01 8.460187e-01
    outer loop
      vertex   2.807168e+01 -2.977668e+00 -4.456401e-01
      vertex   2.854882e+01 -3.237128e+00 -4.456401e-01
      vertex   2.889785e+01 -2.458555e+00 -9.817583e-01
    endloop
  endfacet
  facet normal 1.802148e-01 5.017718e-01 8.460187e-01
    outer loop
      vertex   2.889785e+01 -2.458555e+00 -9.817583e-01
      vertex   2.854882e+01 -3.237128e+00 -4.456401e-01
      vertex   2.928606e+01 -2.597984e+00 -9.817583e-01
    endloop
  endfacet
  facet normal 2.393649e-01 6.664636e-01 7.060671e-01
    outer loop
      vertex   2.889785e+01 -2.458555e+00 -9.817583e-01
      vertex   2.928606e+01 -2.597984e+00 -9.817583e-01
      vertex   2.947487e+01 -1.910917e+00 -1.694296e+00
    endloop
  endfacet
  facet normal 1.348245e-01 6.951918e-01 7.060671e-01
    outer loop
      vertex   2.947487e+01 -1.910917e+00 -1.694296e+00
      vertex   2.928606e+01 -2.597984e+00 -9.817583e-01
      vertex   2.977273e+01 -1.968683e+00 -1.694296e+00
    endloop
  endfacet
  facet normal 1.613426e-01 8.319264e-01 5.309115e-01
    outer loop
      vertex   2.947487e+01 -1.910917e+00 -1.694296e+00
      vertex   2.977273e+01 -1.968683e+00 -1.694296e+00
      vertex   2.983421e+01 -1.436102e+00 -2.547523e+00
    endloop
  endfacet
  facet normal 3.245878e-02 8.468054e-01 5.309115e-01
    outer loop
      vertex   2.983421e+01 -1.436102e+00 -2.547523e+00
      vertex   2.977273e+01 -1.968683e+00 -1.694296e+00
      vertex   3.005537e+01 -1.444579e+00 -2.547523e+00
    endloop
  endfacet
  facet normal 3.616487e-02 9.434923e-01 3.294153e-01
    outer loop
      vertex   2.983421e+01 -1.436102e+00 -2.547523e+00
      vertex   3.005537e+01 -1.444579e+00 -2.547523e+00
      vertex   3.004262e+01 -1.112008e+00 -3.498656e+00
    endloop
  endfacet
  facet normal -1.082824e-01 9.379555e-01 3.294153e-01
    outer loop
      vertex   3.004262e+01 -1.112008e+00 -3.498656e+00
      vertex   3.005537e+01 -1.444579e+00 -2.547523e+00
      vertex   3.021187e+01 -1.092469e+00 -3.498656e+00
    endloop
  endfacet
  facet normal -1.139195e-01 9.867851e-01 1.152284e-01
    outer loop
      vertex   3.004262e+01 -1.112008e+00 -3.498656e+00
      vertex   3.021187e+01 -1.092469e+00 -3.498656e+00
      vertex   3.000000e+01 -1.000000e+00 -4.500000e+00
    endloop
  endfacet
  facet normal -1.296091e-01 9.844787e-01 1.183352e-01
    outer loop
      vertex   3.000000e+01 -1.000000e+00 -4.500000e+00
      vertex   3.021187e+01 -1.092469e+00 -3.498656e+00
      vertex   3.025882e+01 -9.659258e-01 -4.500000e+00
    endloop
  endfacet
  facet normal -2.634090e-01 9.585312e-01 1.087830e-01
    outer loop
      vertex   3.025882e+01 -9.659258e-01 -4.500000e+00
      vertex   3.021187e+01 -1.092469e+00 -3.498656e+00
      vertex   3.037615e+01 -1.047324e+00 -3.498656e+00
    endloop
  endfacet
  facet normal -4.060526e-01 9.057757e-01 1.212091e-01
    outer loop
      vertex   3.025882e+01 -9.659258e-01 -4.500000e+00
      vertex   3.037615e+01 -1.047324e+00 -3.498656e+00
      vertex   3.053162e+01 -9.776299e-01 -3.498656e+00
    endloop
  endfacet
  facet normal -3.862365e-01 8.615724e-01 3.294153e-01
    outer loop
      vertex   3.053162e+01 -9.776299e-01 -3.498656e+00
      vertex   3.037615e+01 -1.047324e+00 -3.498656e+00
      vertex   3.048865e+01 -1.360550e+00 -2.547523e+00
    endloop
  endfacet
  facet normal -3.862365e-01 8.615724e-01 3.294153e-01
    outer loop
      vertex   3.053162e+01 -9.776299e-01 -3.498656e+00
      vertex   3.048865e+01 -1.360550e+00 -2.547523e+00
      vertex   3.069061e+01 -1.270013e+00 -2.547523e+00
    endloop
  endfacet
  facet normal -3.466559e-01 7.732805e-01 5.309115e-01
    outer loop
      vertex   3.069061e+01 -1.270013e+00 -2.547523e+00
      vertex   3.048865e+01 -1.360550e+00 -2.547523e+00
      vertex   3.066987e+01 -1.865112e+00 -1.694296e+00
    endloop
  endfacet
  facet normal -3.466559e-01 7.732805e-01 5.309115e-01
    outer loop
      vertex   3.069061e+01 -1.270013e+00 -2.547523e+00
      vertex   3.066987e+01 -1.865112e+00 -1.694296e+00
      vertex   3.094673e+01 -1.740999e+00 -1.694296e+00
    endloop
  endfacet
  facet normal -2.896799e-01 6.461848e-01 7.060671e-01
    outer loop
      vertex   3.094673e+01 -1.740999e+00 -1.694296e+00
      vertex   3.066987e+01 -1.865112e+00 -1.694296e+00
      vertex   3.091072e+01 -2.535710e+00 -9.817583e-01
    endloop
  endfacet
  facet normal -2.896799e-01 6.461848e-01 7.060671e-01
    outer loop
      vertex   3.094673e+01 -1.740999e+00 -1.694296e+00
      vertex   3.091072e+01 -2.535710e+00 -9.817583e-01
      vertex   3.128712e+01 -2.366972e+00 -9.817583e-01
    endloop
  endfacet
  facet normal -2.180962e-01 4.865042e-01 8.460187e-01
    outer loop
      vertex   3.128712e+01 -2.366972e+00 -9.817583e-01
      vertex   3.091072e+01 -2.535710e+00 -9.817583e-01
      vertex   3.119912e+01 -3.338716e+00 -4.456401e-01
    endloop
  endfacet
  facet normal -2.180962e-01 4.865042e-01 8.460187e-01
    outer loop
      vertex   3.128712e+01 -2.366972e+00 -9.817583e-01
      vertex   3.119912e+01 -3.338716e+00 -4.456401e-01
      vertex   3.169472e+01 -3.116543e+00 -4.456401e-01
    endloop
  endfacet
  facet normal -1.354609e-01 3.021706e-01 9.435800e-01
    outer loop
      vertex   3.169472e+01 -3.116543e+00 -4.456401e-01
      vertex   3.119912e+01 -3.338716e+00 -4.456401e-01
      vertex   3.152062e+01 -4.233865e+00 -1.128244e-01
    endloop
  endfacet
  facet normal -1.354609e-01 3.021706e-01 9.435800e-01
    outer loop
      vertex   3.169472e+01 -3.116543e+00 -4.456401e-01
      vertex   3.152062e+01 -4.233865e+00 -1.128244e-01
      vertex   3.214910e+01 -3.952124e+00 -1.128244e-01
    endloop
  endfacet
  facet normal -4.651105e-02 1.037516e-01 9.935151e-01
    outer loop
      vertex   3.214910e+01 -3.952124e+00 -1.128244e-01
      vertex   3.152062e+01 -4.233865e+00 -1.128244e-01
      vertex   3.275000e+01 -4.763140e+00 0.000000e+00
    endloop
  endfacet
  facet normal -6.050075e-02 9.342397e-02 9.937865e-01
    outer loop
      vertex   3.214910e+01 -3.952124e+00 -1.128244e-01
      vertex   3.275000e+01 -4.763140e+00 0.000000e+00
      vertex   3.272720e+01 -3.577749e+00 -1.128244e-01
    endloop
  endfacet
  facet normal -6.774412e-02 9.324178e-02 9.933361e-01
    outer loop
      vertex   3.272720e+01 -3.577749e+00 -1.128244e-01
      vertex   3.275000e+01 -4.763140e+00 0.000000e+00
      vertex   3.368022e+01 -4.087297e+00 0.000000e+00
    endloop
  endfacet
  facet normal -7.354069e-02 8.251904e-02 9.938724e-01
    outer loop
      vertex   3.272720e+01 -3.577749e+00 -1.128244e-01
      vertex   3.368022e+01 -4.087297e+00 0.000000e+00
      vertex   3.324138e+01 -3.119514e+00 -1.128244e-01
    endloop
  endfacet
  facet normal -8.553773e-02 7.701852e-02 9.933536e-01
    outer loop
      vertex   3.324138e+01 -3.119514e+00 -1.128244e-01
      vertex   3.368022e+01 -4.087297e+00 0.000000e+00
      vertex   3.444959e+01 -3.232819e+00 0.000000e+00
    endloop
  endfacet
  facet normal -8.613562e-02 7.103552e-02 9.937478e-01
    outer loop
      vertex   3.324138e+01 -3.119514e+00 -1.128244e-01
      vertex   3.444959e+01 -3.232819e+00 0.000000e+00
      vertex   3.367958e+01 -2.588161e+00 -1.128244e-01
    endloop
  endfacet
  facet normal -9.720301e-02 5.778770e-02 9.935855e-01
    outer loop
      vertex   3.367958e+01 -2.588161e+00 -1.128244e-01
      vertex   3.444959e+01 -3.232819e+00 0.000000e+00
      vertex   3.403154e+01 -1.996143e+00 -1.128244e-01
    endloop
  endfacet
  facet normal -2.846418e-01 1.692211e-01 9.435800e-01
    outer loop
      vertex   3.367958e+01 -2.588161e+00 -1.128244e-01
      vertex   3.403154e+01 -1.996143e+00 -1.128244e-01
      vertex   3.317917e+01 -1.574106e+00 -4.456401e-01
    endloop
  endfacet
  facet normal -3.071374e-01 1.237875e-01 9.435800e-01
    outer loop
      vertex   3.317917e+01 -1.574106e+00 -4.456401e-01
      vertex   3.403154e+01 -1.996143e+00 -1.128244e-01
      vertex   3.338220e+01 -1.070361e+00 -4.456401e-01
    endloop
  endfacet
  facet normal -4.945009e-01 1.993018e-01 8.460187e-01
    outer loop
      vertex   3.317917e+01 -1.574106e+00 -4.456401e-01
      vertex   3.338220e+01 -1.070361e+00 -4.456401e-01
      vertex   3.256873e+01 -8.129246e-01 -9.817583e-01
    endloop
  endfacet
  facet normal -5.191288e-01 1.214808e-01 8.460187e-01
    outer loop
      vertex   3.256873e+01 -8.129246e-01 -9.817583e-01
      vertex   3.338220e+01 -1.070361e+00 -4.456401e-01
      vertex   3.266272e+01 -4.112823e-01 -9.817583e-01
    endloop
  endfacet
  facet normal -6.895175e-01 1.613533e-01 7.060671e-01
    outer loop
      vertex   3.256873e+01 -8.129246e-01 -9.817583e-01
      vertex   3.266272e+01 -4.112823e-01 -9.817583e-01
      vertex   3.195853e+01 -3.025140e-01 -1.694296e+00
    endloop
  endfacet
  facet normal -7.060671e-01 5.420797e-02 7.060671e-01
    outer loop
      vertex   3.195853e+01 -3.025140e-01 -1.694296e+00
      vertex   3.266272e+01 -4.112823e-01 -9.817583e-01
      vertex   3.198176e+01 2.426954e-16 -1.694296e+00
    endloop
  endfacet
  facet normal -8.449408e-01 6.486993e-02 5.309115e-01
    outer loop
      vertex   3.195853e+01 -3.025140e-01 -1.694296e+00
      vertex   3.198176e+01 2.426954e-16 -1.694296e+00
      vertex   3.144564e+01 1.770399e-16 -2.547523e+00
    endloop
  endfacet
  facet normal -8.449408e-01 -6.486993e-02 5.309115e-01
    outer loop
      vertex   3.144564e+01 1.770399e-16 -2.547523e+00
      vertex   3.198176e+01 2.426954e-16 -1.694296e+00
      vertex   3.142870e+01 2.206759e-01 -2.547523e+00
    endloop
  endfacet
  facet normal -9.414147e-01 -7.227667e-02 3.294153e-01
    outer loop
      vertex   3.144564e+01 1.770399e-16 -2.547523e+00
      vertex   3.142870e+01 2.206759e-01 -2.547523e+00
      vertex   3.109978e+01 1.698718e-01 -3.498656e+00
    endloop
  endfacet
  facet normal -9.193488e-01 -2.151359e-01 3.294153e-01
    outer loop
      vertex   3.109978e+01 1.698718e-01 -3.498656e+00
      vertex   3.142870e+01 2.206759e-01 -2.547523e+00
      vertex   3.106096e+01 3.357620e-01 -3.498656e+00
    endloop
  endfacet
  facet normal -9.678658e-01 -2.264893e-01 1.092629e-01
    outer loop
      vertex   3.109978e+01 1.698718e-01 -3.498656e+00
      vertex   3.106096e+01 3.357620e-01 -3.498656e+00
      vertex   3.096593e+01 2.588190e-01 -4.500000e+00
    endloop
  endfacet
  facet normal -9.212449e-01 -3.712950e-01 1.159650e-01
    outer loop
      vertex   3.096593e+01 2.588190e-01 -4.500000e+00
      vertex   3.106096e+01 3.357620e-01 -3.498656e+00
      vertex   3.099727e+01 4.937823e-01 -3.498656e+00
    endloop
  endfacet
  facet normal -9.174368e-01 -3.800148e-01 1.178918e-01
    outer loop
      vertex   3.096593e+01 2.588190e-01 -4.500000e+00
      vertex   3.099727e+01 4.937823e-01 -3.498656e+00
      vertex   3.086603e+01 5.000000e-01 -4.500000e+00
    endloop
  endfacet
  facet normal -8.544629e-01 -5.079827e-01 1.088430e-01
    outer loop
      vertex   3.086603e+01 5.000000e-01 -4.500000e+00
      vertex   3.099727e+01 4.937823e-01 -3.498656e+00
      vertex   3.091021e+01 6.402286e-01 -3.498656e+00
    endloop
  endfacet
  facet normal -7.657054e-01 -6.314726e-01 1.222200e-01
    outer loop
      vertex   3.086603e+01 5.000000e-01 -4.500000e+00
      vertex   3.091021e+01 6.402286e-01 -3.498656e+00
      vertex   3.080181e+01 7.716686e-01 -3.498656e+00
    endloop
  endfacet
  facet normal -7.284286e-01 -6.007307e-01 3.294153e-01
    outer loop
      vertex   3.080181e+01 7.716686e-01 -3.498656e+00
      vertex   3.091021e+01 6.402286e-01 -3.498656e+00
      vertex   3.118243e+01 8.317037e-01 -2.547523e+00
    endloop
  endfacet
  facet normal -7.284286e-01 -6.007307e-01 3.294153e-01
    outer loop
      vertex   3.080181e+01 7.716686e-01 -3.498656e+00
      vertex   3.118243e+01 8.317037e-01 -2.547523e+00
      vertex   3.104161e+01 1.002454e+00 -2.547523e+00
    endloop
  endfacet
  facet normal -6.537810e-01 -5.391692e-01 5.309115e-01
    outer loop
      vertex   3.104161e+01 1.002454e+00 -2.547523e+00
      vertex   3.118243e+01 8.317037e-01 -2.547523e+00
      vertex   3.162094e+01 1.140143e+00 -1.694296e+00
    endloop
  endfacet
  facet normal -6.537810e-01 -5.391692e-01 5.309115e-01
    outer loop
      vertex   3.104161e+01 1.002454e+00 -2.547523e+00
      vertex   3.162094e+01 1.140143e+00 -1.694296e+00
      vertex   3.142790e+01 1.374216e+00 -1.694296e+00
    endloop
  endfacet
  facet normal -5.463262e-01 -4.505519e-01 7.060671e-01
    outer loop
      vertex   3.142790e+01 1.374216e+00 -1.694296e+00
      vertex   3.162094e+01 1.140143e+00 -1.694296e+00
      vertex   3.220374e+01 1.550079e+00 -9.817583e-01
    endloop
  endfacet
  facet normal -5.463262e-01 -4.505519e-01 7.060671e-01
    outer loop
      vertex   3.142790e+01 1.374216e+00 -1.694296e+00
      vertex   3.220374e+01 1.550079e+00 -9.817583e-01
      vertex   3.194130e+01 1.868312e+00 -9.817583e-01
    endloop
  endfacet
  facet normal -4.113219e-01 -3.392147e-01 8.460187e-01
    outer loop
      vertex   3.194130e+01 1.868312e+00 -9.817583e-01
      vertex   3.220374e+01 1.550079e+00 -9.817583e-01
      vertex   3.290162e+01 2.040956e+00 -4.456401e-01
    endloop
  endfacet
  facet normal -4.113219e-01 -3.392147e-01 8.460187e-01
    outer loop
      vertex   3.194130e+01 1.868312e+00 -9.817583e-01
      vertex   3.290162e+01 2.040956e+00 -4.456401e-01
      vertex   3.255607e+01 2.459968e+00 -4.456401e-01
    endloop
  endfacet
  facet normal -2.554745e-01 -2.106882e-01 9.435800e-01
    outer loop
      vertex   3.255607e+01 2.459968e+00 -4.456401e-01
      vertex   3.290162e+01 2.040956e+00 -4.456401e-01
      vertex   3.367958e+01 2.588161e+00 -1.128244e-01
    endloop
  endfacet
  facet normal -2.554745e-01 -2.106882e-01 9.435800e-01
    outer loop
      vertex   3.255607e+01 2.459968e+00 -4.456401e-01
      vertex   3.367958e+01 2.588161e+00 -1.128244e-01
      vertex   3.324138e+01 3.119514e+00 -1.128244e-01
    endloop
  endfacet
  facet normal -8.613562e-02 -7.103552e-02 9.937478e-01
    outer loop
      vertex   3.324138e+01 3.119514e+00 -1.128244e-01
      vertex   3.367958e+01 2.588161e+00 -1.128244e-01
      vertex   3.444959e+01 3.232819e+00 0.000000e+00
    endloop
  endfacet
  facet normal -8.553773e-02 -7.701852e-02 9.933536e-01
    outer loop
      vertex   3.324138e+01 3.119514e+00 -1.128244e-01
      vertex   3.444959e+01 3.232819e+00 0.000000e+00
      vertex   3.368022e+01 4.087297e+00 0.000000e+00
    endloop
  endfacet
  facet normal 9.171715e-01 -3.799049e-01 1.202859e-01
    outer loop
      vertex   2.913397e+01 5.000000e-01 -4.500000e+00
      vertex   2.896785e+01 4.159928e-01 -3.498656e+00
      vertex   2.903407e+01 2.588190e-01 -4.500000e+00
    endloop
  endfacet
  facet normal 9.476379e-01 -2.998982e-01 1.097426e-01
    outer loop
      vertex   2.903407e+01 2.588190e-01 -4.500000e+00
      vertex   2.896785e+01 4.159928e-01 -3.498656e+00
      vertex   2.891645e+01 2.535609e-01 -3.498656e+00
    endloop
  endfacet
  facet normal 9.817772e-01 -1.516448e-01 1.145314e-01
    outer loop
      vertex   2.903407e+01 2.588190e-01 -4.500000e+00
      vertex   2.891645e+01 2.535609e-01 -3.498656e+00
      vertex   2.889044e+01 8.518588e-02 -3.498656e+00
    endloop
  endfacet
  facet normal 9.331197e-01 -1.441292e-01 3.294153e-01
    outer loop
      vertex   2.889044e+01 8.518588e-02 -3.498656e+00
      vertex   2.891645e+01 2.535609e-01 -3.498656e+00
      vertex   2.859239e+01 3.293942e-01 -2.547523e+00
    endloop
  endfacet
  facet normal 9.331197e-01 -1.441292e-01 3.294153e-01
    outer loop
      vertex   2.889044e+01 8.518588e-02 -3.498656e+00
      vertex   2.859239e+01 3.293942e-01 -2.547523e+00
      vertex   2.855860e+01 1.106627e-01 -2.547523e+00
    endloop
  endfacet
  facet normal 8.374958e-01 -1.293592e-01 5.309115e-01
    outer loop
      vertex   2.855860e+01 1.106627e-01 -2.547523e+00
      vertex   2.859239e+01 3.293942e-01 -2.547523e+00
      vertex   2.807037e+01 4.515506e-01 -1.694296e+00
    endloop
  endfacet
  facet normal 8.374958e-01 -1.293592e-01 5.309115e-01
    outer loop
      vertex   2.855860e+01 1.106627e-01 -2.547523e+00
      vertex   2.807037e+01 4.515506e-01 -1.694296e+00
      vertex   2.802406e+01 1.517021e-01 -1.694296e+00
    endloop
  endfacet
  facet normal 6.998458e-01 -1.080978e-01 7.060671e-01
    outer loop
      vertex   2.802406e+01 1.517021e-01 -1.694296e+00
      vertex   2.807037e+01 4.515506e-01 -1.694296e+00
      vertex   2.737658e+01 6.139048e-01 -9.817583e-01
    endloop
  endfacet
  facet normal 6.998458e-01 -1.080978e-01 7.060671e-01
    outer loop
      vertex   2.802406e+01 1.517021e-01 -1.694296e+00
      vertex   2.737658e+01 6.139048e-01 -9.817583e-01
      vertex   2.731361e+01 2.062463e-01 -9.817583e-01
    endloop
  endfacet
  facet normal 5.269048e-01 -8.138545e-02 8.460187e-01
    outer loop
      vertex   2.731361e+01 2.062463e-01 -9.817583e-01
      vertex   2.737658e+01 6.139048e-01 -9.817583e-01
      vertex   2.654579e+01 8.083156e-01 -4.456401e-01
    endloop
  endfacet
  facet normal 5.269048e-01 -8.138545e-02 8.460187e-01
    outer loop
      vertex   2.731361e+01 2.062463e-01 -9.817583e-01
      vertex   2.654579e+01 8.083156e-01 -4.456401e-01
      vertex   2.646289e+01 2.715602e-01 -4.456401e-01
    endloop
  endfacet
  facet normal 3.272637e-01 -5.054898e-02 9.435800e-01
    outer loop
      vertex   2.646289e+01 2.715602e-01 -4.456401e-01
      vertex   2.654579e+01 8.083156e-01 -4.456401e-01
      vertex   2.561968e+01 1.025035e+00 -1.128244e-01
    endloop
  endfacet
  facet normal 3.272637e-01 -5.054898e-02 9.435800e-01
    outer loop
      vertex   2.646289e+01 2.715602e-01 -4.456401e-01
      vertex   2.561968e+01 1.025035e+00 -1.128244e-01
      vertex   2.551454e+01 3.443687e-01 -1.128244e-01
    endloop
  endfacet
  facet normal 1.101613e-01 -1.701546e-02 9.937681e-01
    outer loop
      vertex   2.551454e+01 3.443687e-01 -1.128244e-01
      vertex   2.561968e+01 1.025035e+00 -1.128244e-01
      vertex   2.462019e+01 1.143514e+00 0.000000e+00
    endloop
  endfacet
  facet normal 1.145536e-01 -1.204007e-02 9.933441e-01
    outer loop
      vertex   2.551454e+01 3.443687e-01 -1.128244e-01
      vertex   2.462019e+01 1.143514e+00 0.000000e+00
      vertex   2.450000e+01 -6.735557e-16 0.000000e+00
    endloop
  endfacet
  facet normal 8.906515e-01 -4.409896e-01 1.107615e-01
    outer loop
      vertex   2.896785e+01 4.159928e-01 -3.498656e+00
      vertex   2.913397e+01 5.000000e-01 -4.500000e+00
      vertex   2.904345e+01 5.686741e-01 -3.498656e+00
    endloop
  endfacet
  facet normal 7.882946e-01 -6.048797e-01 1.127481e-01
    outer loop
      vertex   2.904345e+01 5.686741e-01 -3.498656e+00
      vertex   2.913397e+01 5.000000e-01 -4.500000e+00
      vertex   2.929289e+01 7.071068e-01 -4.500000e+00
    endloop
  endfacet
  facet normal 8.116912e-01 -5.709308e-01 1.232697e-01
    outer loop
      vertex   2.904345e+01 5.686741e-01 -3.498656e+00
      vertex   2.929289e+01 7.071068e-01 -4.500000e+00
      vertex   2.914147e+01 7.080261e-01 -3.498656e+00
    endloop
  endfacet
  facet normal 7.162330e-01 -6.893052e-01 1.089430e-01
    outer loop
      vertex   2.914147e+01 7.080261e-01 -3.498656e+00
      vertex   2.929289e+01 7.071068e-01 -4.500000e+00
      vertex   2.925961e+01 8.307826e-01 -3.498656e+00
    endloop
  endfacet
  facet normal 6.803058e-01 -6.547287e-01 3.294153e-01
    outer loop
      vertex   2.914147e+01 7.080261e-01 -3.498656e+00
      vertex   2.925961e+01 8.307826e-01 -3.498656e+00
      vertex   2.903818e+01 1.079247e+00 -2.547523e+00
    endloop
  endfacet
  facet normal 5.723890e-01 -7.509037e-01 3.294153e-01
    outer loop
      vertex   2.903818e+01 1.079247e+00 -2.547523e+00
      vertex   2.925961e+01 8.307826e-01 -3.498656e+00
      vertex   2.921420e+01 1.213420e+00 -2.547523e+00
    endloop
  endfacet
  facet normal 5.137320e-01 -6.739529e-01 5.309115e-01
    outer loop
      vertex   2.903818e+01 1.079247e+00 -2.547523e+00
      vertex   2.921420e+01 1.213420e+00 -2.547523e+00
      vertex   2.892278e+01 1.663419e+00 -1.694296e+00
    endloop
  endfacet
  facet normal 4.048328e-01 -7.444753e-01 5.309115e-01
    outer loop
      vertex   2.892278e+01 1.663419e+00 -1.694296e+00
      vertex   2.921420e+01 1.213420e+00 -2.547523e+00
      vertex   2.918932e+01 1.808362e+00 -1.694296e+00
    endloop
  endfacet
  facet normal 3.382949e-01 -6.221140e-01 7.060671e-01
    outer loop
      vertex   2.892278e+01 1.663419e+00 -1.694296e+00
      vertex   2.918932e+01 1.808362e+00 -1.694296e+00
      vertex   2.889785e+01 2.458555e+00 -9.817583e-01
    endloop
  endfacet
  facet normal 2.393649e-01 -6.664636e-01 7.060671e-01
    outer loop
      vertex   2.889785e+01 2.458555e+00 -9.817583e-01
      vertex   2.918932e+01 1.808362e+00 -1.694296e+00
      vertex   2.928606e+01 2.597984e+00 -9.817583e-01
    endloop
  endfacet
  facet normal 1.802148e-01 -5.017718e-01 8.460187e-01
    outer loop
      vertex   2.889785e+01 2.458555e+00 -9.817583e-01
      vertex   2.928606e+01 2.597984e+00 -9.817583e-01
      vertex   2.905997e+01 3.420712e+00 -4.456401e-01
    endloop
  endfacet
  facet normal 1.015076e-01 -5.234009e-01 8.460187e-01
    outer loop
      vertex   2.905997e+01 3.420712e+00 -4.456401e-01
      vertex   2.928606e+01 2.597984e+00 -9.817583e-01
      vertex   2.959316e+01 3.524117e+00 -4.456401e-01
    endloop
  endfacet
  facet normal 6.304698e-02 -3.250874e-01 9.435800e-01
    outer loop
      vertex   2.905997e+01 3.420712e+00 -4.456401e-01
      vertex   2.959316e+01 3.524117e+00 -4.456401e-01
      vertex   2.948408e+01 4.468974e+00 -1.128244e-01
    endloop
  endfacet
  facet normal 1.268374e-02 -3.309016e-01 9.435800e-01
    outer loop
      vertex   2.948408e+01 4.468974e+00 -1.128244e-01
      vertex   2.959316e+01 3.524117e+00 -4.456401e-01
      vertex   3.017231e+01 4.495355e+00 -1.128244e-01
    endloop
  endfacet
  facet normal 4.283996e-03 -1.117636e-01 9.937256e-01
    outer loop
      vertex   2.948408e+01 4.468974e+00 -1.128244e-01
      vertex   3.017231e+01 4.495355e+00 -1.128244e-01
      vertex   2.942509e+01 5.469870e+00 0.000000e+00
    endloop
  endfacet
  facet normal 0.000000e+00 -1.150066e-01 9.933647e-01
    outer loop
      vertex   2.942509e+01 5.469870e+00 0.000000e+00
      vertex   3.017231e+01 4.495355e+00 -1.128244e-01
      vertex   3.057491e+01 5.469870e+00 0.000000e+00
    endloop
  endfacet
  facet normal -1.267900e-02 -1.098271e-01 9.938698e-01
    outer loop
      vertex   3.057491e+01 5.469870e+00 0.000000e+00
      vertex   3.017231e+01 4.495355e+00 -1.128244e-01
      vertex   3.085650e+01 4.416368e+00 -1.128244e-01
    endloop
  endfacet
  facet normal -2.397390e-02 -1.127884e-01 9.933298e-01
    outer loop
      vertex   3.057491e+01 5.469870e+00 0.000000e+00
      vertex   3.085650e+01 4.416368e+00 -1.128244e-01
      vertex   3.169959e+01 5.230811e+00 0.000000e+00
    endloop
  endfacet
  facet normal -2.945390e-02 -1.071812e-01 9.938031e-01
    outer loop
      vertex   3.169959e+01 5.230811e+00 0.000000e+00
      vertex   3.085650e+01 4.416368e+00 -1.128244e-01
      vertex   3.152062e+01 4.233865e+00 -1.128244e-01
    endloop
  endfacet
  facet normal -4.635337e-02 -1.041114e-01 9.934849e-01
    outer loop
      vertex   3.169959e+01 5.230811e+00 0.000000e+00
      vertex   3.152062e+01 4.233865e+00 -1.128244e-01
      vertex   3.275000e+01 4.763140e+00 0.000000e+00
    endloop
  endfacet
  facet normal -4.651105e-02 -1.037516e-01 9.935151e-01
    outer loop
      vertex   3.275000e+01 4.763140e+00 0.000000e+00
      vertex   3.152062e+01 4.233865e+00 -1.128244e-01
      vertex   3.214910e+01 3.952124e+00 -1.128244e-01
    endloop
  endfacet
  facet normal -6.050075e-02 -9.342397e-02 9.937865e-01
    outer loop
      vertex   3.275000e+01 4.763140e+00 0.000000e+00
      vertex   3.214910e+01 3.952124e+00 -1.128244e-01
      vertex   3.272720e+01 3.577749e+00 -1.128244e-01
    endloop
  endfacet
  facet normal -1.799994e-01 -2.779513e-01 9.435800e-01
    outer loop
      vertex   3.272720e+01 3.577749e+00 -1.128244e-01
      vertex   3.214910e+01 3.952124e+00 -1.128244e-01
      vertex   3.169472e+01 3.116543e+00 -4.456401e-01
    endloop
  endfacet
  facet normal -1.799994e-01 -2.779513e-01 9.435800e-01
    outer loop
      vertex   3.272720e+01 3.577749e+00 -1.128244e-01
      vertex   3.169472e+01 3.116543e+00 -4.456401e-01
      vertex   3.215060e+01 2.821320e+00 -4.456401e-01
    endloop
  endfacet
  facet normal -2.898048e-01 -4.475103e-01 8.460187e-01
    outer loop
      vertex   3.215060e+01 2.821320e+00 -4.456401e-01
      vertex   3.169472e+01 3.116543e+00 -4.456401e-01
      vertex   3.128712e+01 2.366972e+00 -9.817583e-01
    endloop
  endfacet
  facet normal -2.898048e-01 -4.475103e-01 8.460187e-01
    outer loop
      vertex   3.215060e+01 2.821320e+00 -4.456401e-01
      vertex   3.128712e+01 2.366972e+00 -9.817583e-01
      vertex   3.163335e+01 2.142754e+00 -9.817583e-01
    endloop
  endfacet
  facet normal -3.849246e-01 -5.943924e-01 7.060671e-01
    outer loop
      vertex   3.163335e+01 2.142754e+00 -9.817583e-01
      vertex   3.128712e+01 2.366972e+00 -9.817583e-01
      vertex   3.094673e+01 1.740999e+00 -1.694296e+00
    endloop
  endfacet
  facet normal -3.849246e-01 -5.943924e-01 7.060671e-01
    outer loop
      vertex   3.163335e+01 2.142754e+00 -9.817583e-01
      vertex   3.094673e+01 1.740999e+00 -1.694296e+00
      vertex   3.120139e+01 1.576078e+00 -1.694296e+00
    endloop
  endfacet
  facet normal -4.606340e-01 -7.113012e-01 5.309115e-01
    outer loop
      vertex   3.120139e+01 1.576078e+00 -1.694296e+00
      vertex   3.094673e+01 1.740999e+00 -1.694296e+00
      vertex   3.069061e+01 1.270013e+00 -2.547523e+00
    endloop
  endfacet
  facet normal -4.606340e-01 -7.113012e-01 5.309115e-01
    outer loop
      vertex   3.120139e+01 1.576078e+00 -1.694296e+00
      vertex   3.069061e+01 1.270013e+00 -2.547523e+00
      vertex   3.087638e+01 1.149707e+00 -2.547523e+00
    endloop
  endfacet
  facet normal -5.132284e-01 -7.925164e-01 3.294153e-01
    outer loop
      vertex   3.087638e+01 1.149707e+00 -2.547523e+00
      vertex   3.069061e+01 1.270013e+00 -2.547523e+00
      vertex   3.053162e+01 9.776299e-01 -3.498656e+00
    endloop
  endfacet
  facet normal -5.132284e-01 -7.925164e-01 3.294153e-01
    outer loop
      vertex   3.087638e+01 1.149707e+00 -2.547523e+00
      vertex   3.053162e+01 9.776299e-01 -3.498656e+00
      vertex   3.067462e+01 8.850213e-01 -3.498656e+00
    endloop
  endfacet
  facet normal -5.402664e-01 -8.342679e-01 1.100424e-01
    outer loop
      vertex   3.067462e+01 8.850213e-01 -3.498656e+00
      vertex   3.053162e+01 9.776299e-01 -3.498656e+00
      vertex   3.050000e+01 8.660254e-01 -4.500000e+00
    endloop
  endfacet
  facet normal -6.043381e-01 -7.875888e-01 1.203302e-01
    outer loop
      vertex   3.067462e+01 8.850213e-01 -3.498656e+00
      vertex   3.050000e+01 8.660254e-01 -4.500000e+00
      vertex   3.070711e+01 7.071068e-01 -4.500000e+00
    endloop
  endfacet
  facet normal 6.045514e-01 -7.878667e-01 1.174041e-01
    outer loop
      vertex   2.929289e+01 7.071068e-01 -4.500000e+00
      vertex   2.950000e+01 8.660254e-01 -4.500000e+00
      vertex   2.925961e+01 8.307826e-01 -3.498656e+00
    endloop
  endfacet
  facet normal 6.020803e-01 -7.898550e-01 1.167409e-01
    outer loop
      vertex   2.925961e+01 8.307826e-01 -3.498656e+00
      vertex   2.950000e+01 8.660254e-01 -4.500000e+00
      vertex   2.939510e+01 9.340663e-01 -3.498656e+00
    endloop
  endfacet
  facet normal 5.723890e-01 -7.509037e-01 3.294153e-01
    outer loop
      vertex   2.925961e+01 8.307826e-01 -3.498656e+00
      vertex   2.939510e+01 9.340663e-01 -3.498656e+00
      vertex   2.921420e+01 1.213420e+00 -2.547523e+00
    endloop
  endfacet
  facet normal 4.510560e-01 -8.294782e-01 3.294153e-01
    outer loop
      vertex   2.921420e+01 1.213420e+00 -2.547523e+00
      vertex   2.939510e+01 9.340663e-01 -3.498656e+00
      vertex   2.940863e+01 1.319152e+00 -2.547523e+00
    endloop
  endfacet
  facet normal 4.048328e-01 -7.444753e-01 5.309115e-01
    outer loop
      vertex   2.921420e+01 1.213420e+00 -2.547523e+00
      vertex   2.940863e+01 1.319152e+00 -2.547523e+00
      vertex   2.918932e+01 1.808362e+00 -1.694296e+00
    endloop
  endfacet
  facet normal 2.864447e-01 -7.975478e-01 5.309115e-01
    outer loop
      vertex   2.918932e+01 1.808362e+00 -1.694296e+00
      vertex   2.940863e+01 1.319152e+00 -2.547523e+00
      vertex   2.947487e+01 1.910917e+00 -1.694296e+00
    endloop
  endfacet
  facet normal 2.393649e-01 -6.664636e-01 7.060671e-01
    outer loop
      vertex   2.918932e+01 1.808362e+00 -1.694296e+00
      vertex   2.947487e+01 1.910917e+00 -1.694296e+00
      vertex   2.928606e+01 2.597984e+00 -9.817583e-01
    endloop
  endfacet
  facet normal 1.348245e-01 -6.951918e-01 7.060671e-01
    outer loop
      vertex   2.928606e+01 2.597984e+00 -9.817583e-01
      vertex   2.947487e+01 1.910917e+00 -1.694296e+00
      vertex   2.969101e+01 2.676519e+00 -9.817583e-01
    endloop
  endfacet
  facet normal 1.015076e-01 -5.234009e-01 8.460187e-01
    outer loop
      vertex   2.928606e+01 2.597984e+00 -9.817583e-01
      vertex   2.969101e+01 2.676519e+00 -9.817583e-01
      vertex   2.959316e+01 3.524117e+00 -4.456401e-01
    endloop
  endfacet
  facet normal 2.042122e-02 -5.327619e-01 8.460187e-01
    outer loop
      vertex   2.959316e+01 3.524117e+00 -4.456401e-01
      vertex   2.969101e+01 2.676519e+00 -9.817583e-01
      vertex   3.013588e+01 3.544920e+00 -4.456401e-01
    endloop
  endfacet
  facet normal 1.268374e-02 -3.309016e-01 9.435800e-01
    outer loop
      vertex   2.959316e+01 3.524117e+00 -4.456401e-01
      vertex   3.013588e+01 3.544920e+00 -4.456401e-01
      vertex   3.017231e+01 4.495355e+00 -1.128244e-01
    endloop
  endfacet
  facet normal -3.797679e-02 -3.289597e-01 9.435800e-01
    outer loop
      vertex   3.017231e+01 4.495355e+00 -1.128244e-01
      vertex   3.013588e+01 3.544920e+00 -4.456401e-01
      vertex   3.085650e+01 4.416368e+00 -1.128244e-01
    endloop
  endfacet
  facet normal 4.748691e-01 -8.732699e-01 1.090830e-01
    outer loop
      vertex   2.939510e+01 9.340663e-01 -3.498656e+00
      vertex   2.950000e+01 8.660254e-01 -4.500000e+00
      vertex   2.954478e+01 1.015456e+00 -3.498656e+00
    endloop
  endfacet
  facet normal 3.799234e-01 -9.172161e-01 1.198869e-01
    outer loop
      vertex   2.954478e+01 1.015456e+00 -3.498656e+00
      vertex   2.950000e+01 8.660254e-01 -4.500000e+00
      vertex   2.974118e+01 9.659258e-01 -4.500000e+00
    endloop
  endfacet
  facet normal 3.358848e-01 -9.352038e-01 1.121390e-01
    outer loop
      vertex   2.954478e+01 1.015456e+00 -3.498656e+00
      vertex   2.974118e+01 9.659258e-01 -4.500000e+00
      vertex   2.970512e+01 1.073045e+00 -3.498656e+00
    endloop
  endfacet
  facet normal 1.892107e-01 -9.756219e-01 1.111809e-01
    outer loop
      vertex   2.970512e+01 1.073045e+00 -3.498656e+00
      vertex   2.974118e+01 9.659258e-01 -4.500000e+00
      vertex   2.987238e+01 1.105482e+00 -3.498656e+00
    endloop
  endfacet
  facet normal 1.797645e-01 -9.269144e-01 3.294153e-01
    outer loop
      vertex   2.970512e+01 1.073045e+00 -3.498656e+00
      vertex   2.987238e+01 1.105482e+00 -3.498656e+00
      vertex   2.983421e+01 1.436102e+00 -2.547523e+00
    endloop
  endfacet
  facet normal 3.616487e-02 -9.434923e-01 3.294153e-01
    outer loop
      vertex   2.983421e+01 1.436102e+00 -2.547523e+00
      vertex   2.987238e+01 1.105482e+00 -3.498656e+00
      vertex   3.005537e+01 1.444579e+00 -2.547523e+00
    endloop
  endfacet
  facet normal 3.245878e-02 -8.468054e-01 5.309115e-01
    outer loop
      vertex   2.983421e+01 1.436102e+00 -2.547523e+00
      vertex   3.005537e+01 1.444579e+00 -2.547523e+00
      vertex   3.007591e+01 1.980304e+00 -1.694296e+00
    endloop
  endfacet
  facet normal -9.718586e-02 -8.418360e-01 5.309115e-01
    outer loop
      vertex   3.007591e+01 1.980304e+00 -1.694296e+00
      vertex   3.005537e+01 1.444579e+00 -2.547523e+00
      vertex   3.037731e+01 1.945509e+00 -1.694296e+00
    endloop
  endfacet
  facet normal -8.121249e-02 -7.034727e-01 7.060671e-01
    outer loop
      vertex   3.007591e+01 1.980304e+00 -1.694296e+00
      vertex   3.037731e+01 1.945509e+00 -1.694296e+00
      vertex   3.051297e+01 2.645013e+00 -9.817583e-01
    endloop
  endfacet
  facet normal -1.876453e-01 -6.828312e-01 7.060671e-01
    outer loop
      vertex   3.051297e+01 2.645013e+00 -9.817583e-01
      vertex   3.037731e+01 1.945509e+00 -1.694296e+00
      vertex   3.091072e+01 2.535710e+00 -9.817583e-01
    endloop
  endfacet
  facet normal -1.412757e-01 -5.140948e-01 8.460187e-01
    outer loop
      vertex   3.051297e+01 2.645013e+00 -9.817583e-01
      vertex   3.091072e+01 2.535710e+00 -9.817583e-01
      vertex   3.119912e+01 3.338716e+00 -4.456401e-01
    endloop
  endfacet
  facet normal -2.180962e-01 -4.865042e-01 8.460187e-01
    outer loop
      vertex   3.119912e+01 3.338716e+00 -4.456401e-01
      vertex   3.091072e+01 2.535710e+00 -9.817583e-01
      vertex   3.169472e+01 3.116543e+00 -4.456401e-01
    endloop
  endfacet
  facet normal -1.354609e-01 -3.021706e-01 9.435800e-01
    outer loop
      vertex   3.119912e+01 3.338716e+00 -4.456401e-01
      vertex   3.169472e+01 3.116543e+00 -4.456401e-01
      vertex   3.214910e+01 3.952124e+00 -1.128244e-01
    endloop
  endfacet
  facet normal 1.295799e-01 -9.842569e-01 1.201972e-01
    outer loop
      vertex   2.974118e+01 9.659258e-01 -4.500000e+00
      vertex   3.000000e+01 1.000000e+00 -4.500000e+00
      vertex   2.987238e+01 1.105482e+00 -3.498656e+00
    endloop
  endfacet
  facet normal 3.807248e-02 -9.932593e-01 1.094828e-01
    outer loop
      vertex   2.987238e+01 1.105482e+00 -3.498656e+00
      vertex   3.000000e+01 1.000000e+00 -4.500000e+00
      vertex   3.004262e+01 1.112008e+00 -3.498656e+00
    endloop
  endfacet
  facet normal 3.616487e-02 -9.434923e-01 3.294153e-01
    outer loop
      vertex   2.987238e+01 1.105482e+00 -3.498656e+00
      vertex   3.004262e+01 1.112008e+00 -3.498656e+00
      vertex   3.005537e+01 1.444579e+00 -2.547523e+00
    endloop
  endfacet
  facet normal -1.082824e-01 -9.379555e-01 3.294153e-01
    outer loop
      vertex   3.005537e+01 1.444579e+00 -2.547523e+00
      vertex   3.004262e+01 1.112008e+00 -3.498656e+00
      vertex   3.027524e+01 1.419197e+00 -2.547523e+00
    endloop
  endfacet
  facet normal -9.718586e-02 -8.418360e-01 5.309115e-01
    outer loop
      vertex   3.005537e+01 1.444579e+00 -2.547523e+00
      vertex   3.027524e+01 1.419197e+00 -2.547523e+00
      vertex   3.037731e+01 1.945509e+00 -1.694296e+00
    endloop
  endfacet
  facet normal -2.245526e-01 -8.171347e-01 5.309115e-01
    outer loop
      vertex   3.037731e+01 1.945509e+00 -1.694296e+00
      vertex   3.027524e+01 1.419197e+00 -2.547523e+00
      vertex   3.066987e+01 1.865112e+00 -1.694296e+00
    endloop
  endfacet
  facet normal -1.876453e-01 -6.828312e-01 7.060671e-01
    outer loop
      vertex   3.037731e+01 1.945509e+00 -1.694296e+00
      vertex   3.066987e+01 1.865112e+00 -1.694296e+00
      vertex   3.091072e+01 2.535710e+00 -9.817583e-01
    endloop
  endfacet
  facet normal -2.896799e-01 -6.461848e-01 7.060671e-01
    outer loop
      vertex   3.091072e+01 2.535710e+00 -9.817583e-01
      vertex   3.066987e+01 1.865112e+00 -1.694296e+00
      vertex   3.128712e+01 2.366972e+00 -9.817583e-01
    endloop
  endfacet
  facet normal -2.180962e-01 -4.865042e-01 8.460187e-01
    outer loop
      vertex   3.091072e+01 2.535710e+00 -9.817583e-01
      vertex   3.128712e+01 2.366972e+00 -9.817583e-01
      vertex   3.169472e+01 3.116543e+00 -4.456401e-01
    endloop
  endfacet
  facet normal -1.296500e-01 -9.847894e-01 1.156748e-01
    outer loop
      vertex   3.000000e+01 1.000000e+00 -4.500000e+00
      vertex   3.025882e+01 9.659258e-01 -4.500000e+00
      vertex   3.004262e+01 1.112008e+00 -3.498656e+00
    endloop
  endfacet
  facet normal -1.138643e-01 -9.863069e-01 1.193044e-01
    outer loop
      vertex   3.004262e+01 1.112008e+00 -3.498656e+00
      vertex   3.025882e+01 9.659258e-01 -4.500000e+00
      vertex   3.021187e+01 1.092469e+00 -3.498656e+00
    endloop
  endfacet
  facet normal -1.082824e-01 -9.379555e-01 3.294153e-01
    outer loop
      vertex   3.004262e+01 1.112008e+00 -3.498656e+00
      vertex   3.021187e+01 1.092469e+00 -3.498656e+00
      vertex   3.027524e+01 1.419197e+00 -2.547523e+00
    endloop
  endfacet
  facet normal -2.501916e-01 -9.104338e-01 3.294153e-01
    outer loop
      vertex   3.027524e+01 1.419197e+00 -2.547523e+00
      vertex   3.021187e+01 1.092469e+00 -3.498656e+00
      vertex   3.048865e+01 1.360550e+00 -2.547523e+00
    endloop
  endfacet
  facet normal -2.245526e-01 -8.171347e-01 5.309115e-01
    outer loop
      vertex   3.027524e+01 1.419197e+00 -2.547523e+00
      vertex   3.048865e+01 1.360550e+00 -2.547523e+00
      vertex   3.066987e+01 1.865112e+00 -1.694296e+00
    endloop
  endfacet
  facet normal -3.466559e-01 -7.732805e-01 5.309115e-01
    outer loop
      vertex   3.066987e+01 1.865112e+00 -1.694296e+00
      vertex   3.048865e+01 1.360550e+00 -2.547523e+00
      vertex   3.094673e+01 1.740999e+00 -1.694296e+00
    endloop
  endfacet
  facet normal -2.896799e-01 -6.461848e-01 7.060671e-01
    outer loop
      vertex   3.066987e+01 1.865112e+00 -1.694296e+00
      vertex   3.094673e+01 1.740999e+00 -1.694296e+00
      vertex   3.128712e+01 2.366972e+00 -9.817583e-01
    endloop
  endfacet
  facet normal -2.634090e-01 -9.585312e-01 1.087830e-01
    outer loop
      vertex   3.021187e+01 1.092469e+00 -3.498656e+00
      vertex   3.025882e+01 9.659258e-01 -4.500000e+00
      vertex   3.037615e+01 1.047324e+00 -3.498656e+00
    endloop
  endfacet
  facet normal -3.799601e-01 -9.173048e-01 1.190889e-01
    outer loop
      vertex   3.037615e+01 1.047324e+00 -3.498656e+00
      vertex   3.025882e+01 9.659258e-01 -4.500000e+00
      vertex   3.050000e+01 8.660254e-01 -4.500000e+00
    endloop
  endfacet
  facet normal -4.064077e-01 -9.065680e-01 1.138739e-01
    outer loop
      vertex   3.037615e+01 1.047324e+00 -3.498656e+00
      vertex   3.050000e+01 8.660254e-01 -4.500000e+00
      vertex   3.053162e+01 9.776299e-01 -3.498656e+00
    endloop
  endfacet
  facet normal -6.612600e-01 -7.419912e-01 1.103820e-01
    outer loop
      vertex   3.067462e+01 8.850213e-01 -3.498656e+00
      vertex   3.070711e+01 7.071068e-01 -4.500000e+00
      vertex   3.080181e+01 7.716686e-01 -3.498656e+00
    endloop
  endfacet
  facet normal -7.882225e-01 -6.048244e-01 1.135463e-01
    outer loop
      vertex   3.080181e+01 7.716686e-01 -3.498656e+00
      vertex   3.070711e+01 7.071068e-01 -4.500000e+00
      vertex   3.086603e+01 5.000000e-01 -4.500000e+00
    endloop
  endfacet
  facet normal -9.842729e-01 -1.295820e-01 1.200642e-01
    outer loop
      vertex   3.096593e+01 2.588190e-01 -4.500000e+00
      vertex   3.100000e+01 0.000000e+00 -4.500000e+00
      vertex   3.109978e+01 1.698718e-01 -3.498656e+00
    endloop
  endfacet
  facet normal -9.908329e-01 -7.607072e-02 1.116401e-01
    outer loop
      vertex   3.109978e+01 1.698718e-01 -3.498656e+00
      vertex   3.100000e+01 0.000000e+00 -4.500000e+00
      vertex   3.111282e+01 1.362817e-16 -3.498656e+00
    endloop
  endfacet
  facet normal -9.414147e-01 -7.227667e-02 3.294153e-01
    outer loop
      vertex   3.109978e+01 1.698718e-01 -3.498656e+00
      vertex   3.111282e+01 1.362817e-16 -3.498656e+00
      vertex   3.144564e+01 1.770399e-16 -2.547523e+00
    endloop
  endfacet
  facet normal -9.414147e-01 7.227667e-02 3.294153e-01
    outer loop
      vertex   3.144564e+01 1.770399e-16 -2.547523e+00
      vertex   3.111282e+01 1.362817e-16 -3.498656e+00
      vertex   3.142870e+01 -2.206759e-01 -2.547523e+00
    endloop
  endfacet
  facet normal -8.449408e-01 6.486993e-02 5.309115e-01
    outer loop
      vertex   3.144564e+01 1.770399e-16 -2.547523e+00
      vertex   3.142870e+01 -2.206759e-01 -2.547523e+00
      vertex   3.195853e+01 -3.025140e-01 -1.694296e+00
    endloop
  endfacet
  facet normal -8.251361e-01 1.930893e-01 5.309115e-01
    outer loop
      vertex   3.195853e+01 -3.025140e-01 -1.694296e+00
      vertex   3.142870e+01 -2.206759e-01 -2.547523e+00
      vertex   3.188940e+01 -5.979373e-01 -1.694296e+00
    endloop
  endfacet
  facet normal -6.895175e-01 1.613533e-01 7.060671e-01
    outer loop
      vertex   3.195853e+01 -3.025140e-01 -1.694296e+00
      vertex   3.188940e+01 -5.979373e-01 -1.694296e+00
      vertex   3.256873e+01 -8.129246e-01 -9.817583e-01
    endloop
  endfacet
  facet normal -6.568062e-01 2.647167e-01 7.060671e-01
    outer loop
      vertex   3.256873e+01 -8.129246e-01 -9.817583e-01
      vertex   3.188940e+01 -5.979373e-01 -1.694296e+00
      vertex   3.241454e+01 -1.195513e+00 -9.817583e-01
    endloop
  endfacet
  facet normal -4.945009e-01 1.993018e-01 8.460187e-01
    outer loop
      vertex   3.256873e+01 -8.129246e-01 -9.817583e-01
      vertex   3.241454e+01 -1.195513e+00 -9.817583e-01
      vertex   3.317917e+01 -1.574106e+00 -4.456401e-01
    endloop
  endfacet
  facet normal -4.582823e-01 2.724512e-01 8.460187e-01
    outer loop
      vertex   3.317917e+01 -1.574106e+00 -4.456401e-01
      vertex   3.241454e+01 -1.195513e+00 -9.817583e-01
      vertex   3.290162e+01 -2.040956e+00 -4.456401e-01
    endloop
  endfacet
  facet normal -2.846418e-01 1.692211e-01 9.435800e-01
    outer loop
      vertex   3.317917e+01 -1.574106e+00 -4.456401e-01
      vertex   3.290162e+01 -2.040956e+00 -4.456401e-01
      vertex   3.367958e+01 -2.588161e+00 -1.128244e-01
    endloop
  endfacet
  facet normal -2.554745e-01 2.106882e-01 9.435800e-01
    outer loop
      vertex   3.367958e+01 -2.588161e+00 -1.128244e-01
      vertex   3.290162e+01 -2.040956e+00 -4.456401e-01
      vertex   3.324138e+01 -3.119514e+00 -1.128244e-01
    endloop
  endfacet
  facet normal -9.908329e-01 7.607072e-02 1.116401e-01
    outer loop
      vertex   3.111282e+01 1.362817e-16 -3.498656e+00
      vertex   3.100000e+01 0.000000e+00 -4.500000e+00
      vertex   3.109978e+01 -1.698718e-01 -3.498656e+00
    endloop
  endfacet
  facet normal -9.842729e-01 1.295820e-01 1.200642e-01
    outer loop
      vertex   3.109978e+01 -1.698718e-01 -3.498656e+00
      vertex   3.100000e+01 0.000000e+00 -4.500000e+00
      vertex   3.096593e+01 -2.588190e-01 -4.500000e+00
    endloop
  endfacet
  facet normal -9.678658e-01 2.264893e-01 1.092629e-01
    outer loop
      vertex   3.109978e+01 -1.698718e-01 -3.498656e+00
      vertex   3.096593e+01 -2.588190e-01 -4.500000e+00
      vertex   3.106096e+01 -3.357620e-01 -3.498656e+00
    endloop
  endfacet
  facet normal -9.176107e-01 3.800868e-01 1.162956e-01
    outer loop
      vertex   3.106096e+01 -3.357620e-01 -3.498656e+00
      vertex   3.096593e+01 -2.588190e-01 -4.500000e+00
      vertex   3.086603e+01 -5.000000e-01 -4.500000e+00
    endloop
  endfacet
  facet normal -9.209772e-01 3.711872e-01 1.184107e-01
    outer loop
      vertex   3.106096e+01 -3.357620e-01 -3.498656e+00
      vertex   3.086603e+01 -5.000000e-01 -4.500000e+00
      vertex   3.099727e+01 -4.937823e-01 -3.498656e+00
    endloop
  endfacet
  facet normal -8.544629e-01 5.079827e-01 1.088430e-01
    outer loop
      vertex   3.099727e+01 -4.937823e-01 -3.498656e+00
      vertex   3.086603e+01 -5.000000e-01 -4.500000e+00
      vertex   3.091021e+01 -6.402286e-01 -3.498656e+00
    endloop
  endfacet
  facet normal -8.115929e-01 4.824962e-01 3.294153e-01
    outer loop
      vertex   3.099727e+01 -4.937823e-01 -3.498656e+00
      vertex   3.091021e+01 -6.402286e-01 -3.498656e+00
      vertex   3.118243e+01 -8.317037e-01 -2.547523e+00
    endloop
  endfacet
  facet normal -7.284286e-01 6.007307e-01 3.294153e-01
    outer loop
      vertex   3.118243e+01 -8.317037e-01 -2.547523e+00
      vertex   3.091021e+01 -6.402286e-01 -3.498656e+00
      vertex   3.104161e+01 -1.002454e+00 -2.547523e+00
    endloop
  endfacet
  facet normal -6.537810e-01 5.391692e-01 5.309115e-01
    outer loop
      vertex   3.118243e+01 -8.317037e-01 -2.547523e+00
      vertex   3.104161e+01 -1.002454e+00 -2.547523e+00
      vertex   3.142790e+01 -1.374216e+00 -1.694296e+00
    endloop
  endfacet
  facet normal -5.638152e-01 6.326496e-01 5.309115e-01
    outer loop
      vertex   3.142790e+01 -1.374216e+00 -1.694296e+00
      vertex   3.104161e+01 -1.002454e+00 -2.547523e+00
      vertex   3.120139e+01 -1.576078e+00 -1.694296e+00
    endloop
  endfacet
  facet normal -4.711470e-01 5.286679e-01 7.060671e-01
    outer loop
      vertex   3.142790e+01 -1.374216e+00 -1.694296e+00
      vertex   3.120139e+01 -1.576078e+00 -1.694296e+00
      vertex   3.163335e+01 -2.142754e+00 -9.817583e-01
    endloop
  endfacet
  facet normal -3.849246e-01 5.943924e-01 7.060671e-01
    outer loop
      vertex   3.163335e+01 -2.142754e+00 -9.817583e-01
      vertex   3.120139e+01 -1.576078e+00 -1.694296e+00
      vertex   3.128712e+01 -2.366972e+00 -9.817583e-01
    endloop
  endfacet
  facet normal -2.898048e-01 4.475103e-01 8.460187e-01
    outer loop
      vertex   3.163335e+01 -2.142754e+00 -9.817583e-01
      vertex   3.128712e+01 -2.366972e+00 -9.817583e-01
      vertex   3.169472e+01 -3.116543e+00 -4.456401e-01
    endloop
  endfacet
  facet normal -7.876779e-01 6.044065e-01 1.193992e-01
    outer loop
      vertex   3.086603e+01 -5.000000e-01 -4.500000e+00
      vertex   3.070711e+01 -7.071068e-01 -4.500000e+00
      vertex   3.091021e+01 -6.402286e-01 -3.498656e+00
    endloop
  endfacet
  facet normal -7.665253e-01 6.321488e-01 1.132559e-01
    outer loop
      vertex   3.091021e+01 -6.402286e-01 -3.498656e+00
      vertex   3.070711e+01 -7.071068e-01 -4.500000e+00
      vertex   3.080181e+01 -7.716686e-01 -3.498656e+00
    endloop
  endfacet
  facet normal -7.284286e-01 6.007307e-01 3.294153e-01
    outer loop
      vertex   3.091021e+01 -6.402286e-01 -3.498656e+00
      vertex   3.080181e+01 -7.716686e-01 -3.498656e+00
      vertex   3.104161e+01 -1.002454e+00 -2.547523e+00
    endloop
  endfacet
  facet normal -6.281906e-01 7.048845e-01 3.294153e-01
    outer loop
      vertex   3.104161e+01 -1.002454e+00 -2.547523e+00
      vertex   3.080181e+01 -7.716686e-01 -3.498656e+00
      vertex   3.087638e+01 -1.149707e+00 -2.547523e+00
    endloop
  endfacet
  facet normal -5.638152e-01 6.326496e-01 5.309115e-01
    outer loop
      vertex   3.104161e+01 -1.002454e+00 -2.547523e+00
      vertex   3.087638e+01 -1.149707e+00 -2.547523e+00
      vertex   3.120139e+01 -1.576078e+00 -1.694296e+00
    endloop
  endfacet
  facet normal -4.606340e-01 7.113012e-01 5.309115e-01
    outer loop
      vertex   3.120139e+01 -1.576078e+00 -1.694296e+00
      vertex   3.087638e+01 -1.149707e+00 -2.547523e+00
      vertex   3.094673e+01 -1.740999e+00 -1.694296e+00
    endloop
  endfacet
  facet normal -3.849246e-01 5.943924e-01 7.060671e-01
    outer loop
      vertex   3.120139e+01 -1.576078e+00 -1.694296e+00
      vertex   3.094673e+01 -1.740999e+00 -1.694296e+00
      vertex   3.128712e+01 -2.366972e+00 -9.817583e-01
    endloop
  endfacet
  facet normal -6.612600e-01 7.419912e-01 1.103820e-01
    outer loop
      vertex   3.080181e+01 -7.716686e-01 -3.498656e+00
      vertex   3.070711e+01 -7.071068e-01 -4.500000e+00
      vertex   3.067462e+01 -8.850213e-01 -3.498656e+00
    endloop
  endfacet
  facet normal -6.043381e-01 7.875888e-01 1.203302e-01
    outer loop
      vertex   3.067462e+01 -8.850213e-01 -3.498656e+00
      vertex   3.070711e+01 -7.071068e-01 -4.500000e+00
      vertex   3.050000e+01 -8.660254e-01 -4.500000e+00
    endloop
  endfacet
  facet normal -5.402664e-01 8.342679e-01 1.100424e-01
    outer loop
      vertex   3.067462e+01 -8.850213e-01 -3.498656e+00
      vertex   3.050000e+01 -8.660254e-01 -4.500000e+00
      vertex   3.053162e+01 -9.776299e-01 -3.498656e+00
    endloop
  endfacet
  facet normal -3.801754e-01 9.178247e-01 1.143002e-01
    outer loop
      vertex   3.053162e+01 -9.776299e-01 -3.498656e+00
      vertex   3.050000e+01 -8.660254e-01 -4.500000e+00
      vertex   3.025882e+01 -9.659258e-01 -4.500000e+00
    endloop
  endfacet
  facet normal 3.807248e-02 9.932593e-01 1.094828e-01
    outer loop
      vertex   3.004262e+01 -1.112008e+00 -3.498656e+00
      vertex   3.000000e+01 -1.000000e+00 -4.500000e+00
      vertex   2.987238e+01 -1.105482e+00 -3.498656e+00
    endloop
  endfacet
  facet normal 1.295799e-01 9.842569e-01 1.201972e-01
    outer loop
      vertex   2.987238e+01 -1.105482e+00 -3.498656e+00
      vertex   3.000000e+01 -1.000000e+00 -4.500000e+00
      vertex   2.974118e+01 -9.659258e-01 -4.500000e+00
    endloop
  endfacet
  facet normal 1.892107e-01 9.756219e-01 1.111809e-01
    outer loop
      vertex   2.987238e+01 -1.105482e+00 -3.498656e+00
      vertex   2.974118e+01 -9.659258e-01 -4.500000e+00
      vertex   2.970512e+01 -1.073045e+00 -3.498656e+00
    endloop
  endfacet
  facet normal 3.802797e-01 9.180765e-01 1.119054e-01
    outer loop
      vertex   2.970512e+01 -1.073045e+00 -3.498656e+00
      vertex   2.974118e+01 -9.659258e-01 -4.500000e+00
      vertex   2.950000e+01 -8.660254e-01 -4.500000e+00
    endloop
  endfacet
  facet normal 3.353930e-01 9.338344e-01 1.243582e-01
    outer loop
      vertex   2.970512e+01 -1.073045e+00 -3.498656e+00
      vertex   2.950000e+01 -8.660254e-01 -4.500000e+00
      vertex   2.954478e+01 -1.015456e+00 -3.498656e+00
    endloop
  endfacet
  facet normal 4.748691e-01 8.732699e-01 1.090830e-01
    outer loop
      vertex   2.954478e+01 -1.015456e+00 -3.498656e+00
      vertex   2.950000e+01 -8.660254e-01 -4.500000e+00
      vertex   2.939510e+01 -9.340663e-01 -3.498656e+00
    endloop
  endfacet
  facet normal 4.510560e-01 8.294782e-01 3.294153e-01
    outer loop
      vertex   2.954478e+01 -1.015456e+00 -3.498656e+00
      vertex   2.939510e+01 -9.340663e-01 -3.498656e+00
      vertex   2.921420e+01 -1.213420e+00 -2.547523e+00
    endloop
  endfacet
  facet normal 5.723890e-01 7.509037e-01 3.294153e-01
    outer loop
      vertex   2.921420e+01 -1.213420e+00 -2.547523e+00
      vertex   2.939510e+01 -9.340663e-01 -3.498656e+00
      vertex   2.903818e+01 -1.079247e+00 -2.547523e+00
    endloop
  endfacet
  facet normal 5.137320e-01 6.739529e-01 5.309115e-01
    outer loop
      vertex   2.921420e+01 -1.213420e+00 -2.547523e+00
      vertex   2.903818e+01 -1.079247e+00 -2.547523e+00
      vertex   2.868149e+01 -1.479488e+00 -1.694296e+00
    endloop
  endfacet
  facet normal 6.105897e-01 5.876336e-01 5.309115e-01
    outer loop
      vertex   2.868149e+01 -1.479488e+00 -1.694296e+00
      vertex   2.903818e+01 -1.079247e+00 -2.547523e+00
      vertex   2.847109e+01 -1.260879e+00 -1.694296e+00
    endloop
  endfacet
  facet normal 5.102337e-01 4.910507e-01 7.060671e-01
    outer loop
      vertex   2.868149e+01 -1.479488e+00 -1.694296e+00
      vertex   2.847109e+01 -1.260879e+00 -1.694296e+00
      vertex   2.792138e+01 -1.714225e+00 -9.817583e-01
    endloop
  endfacet
  facet normal 5.792125e-01 4.074090e-01 7.060671e-01
    outer loop
      vertex   2.792138e+01 -1.714225e+00 -9.817583e-01
      vertex   2.847109e+01 -1.260879e+00 -1.694296e+00
      vertex   2.768407e+01 -1.376836e+00 -9.817583e-01
    endloop
  endfacet
  facet normal 4.360816e-01 3.067330e-01 8.460187e-01
    outer loop
      vertex   2.792138e+01 -1.714225e+00 -9.817583e-01
      vertex   2.768407e+01 -1.376836e+00 -9.817583e-01
      vertex   2.695066e+01 -1.812851e+00 -4.456401e-01
    endloop
  endfacet
  facet normal 4.777935e-01 2.365706e-01 8.460187e-01
    outer loop
      vertex   2.695066e+01 -1.812851e+00 -4.456401e-01
      vertex   2.768407e+01 -1.376836e+00 -9.817583e-01
      vertex   2.670966e+01 -1.326125e+00 -4.456401e-01
    endloop
  endfacet
  facet normal 2.967604e-01 1.469354e-01 9.435800e-01
    outer loop
      vertex   2.695066e+01 -1.812851e+00 -4.456401e-01
      vertex   2.670966e+01 -1.326125e+00 -4.456401e-01
      vertex   2.582749e+01 -1.681674e+00 -1.128244e-01
    endloop
  endfacet
  facet normal 3.157120e-01 9.991314e-02 9.435800e-01
    outer loop
      vertex   2.582749e+01 -1.681674e+00 -1.128244e-01
      vertex   2.670966e+01 -1.326125e+00 -4.456401e-01
      vertex   2.561968e+01 -1.025035e+00 -1.128244e-01
    endloop
  endfacet
  facet normal 6.045896e-01 7.879165e-01 1.168720e-01
    outer loop
      vertex   2.950000e+01 -8.660254e-01 -4.500000e+00
      vertex   2.929289e+01 -7.071068e-01 -4.500000e+00
      vertex   2.939510e+01 -9.340663e-01 -3.498656e+00
    endloop
  endfacet
  facet normal 6.020220e-01 7.897785e-01 1.175561e-01
    outer loop
      vertex   2.939510e+01 -9.340663e-01 -3.498656e+00
      vertex   2.929289e+01 -7.071068e-01 -4.500000e+00
      vertex   2.925961e+01 -8.307826e-01 -3.498656e+00
    endloop
  endfacet
  facet normal 5.723890e-01 7.509037e-01 3.294153e-01
    outer loop
      vertex   2.939510e+01 -9.340663e-01 -3.498656e+00
      vertex   2.925961e+01 -8.307826e-01 -3.498656e+00
      vertex   2.903818e+01 -1.079247e+00 -2.547523e+00
    endloop
  endfacet
  facet normal 6.803058e-01 6.547287e-01 3.294153e-01
    outer loop
      vertex   2.903818e+01 -1.079247e+00 -2.547523e+00
      vertex   2.925961e+01 -8.307826e-01 -3.498656e+00
      vertex   2.888470e+01 -9.197776e-01 -2.547523e+00
    endloop
  endfacet
  facet normal 6.105897e-01 5.876336e-01 5.309115e-01
    outer loop
      vertex   2.903818e+01 -1.079247e+00 -2.547523e+00
      vertex   2.888470e+01 -9.197776e-01 -2.547523e+00
      vertex   2.847109e+01 -1.260879e+00 -1.694296e+00
    endloop
  endfacet
  facet normal 6.931357e-01 4.875407e-01 5.309115e-01
    outer loop
      vertex   2.847109e+01 -1.260879e+00 -1.694296e+00
      vertex   2.888470e+01 -9.197776e-01 -2.547523e+00
      vertex   2.829654e+01 -1.012716e+00 -1.694296e+00
    endloop
  endfacet
  facet normal 5.792125e-01 4.074090e-01 7.060671e-01
    outer loop
      vertex   2.847109e+01 -1.260879e+00 -1.694296e+00
      vertex   2.829654e+01 -1.012716e+00 -1.694296e+00
      vertex   2.768407e+01 -1.376836e+00 -9.817583e-01
    endloop
  endfacet
  facet normal 6.346151e-01 3.142180e-01 7.060671e-01
    outer loop
      vertex   2.768407e+01 -1.376836e+00 -9.817583e-01
      vertex   2.829654e+01 -1.012716e+00 -1.694296e+00
      vertex   2.750103e+01 -1.007174e+00 -9.817583e-01
    endloop
  endfacet
  facet normal 4.777935e-01 2.365706e-01 8.460187e-01
    outer loop
      vertex   2.768407e+01 -1.376836e+00 -9.817583e-01
      vertex   2.750103e+01 -1.007174e+00 -9.817583e-01
      vertex   2.670966e+01 -1.326125e+00 -4.456401e-01
    endloop
  endfacet
  facet normal 5.083063e-01 1.608633e-01 8.460187e-01
    outer loop
      vertex   2.670966e+01 -1.326125e+00 -4.456401e-01
      vertex   2.750103e+01 -1.007174e+00 -9.817583e-01
      vertex   2.654579e+01 -8.083156e-01 -4.456401e-01
    endloop
  endfacet
  facet normal 3.157120e-01 9.991314e-02 9.435800e-01
    outer loop
      vertex   2.670966e+01 -1.326125e+00 -4.456401e-01
      vertex   2.654579e+01 -8.083156e-01 -4.456401e-01
      vertex   2.561968e+01 -1.025035e+00 -1.128244e-01
    endloop
  endfacet
  facet normal 7.162330e-01 6.893052e-01 1.089430e-01
    outer loop
      vertex   2.925961e+01 -8.307826e-01 -3.498656e+00
      vertex   2.929289e+01 -7.071068e-01 -4.500000e+00
      vertex   2.914147e+01 -7.080261e-01 -3.498656e+00
    endloop
  endfacet
  facet normal 7.876525e-01 6.043871e-01 1.196652e-01
    outer loop
      vertex   2.914147e+01 -7.080261e-01 -3.498656e+00
      vertex   2.929289e+01 -7.071068e-01 -4.500000e+00
      vertex   2.913397e+01 -5.000000e-01 -4.500000e+00
    endloop
  endfacet
  facet normal 8.127205e-01 5.716548e-01 1.126776e-01
    outer loop
      vertex   2.914147e+01 -7.080261e-01 -3.498656e+00
      vertex   2.913397e+01 -5.000000e-01 -4.500000e+00
      vertex   2.904345e+01 -5.686741e-01 -3.498656e+00
    endloop
  endfacet
  facet normal 8.906515e-01 4.409896e-01 1.107615e-01
    outer loop
      vertex   2.904345e+01 -5.686741e-01 -3.498656e+00
      vertex   2.913397e+01 -5.000000e-01 -4.500000e+00
      vertex   2.896785e+01 -4.159928e-01 -3.498656e+00
    endloop
  endfacet
  facet normal 8.461462e-01 4.189537e-01 3.294153e-01
    outer loop
      vertex   2.904345e+01 -5.686741e-01 -3.498656e+00
      vertex   2.896785e+01 -4.159928e-01 -3.498656e+00
      vertex   2.865917e+01 -5.404049e-01 -2.547523e+00
    endloop
  endfacet
  facet normal 9.001827e-01 2.848801e-01 3.294153e-01
    outer loop
      vertex   2.865917e+01 -5.404049e-01 -2.547523e+00
      vertex   2.896785e+01 -4.159928e-01 -3.498656e+00
      vertex   2.859239e+01 -3.293942e-01 -2.547523e+00
    endloop
  endfacet
  facet normal 8.079341e-01 2.556863e-01 5.309115e-01
    outer loop
      vertex   2.865917e+01 -5.404049e-01 -2.547523e+00
      vertex   2.859239e+01 -3.293942e-01 -2.547523e+00
      vertex   2.807037e+01 -4.515506e-01 -1.694296e+00
    endloop
  endfacet
  facet normal 9.171715e-01 3.799049e-01 1.202859e-01
    outer loop
      vertex   2.913397e+01 -5.000000e-01 -4.500000e+00
      vertex   2.903407e+01 -2.588190e-01 -4.500000e+00
      vertex   2.896785e+01 -4.159928e-01 -3.498656e+00
    endloop
  endfacet
  facet normal 9.476379e-01 2.998982e-01 1.097426e-01
    outer loop
      vertex   2.896785e+01 -4.159928e-01 -3.498656e+00
      vertex   2.903407e+01 -2.588190e-01 -4.500000e+00
      vertex   2.891645e+01 -2.535609e-01 -3.498656e+00
    endloop
  endfacet
  facet normal 9.001827e-01 2.848801e-01 3.294153e-01
    outer loop
      vertex   2.896785e+01 -4.159928e-01 -3.498656e+00
      vertex   2.891645e+01 -2.535609e-01 -3.498656e+00
      vertex   2.859239e+01 -3.293942e-01 -2.547523e+00
    endloop
  endfacet
  facet normal 9.848660e-01 1.296601e-01 1.150097e-01
    outer loop
      vertex   2.903407e+01 -2.588190e-01 -4.500000e+00
      vertex   2.900000e+01 1.224647e-16 -4.500000e+00
      vertex   2.891645e+01 -2.535609e-01 -3.498656e+00
    endloop
  endfacet
  facet normal 1.105256e-01 0.000000e+00 9.938733e-01
    outer loop
      vertex   2.551454e+01 3.443687e-01 -1.128244e-01
      vertex   2.450000e+01 -6.735557e-16 0.000000e+00
      vertex   2.551454e+01 -3.443687e-01 -1.128244e-01
    endloop
  endfacet
  facet normal 1.145536e-01 1.204007e-02 9.933441e-01
    outer loop
      vertex   2.551454e+01 -3.443687e-01 -1.128244e-01
      vertex   2.450000e+01 -6.735557e-16 0.000000e+00
      vertex   2.462019e+01 -1.143514e+00 0.000000e+00
    endloop
  endfacet
  facet normal 6.738301e-02 9.274476e-02 9.934072e-01
    outer loop
      vertex   2.631978e+01 -4.087297e+00 0.000000e+00
      vertex   2.725000e+01 -4.763140e+00 0.000000e+00
      vertex   2.755468e+01 -3.776016e+00 -1.128244e-01
    endloop
  endfacet
  facet normal 5.289267e-02 9.726802e-02 9.938517e-01
    outer loop
      vertex   2.755468e+01 -3.776016e+00 -1.128244e-01
      vertex   2.725000e+01 -4.763140e+00 0.000000e+00
      vertex   2.815974e+01 -4.105040e+00 -1.128244e-01
    endloop
  endfacet
  facet normal 1.581943e-01 2.909146e-01 9.435800e-01
    outer loop
      vertex   2.755468e+01 -3.776016e+00 -1.128244e-01
      vertex   2.815974e+01 -4.105040e+00 -1.128244e-01
      vertex   2.854882e+01 -3.237128e+00 -4.456401e-01
    endloop
  endfacet
  facet normal 1.119325e-01 3.116534e-01 9.435800e-01
    outer loop
      vertex   2.854882e+01 -3.237128e+00 -4.456401e-01
      vertex   2.815974e+01 -4.105040e+00 -1.128244e-01
      vertex   2.905997e+01 -3.420712e+00 -4.456401e-01
    endloop
  endfacet
  facet normal 1.802148e-01 5.017718e-01 8.460187e-01
    outer loop
      vertex   2.854882e+01 -3.237128e+00 -4.456401e-01
      vertex   2.905997e+01 -3.420712e+00 -4.456401e-01
      vertex   2.928606e+01 -2.597984e+00 -9.817583e-01
    endloop
  endfacet
  facet normal 1.015076e-01 5.234009e-01 8.460187e-01
    outer loop
      vertex   2.928606e+01 -2.597984e+00 -9.817583e-01
      vertex   2.905997e+01 -3.420712e+00 -4.456401e-01
      vertex   2.969101e+01 -2.676519e+00 -9.817583e-01
    endloop
  endfacet
  facet normal 1.348245e-01 6.951918e-01 7.060671e-01
    outer loop
      vertex   2.928606e+01 -2.597984e+00 -9.817583e-01
      vertex   2.969101e+01 -2.676519e+00 -9.817583e-01
      vertex   2.977273e+01 -1.968683e+00 -1.694296e+00
    endloop
  endfacet
  facet normal 2.712389e-02 7.076253e-01 7.060671e-01
    outer loop
      vertex   2.977273e+01 -1.968683e+00 -1.694296e+00
      vertex   2.969101e+01 -2.676519e+00 -9.817583e-01
      vertex   3.007591e+01 -1.980304e+00 -1.694296e+00
    endloop
  endfacet
  facet normal 3.245878e-02 8.468054e-01 5.309115e-01
    outer loop
      vertex   2.977273e+01 -1.968683e+00 -1.694296e+00
      vertex   3.007591e+01 -1.980304e+00 -1.694296e+00
      vertex   3.005537e+01 -1.444579e+00 -2.547523e+00
    endloop
  endfacet
  facet normal -9.718586e-02 8.418360e-01 5.309115e-01
    outer loop
      vertex   3.005537e+01 -1.444579e+00 -2.547523e+00
      vertex   3.007591e+01 -1.980304e+00 -1.694296e+00
      vertex   3.027524e+01 -1.419197e+00 -2.547523e+00
    endloop
  endfacet
  facet normal -1.082824e-01 9.379555e-01 3.294153e-01
    outer loop
      vertex   3.005537e+01 -1.444579e+00 -2.547523e+00
      vertex   3.027524e+01 -1.419197e+00 -2.547523e+00
      vertex   3.021187e+01 -1.092469e+00 -3.498656e+00
    endloop
  endfacet
  facet normal -2.501916e-01 9.104338e-01 3.294153e-01
    outer loop
      vertex   3.021187e+01 -1.092469e+00 -3.498656e+00
      vertex   3.027524e+01 -1.419197e+00 -2.547523e+00
      vertex   3.037615e+01 -1.047324e+00 -3.498656e+00
    endloop
  endfacet
  facet normal 4.693359e-02 1.054146e-01 9.933202e-01
    outer loop
      vertex   2.725000e+01 -4.763140e+00 0.000000e+00
      vertex   2.830041e+01 -5.230811e+00 0.000000e+00
      vertex   2.815974e+01 -4.105040e+00 -1.128244e-01
    endloop
  endfacet
  facet normal 3.745373e-02 1.042824e-01 9.938422e-01
    outer loop
      vertex   2.815974e+01 -4.105040e+00 -1.128244e-01
      vertex   2.830041e+01 -5.230811e+00 0.000000e+00
      vertex   2.880794e+01 -4.337845e+00 -1.128244e-01
    endloop
  endfacet
  facet normal 1.119325e-01 3.116534e-01 9.435800e-01
    outer loop
      vertex   2.815974e+01 -4.105040e+00 -1.128244e-01
      vertex   2.880794e+01 -4.337845e+00 -1.128244e-01
      vertex   2.905997e+01 -3.420712e+00 -4.456401e-01
    endloop
  endfacet
  facet normal 6.304698e-02 3.250874e-01 9.435800e-01
    outer loop
      vertex   2.905997e+01 -3.420712e+00 -4.456401e-01
      vertex   2.880794e+01 -4.337845e+00 -1.128244e-01
      vertex   2.959316e+01 -3.524117e+00 -4.456401e-01
    endloop
  endfacet
  facet normal 1.015076e-01 5.234009e-01 8.460187e-01
    outer loop
      vertex   2.905997e+01 -3.420712e+00 -4.456401e-01
      vertex   2.959316e+01 -3.524117e+00 -4.456401e-01
      vertex   2.969101e+01 -2.676519e+00 -9.817583e-01
    endloop
  endfacet
  facet normal 2.042122e-02 5.327619e-01 8.460187e-01
    outer loop
      vertex   2.969101e+01 -2.676519e+00 -9.817583e-01
      vertex   2.959316e+01 -3.524117e+00 -4.456401e-01
      vertex   3.010320e+01 -2.692319e+00 -9.817583e-01
    endloop
  endfacet
  facet normal 2.712389e-02 7.076253e-01 7.060671e-01
    outer loop
      vertex   2.969101e+01 -2.676519e+00 -9.817583e-01
      vertex   3.010320e+01 -2.692319e+00 -9.817583e-01
      vertex   3.007591e+01 -1.980304e+00 -1.694296e+00
    endloop
  endfacet
  facet normal -8.121249e-02 7.034727e-01 7.060671e-01
    outer loop
      vertex   3.007591e+01 -1.980304e+00 -1.694296e+00
      vertex   3.010320e+01 -2.692319e+00 -9.817583e-01
      vertex   3.037731e+01 -1.945509e+00 -1.694296e+00
    endloop
  endfacet
  facet normal -9.718586e-02 8.418360e-01 5.309115e-01
    outer loop
      vertex   3.007591e+01 -1.980304e+00 -1.694296e+00
      vertex   3.037731e+01 -1.945509e+00 -1.694296e+00
      vertex   3.027524e+01 -1.419197e+00 -2.547523e+00
    endloop
  endfacet
  facet normal -2.245526e-01 8.171347e-01 5.309115e-01
    outer loop
      vertex   3.027524e+01 -1.419197e+00 -2.547523e+00
      vertex   3.037731e+01 -1.945509e+00 -1.694296e+00
      vertex   3.048865e+01 -1.360550e+00 -2.547523e+00
    endloop
  endfacet
  facet normal -2.501916e-01 9.104338e-01 3.294153e-01
    outer loop
      vertex   3.027524e+01 -1.419197e+00 -2.547523e+00
      vertex   3.048865e+01 -1.360550e+00 -2.547523e+00
      vertex   3.037615e+01 -1.047324e+00 -3.498656e+00
    endloop
  endfacet
  facet normal 2.380374e-02 1.119878e-01 9.934244e-01
    outer loop
      vertex   2.830041e+01 -5.230811e+00 0.000000e+00
      vertex   2.942509e+01 -5.469870e+00 0.000000e+00
      vertex   2.880794e+01 -4.337845e+00 -1.128244e-01
    endloop
  endfacet
  facet normal 2.147642e-02 1.107382e-01 9.936175e-01
    outer loop
      vertex   2.880794e+01 -4.337845e+00 -1.128244e-01
      vertex   2.942509e+01 -5.469870e+00 0.000000e+00
      vertex   2.948408e+01 -4.468974e+00 -1.128244e-01
    endloop
  endfacet
  facet normal 6.304698e-02 3.250874e-01 9.435800e-01
    outer loop
      vertex   2.880794e+01 -4.337845e+00 -1.128244e-01
      vertex   2.948408e+01 -4.468974e+00 -1.128244e-01
      vertex   2.959316e+01 -3.524117e+00 -4.456401e-01
    endloop
  endfacet
  facet normal 1.268374e-02 3.309016e-01 9.435800e-01
    outer loop
      vertex   2.959316e+01 -3.524117e+00 -4.456401e-01
      vertex   2.948408e+01 -4.468974e+00 -1.128244e-01
      vertex   3.013588e+01 -3.544920e+00 -4.456401e-01
    endloop
  endfacet
  facet normal 2.042122e-02 5.327619e-01 8.460187e-01
    outer loop
      vertex   2.959316e+01 -3.524117e+00 -4.456401e-01
      vertex   3.013588e+01 -3.544920e+00 -4.456401e-01
      vertex   3.010320e+01 -2.692319e+00 -9.817583e-01
    endloop
  endfacet
  facet normal -6.114383e-02 5.296355e-01 8.460187e-01
    outer loop
      vertex   3.010320e+01 -2.692319e+00 -9.817583e-01
      vertex   3.013588e+01 -3.544920e+00 -4.456401e-01
      vertex   3.051297e+01 -2.645013e+00 -9.817583e-01
    endloop
  endfacet
  facet normal -8.121249e-02 7.034727e-01 7.060671e-01
    outer loop
      vertex   3.010320e+01 -2.692319e+00 -9.817583e-01
      vertex   3.051297e+01 -2.645013e+00 -9.817583e-01
      vertex   3.037731e+01 -1.945509e+00 -1.694296e+00
    endloop
  endfacet
  facet normal -1.876453e-01 6.828312e-01 7.060671e-01
    outer loop
      vertex   3.037731e+01 -1.945509e+00 -1.694296e+00
      vertex   3.051297e+01 -2.645013e+00 -9.817583e-01
      vertex   3.066987e+01 -1.865112e+00 -1.694296e+00
    endloop
  endfacet
  facet normal -2.245526e-01 8.171347e-01 5.309115e-01
    outer loop
      vertex   3.037731e+01 -1.945509e+00 -1.694296e+00
      vertex   3.066987e+01 -1.865112e+00 -1.694296e+00
      vertex   3.048865e+01 -1.360550e+00 -2.547523e+00
    endloop
  endfacet
  facet normal 4.283996e-03 1.117636e-01 9.937256e-01
    outer loop
      vertex   2.948408e+01 -4.468974e+00 -1.128244e-01
      vertex   2.942509e+01 -5.469870e+00 0.000000e+00
      vertex   3.017231e+01 -4.495355e+00 -1.128244e-01
    endloop
  endfacet
  facet normal 0.000000e+00 1.150066e-01 9.933647e-01
    outer loop
      vertex   3.017231e+01 -4.495355e+00 -1.128244e-01
      vertex   2.942509e+01 -5.469870e+00 0.000000e+00
      vertex   3.057491e+01 -5.469870e+00 0.000000e+00
    endloop
  endfacet
  facet normal -1.267900e-02 1.098271e-01 9.938698e-01
    outer loop
      vertex   3.017231e+01 -4.495355e+00 -1.128244e-01
      vertex   3.057491e+01 -5.469870e+00 0.000000e+00
      vertex   3.085650e+01 -4.416368e+00 -1.128244e-01
    endloop
  endfacet
  facet normal -2.397390e-02 1.127884e-01 9.933298e-01
    outer loop
      vertex   3.085650e+01 -4.416368e+00 -1.128244e-01
      vertex   3.057491e+01 -5.469870e+00 0.000000e+00
      vertex   3.169959e+01 -5.230811e+00 0.000000e+00
    endloop
  endfacet
  facet normal -2.945390e-02 1.071812e-01 9.938031e-01
    outer loop
      vertex   3.085650e+01 -4.416368e+00 -1.128244e-01
      vertex   3.169959e+01 -5.230811e+00 0.000000e+00
      vertex   3.152062e+01 -4.233865e+00 -1.128244e-01
    endloop
  endfacet
  facet normal -4.635337e-02 1.041114e-01 9.934849e-01
    outer loop
      vertex   3.152062e+01 -4.233865e+00 -1.128244e-01
      vertex   3.169959e+01 -5.230811e+00 0.000000e+00
      vertex   3.275000e+01 -4.763140e+00 0.000000e+00
    endloop
  endfacet
  facet normal -9.901045e-02 5.716371e-02 9.934431e-01
    outer loop
      vertex   3.444959e+01 -3.232819e+00 0.000000e+00
      vertex   3.502450e+01 -2.237052e+00 0.000000e+00
      vertex   3.403154e+01 -1.996143e+00 -1.128244e-01
    endloop
  endfacet
  facet normal -1.028649e-01 4.145829e-02 9.938310e-01
    outer loop
      vertex   3.403154e+01 -1.996143e+00 -1.128244e-01
      vertex   3.502450e+01 -2.237052e+00 0.000000e+00
      vertex   3.428900e+01 -1.357337e+00 -1.128244e-01
    endloop
  endfacet
  facet normal -3.071374e-01 1.237875e-01 9.435800e-01
    outer loop
      vertex   3.403154e+01 -1.996143e+00 -1.128244e-01
      vertex   3.428900e+01 -1.357337e+00 -1.128244e-01
      vertex   3.338220e+01 -1.070361e+00 -4.456401e-01
    endloop
  endfacet
  facet normal -3.224340e-01 7.545245e-02 9.435800e-01
    outer loop
      vertex   3.338220e+01 -1.070361e+00 -4.456401e-01
      vertex   3.428900e+01 -1.357337e+00 -1.128244e-01
      vertex   3.350595e+01 -5.415269e-01 -4.456401e-01
    endloop
  endfacet
  facet normal -5.191288e-01 1.214808e-01 8.460187e-01
    outer loop
      vertex   3.338220e+01 -1.070361e+00 -4.456401e-01
      vertex   3.350595e+01 -5.415269e-01 -4.456401e-01
      vertex   3.266272e+01 -4.112823e-01 -9.817583e-01
    endloop
  endfacet
  facet normal -5.315888e-01 4.081248e-02 8.460187e-01
    outer loop
      vertex   3.266272e+01 -4.112823e-01 -9.817583e-01
      vertex   3.350595e+01 -5.415269e-01 -4.456401e-01
      vertex   3.269430e+01 3.299561e-16 -9.817583e-01
    endloop
  endfacet
  facet normal -7.060671e-01 5.420797e-02 7.060671e-01
    outer loop
      vertex   3.266272e+01 -4.112823e-01 -9.817583e-01
      vertex   3.269430e+01 3.299561e-16 -9.817583e-01
      vertex   3.198176e+01 2.426954e-16 -1.694296e+00
    endloop
  endfacet
  facet normal -7.060671e-01 -5.420797e-02 7.060671e-01
    outer loop
      vertex   3.198176e+01 2.426954e-16 -1.694296e+00
      vertex   3.269430e+01 3.299561e-16 -9.817583e-01
      vertex   3.195853e+01 3.025140e-01 -1.694296e+00
    endloop
  endfacet
  facet normal -8.449408e-01 -6.486993e-02 5.309115e-01
    outer loop
      vertex   3.198176e+01 2.426954e-16 -1.694296e+00
      vertex   3.195853e+01 3.025140e-01 -1.694296e+00
      vertex   3.142870e+01 2.206759e-01 -2.547523e+00
    endloop
  endfacet
  facet normal -8.251361e-01 -1.930893e-01 5.309115e-01
    outer loop
      vertex   3.142870e+01 2.206759e-01 -2.547523e+00
      vertex   3.195853e+01 3.025140e-01 -1.694296e+00
      vertex   3.137827e+01 4.361794e-01 -2.547523e+00
    endloop
  endfacet
  facet normal -9.193488e-01 -2.151359e-01 3.294153e-01
    outer loop
      vertex   3.142870e+01 2.206759e-01 -2.547523e+00
      vertex   3.137827e+01 4.361794e-01 -2.547523e+00
      vertex   3.106096e+01 3.357620e-01 -3.498656e+00
    endloop
  endfacet
  facet normal -8.757340e-01 -3.529525e-01 3.294153e-01
    outer loop
      vertex   3.106096e+01 3.357620e-01 -3.498656e+00
      vertex   3.137827e+01 4.361794e-01 -2.547523e+00
      vertex   3.099727e+01 4.937823e-01 -3.498656e+00
    endloop
  endfacet
  facet normal -1.097299e-01 3.565341e-02 9.933218e-01
    outer loop
      vertex   3.502450e+01 -2.237052e+00 0.000000e+00
      vertex   3.537981e+01 -1.143514e+00 0.000000e+00
      vertex   3.428900e+01 -1.357337e+00 -1.128244e-01
    endloop
  endfacet
  facet normal -1.077388e-01 2.521184e-02 9.938595e-01
    outer loop
      vertex   3.428900e+01 -1.357337e+00 -1.128244e-01
      vertex   3.537981e+01 -1.143514e+00 0.000000e+00
      vertex   3.444593e+01 -6.867166e-01 -1.128244e-01
    endloop
  endfacet
  facet normal -3.224340e-01 7.545245e-02 9.435800e-01
    outer loop
      vertex   3.428900e+01 -1.357337e+00 -1.128244e-01
      vertex   3.444593e+01 -6.867166e-01 -1.128244e-01
      vertex   3.350595e+01 -5.415269e-01 -4.456401e-01
    endloop
  endfacet
  facet normal -3.301729e-01 2.534887e-02 9.435800e-01
    outer loop
      vertex   3.350595e+01 -5.415269e-01 -4.456401e-01
      vertex   3.444593e+01 -6.867166e-01 -1.128244e-01
      vertex   3.354752e+01 4.344463e-16 -4.456401e-01
    endloop
  endfacet
  facet normal -5.315888e-01 4.081248e-02 8.460187e-01
    outer loop
      vertex   3.350595e+01 -5.415269e-01 -4.456401e-01
      vertex   3.354752e+01 4.344463e-16 -4.456401e-01
      vertex   3.269430e+01 3.299561e-16 -9.817583e-01
    endloop
  endfacet
  facet normal -5.315888e-01 -4.081248e-02 8.460187e-01
    outer loop
      vertex   3.269430e+01 3.299561e-16 -9.817583e-01
      vertex   3.354752e+01 4.344463e-16 -4.456401e-01
      vertex   3.266272e+01 4.112823e-01 -9.817583e-01
    endloop
  endfacet
  facet normal -7.060671e-01 -5.420797e-02 7.060671e-01
    outer loop
      vertex   3.269430e+01 3.299561e-16 -9.817583e-01
      vertex   3.266272e+01 4.112823e-01 -9.817583e-01
      vertex   3.195853e+01 3.025140e-01 -1.694296e+00
    endloop
  endfacet
  facet normal -6.895175e-01 -1.613533e-01 7.060671e-01
    outer loop
      vertex   3.195853e+01 3.025140e-01 -1.694296e+00
      vertex   3.266272e+01 4.112823e-01 -9.817583e-01
      vertex   3.188940e+01 5.979373e-01 -1.694296e+00
    endloop
  endfacet
  facet normal -8.251361e-01 -1.930893e-01 5.309115e-01
    outer loop
      vertex   3.195853e+01 3.025140e-01 -1.694296e+00
      vertex   3.188940e+01 5.979373e-01 -1.694296e+00
      vertex   3.137827e+01 4.361794e-01 -2.547523e+00
    endloop
  endfacet
  facet normal -7.859909e-01 -3.167828e-01 5.309115e-01
    outer loop
      vertex   3.137827e+01 4.361794e-01 -2.547523e+00
      vertex   3.188940e+01 5.979373e-01 -1.694296e+00
      vertex   3.129553e+01 6.414592e-01 -2.547523e+00
    endloop
  endfacet
  facet normal -8.757340e-01 -3.529525e-01 3.294153e-01
    outer loop
      vertex   3.137827e+01 4.361794e-01 -2.547523e+00
      vertex   3.129553e+01 6.414592e-01 -2.547523e+00
      vertex   3.099727e+01 4.937823e-01 -3.498656e+00
    endloop
  endfacet
  facet normal -8.115929e-01 -4.824962e-01 3.294153e-01
    outer loop
      vertex   3.099727e+01 4.937823e-01 -3.498656e+00
      vertex   3.129553e+01 6.414592e-01 -2.547523e+00
      vertex   3.091021e+01 6.402286e-01 -3.498656e+00
    endloop
  endfacet
  facet normal -1.141460e-01 1.199723e-02 9.933915e-01
    outer loop
      vertex   3.537981e+01 -1.143514e+00 0.000000e+00
      vertex   3.550000e+01 0.000000e+00 0.000000e+00
      vertex   3.444593e+01 -6.867166e-01 -1.128244e-01
    endloop
  endfacet
  facet normal -1.119603e-01 8.595702e-03 9.936755e-01
    outer loop
      vertex   3.444593e+01 -6.867166e-01 -1.128244e-01
      vertex   3.550000e+01 0.000000e+00 0.000000e+00
      vertex   3.449866e+01 5.509264e-16 -1.128244e-01
    endloop
  endfacet
  facet normal -3.301729e-01 2.534887e-02 9.435800e-01
    outer loop
      vertex   3.444593e+01 -6.867166e-01 -1.128244e-01
      vertex   3.449866e+01 5.509264e-16 -1.128244e-01
      vertex   3.354752e+01 4.344463e-16 -4.456401e-01
    endloop
  endfacet
  facet normal -3.301729e-01 -2.534887e-02 9.435800e-01
    outer loop
      vertex   3.354752e+01 4.344463e-16 -4.456401e-01
      vertex   3.449866e+01 5.509264e-16 -1.128244e-01
      vertex   3.350595e+01 5.415269e-01 -4.456401e-01
    endloop
  endfacet
  facet normal -5.315888e-01 -4.081248e-02 8.460187e-01
    outer loop
      vertex   3.354752e+01 4.344463e-16 -4.456401e-01
      vertex   3.350595e+01 5.415269e-01 -4.456401e-01
      vertex   3.266272e+01 4.112823e-01 -9.817583e-01
    endloop
  endfacet
  facet normal -5.191288e-01 -1.214808e-01 8.460187e-01
    outer loop
      vertex   3.266272e+01 4.112823e-01 -9.817583e-01
      vertex   3.350595e+01 5.415269e-01 -4.456401e-01
      vertex   3.256873e+01 8.129246e-01 -9.817583e-01
    endloop
  endfacet
  facet normal -6.895175e-01 -1.613533e-01 7.060671e-01
    outer loop
      vertex   3.266272e+01 4.112823e-01 -9.817583e-01
      vertex   3.256873e+01 8.129246e-01 -9.817583e-01
      vertex   3.188940e+01 5.979373e-01 -1.694296e+00
    endloop
  endfacet
  facet normal -6.568062e-01 -2.647167e-01 7.060671e-01
    outer loop
      vertex   3.188940e+01 5.979373e-01 -1.694296e+00
      vertex   3.256873e+01 8.129246e-01 -9.817583e-01
      vertex   3.177598e+01 8.793455e-01 -1.694296e+00
    endloop
  endfacet
  facet normal -7.859909e-01 -3.167828e-01 5.309115e-01
    outer loop
      vertex   3.188940e+01 5.979373e-01 -1.694296e+00
      vertex   3.177598e+01 8.793455e-01 -1.694296e+00
      vertex   3.129553e+01 6.414592e-01 -2.547523e+00
    endloop
  endfacet
  facet normal -7.284227e-01 -4.330512e-01 5.309115e-01
    outer loop
      vertex   3.129553e+01 6.414592e-01 -2.547523e+00
      vertex   3.177598e+01 8.793455e-01 -1.694296e+00
      vertex   3.118243e+01 8.317037e-01 -2.547523e+00
    endloop
  endfacet
  facet normal -8.115929e-01 -4.824962e-01 3.294153e-01
    outer loop
      vertex   3.129553e+01 6.414592e-01 -2.547523e+00
      vertex   3.118243e+01 8.317037e-01 -2.547523e+00
      vertex   3.091021e+01 6.402286e-01 -3.498656e+00
    endloop
  endfacet
  facet normal -1.119603e-01 -8.595702e-03 9.936755e-01
    outer loop
      vertex   3.449866e+01 5.509264e-16 -1.128244e-01
      vertex   3.550000e+01 0.000000e+00 0.000000e+00
      vertex   3.444593e+01 6.867166e-01 -1.128244e-01
    endloop
  endfacet
  facet normal -1.141460e-01 -1.199723e-02 9.933915e-01
    outer loop
      vertex   3.444593e+01 6.867166e-01 -1.128244e-01
      vertex   3.550000e+01 0.000000e+00 0.000000e+00
      vertex   3.537981e+01 1.143514e+00 0.000000e+00
    endloop
  endfacet
  facet normal -1.077388e-01 -2.521184e-02 9.938595e-01
    outer loop
      vertex   3.444593e+01 6.867166e-01 -1.128244e-01
      vertex   3.537981e+01 1.143514e+00 0.000000e+00
      vertex   3.428900e+01 1.357337e+00 -1.128244e-01
    endloop
  endfacet
  facet normal -1.097299e-01 -3.565341e-02 9.933218e-01
    outer loop
      vertex   3.428900e+01 1.357337e+00 -1.128244e-01
      vertex   3.537981e+01 1.143514e+00 0.000000e+00
      vertex   3.502450e+01 2.237052e+00 0.000000e+00
    endloop
  endfacet
  facet normal -1.028649e-01 -4.145829e-02 9.938310e-01
    outer loop
      vertex   3.428900e+01 1.357337e+00 -1.128244e-01
      vertex   3.502450e+01 2.237052e+00 0.000000e+00
      vertex   3.403154e+01 1.996143e+00 -1.128244e-01
    endloop
  endfacet
  facet normal -9.901045e-02 -5.716371e-02 9.934431e-01
    outer loop
      vertex   3.403154e+01 1.996143e+00 -1.128244e-01
      vertex   3.502450e+01 2.237052e+00 0.000000e+00
      vertex   3.444959e+01 3.232819e+00 0.000000e+00
    endloop
  endfacet
  facet normal -9.720301e-02 -5.778770e-02 9.935855e-01
    outer loop
      vertex   3.403154e+01 1.996143e+00 -1.128244e-01
      vertex   3.444959e+01 3.232819e+00 0.000000e+00
      vertex   3.367958e+01 2.588161e+00 -1.128244e-01
    endloop
  endfacet
  facet normal -7.354069e-02 -8.251904e-02 9.938724e-01
    outer loop
      vertex   3.324138e+01 3.119514e+00 -1.128244e-01
      vertex   3.368022e+01 4.087297e+00 0.000000e+00
      vertex   3.272720e+01 3.577749e+00 -1.128244e-01
    endloop
  endfacet
  facet normal -6.774412e-02 -9.324178e-02 9.933361e-01
    outer loop
      vertex   3.272720e+01 3.577749e+00 -1.128244e-01
      vertex   3.368022e+01 4.087297e+00 0.000000e+00
      vertex   3.275000e+01 4.763140e+00 0.000000e+00
    endloop
  endfacet
  facet normal 2.147642e-02 -1.107382e-01 9.936175e-01
    outer loop
      vertex   2.948408e+01 4.468974e+00 -1.128244e-01
      vertex   2.942509e+01 5.469870e+00 0.000000e+00
      vertex   2.880794e+01 4.337845e+00 -1.128244e-01
    endloop
  endfacet
  facet normal 2.380374e-02 -1.119878e-01 9.934244e-01
    outer loop
      vertex   2.880794e+01 4.337845e+00 -1.128244e-01
      vertex   2.942509e+01 5.469870e+00 0.000000e+00
      vertex   2.830041e+01 5.230811e+00 0.000000e+00
    endloop
  endfacet
  facet normal 3.745373e-02 -1.042824e-01 9.938422e-01
    outer loop
      vertex   2.880794e+01 4.337845e+00 -1.128244e-01
      vertex   2.830041e+01 5.230811e+00 0.000000e+00
      vertex   2.815974e+01 4.105040e+00 -1.128244e-01
    endloop
  endfacet
  facet normal 4.693359e-02 -1.054146e-01 9.933202e-01
    outer loop
      vertex   2.815974e+01 4.105040e+00 -1.128244e-01
      vertex   2.830041e+01 5.230811e+00 0.000000e+00
      vertex   2.725000e+01 4.763140e+00 0.000000e+00
    endloop
  endfacet
  facet normal 5.289267e-02 -9.726802e-02 9.938517e-01
    outer loop
      vertex   2.815974e+01 4.105040e+00 -1.128244e-01
      vertex   2.725000e+01 4.763140e+00 0.000000e+00
      vertex   2.755468e+01 3.776016e+00 -1.128244e-01
    endloop
  endfacet
  facet normal 6.738301e-02 -9.274476e-02 9.934072e-01
    outer loop
      vertex   2.755468e+01 3.776016e+00 -1.128244e-01
      vertex   2.725000e+01 4.763140e+00 0.000000e+00
      vertex   2.631978e+01 4.087297e+00 0.000000e+00
    endloop
  endfacet
  facet normal 6.822287e-02 -8.949999e-02 9.936475e-01
    outer loop
      vertex   2.755468e+01 3.776016e+00 -1.128244e-01
      vertex   2.631978e+01 4.087297e+00 0.000000e+00
      vertex   2.700693e+01 3.358486e+00 -1.128244e-01
    endloop
  endfacet
  facet normal 8.074122e-02 -7.770563e-02 9.937015e-01
    outer loop
      vertex   2.700693e+01 3.358486e+00 -1.128244e-01
      vertex   2.631978e+01 4.087297e+00 0.000000e+00
      vertex   2.652934e+01 2.862236e+00 -1.128244e-01
    endloop
  endfacet
  facet normal 2.385968e-01 -2.296264e-01 9.435800e-01
    outer loop
      vertex   2.700693e+01 3.358486e+00 -1.128244e-01
      vertex   2.652934e+01 2.862236e+00 -1.128244e-01
      vertex   2.726312e+01 2.257085e+00 -4.456401e-01
    endloop
  endfacet
  facet normal 2.708529e-01 -1.905137e-01 9.435800e-01
    outer loop
      vertex   2.726312e+01 2.257085e+00 -4.456401e-01
      vertex   2.652934e+01 2.862236e+00 -1.128244e-01
      vertex   2.695066e+01 1.812851e+00 -4.456401e-01
    endloop
  endfacet
  facet normal 4.360816e-01 -3.067330e-01 8.460187e-01
    outer loop
      vertex   2.726312e+01 2.257085e+00 -4.456401e-01
      vertex   2.695066e+01 1.812851e+00 -4.456401e-01
      vertex   2.768407e+01 1.376836e+00 -9.817583e-01
    endloop
  endfacet
  facet normal 4.777935e-01 -2.365706e-01 8.460187e-01
    outer loop
      vertex   2.768407e+01 1.376836e+00 -9.817583e-01
      vertex   2.695066e+01 1.812851e+00 -4.456401e-01
      vertex   2.750103e+01 1.007174e+00 -9.817583e-01
    endloop
  endfacet
  facet normal 6.346151e-01 -3.142180e-01 7.060671e-01
    outer loop
      vertex   2.768407e+01 1.376836e+00 -9.817583e-01
      vertex   2.750103e+01 1.007174e+00 -9.817583e-01
      vertex   2.816191e+01 7.408151e-01 -1.694296e+00
    endloop
  endfacet
  facet normal 6.751428e-01 -2.136619e-01 7.060671e-01
    outer loop
      vertex   2.816191e+01 7.408151e-01 -1.694296e+00
      vertex   2.750103e+01 1.007174e+00 -9.817583e-01
      vertex   2.807037e+01 4.515506e-01 -1.694296e+00
    endloop
  endfacet
  facet normal 8.079341e-01 -2.556863e-01 5.309115e-01
    outer loop
      vertex   2.816191e+01 7.408151e-01 -1.694296e+00
      vertex   2.807037e+01 4.515506e-01 -1.694296e+00
      vertex   2.859239e+01 3.293942e-01 -2.547523e+00
    endloop
  endfacet
  facet normal 8.538540e-02 -7.688136e-02 9.933774e-01
    outer loop
      vertex   2.631978e+01 4.087297e+00 0.000000e+00
      vertex   2.555041e+01 3.232819e+00 0.000000e+00
      vertex   2.652934e+01 2.862236e+00 -1.128244e-01
    endloop
  endfacet
  facet normal 9.045905e-02 -6.362748e-02 9.938655e-01
    outer loop
      vertex   2.652934e+01 2.862236e+00 -1.128244e-01
      vertex   2.555041e+01 3.232819e+00 0.000000e+00
      vertex   2.613309e+01 2.298897e+00 -1.128244e-01
    endloop
  endfacet
  facet normal 2.708529e-01 -1.905137e-01 9.435800e-01
    outer loop
      vertex   2.652934e+01 2.862236e+00 -1.128244e-01
      vertex   2.613309e+01 2.298897e+00 -1.128244e-01
      vertex   2.695066e+01 1.812851e+00 -4.456401e-01
    endloop
  endfacet
  facet normal 2.967604e-01 -1.469354e-01 9.435800e-01
    outer loop
      vertex   2.695066e+01 1.812851e+00 -4.456401e-01
      vertex   2.613309e+01 2.298897e+00 -1.128244e-01
      vertex   2.670966e+01 1.326125e+00 -4.456401e-01
    endloop
  endfacet
  facet normal 4.777935e-01 -2.365706e-01 8.460187e-01
    outer loop
      vertex   2.695066e+01 1.812851e+00 -4.456401e-01
      vertex   2.670966e+01 1.326125e+00 -4.456401e-01
      vertex   2.750103e+01 1.007174e+00 -9.817583e-01
    endloop
  endfacet
  facet normal 5.083063e-01 -1.608633e-01 8.460187e-01
    outer loop
      vertex   2.750103e+01 1.007174e+00 -9.817583e-01
      vertex   2.670966e+01 1.326125e+00 -4.456401e-01
      vertex   2.737658e+01 6.139048e-01 -9.817583e-01
    endloop
  endfacet
  facet normal 6.751428e-01 -2.136619e-01 7.060671e-01
    outer loop
      vertex   2.750103e+01 1.007174e+00 -9.817583e-01
      vertex   2.737658e+01 6.139048e-01 -9.817583e-01
      vertex   2.807037e+01 4.515506e-01 -1.694296e+00
    endloop
  endfacet
  facet normal 9.989547e-02 -5.767468e-02 9.933250e-01
    outer loop
      vertex   2.555041e+01 3.232819e+00 0.000000e+00
      vertex   2.497550e+01 2.237052e+00 0.000000e+00
      vertex   2.613309e+01 2.298897e+00 -1.128244e-01
    endloop
  endfacet
  facet normal 9.949409e-02 -4.926266e-02 9.938179e-01
    outer loop
      vertex   2.613309e+01 2.298897e+00 -1.128244e-01
      vertex   2.497550e+01 2.237052e+00 0.000000e+00
      vertex   2.582749e+01 1.681674e+00 -1.128244e-01
    endloop
  endfacet
  facet normal 2.967604e-01 -1.469354e-01 9.435800e-01
    outer loop
      vertex   2.613309e+01 2.298897e+00 -1.128244e-01
      vertex   2.582749e+01 1.681674e+00 -1.128244e-01
      vertex   2.670966e+01 1.326125e+00 -4.456401e-01
    endloop
  endfacet
  facet normal 3.157120e-01 -9.991314e-02 9.435800e-01
    outer loop
      vertex   2.670966e+01 1.326125e+00 -4.456401e-01
      vertex   2.582749e+01 1.681674e+00 -1.128244e-01
      vertex   2.654579e+01 8.083156e-01 -4.456401e-01
    endloop
  endfacet
  facet normal 5.083063e-01 -1.608633e-01 8.460187e-01
    outer loop
      vertex   2.670966e+01 1.326125e+00 -4.456401e-01
      vertex   2.654579e+01 8.083156e-01 -4.456401e-01
      vertex   2.737658e+01 6.139048e-01 -9.817583e-01
    endloop
  endfacet
  facet normal 1.085652e-01 -3.527496e-02 9.934633e-01
    outer loop
      vertex   2.497550e+01 2.237052e+00 0.000000e+00
      vertex   2.462019e+01 1.143514e+00 0.000000e+00
      vertex   2.582749e+01 1.681674e+00 -1.128244e-01
    endloop
  endfacet
  facet normal 1.080986e-01 -3.420989e-02 9.935514e-01
    outer loop
      vertex   2.582749e+01 1.681674e+00 -1.128244e-01
      vertex   2.462019e+01 1.143514e+00 0.000000e+00
      vertex   2.561968e+01 1.025035e+00 -1.128244e-01
    endloop
  endfacet
  facet normal 3.157120e-01 -9.991314e-02 9.435800e-01
    outer loop
      vertex   2.582749e+01 1.681674e+00 -1.128244e-01
      vertex   2.561968e+01 1.025035e+00 -1.128244e-01
      vertex   2.654579e+01 8.083156e-01 -4.456401e-01
    endloop
  endfacet
  facet normal -9.414147e-01 7.227667e-02 3.294153e-01
    outer loop
      vertex   3.142870e+01 -2.206759e-01 -2.547523e+00
      vertex   3.111282e+01 1.362817e-16 -3.498656e+00
      vertex   3.109978e+01 -1.698718e-01 -3.498656e+00
    endloop
  endfacet
  facet normal -3.301729e-01 -2.534887e-02 9.435800e-01
    outer loop
      vertex   3.350595e+01 5.415269e-01 -4.456401e-01
      vertex   3.449866e+01 5.509264e-16 -1.128244e-01
      vertex   3.444593e+01 6.867166e-01 -1.128244e-01
    endloop
  endfacet
  facet normal 9.441851e-01 -0.000000e+00 3.294153e-01
    outer loop
      vertex   2.855860e+01 -1.106627e-01 -2.547523e+00
      vertex   2.889044e+01 -8.518588e-02 -3.498656e+00
      vertex   2.855860e+01 1.106627e-01 -2.547523e+00
    endloop
  endfacet
  facet normal 9.441851e-01 0.000000e+00 3.294153e-01
    outer loop
      vertex   2.855860e+01 1.106627e-01 -2.547523e+00
      vertex   2.889044e+01 -8.518588e-02 -3.498656e+00
      vertex   2.889044e+01 8.518588e-02 -3.498656e+00
    endloop
  endfacet
  facet normal 8.474273e-01 -0.000000e+00 5.309115e-01
    outer loop
      vertex   2.802406e+01 -1.517021e-01 -1.694296e+00
      vertex   2.855860e+01 -1.106627e-01 -2.547523e+00
      vertex   2.802406e+01 1.517021e-01 -1.694296e+00
    endloop
  endfacet
  facet normal 8.474273e-01 0.000000e+00 5.309115e-01
    outer loop
      vertex   2.802406e+01 1.517021e-01 -1.694296e+00
      vertex   2.855860e+01 -1.106627e-01 -2.547523e+00
      vertex   2.855860e+01 1.106627e-01 -2.547523e+00
    endloop
  endfacet
  facet normal 7.081449e-01 -0.000000e+00 7.060671e-01
    outer loop
      vertex   2.731361e+01 -2.062463e-01 -9.817583e-01
      vertex   2.802406e+01 -1.517021e-01 -1.694296e+00
      vertex   2.731361e+01 2.062463e-01 -9.817583e-01
    endloop
  endfacet
  facet normal 7.081449e-01 0.000000e+00 7.060671e-01
    outer loop
      vertex   2.731361e+01 2.062463e-01 -9.817583e-01
      vertex   2.802406e+01 -1.517021e-01 -1.694296e+00
      vertex   2.802406e+01 1.517021e-01 -1.694296e+00
    endloop
  endfacet
  facet normal 5.331532e-01 -0.000000e+00 8.460187e-01
    outer loop
      vertex   2.646289e+01 -2.715602e-01 -4.456401e-01
      vertex   2.731361e+01 -2.062463e-01 -9.817583e-01
      vertex   2.646289e+01 2.715602e-01 -4.456401e-01
    endloop
  endfacet
  facet normal 5.331532e-01 0.000000e+00 8.460187e-01
    outer loop
      vertex   2.646289e+01 2.715602e-01 -4.456401e-01
      vertex   2.731361e+01 -2.062463e-01 -9.817583e-01
      vertex   2.731361e+01 2.062463e-01 -9.817583e-01
    endloop
  endfacet
  facet normal 3.311446e-01 -0.000000e+00 9.435800e-01
    outer loop
      vertex   2.551454e+01 -3.443687e-01 -1.128244e-01
      vertex   2.646289e+01 -2.715602e-01 -4.456401e-01
      vertex   2.551454e+01 3.443687e-01 -1.128244e-01
    endloop
  endfacet
  facet normal 3.311446e-01 0.000000e+00 9.435800e-01
    outer loop
      vertex   2.551454e+01 3.443687e-01 -1.128244e-01
      vertex   2.646289e+01 -2.715602e-01 -4.456401e-01
      vertex   2.646289e+01 2.715602e-01 -4.456401e-01
    endloop
  endfacet
  facet normal 9.001827e-01 -2.848801e-01 3.294153e-01
    outer loop
      vertex   2.859239e+01 3.293942e-01 -2.547523e+00
      vertex   2.891645e+01 2.535609e-01 -3.498656e+00
      vertex   2.865917e+01 5.404049e-01 -2.547523e+00
    endloop
  endfacet
  facet normal 9.001827e-01 -2.848801e-01 3.294153e-01
    outer loop
      vertex   2.865917e+01 5.404049e-01 -2.547523e+00
      vertex   2.891645e+01 2.535609e-01 -3.498656e+00
      vertex   2.896785e+01 4.159928e-01 -3.498656e+00
    endloop
  endfacet
  facet normal 8.461462e-01 -4.189537e-01 3.294153e-01
    outer loop
      vertex   2.865917e+01 5.404049e-01 -2.547523e+00
      vertex   2.896785e+01 4.159928e-01 -3.498656e+00
      vertex   2.875737e+01 7.387491e-01 -2.547523e+00
    endloop
  endfacet
  facet normal 8.461462e-01 -4.189537e-01 3.294153e-01
    outer loop
      vertex   2.875737e+01 7.387491e-01 -2.547523e+00
      vertex   2.896785e+01 4.159928e-01 -3.498656e+00
      vertex   2.904345e+01 5.686741e-01 -3.498656e+00
    endloop
  endfacet
  facet normal 7.722768e-01 -5.432073e-01 3.294153e-01
    outer loop
      vertex   2.875737e+01 7.387491e-01 -2.547523e+00
      vertex   2.904345e+01 5.686741e-01 -3.498656e+00
      vertex   2.888470e+01 9.197776e-01 -2.547523e+00
    endloop
  endfacet
  facet normal 7.722768e-01 -5.432073e-01 3.294153e-01
    outer loop
      vertex   2.888470e+01 9.197776e-01 -2.547523e+00
      vertex   2.904345e+01 5.686741e-01 -3.498656e+00
      vertex   2.914147e+01 7.080261e-01 -3.498656e+00
    endloop
  endfacet
  facet normal 6.803058e-01 -6.547287e-01 3.294153e-01
    outer loop
      vertex   2.888470e+01 9.197776e-01 -2.547523e+00
      vertex   2.914147e+01 7.080261e-01 -3.498656e+00
      vertex   2.903818e+01 1.079247e+00 -2.547523e+00
    endloop
  endfacet
  facet normal 8.079341e-01 -2.556863e-01 5.309115e-01
    outer loop
      vertex   2.859239e+01 3.293942e-01 -2.547523e+00
      vertex   2.865917e+01 5.404049e-01 -2.547523e+00
      vertex   2.816191e+01 7.408151e-01 -1.694296e+00
    endloop
  endfacet
  facet normal 7.594351e-01 -3.760203e-01 5.309115e-01
    outer loop
      vertex   2.816191e+01 7.408151e-01 -1.694296e+00
      vertex   2.865917e+01 5.404049e-01 -2.547523e+00
      vertex   2.829654e+01 1.012716e+00 -1.694296e+00
    endloop
  endfacet
  facet normal 6.346151e-01 -3.142180e-01 7.060671e-01
    outer loop
      vertex   2.816191e+01 7.408151e-01 -1.694296e+00
      vertex   2.829654e+01 1.012716e+00 -1.694296e+00
      vertex   2.768407e+01 1.376836e+00 -9.817583e-01
    endloop
  endfacet
  facet normal 5.792125e-01 -4.074090e-01 7.060671e-01
    outer loop
      vertex   2.768407e+01 1.376836e+00 -9.817583e-01
      vertex   2.829654e+01 1.012716e+00 -1.694296e+00
      vertex   2.792138e+01 1.714225e+00 -9.817583e-01
    endloop
  endfacet
  facet normal 4.360816e-01 -3.067330e-01 8.460187e-01
    outer loop
      vertex   2.768407e+01 1.376836e+00 -9.817583e-01
      vertex   2.792138e+01 1.714225e+00 -9.817583e-01
      vertex   2.726312e+01 2.257085e+00 -4.456401e-01
    endloop
  endfacet
  facet normal 3.841484e-01 -3.697057e-01 8.460187e-01
    outer loop
      vertex   2.726312e+01 2.257085e+00 -4.456401e-01
      vertex   2.792138e+01 1.714225e+00 -9.817583e-01
      vertex   2.763974e+01 2.648415e+00 -4.456401e-01
    endloop
  endfacet
  facet normal 2.385968e-01 -2.296264e-01 9.435800e-01
    outer loop
      vertex   2.726312e+01 2.257085e+00 -4.456401e-01
      vertex   2.763974e+01 2.648415e+00 -4.456401e-01
      vertex   2.700693e+01 3.358486e+00 -1.128244e-01
    endloop
  endfacet
  facet normal 2.007483e-01 -2.633569e-01 9.435800e-01
    outer loop
      vertex   2.700693e+01 3.358486e+00 -1.128244e-01
      vertex   2.763974e+01 2.648415e+00 -4.456401e-01
      vertex   2.755468e+01 3.776016e+00 -1.128244e-01
    endloop
  endfacet
  facet normal 7.594351e-01 -3.760203e-01 5.309115e-01
    outer loop
      vertex   2.829654e+01 1.012716e+00 -1.694296e+00
      vertex   2.865917e+01 5.404049e-01 -2.547523e+00
      vertex   2.875737e+01 7.387491e-01 -2.547523e+00
    endloop
  endfacet
  facet normal 6.931357e-01 -4.875407e-01 5.309115e-01
    outer loop
      vertex   2.829654e+01 1.012716e+00 -1.694296e+00
      vertex   2.875737e+01 7.387491e-01 -2.547523e+00
      vertex   2.847109e+01 1.260879e+00 -1.694296e+00
    endloop
  endfacet
  facet normal 6.931357e-01 -4.875407e-01 5.309115e-01
    outer loop
      vertex   2.847109e+01 1.260879e+00 -1.694296e+00
      vertex   2.875737e+01 7.387491e-01 -2.547523e+00
      vertex   2.888470e+01 9.197776e-01 -2.547523e+00
    endloop
  endfacet
  facet normal 6.105897e-01 -5.876336e-01 5.309115e-01
    outer loop
      vertex   2.847109e+01 1.260879e+00 -1.694296e+00
      vertex   2.888470e+01 9.197776e-01 -2.547523e+00
      vertex   2.868149e+01 1.479488e+00 -1.694296e+00
    endloop
  endfacet
  facet normal 6.105897e-01 -5.876336e-01 5.309115e-01
    outer loop
      vertex   2.868149e+01 1.479488e+00 -1.694296e+00
      vertex   2.888470e+01 9.197776e-01 -2.547523e+00
      vertex   2.903818e+01 1.079247e+00 -2.547523e+00
    endloop
  endfacet
  facet normal 5.137320e-01 -6.739529e-01 5.309115e-01
    outer loop
      vertex   2.868149e+01 1.479488e+00 -1.694296e+00
      vertex   2.903818e+01 1.079247e+00 -2.547523e+00
      vertex   2.892278e+01 1.663419e+00 -1.694296e+00
    endloop
  endfacet
  facet normal 5.102337e-01 -4.910507e-01 7.060671e-01
    outer loop
      vertex   2.868149e+01 1.479488e+00 -1.694296e+00
      vertex   2.820742e+01 2.011435e+00 -9.817583e-01
      vertex   2.847109e+01 1.260879e+00 -1.694296e+00
    endloop
  endfacet
  facet normal 5.102337e-01 -4.910507e-01 7.060671e-01
    outer loop
      vertex   2.847109e+01 1.260879e+00 -1.694296e+00
      vertex   2.820742e+01 2.011435e+00 -9.817583e-01
      vertex   2.792138e+01 1.714225e+00 -9.817583e-01
    endloop
  endfacet
  facet normal 5.792125e-01 -4.074090e-01 7.060671e-01
    outer loop
      vertex   2.847109e+01 1.260879e+00 -1.694296e+00
      vertex   2.792138e+01 1.714225e+00 -9.817583e-01
      vertex   2.829654e+01 1.012716e+00 -1.694296e+00
    endloop
  endfacet
  facet normal 3.841484e-01 -3.697057e-01 8.460187e-01
    outer loop
      vertex   2.792138e+01 1.714225e+00 -9.817583e-01
      vertex   2.820742e+01 2.011435e+00 -9.817583e-01
      vertex   2.763974e+01 2.648415e+00 -4.456401e-01
    endloop
  endfacet
  facet normal 3.232110e-01 -4.240129e-01 8.460187e-01
    outer loop
      vertex   2.763974e+01 2.648415e+00 -4.456401e-01
      vertex   2.820742e+01 2.011435e+00 -9.817583e-01
      vertex   2.807168e+01 2.977668e+00 -4.456401e-01
    endloop
  endfacet
  facet normal 2.007483e-01 -2.633569e-01 9.435800e-01
    outer loop
      vertex   2.763974e+01 2.648415e+00 -4.456401e-01
      vertex   2.807168e+01 2.977668e+00 -4.456401e-01
      vertex   2.755468e+01 3.776016e+00 -1.128244e-01
    endloop
  endfacet
  facet normal 1.581943e-01 -2.909146e-01 9.435800e-01
    outer loop
      vertex   2.755468e+01 3.776016e+00 -1.128244e-01
      vertex   2.807168e+01 2.977668e+00 -4.456401e-01
      vertex   2.815974e+01 4.105040e+00 -1.128244e-01
    endloop
  endfacet
  facet normal 4.292955e-01 -5.631826e-01 7.060671e-01
    outer loop
      vertex   2.820742e+01 2.011435e+00 -9.817583e-01
      vertex   2.868149e+01 1.479488e+00 -1.694296e+00
      vertex   2.853547e+01 2.261499e+00 -9.817583e-01
    endloop
  endfacet
  facet normal 4.292955e-01 -5.631826e-01 7.060671e-01
    outer loop
      vertex   2.853547e+01 2.261499e+00 -9.817583e-01
      vertex   2.868149e+01 1.479488e+00 -1.694296e+00
      vertex   2.892278e+01 1.663419e+00 -1.694296e+00
    endloop
  endfacet
  facet normal 3.382949e-01 -6.221140e-01 7.060671e-01
    outer loop
      vertex   2.853547e+01 2.261499e+00 -9.817583e-01
      vertex   2.892278e+01 1.663419e+00 -1.694296e+00
      vertex   2.889785e+01 2.458555e+00 -9.817583e-01
    endloop
  endfacet
  facet normal 4.510560e-01 -8.294782e-01 3.294153e-01
    outer loop
      vertex   2.939510e+01 9.340663e-01 -3.498656e+00
      vertex   2.954478e+01 1.015456e+00 -3.498656e+00
      vertex   2.940863e+01 1.319152e+00 -2.547523e+00
    endloop
  endfacet
  facet normal 3.191505e-01 -8.886105e-01 3.294153e-01
    outer loop
      vertex   2.940863e+01 1.319152e+00 -2.547523e+00
      vertex   2.954478e+01 1.015456e+00 -3.498656e+00
      vertex   2.961693e+01 1.393964e+00 -2.547523e+00
    endloop
  endfacet
  facet normal 2.864447e-01 -7.975478e-01 5.309115e-01
    outer loop
      vertex   2.940863e+01 1.319152e+00 -2.547523e+00
      vertex   2.961693e+01 1.393964e+00 -2.547523e+00
      vertex   2.947487e+01 1.910917e+00 -1.694296e+00
    endloop
  endfacet
  facet normal 1.613426e-01 -8.319264e-01 5.309115e-01
    outer loop
      vertex   2.947487e+01 1.910917e+00 -1.694296e+00
      vertex   2.961693e+01 1.393964e+00 -2.547523e+00
      vertex   2.977273e+01 1.968683e+00 -1.694296e+00
    endloop
  endfacet
  facet normal 1.348245e-01 -6.951918e-01 7.060671e-01
    outer loop
      vertex   2.947487e+01 1.910917e+00 -1.694296e+00
      vertex   2.977273e+01 1.968683e+00 -1.694296e+00
      vertex   2.969101e+01 2.676519e+00 -9.817583e-01
    endloop
  endfacet
  facet normal 2.712389e-02 -7.076253e-01 7.060671e-01
    outer loop
      vertex   2.969101e+01 2.676519e+00 -9.817583e-01
      vertex   2.977273e+01 1.968683e+00 -1.694296e+00
      vertex   3.010320e+01 2.692319e+00 -9.817583e-01
    endloop
  endfacet
  facet normal 2.042122e-02 -5.327619e-01 8.460187e-01
    outer loop
      vertex   2.969101e+01 2.676519e+00 -9.817583e-01
      vertex   3.010320e+01 2.692319e+00 -9.817583e-01
      vertex   3.013588e+01 3.544920e+00 -4.456401e-01
    endloop
  endfacet
  facet normal -6.114383e-02 -5.296355e-01 8.460187e-01
    outer loop
      vertex   3.013588e+01 3.544920e+00 -4.456401e-01
      vertex   3.010320e+01 2.692319e+00 -9.817583e-01
      vertex   3.067542e+01 3.482633e+00 -4.456401e-01
    endloop
  endfacet
  facet normal -3.797679e-02 -3.289597e-01 9.435800e-01
    outer loop
      vertex   3.013588e+01 3.544920e+00 -4.456401e-01
      vertex   3.067542e+01 3.482633e+00 -4.456401e-01
      vertex   3.085650e+01 4.416368e+00 -1.128244e-01
    endloop
  endfacet
  facet normal -8.774719e-02 -3.193073e-01 9.435800e-01
    outer loop
      vertex   3.085650e+01 4.416368e+00 -1.128244e-01
      vertex   3.067542e+01 3.482633e+00 -4.456401e-01
      vertex   3.152062e+01 4.233865e+00 -1.128244e-01
    endloop
  endfacet
  facet normal 2.546978e-01 -4.683816e-01 8.460187e-01
    outer loop
      vertex   2.889785e+01 2.458555e+00 -9.817583e-01
      vertex   2.854882e+01 3.237128e+00 -4.456401e-01
      vertex   2.853547e+01 2.261499e+00 -9.817583e-01
    endloop
  endfacet
  facet normal 2.546978e-01 -4.683816e-01 8.460187e-01
    outer loop
      vertex   2.853547e+01 2.261499e+00 -9.817583e-01
      vertex   2.854882e+01 3.237128e+00 -4.456401e-01
      vertex   2.807168e+01 2.977668e+00 -4.456401e-01
    endloop
  endfacet
  facet normal 3.232110e-01 -4.240129e-01 8.460187e-01
    outer loop
      vertex   2.853547e+01 2.261499e+00 -9.817583e-01
      vertex   2.807168e+01 2.977668e+00 -4.456401e-01
      vertex   2.820742e+01 2.011435e+00 -9.817583e-01
    endloop
  endfacet
  facet normal 1.119325e-01 -3.116534e-01 9.435800e-01
    outer loop
      vertex   2.880794e+01 4.337845e+00 -1.128244e-01
      vertex   2.815974e+01 4.105040e+00 -1.128244e-01
      vertex   2.854882e+01 3.237128e+00 -4.456401e-01
    endloop
  endfacet
  facet normal 1.581943e-01 -2.909146e-01 9.435800e-01
    outer loop
      vertex   2.854882e+01 3.237128e+00 -4.456401e-01
      vertex   2.815974e+01 4.105040e+00 -1.128244e-01
      vertex   2.807168e+01 2.977668e+00 -4.456401e-01
    endloop
  endfacet
  facet normal 1.119325e-01 -3.116534e-01 9.435800e-01
    outer loop
      vertex   2.880794e+01 4.337845e+00 -1.128244e-01
      vertex   2.854882e+01 3.237128e+00 -4.456401e-01
      vertex   2.905997e+01 3.420712e+00 -4.456401e-01
    endloop
  endfacet
  facet normal 1.802148e-01 -5.017718e-01 8.460187e-01
    outer loop
      vertex   2.905997e+01 3.420712e+00 -4.456401e-01
      vertex   2.854882e+01 3.237128e+00 -4.456401e-01
      vertex   2.889785e+01 2.458555e+00 -9.817583e-01
    endloop
  endfacet
  facet normal 1.797645e-01 -9.269144e-01 3.294153e-01
    outer loop
      vertex   2.970512e+01 1.073045e+00 -3.498656e+00
      vertex   2.983421e+01 1.436102e+00 -2.547523e+00
      vertex   2.961693e+01 1.393964e+00 -2.547523e+00
    endloop
  endfacet
  facet normal 1.613426e-01 -8.319264e-01 5.309115e-01
    outer loop
      vertex   2.961693e+01 1.393964e+00 -2.547523e+00
      vertex   2.983421e+01 1.436102e+00 -2.547523e+00
      vertex   2.977273e+01 1.968683e+00 -1.694296e+00
    endloop
  endfacet
  facet normal 2.712389e-02 -7.076253e-01 7.060671e-01
    outer loop
      vertex   3.010320e+01 2.692319e+00 -9.817583e-01
      vertex   2.977273e+01 1.968683e+00 -1.694296e+00
      vertex   3.007591e+01 1.980304e+00 -1.694296e+00
    endloop
  endfacet
  facet normal 3.245878e-02 -8.468054e-01 5.309115e-01
    outer loop
      vertex   3.007591e+01 1.980304e+00 -1.694296e+00
      vertex   2.977273e+01 1.968683e+00 -1.694296e+00
      vertex   2.983421e+01 1.436102e+00 -2.547523e+00
    endloop
  endfacet
  facet normal 6.304698e-02 -3.250874e-01 9.435800e-01
    outer loop
      vertex   2.880794e+01 4.337845e+00 -1.128244e-01
      vertex   2.905997e+01 3.420712e+00 -4.456401e-01
      vertex   2.948408e+01 4.468974e+00 -1.128244e-01
    endloop
  endfacet
  facet normal 3.191505e-01 -8.886105e-01 3.294153e-01
    outer loop
      vertex   2.954478e+01 1.015456e+00 -3.498656e+00
      vertex   2.970512e+01 1.073045e+00 -3.498656e+00
      vertex   2.961693e+01 1.393964e+00 -2.547523e+00
    endloop
  endfacet
  facet normal -6.114383e-02 -5.296355e-01 8.460187e-01
    outer loop
      vertex   3.067542e+01 3.482633e+00 -4.456401e-01
      vertex   3.010320e+01 2.692319e+00 -9.817583e-01
      vertex   3.051297e+01 2.645013e+00 -9.817583e-01
    endloop
  endfacet
  facet normal -8.121249e-02 -7.034727e-01 7.060671e-01
    outer loop
      vertex   3.051297e+01 2.645013e+00 -9.817583e-01
      vertex   3.010320e+01 2.692319e+00 -9.817583e-01
      vertex   3.007591e+01 1.980304e+00 -1.694296e+00
    endloop
  endfacet
  facet normal -2.501916e-01 -9.104338e-01 3.294153e-01
    outer loop
      vertex   3.021187e+01 1.092469e+00 -3.498656e+00
      vertex   3.037615e+01 1.047324e+00 -3.498656e+00
      vertex   3.048865e+01 1.360550e+00 -2.547523e+00
    endloop
  endfacet
  facet normal -3.862365e-01 -8.615724e-01 3.294153e-01
    outer loop
      vertex   3.048865e+01 1.360550e+00 -2.547523e+00
      vertex   3.037615e+01 1.047324e+00 -3.498656e+00
      vertex   3.069061e+01 1.270013e+00 -2.547523e+00
    endloop
  endfacet
  facet normal -3.466559e-01 -7.732805e-01 5.309115e-01
    outer loop
      vertex   3.048865e+01 1.360550e+00 -2.547523e+00
      vertex   3.069061e+01 1.270013e+00 -2.547523e+00
      vertex   3.094673e+01 1.740999e+00 -1.694296e+00
    endloop
  endfacet
  facet normal -3.862365e-01 -8.615724e-01 3.294153e-01
    outer loop
      vertex   3.053162e+01 9.776299e-01 -3.498656e+00
      vertex   3.069061e+01 1.270013e+00 -2.547523e+00
      vertex   3.037615e+01 1.047324e+00 -3.498656e+00
    endloop
  endfacet
  facet normal -1.412757e-01 -5.140948e-01 8.460187e-01
    outer loop
      vertex   3.067542e+01 3.482633e+00 -4.456401e-01
      vertex   3.051297e+01 2.645013e+00 -9.817583e-01
      vertex   3.119912e+01 3.338716e+00 -4.456401e-01
    endloop
  endfacet
  facet normal -1.354609e-01 -3.021706e-01 9.435800e-01
    outer loop
      vertex   3.214910e+01 3.952124e+00 -1.128244e-01
      vertex   3.152062e+01 4.233865e+00 -1.128244e-01
      vertex   3.119912e+01 3.338716e+00 -4.456401e-01
    endloop
  endfacet
  facet normal -8.774719e-02 -3.193073e-01 9.435800e-01
    outer loop
      vertex   3.119912e+01 3.338716e+00 -4.456401e-01
      vertex   3.152062e+01 4.233865e+00 -1.128244e-01
      vertex   3.067542e+01 3.482633e+00 -4.456401e-01
    endloop
  endfacet
  facet normal -6.281906e-01 -7.048845e-01 3.294153e-01
    outer loop
      vertex   3.080181e+01 7.716686e-01 -3.498656e+00
      vertex   3.104161e+01 1.002454e+00 -2.547523e+00
      vertex   3.067462e+01 8.850213e-01 -3.498656e+00
    endloop
  endfacet
  facet normal -6.281906e-01 -7.048845e-01 3.294153e-01
    outer loop
      vertex   3.067462e+01 8.850213e-01 -3.498656e+00
      vertex   3.104161e+01 1.002454e+00 -2.547523e+00
      vertex   3.087638e+01 1.149707e+00 -2.547523e+00
    endloop
  endfacet
  facet normal -5.638152e-01 -6.326496e-01 5.309115e-01
    outer loop
      vertex   3.104161e+01 1.002454e+00 -2.547523e+00
      vertex   3.142790e+01 1.374216e+00 -1.694296e+00
      vertex   3.087638e+01 1.149707e+00 -2.547523e+00
    endloop
  endfacet
  facet normal -5.638152e-01 -6.326496e-01 5.309115e-01
    outer loop
      vertex   3.087638e+01 1.149707e+00 -2.547523e+00
      vertex   3.142790e+01 1.374216e+00 -1.694296e+00
      vertex   3.120139e+01 1.576078e+00 -1.694296e+00
    endloop
  endfacet
  facet normal -4.711470e-01 -5.286679e-01 7.060671e-01
    outer loop
      vertex   3.142790e+01 1.374216e+00 -1.694296e+00
      vertex   3.194130e+01 1.868312e+00 -9.817583e-01
      vertex   3.120139e+01 1.576078e+00 -1.694296e+00
    endloop
  endfacet
  facet normal -4.711470e-01 -5.286679e-01 7.060671e-01
    outer loop
      vertex   3.120139e+01 1.576078e+00 -1.694296e+00
      vertex   3.194130e+01 1.868312e+00 -9.817583e-01
      vertex   3.163335e+01 2.142754e+00 -9.817583e-01
    endloop
  endfacet
  facet normal -2.203190e-01 -2.472171e-01 9.435800e-01
    outer loop
      vertex   3.324138e+01 3.119514e+00 -1.128244e-01
      vertex   3.272720e+01 3.577749e+00 -1.128244e-01
      vertex   3.215060e+01 2.821320e+00 -4.456401e-01
    endloop
  endfacet
  facet normal -3.547205e-01 -3.980272e-01 8.460187e-01
    outer loop
      vertex   3.194130e+01 1.868312e+00 -9.817583e-01
      vertex   3.255607e+01 2.459968e+00 -4.456401e-01
      vertex   3.163335e+01 2.142754e+00 -9.817583e-01
    endloop
  endfacet
  facet normal -3.547205e-01 -3.980272e-01 8.460187e-01
    outer loop
      vertex   3.163335e+01 2.142754e+00 -9.817583e-01
      vertex   3.255607e+01 2.459968e+00 -4.456401e-01
      vertex   3.215060e+01 2.821320e+00 -4.456401e-01
    endloop
  endfacet
  facet normal -2.203190e-01 -2.472171e-01 9.435800e-01
    outer loop
      vertex   3.255607e+01 2.459968e+00 -4.456401e-01
      vertex   3.324138e+01 3.119514e+00 -1.128244e-01
      vertex   3.215060e+01 2.821320e+00 -4.456401e-01
    endloop
  endfacet
  facet normal -7.284227e-01 -4.330512e-01 5.309115e-01
    outer loop
      vertex   3.162094e+01 1.140143e+00 -1.694296e+00
      vertex   3.118243e+01 8.317037e-01 -2.547523e+00
      vertex   3.177598e+01 8.793455e-01 -1.694296e+00
    endloop
  endfacet
  facet normal -6.086999e-01 -3.618753e-01 7.060671e-01
    outer loop
      vertex   3.220374e+01 1.550079e+00 -9.817583e-01
      vertex   3.162094e+01 1.140143e+00 -1.694296e+00
      vertex   3.241454e+01 1.195513e+00 -9.817583e-01
    endloop
  endfacet
  facet normal -6.086999e-01 -3.618753e-01 7.060671e-01
    outer loop
      vertex   3.241454e+01 1.195513e+00 -9.817583e-01
      vertex   3.162094e+01 1.140143e+00 -1.694296e+00
      vertex   3.177598e+01 8.793455e-01 -1.694296e+00
    endloop
  endfacet
  facet normal -6.568062e-01 -2.647167e-01 7.060671e-01
    outer loop
      vertex   3.241454e+01 1.195513e+00 -9.817583e-01
      vertex   3.177598e+01 8.793455e-01 -1.694296e+00
      vertex   3.256873e+01 8.129246e-01 -9.817583e-01
    endloop
  endfacet
  facet normal -4.582823e-01 -2.724512e-01 8.460187e-01
    outer loop
      vertex   3.290162e+01 2.040956e+00 -4.456401e-01
      vertex   3.220374e+01 1.550079e+00 -9.817583e-01
      vertex   3.317917e+01 1.574106e+00 -4.456401e-01
    endloop
  endfacet
  facet normal -4.582823e-01 -2.724512e-01 8.460187e-01
    outer loop
      vertex   3.317917e+01 1.574106e+00 -4.456401e-01
      vertex   3.220374e+01 1.550079e+00 -9.817583e-01
      vertex   3.241454e+01 1.195513e+00 -9.817583e-01
    endloop
  endfacet
  facet normal -4.945009e-01 -1.993018e-01 8.460187e-01
    outer loop
      vertex   3.317917e+01 1.574106e+00 -4.456401e-01
      vertex   3.241454e+01 1.195513e+00 -9.817583e-01
      vertex   3.338220e+01 1.070361e+00 -4.456401e-01
    endloop
  endfacet
  facet normal -4.945009e-01 -1.993018e-01 8.460187e-01
    outer loop
      vertex   3.338220e+01 1.070361e+00 -4.456401e-01
      vertex   3.241454e+01 1.195513e+00 -9.817583e-01
      vertex   3.256873e+01 8.129246e-01 -9.817583e-01
    endloop
  endfacet
  facet normal -5.191288e-01 -1.214808e-01 8.460187e-01
    outer loop
      vertex   3.338220e+01 1.070361e+00 -4.456401e-01
      vertex   3.256873e+01 8.129246e-01 -9.817583e-01
      vertex   3.350595e+01 5.415269e-01 -4.456401e-01
    endloop
  endfacet
  facet normal -2.846418e-01 -1.692211e-01 9.435800e-01
    outer loop
      vertex   3.367958e+01 2.588161e+00 -1.128244e-01
      vertex   3.290162e+01 2.040956e+00 -4.456401e-01
      vertex   3.403154e+01 1.996143e+00 -1.128244e-01
    endloop
  endfacet
  facet normal -2.846418e-01 -1.692211e-01 9.435800e-01
    outer loop
      vertex   3.403154e+01 1.996143e+00 -1.128244e-01
      vertex   3.290162e+01 2.040956e+00 -4.456401e-01
      vertex   3.317917e+01 1.574106e+00 -4.456401e-01
    endloop
  endfacet
  facet normal -3.071374e-01 -1.237875e-01 9.435800e-01
    outer loop
      vertex   3.403154e+01 1.996143e+00 -1.128244e-01
      vertex   3.317917e+01 1.574106e+00 -4.456401e-01
      vertex   3.428900e+01 1.357337e+00 -1.128244e-01
    endloop
  endfacet
  facet normal -3.071374e-01 -1.237875e-01 9.435800e-01
    outer loop
      vertex   3.428900e+01 1.357337e+00 -1.128244e-01
      vertex   3.317917e+01 1.574106e+00 -4.456401e-01
      vertex   3.338220e+01 1.070361e+00 -4.456401e-01
    endloop
  endfacet
  facet normal -3.224340e-01 -7.545245e-02 9.435800e-01
    outer loop
      vertex   3.428900e+01 1.357337e+00 -1.128244e-01
      vertex   3.338220e+01 1.070361e+00 -4.456401e-01
      vertex   3.444593e+01 6.867166e-01 -1.128244e-01
    endloop
  endfacet
  facet normal -3.224340e-01 -7.545245e-02 9.435800e-01
    outer loop
      vertex   3.444593e+01 6.867166e-01 -1.128244e-01
      vertex   3.338220e+01 1.070361e+00 -4.456401e-01
      vertex   3.350595e+01 5.415269e-01 -4.456401e-01
    endloop
  endfacet
  facet normal -9.193488e-01 2.151359e-01 3.294153e-01
    outer loop
      vertex   3.142870e+01 -2.206759e-01 -2.547523e+00
      vertex   3.109978e+01 -1.698718e-01 -3.498656e+00
      vertex   3.137827e+01 -4.361794e-01 -2.547523e+00
    endloop
  endfacet
  facet normal -9.193488e-01 2.151359e-01 3.294153e-01
    outer loop
      vertex   3.137827e+01 -4.361794e-01 -2.547523e+00
      vertex   3.109978e+01 -1.698718e-01 -3.498656e+00
      vertex   3.106096e+01 -3.357620e-01 -3.498656e+00
    endloop
  endfacet
  facet normal -8.757340e-01 3.529525e-01 3.294153e-01
    outer loop
      vertex   3.137827e+01 -4.361794e-01 -2.547523e+00
      vertex   3.106096e+01 -3.357620e-01 -3.498656e+00
      vertex   3.129553e+01 -6.414592e-01 -2.547523e+00
    endloop
  endfacet
  facet normal -8.757340e-01 3.529525e-01 3.294153e-01
    outer loop
      vertex   3.129553e+01 -6.414592e-01 -2.547523e+00
      vertex   3.106096e+01 -3.357620e-01 -3.498656e+00
      vertex   3.099727e+01 -4.937823e-01 -3.498656e+00
    endloop
  endfacet
  facet normal -8.115929e-01 4.824962e-01 3.294153e-01
    outer loop
      vertex   3.129553e+01 -6.414592e-01 -2.547523e+00
      vertex   3.099727e+01 -4.937823e-01 -3.498656e+00
      vertex   3.118243e+01 -8.317037e-01 -2.547523e+00
    endloop
  endfacet
  facet normal -8.251361e-01 1.930893e-01 5.309115e-01
    outer loop
      vertex   3.142870e+01 -2.206759e-01 -2.547523e+00
      vertex   3.137827e+01 -4.361794e-01 -2.547523e+00
      vertex   3.188940e+01 -5.979373e-01 -1.694296e+00
    endloop
  endfacet
  facet normal -7.859909e-01 3.167828e-01 5.309115e-01
    outer loop
      vertex   3.188940e+01 -5.979373e-01 -1.694296e+00
      vertex   3.137827e+01 -4.361794e-01 -2.547523e+00
      vertex   3.177598e+01 -8.793455e-01 -1.694296e+00
    endloop
  endfacet
  facet normal -6.568062e-01 2.647167e-01 7.060671e-01
    outer loop
      vertex   3.188940e+01 -5.979373e-01 -1.694296e+00
      vertex   3.177598e+01 -8.793455e-01 -1.694296e+00
      vertex   3.241454e+01 -1.195513e+00 -9.817583e-01
    endloop
  endfacet
  facet normal -6.086999e-01 3.618753e-01 7.060671e-01
    outer loop
      vertex   3.241454e+01 -1.195513e+00 -9.817583e-01
      vertex   3.177598e+01 -8.793455e-01 -1.694296e+00
      vertex   3.220374e+01 -1.550079e+00 -9.817583e-01
    endloop
  endfacet
  facet normal -4.582823e-01 2.724512e-01 8.460187e-01
    outer loop
      vertex   3.241454e+01 -1.195513e+00 -9.817583e-01
      vertex   3.220374e+01 -1.550079e+00 -9.817583e-01
      vertex   3.290162e+01 -2.040956e+00 -4.456401e-01
    endloop
  endfacet
  facet normal -4.113219e-01 3.392147e-01 8.460187e-01
    outer loop
      vertex   3.290162e+01 -2.040956e+00 -4.456401e-01
      vertex   3.220374e+01 -1.550079e+00 -9.817583e-01
      vertex   3.255607e+01 -2.459968e+00 -4.456401e-01
    endloop
  endfacet
  facet normal -2.554745e-01 2.106882e-01 9.435800e-01
    outer loop
      vertex   3.290162e+01 -2.040956e+00 -4.456401e-01
      vertex   3.255607e+01 -2.459968e+00 -4.456401e-01
      vertex   3.324138e+01 -3.119514e+00 -1.128244e-01
    endloop
  endfacet
  facet normal -2.203190e-01 2.472171e-01 9.435800e-01
    outer loop
      vertex   3.324138e+01 -3.119514e+00 -1.128244e-01
      vertex   3.255607e+01 -2.459968e+00 -4.456401e-01
      vertex   3.272720e+01 -3.577749e+00 -1.128244e-01
    endloop
  endfacet
  facet normal -7.859909e-01 3.167828e-01 5.309115e-01
    outer loop
      vertex   3.177598e+01 -8.793455e-01 -1.694296e+00
      vertex   3.137827e+01 -4.361794e-01 -2.547523e+00
      vertex   3.129553e+01 -6.414592e-01 -2.547523e+00
    endloop
  endfacet
  facet normal -7.284227e-01 4.330512e-01 5.309115e-01
    outer loop
      vertex   3.177598e+01 -8.793455e-01 -1.694296e+00
      vertex   3.129553e+01 -6.414592e-01 -2.547523e+00
      vertex   3.162094e+01 -1.140143e+00 -1.694296e+00
    endloop
  endfacet
  facet normal -7.284227e-01 4.330512e-01 5.309115e-01
    outer loop
      vertex   3.162094e+01 -1.140143e+00 -1.694296e+00
      vertex   3.129553e+01 -6.414592e-01 -2.547523e+00
      vertex   3.118243e+01 -8.317037e-01 -2.547523e+00
    endloop
  endfacet
  facet normal -6.537810e-01 5.391692e-01 5.309115e-01
    outer loop
      vertex   3.162094e+01 -1.140143e+00 -1.694296e+00
      vertex   3.118243e+01 -8.317037e-01 -2.547523e+00
      vertex   3.142790e+01 -1.374216e+00 -1.694296e+00
    endloop
  endfacet
  facet normal -6.086999e-01 3.618753e-01 7.060671e-01
    outer loop
      vertex   3.177598e+01 -8.793455e-01 -1.694296e+00
      vertex   3.162094e+01 -1.140143e+00 -1.694296e+00
      vertex   3.220374e+01 -1.550079e+00 -9.817583e-01
    endloop
  endfacet
  facet normal -5.463262e-01 4.505519e-01 7.060671e-01
    outer loop
      vertex   3.220374e+01 -1.550079e+00 -9.817583e-01
      vertex   3.162094e+01 -1.140143e+00 -1.694296e+00
      vertex   3.194130e+01 -1.868312e+00 -9.817583e-01
    endloop
  endfacet
  facet normal -4.113219e-01 3.392147e-01 8.460187e-01
    outer loop
      vertex   3.220374e+01 -1.550079e+00 -9.817583e-01
      vertex   3.194130e+01 -1.868312e+00 -9.817583e-01
      vertex   3.255607e+01 -2.459968e+00 -4.456401e-01
    endloop
  endfacet
  facet normal -3.547205e-01 3.980272e-01 8.460187e-01
    outer loop
      vertex   3.255607e+01 -2.459968e+00 -4.456401e-01
      vertex   3.194130e+01 -1.868312e+00 -9.817583e-01
      vertex   3.215060e+01 -2.821320e+00 -4.456401e-01
    endloop
  endfacet
  facet normal -2.203190e-01 2.472171e-01 9.435800e-01
    outer loop
      vertex   3.255607e+01 -2.459968e+00 -4.456401e-01
      vertex   3.215060e+01 -2.821320e+00 -4.456401e-01
      vertex   3.272720e+01 -3.577749e+00 -1.128244e-01
    endloop
  endfacet
  facet normal -1.799994e-01 2.779513e-01 9.435800e-01
    outer loop
      vertex   3.272720e+01 -3.577749e+00 -1.128244e-01
      vertex   3.215060e+01 -2.821320e+00 -4.456401e-01
      vertex   3.214910e+01 -3.952124e+00 -1.128244e-01
    endloop
  endfacet
  facet normal -5.463262e-01 4.505519e-01 7.060671e-01
    outer loop
      vertex   3.194130e+01 -1.868312e+00 -9.817583e-01
      vertex   3.162094e+01 -1.140143e+00 -1.694296e+00
      vertex   3.142790e+01 -1.374216e+00 -1.694296e+00
    endloop
  endfacet
  facet normal -6.281906e-01 7.048845e-01 3.294153e-01
    outer loop
      vertex   3.080181e+01 -7.716686e-01 -3.498656e+00
      vertex   3.067462e+01 -8.850213e-01 -3.498656e+00
      vertex   3.087638e+01 -1.149707e+00 -2.547523e+00
    endloop
  endfacet
  facet normal -5.132284e-01 7.925164e-01 3.294153e-01
    outer loop
      vertex   3.087638e+01 -1.149707e+00 -2.547523e+00
      vertex   3.067462e+01 -8.850213e-01 -3.498656e+00
      vertex   3.069061e+01 -1.270013e+00 -2.547523e+00
    endloop
  endfacet
  facet normal -4.606340e-01 7.113012e-01 5.309115e-01
    outer loop
      vertex   3.087638e+01 -1.149707e+00 -2.547523e+00
      vertex   3.069061e+01 -1.270013e+00 -2.547523e+00
      vertex   3.094673e+01 -1.740999e+00 -1.694296e+00
    endloop
  endfacet
  facet normal -5.132284e-01 7.925164e-01 3.294153e-01
    outer loop
      vertex   3.053162e+01 -9.776299e-01 -3.498656e+00
      vertex   3.069061e+01 -1.270013e+00 -2.547523e+00
      vertex   3.067462e+01 -8.850213e-01 -3.498656e+00
    endloop
  endfacet
  facet normal -4.711470e-01 5.286679e-01 7.060671e-01
    outer loop
      vertex   3.194130e+01 -1.868312e+00 -9.817583e-01
      vertex   3.142790e+01 -1.374216e+00 -1.694296e+00
      vertex   3.163335e+01 -2.142754e+00 -9.817583e-01
    endloop
  endfacet
  facet normal -3.547205e-01 3.980272e-01 8.460187e-01
    outer loop
      vertex   3.194130e+01 -1.868312e+00 -9.817583e-01
      vertex   3.163335e+01 -2.142754e+00 -9.817583e-01
      vertex   3.215060e+01 -2.821320e+00 -4.456401e-01
    endloop
  endfacet
  facet normal -2.898048e-01 4.475103e-01 8.460187e-01
    outer loop
      vertex   3.215060e+01 -2.821320e+00 -4.456401e-01
      vertex   3.163335e+01 -2.142754e+00 -9.817583e-01
      vertex   3.169472e+01 -3.116543e+00 -4.456401e-01
    endloop
  endfacet
  facet normal -1.799994e-01 2.779513e-01 9.435800e-01
    outer loop
      vertex   3.215060e+01 -2.821320e+00 -4.456401e-01
      vertex   3.169472e+01 -3.116543e+00 -4.456401e-01
      vertex   3.214910e+01 -3.952124e+00 -1.128244e-01
    endloop
  endfacet
  facet normal -1.876453e-01 6.828312e-01 7.060671e-01
    outer loop
      vertex   3.091072e+01 -2.535710e+00 -9.817583e-01
      vertex   3.066987e+01 -1.865112e+00 -1.694296e+00
      vertex   3.051297e+01 -2.645013e+00 -9.817583e-01
    endloop
  endfacet
  facet normal -1.412757e-01 5.140948e-01 8.460187e-01
    outer loop
      vertex   3.119912e+01 -3.338716e+00 -4.456401e-01
      vertex   3.091072e+01 -2.535710e+00 -9.817583e-01
      vertex   3.067542e+01 -3.482633e+00 -4.456401e-01
    endloop
  endfacet
  facet normal -1.412757e-01 5.140948e-01 8.460187e-01
    outer loop
      vertex   3.067542e+01 -3.482633e+00 -4.456401e-01
      vertex   3.091072e+01 -2.535710e+00 -9.817583e-01
      vertex   3.051297e+01 -2.645013e+00 -9.817583e-01
    endloop
  endfacet
  facet normal -6.114383e-02 5.296355e-01 8.460187e-01
    outer loop
      vertex   3.067542e+01 -3.482633e+00 -4.456401e-01
      vertex   3.051297e+01 -2.645013e+00 -9.817583e-01
      vertex   3.013588e+01 -3.544920e+00 -4.456401e-01
    endloop
  endfacet
  facet normal -8.774719e-02 3.193073e-01 9.435800e-01
    outer loop
      vertex   3.152062e+01 -4.233865e+00 -1.128244e-01
      vertex   3.119912e+01 -3.338716e+00 -4.456401e-01
      vertex   3.085650e+01 -4.416368e+00 -1.128244e-01
    endloop
  endfacet
  facet normal -8.774719e-02 3.193073e-01 9.435800e-01
    outer loop
      vertex   3.085650e+01 -4.416368e+00 -1.128244e-01
      vertex   3.119912e+01 -3.338716e+00 -4.456401e-01
      vertex   3.067542e+01 -3.482633e+00 -4.456401e-01
    endloop
  endfacet
  facet normal -3.797679e-02 3.289597e-01 9.435800e-01
    outer loop
      vertex   3.085650e+01 -4.416368e+00 -1.128244e-01
      vertex   3.067542e+01 -3.482633e+00 -4.456401e-01
      vertex   3.017231e+01 -4.495355e+00 -1.128244e-01
    endloop
  endfacet
  facet normal -3.797679e-02 3.289597e-01 9.435800e-01
    outer loop
      vertex   3.017231e+01 -4.495355e+00 -1.128244e-01
      vertex   3.067542e+01 -3.482633e+00 -4.456401e-01
      vertex   3.013588e+01 -3.544920e+00 -4.456401e-01
    endloop
  endfacet
  facet normal 1.268374e-02 3.309016e-01 9.435800e-01
    outer loop
      vertex   3.017231e+01 -4.495355e+00 -1.128244e-01
      vertex   3.013588e+01 -3.544920e+00 -4.456401e-01
      vertex   2.948408e+01 -4.468974e+00 -1.128244e-01
    endloop
  endfacet
  facet normal 3.616487e-02 9.434923e-01 3.294153e-01
    outer loop
      vertex   3.004262e+01 -1.112008e+00 -3.498656e+00
      vertex   2.987238e+01 -1.105482e+00 -3.498656e+00
      vertex   2.983421e+01 -1.436102e+00 -2.547523e+00
    endloop
  endfacet
  facet normal 1.797645e-01 9.269144e-01 3.294153e-01
    outer loop
      vertex   2.983421e+01 -1.436102e+00 -2.547523e+00
      vertex   2.987238e+01 -1.105482e+00 -3.498656e+00
      vertex   2.961693e+01 -1.393964e+00 -2.547523e+00
    endloop
  endfacet
  facet normal 1.613426e-01 8.319264e-01 5.309115e-01
    outer loop
      vertex   2.983421e+01 -1.436102e+00 -2.547523e+00
      vertex   2.961693e+01 -1.393964e+00 -2.547523e+00
      vertex   2.947487e+01 -1.910917e+00 -1.694296e+00
    endloop
  endfacet
  facet normal 2.864447e-01 7.975478e-01 5.309115e-01
    outer loop
      vertex   2.947487e+01 -1.910917e+00 -1.694296e+00
      vertex   2.961693e+01 -1.393964e+00 -2.547523e+00
      vertex   2.918932e+01 -1.808362e+00 -1.694296e+00
    endloop
  endfacet
  facet normal 2.393649e-01 6.664636e-01 7.060671e-01
    outer loop
      vertex   2.947487e+01 -1.910917e+00 -1.694296e+00
      vertex   2.918932e+01 -1.808362e+00 -1.694296e+00
      vertex   2.889785e+01 -2.458555e+00 -9.817583e-01
    endloop
  endfacet
  facet normal 3.382949e-01 6.221140e-01 7.060671e-01
    outer loop
      vertex   2.889785e+01 -2.458555e+00 -9.817583e-01
      vertex   2.918932e+01 -1.808362e+00 -1.694296e+00
      vertex   2.853547e+01 -2.261499e+00 -9.817583e-01
    endloop
  endfacet
  facet normal 2.546978e-01 4.683816e-01 8.460187e-01
    outer loop
      vertex   2.889785e+01 -2.458555e+00 -9.817583e-01
      vertex   2.853547e+01 -2.261499e+00 -9.817583e-01
      vertex   2.807168e+01 -2.977668e+00 -4.456401e-01
    endloop
  endfacet
  facet normal 3.232110e-01 4.240129e-01 8.460187e-01
    outer loop
      vertex   2.807168e+01 -2.977668e+00 -4.456401e-01
      vertex   2.853547e+01 -2.261499e+00 -9.817583e-01
      vertex   2.763974e+01 -2.648415e+00 -4.456401e-01
    endloop
  endfacet
  facet normal 2.007483e-01 2.633569e-01 9.435800e-01
    outer loop
      vertex   2.807168e+01 -2.977668e+00 -4.456401e-01
      vertex   2.763974e+01 -2.648415e+00 -4.456401e-01
      vertex   2.700693e+01 -3.358486e+00 -1.128244e-01
    endloop
  endfacet
  facet normal 2.385968e-01 2.296264e-01 9.435800e-01
    outer loop
      vertex   2.700693e+01 -3.358486e+00 -1.128244e-01
      vertex   2.763974e+01 -2.648415e+00 -4.456401e-01
      vertex   2.652934e+01 -2.862236e+00 -1.128244e-01
    endloop
  endfacet
  facet normal 1.797645e-01 9.269144e-01 3.294153e-01
    outer loop
      vertex   2.987238e+01 -1.105482e+00 -3.498656e+00
      vertex   2.970512e+01 -1.073045e+00 -3.498656e+00
      vertex   2.961693e+01 -1.393964e+00 -2.547523e+00
    endloop
  endfacet
  facet normal 3.191505e-01 8.886105e-01 3.294153e-01
    outer loop
      vertex   2.961693e+01 -1.393964e+00 -2.547523e+00
      vertex   2.970512e+01 -1.073045e+00 -3.498656e+00
      vertex   2.940863e+01 -1.319152e+00 -2.547523e+00
    endloop
  endfacet
  facet normal 2.864447e-01 7.975478e-01 5.309115e-01
    outer loop
      vertex   2.961693e+01 -1.393964e+00 -2.547523e+00
      vertex   2.940863e+01 -1.319152e+00 -2.547523e+00
      vertex   2.918932e+01 -1.808362e+00 -1.694296e+00
    endloop
  endfacet
  facet normal 4.048328e-01 7.444753e-01 5.309115e-01
    outer loop
      vertex   2.918932e+01 -1.808362e+00 -1.694296e+00
      vertex   2.940863e+01 -1.319152e+00 -2.547523e+00
      vertex   2.892278e+01 -1.663419e+00 -1.694296e+00
    endloop
  endfacet
  facet normal 3.382949e-01 6.221140e-01 7.060671e-01
    outer loop
      vertex   2.918932e+01 -1.808362e+00 -1.694296e+00
      vertex   2.892278e+01 -1.663419e+00 -1.694296e+00
      vertex   2.853547e+01 -2.261499e+00 -9.817583e-01
    endloop
  endfacet
  facet normal 4.292955e-01 5.631826e-01 7.060671e-01
    outer loop
      vertex   2.853547e+01 -2.261499e+00 -9.817583e-01
      vertex   2.892278e+01 -1.663419e+00 -1.694296e+00
      vertex   2.820742e+01 -2.011435e+00 -9.817583e-01
    endloop
  endfacet
  facet normal 3.232110e-01 4.240129e-01 8.460187e-01
    outer loop
      vertex   2.853547e+01 -2.261499e+00 -9.817583e-01
      vertex   2.820742e+01 -2.011435e+00 -9.817583e-01
      vertex   2.763974e+01 -2.648415e+00 -4.456401e-01
    endloop
  endfacet
  facet normal 3.841484e-01 3.697057e-01 8.460187e-01
    outer loop
      vertex   2.763974e+01 -2.648415e+00 -4.456401e-01
      vertex   2.820742e+01 -2.011435e+00 -9.817583e-01
      vertex   2.726312e+01 -2.257085e+00 -4.456401e-01
    endloop
  endfacet
  facet normal 2.385968e-01 2.296264e-01 9.435800e-01
    outer loop
      vertex   2.763974e+01 -2.648415e+00 -4.456401e-01
      vertex   2.726312e+01 -2.257085e+00 -4.456401e-01
      vertex   2.652934e+01 -2.862236e+00 -1.128244e-01
    endloop
  endfacet
  facet normal 2.708529e-01 1.905137e-01 9.435800e-01
    outer loop
      vertex   2.652934e+01 -2.862236e+00 -1.128244e-01
      vertex   2.726312e+01 -2.257085e+00 -4.456401e-01
      vertex   2.613309e+01 -2.298897e+00 -1.128244e-01
    endloop
  endfacet
  facet normal 4.510560e-01 8.294782e-01 3.294153e-01
    outer loop
      vertex   2.954478e+01 -1.015456e+00 -3.498656e+00
      vertex   2.921420e+01 -1.213420e+00 -2.547523e+00
      vertex   2.940863e+01 -1.319152e+00 -2.547523e+00
    endloop
  endfacet
  facet normal 4.048328e-01 7.444753e-01 5.309115e-01
    outer loop
      vertex   2.940863e+01 -1.319152e+00 -2.547523e+00
      vertex   2.921420e+01 -1.213420e+00 -2.547523e+00
      vertex   2.892278e+01 -1.663419e+00 -1.694296e+00
    endloop
  endfacet
  facet normal 4.292955e-01 5.631826e-01 7.060671e-01
    outer loop
      vertex   2.820742e+01 -2.011435e+00 -9.817583e-01
      vertex   2.892278e+01 -1.663419e+00 -1.694296e+00
      vertex   2.868149e+01 -1.479488e+00 -1.694296e+00
    endloop
  endfacet
  facet normal 5.137320e-01 6.739529e-01 5.309115e-01
    outer loop
      vertex   2.868149e+01 -1.479488e+00 -1.694296e+00
      vertex   2.892278e+01 -1.663419e+00 -1.694296e+00
      vertex   2.921420e+01 -1.213420e+00 -2.547523e+00
    endloop
  endfacet
  facet normal 3.191505e-01 8.886105e-01 3.294153e-01
    outer loop
      vertex   2.970512e+01 -1.073045e+00 -3.498656e+00
      vertex   2.954478e+01 -1.015456e+00 -3.498656e+00
      vertex   2.940863e+01 -1.319152e+00 -2.547523e+00
    endloop
  endfacet
  facet normal 6.803058e-01 6.547287e-01 3.294153e-01
    outer loop
      vertex   2.925961e+01 -8.307826e-01 -3.498656e+00
      vertex   2.914147e+01 -7.080261e-01 -3.498656e+00
      vertex   2.888470e+01 -9.197776e-01 -2.547523e+00
    endloop
  endfacet
  facet normal 7.722768e-01 5.432073e-01 3.294153e-01
    outer loop
      vertex   2.888470e+01 -9.197776e-01 -2.547523e+00
      vertex   2.914147e+01 -7.080261e-01 -3.498656e+00
      vertex   2.875737e+01 -7.387491e-01 -2.547523e+00
    endloop
  endfacet
  facet normal 6.931357e-01 4.875407e-01 5.309115e-01
    outer loop
      vertex   2.888470e+01 -9.197776e-01 -2.547523e+00
      vertex   2.875737e+01 -7.387491e-01 -2.547523e+00
      vertex   2.829654e+01 -1.012716e+00 -1.694296e+00
    endloop
  endfacet
  facet normal 7.594351e-01 3.760203e-01 5.309115e-01
    outer loop
      vertex   2.829654e+01 -1.012716e+00 -1.694296e+00
      vertex   2.875737e+01 -7.387491e-01 -2.547523e+00
      vertex   2.816191e+01 -7.408151e-01 -1.694296e+00
    endloop
  endfacet
  facet normal 6.346151e-01 3.142180e-01 7.060671e-01
    outer loop
      vertex   2.829654e+01 -1.012716e+00 -1.694296e+00
      vertex   2.816191e+01 -7.408151e-01 -1.694296e+00
      vertex   2.750103e+01 -1.007174e+00 -9.817583e-01
    endloop
  endfacet
  facet normal 6.751428e-01 2.136619e-01 7.060671e-01
    outer loop
      vertex   2.750103e+01 -1.007174e+00 -9.817583e-01
      vertex   2.816191e+01 -7.408151e-01 -1.694296e+00
      vertex   2.737658e+01 -6.139048e-01 -9.817583e-01
    endloop
  endfacet
  facet normal 5.083063e-01 1.608633e-01 8.460187e-01
    outer loop
      vertex   2.750103e+01 -1.007174e+00 -9.817583e-01
      vertex   2.737658e+01 -6.139048e-01 -9.817583e-01
      vertex   2.654579e+01 -8.083156e-01 -4.456401e-01
    endloop
  endfacet
  facet normal 5.102337e-01 4.910507e-01 7.060671e-01
    outer loop
      vertex   2.820742e+01 -2.011435e+00 -9.817583e-01
      vertex   2.868149e+01 -1.479488e+00 -1.694296e+00
      vertex   2.792138e+01 -1.714225e+00 -9.817583e-01
    endloop
  endfacet
  facet normal 3.841484e-01 3.697057e-01 8.460187e-01
    outer loop
      vertex   2.820742e+01 -2.011435e+00 -9.817583e-01
      vertex   2.792138e+01 -1.714225e+00 -9.817583e-01
      vertex   2.726312e+01 -2.257085e+00 -4.456401e-01
    endloop
  endfacet
  facet normal 4.360816e-01 3.067330e-01 8.460187e-01
    outer loop
      vertex   2.726312e+01 -2.257085e+00 -4.456401e-01
      vertex   2.792138e+01 -1.714225e+00 -9.817583e-01
      vertex   2.695066e+01 -1.812851e+00 -4.456401e-01
    endloop
  endfacet
  facet normal 2.708529e-01 1.905137e-01 9.435800e-01
    outer loop
      vertex   2.726312e+01 -2.257085e+00 -4.456401e-01
      vertex   2.695066e+01 -1.812851e+00 -4.456401e-01
      vertex   2.613309e+01 -2.298897e+00 -1.128244e-01
    endloop
  endfacet
  facet normal 2.967604e-01 1.469354e-01 9.435800e-01
    outer loop
      vertex   2.613309e+01 -2.298897e+00 -1.128244e-01
      vertex   2.695066e+01 -1.812851e+00 -4.456401e-01
      vertex   2.582749e+01 -1.681674e+00 -1.128244e-01
    endloop
  endfacet
  facet normal 8.461462e-01 4.189537e-01 3.294153e-01
    outer loop
      vertex   2.904345e+01 -5.686741e-01 -3.498656e+00
      vertex   2.865917e+01 -5.404049e-01 -2.547523e+00
      vertex   2.875737e+01 -7.387491e-01 -2.547523e+00
    endloop
  endfacet
  facet normal 7.594351e-01 3.760203e-01 5.309115e-01
    outer loop
      vertex   2.875737e+01 -7.387491e-01 -2.547523e+00
      vertex   2.865917e+01 -5.404049e-01 -2.547523e+00
      vertex   2.816191e+01 -7.408151e-01 -1.694296e+00
    endloop
  endfacet
  facet normal 6.751428e-01 2.136619e-01 7.060671e-01
    outer loop
      vertex   2.737658e+01 -6.139048e-01 -9.817583e-01
      vertex   2.816191e+01 -7.408151e-01 -1.694296e+00
      vertex   2.807037e+01 -4.515506e-01 -1.694296e+00
    endloop
  endfacet
  facet normal 8.079341e-01 2.556863e-01 5.309115e-01
    outer loop
      vertex   2.807037e+01 -4.515506e-01 -1.694296e+00
      vertex   2.816191e+01 -7.408151e-01 -1.694296e+00
      vertex   2.865917e+01 -5.404049e-01 -2.547523e+00
    endloop
  endfacet
  facet normal 7.722768e-01 5.432073e-01 3.294153e-01
    outer loop
      vertex   2.914147e+01 -7.080261e-01 -3.498656e+00
      vertex   2.904345e+01 -5.686741e-01 -3.498656e+00
      vertex   2.875737e+01 -7.387491e-01 -2.547523e+00
    endloop
  endfacet
  facet normal -9.994756e-01 -3.238189e-02 0.000000e+00
    outer loop
      vertex   -5.703015e+01 -3.699309e+00 9.500000e+01
      vertex   -5.703015e+01 -3.699309e+00 1.000000e+02
      vertex   -5.715000e+01 -6.998856e-15 9.500000e+01
    endloop
  endfacet
  facet normal -9.994756e-01 -3.238189e-02 0.000000e+00
    outer loop
      vertex   -5.715000e+01 -6.998856e-15 9.500000e+01
      vertex   -5.703015e+01 -3.699309e+00 1.000000e+02
      vertex   -5.715000e+01 -6.998856e-15 1.000000e+02
    endloop
  endfacet
  facet normal -9.994756e-01 3.238189e-02 0.000000e+00
    outer loop
      vertex   -5.715000e+01 -6.998856e-15 9.500000e+01
      vertex   -5.715000e+01 -6.998856e-15 1.000000e+02
      vertex   -5.703015e+01 3.699309e+00 9.500000e+01
    endloop
  endfacet
  facet normal -9.994756e-01 3.238189e-02 0.000000e+00
    outer loop
      vertex   -5.703015e+01 3.699309e+00 9.500000e+01
      vertex   -5.715000e+01 -6.998856e-15 1.000000e+02
      vertex   -5.703015e+01 3.699309e+00 1.000000e+02
    endloop
  endfacet
  facet normal -9.952834e-01 9.700985e-02 0.000000e+00
    outer loop
      vertex   -5.703015e+01 3.699309e+00 9.500000e+01
      vertex   -5.703015e+01 3.699309e+00 1.000000e+02
      vertex   -5.667109e+01 7.383102e+00 1.000000e+02
    endloop
  endfacet
  facet normal -9.952834e-01 -9.700985e-02 0.000000e+00
    outer loop
      vertex   -5.703015e+01 -3.699309e+00 9.500000e+01
      vertex   -5.667109e+01 -7.383102e+00 9.500000e+01
      vertex   -5.703015e+01 -3.699309e+00 1.000000e+02
    endloop
  endfacet
  facet normal -9.952834e-01 -9.700985e-02 4.679359e-16
    outer loop
      vertex   -5.703015e+01 -3.699309e+00 1.000000e+02
      vertex   -5.667109e+01 -7.383102e+00 9.500000e+01
      vertex   -5.667109e+01 -7.383102e+00 1.000000e+02
    endloop
  endfacet
  facet normal -9.869167e-01 -1.612309e-01 -1.727271e-16
    outer loop
      vertex   -5.667109e+01 -7.383102e+00 1.000000e+02
      vertex   -5.667109e+01 -7.383102e+00 9.500000e+01
      vertex   -5.607433e+01 -1.103593e+01 9.500000e+01
    endloop
  endfacet
  facet normal -9.869167e-01 -1.612309e-01 1.271826e-15
    outer loop
      vertex   -5.667109e+01 -7.383102e+00 1.000000e+02
      vertex   -5.607433e+01 -1.103593e+01 9.500000e+01
      vertex   -5.607433e+01 -1.103593e+01 1.000000e+02
    endloop
  endfacet
  facet normal -9.744105e-01 -2.247757e-01 6.133190e-16
    outer loop
      vertex   -5.607433e+01 -1.103593e+01 1.000000e+02
      vertex   -5.607433e+01 -1.103593e+01 9.500000e+01
      vertex   -5.524238e+01 -1.464246e+01 9.500000e+01
    endloop
  endfacet
  facet normal -9.744105e-01 -2.247757e-01 -8.398850e-16
    outer loop
      vertex   -5.607433e+01 -1.103593e+01 1.000000e+02
      vertex   -5.524238e+01 -1.464246e+01 9.500000e+01
      vertex   -5.524238e+01 -1.464246e+01 1.000000e+02
    endloop
  endfacet
  facet normal -9.578173e-01 -2.873778e-01 -1.497578e-15
    outer loop
      vertex   -5.524238e+01 -1.464246e+01 1.000000e+02
      vertex   -5.524238e+01 -1.464246e+01 9.500000e+01
      vertex   -5.417872e+01 -1.818759e+01 9.500000e+01
    endloop
  endfacet
  facet normal -9.578173e-01 -2.873778e-01 7.199014e-17
    outer loop
      vertex   -5.524238e+01 -1.464246e+01 1.000000e+02
      vertex   -5.417872e+01 -1.818759e+01 9.500000e+01
      vertex   -5.417872e+01 -1.818759e+01 1.000000e+02
    endloop
  endfacet
  facet normal -9.372067e-01 -3.487744e-01 -5.579470e-16
    outer loop
      vertex   -5.417872e+01 -1.818759e+01 1.000000e+02
      vertex   -5.417872e+01 -1.818759e+01 9.500000e+01
      vertex   -5.288782e+01 -2.165642e+01 9.500000e+01
    endloop
  endfacet
  facet normal -9.372067e-01 -3.487744e-01 7.678948e-16
    outer loop
      vertex   -5.417872e+01 -1.818759e+01 1.000000e+02
      vertex   -5.288782e+01 -2.165642e+01 9.500000e+01
      vertex   -5.288782e+01 -2.165642e+01 1.000000e+02
    endloop
  endfacet
  facet normal -9.126651e-01 -4.087082e-01 1.156651e-16
    outer loop
      vertex   -5.288782e+01 -2.165642e+01 1.000000e+02
      vertex   -5.288782e+01 -2.165642e+01 9.500000e+01
      vertex   -5.137509e+01 -2.503442e+01 9.500000e+01
    endloop
  endfacet
  facet normal -9.126651e-01 -4.087082e-01 1.439803e-16
    outer loop
      vertex   -5.288782e+01 -2.165642e+01 1.000000e+02
      vertex   -5.137509e+01 -2.503442e+01 9.500000e+01
      vertex   -5.137509e+01 -2.503442e+01 1.000000e+02
    endloop
  endfacet
  facet normal -8.842955e-01 -4.669277e-01 -5.430588e-16
    outer loop
      vertex   -5.137509e+01 -2.503442e+01 1.000000e+02
      vertex   -5.137509e+01 -2.503442e+01 9.500000e+01
      vertex   -4.964688e+01 -2.830742e+01 9.500000e+01
    endloop
  endfacet
  facet normal -8.842955e-01 -4.669277e-01 1.055855e-15
    outer loop
      vertex   -5.137509e+01 -2.503442e+01 1.000000e+02
      vertex   -4.964688e+01 -2.830742e+01 9.500000e+01
      vertex   -4.964688e+01 -2.830742e+01 1.000000e+02
    endloop
  endfacet
  facet normal -8.522168e-01 -5.231888e-01 3.833161e-16
    outer loop
      vertex   -4.964688e+01 -2.830742e+01 1.000000e+02
      vertex   -4.964688e+01 -2.830742e+01 9.500000e+01
      vertex   -4.771042e+01 -3.146169e+01 9.500000e+01
    endloop
  endfacet
  facet normal -8.522168e-01 -5.231888e-01 2.303685e-15
    outer loop
      vertex   -4.964688e+01 -2.830742e+01 1.000000e+02
      vertex   -4.771042e+01 -3.146169e+01 9.500000e+01
      vertex   -4.771042e+01 -3.146169e+01 1.000000e+02
    endloop
  endfacet
  facet normal -8.165637e-01 -5.772554e-01 1.700388e-15
    outer loop
      vertex   -4.771042e+01 -3.146169e+01 1.000000e+02
      vertex   -4.771042e+01 -3.146169e+01 9.500000e+01
      vertex   -4.557386e+01 -3.448400e+01 9.500000e+01
    endloop
  endfacet
  facet normal -8.165637e-01 -5.772554e-01 4.799343e-17
    outer loop
      vertex   -4.771042e+01 -3.146169e+01 1.000000e+02
      vertex   -4.557386e+01 -3.448400e+01 9.500000e+01
      vertex   -4.557386e+01 -3.448400e+01 1.000000e+02
    endloop
  endfacet
  facet normal -7.774856e-01 -6.289008e-01 -7.316854e-16
    outer loop
      vertex   -4.557386e+01 -3.448400e+01 1.000000e+02
      vertex   -4.557386e+01 -3.448400e+01 9.500000e+01
      vertex   -4.324614e+01 -3.736167e+01 9.500000e+01
    endloop
  endfacet
  facet normal -7.774856e-01 -6.289008e-01 -1.151842e-15
    outer loop
      vertex   -4.557386e+01 -3.448400e+01 1.000000e+02
      vertex   -4.324614e+01 -3.736167e+01 9.500000e+01
      vertex   -4.324614e+01 -3.736167e+01 1.000000e+02
    endloop
  endfacet
  facet normal -7.351464e-01 -6.779084e-01 -1.682711e-15
    outer loop
      vertex   -4.324614e+01 -3.736167e+01 1.000000e+02
      vertex   -4.324614e+01 -3.736167e+01 9.500000e+01
      vertex   -4.073703e+01 -4.008263e+01 9.500000e+01
    endloop
  endfacet
  facet normal -7.351464e-01 -6.779084e-01 2.495658e-15
    outer loop
      vertex   -4.324614e+01 -3.736167e+01 1.000000e+02
      vertex   -4.073703e+01 -4.008263e+01 9.500000e+01
      vertex   -4.073703e+01 -4.008263e+01 1.000000e+02
    endloop
  endfacet
  facet normal -6.897238e-01 -7.240726e-01 1.716250e-15
    outer loop
      vertex   -4.073703e+01 -4.008263e+01 1.000000e+02
      vertex   -4.073703e+01 -4.008263e+01 9.500000e+01
      vertex   -3.805706e+01 -4.263547e+01 9.500000e+01
    endloop
  endfacet
  facet normal -6.897238e-01 -7.240726e-01 7.199014e-16
    outer loop
      vertex   -4.073703e+01 -4.008263e+01 1.000000e+02
      vertex   -3.805706e+01 -4.263547e+01 9.500000e+01
      vertex   -3.805706e+01 -4.263547e+01 1.000000e+02
    endloop
  endfacet
  facet normal -6.414082e-01 -7.671998e-01 1.769314e-17
    outer loop
      vertex   -3.805706e+01 -4.263547e+01 1.000000e+02
      vertex   -3.805706e+01 -4.263547e+01 9.500000e+01
      vertex   -3.521746e+01 -4.500948e+01 9.500000e+01
    endloop
  endfacet
  facet normal -6.414082e-01 -7.671998e-01 1.919737e-16
    outer loop
      vertex   -3.805706e+01 -4.263547e+01 1.000000e+02
      vertex   -3.521746e+01 -4.500948e+01 9.500000e+01
      vertex   -3.521746e+01 -4.500948e+01 1.000000e+02
    endloop
  endfacet
  facet normal -5.904024e-01 -8.071091e-01 -3.928227e-16
    outer loop
      vertex   -3.521746e+01 -4.500948e+01 1.000000e+02
      vertex   -3.521746e+01 -4.500948e+01 9.500000e+01
      vertex   -3.223014e+01 -4.719471e+01 9.500000e+01
    endloop
  endfacet
  facet normal -5.904024e-01 -8.071091e-01 -3.839474e-16
    outer loop
      vertex   -3.521746e+01 -4.500948e+01 1.000000e+02
      vertex   -3.223014e+01 -4.719471e+01 9.500000e+01
      vertex   -3.223014e+01 -4.719471e+01 1.000000e+02
    endloop
  endfacet
  facet normal -5.369202e-01 -8.436331e-01 -9.804514e-16
    outer loop
      vertex   -3.223014e+01 -4.719471e+01 1.000000e+02
      vertex   -3.223014e+01 -4.719471e+01 9.500000e+01
      vertex   -2.910765e+01 -4.918198e+01 9.500000e+01
    endloop
  endfacet
  facet normal -5.369202e-01 -8.436331e-01 1.919737e-16
    outer loop
      vertex   -3.223014e+01 -4.719471e+01 1.000000e+02
      vertex   -2.910765e+01 -4.918198e+01 9.500000e+01
      vertex   -2.910765e+01 -4.918198e+01 1.000000e+02
    endloop
  endfacet
  facet normal -4.811859e-01 -8.766186e-01 -5.382583e-16
    outer loop
      vertex   -2.910765e+01 -4.918198e+01 1.000000e+02
      vertex   -2.910765e+01 -4.918198e+01 9.500000e+01
      vertex   -2.586306e+01 -5.096297e+01 9.500000e+01
    endloop
  endfacet
  facet normal -4.811859e-01 -8.766186e-01 1.967731e-15
    outer loop
      vertex   -2.910765e+01 -4.918198e+01 1.000000e+02
      vertex   -2.586306e+01 -5.096297e+01 9.500000e+01
      vertex   -2.586306e+01 -5.096297e+01 1.000000e+02
    endloop
  endfacet
  facet normal -4.234335e-01 -9.059272e-01 1.336478e-15
    outer loop
      vertex   -2.586306e+01 -5.096297e+01 1.000000e+02
      vertex   -2.586306e+01 -5.096297e+01 9.500000e+01
      vertex   -2.251000e+01 -5.253020e+01 9.500000e+01
    endloop
  endfacet
  facet normal -4.234335e-01 -9.059272e-01 -8.158883e-16
    outer loop
      vertex   -2.586306e+01 -5.096297e+01 1.000000e+02
      vertex   -2.251000e+01 -5.253020e+01 9.500000e+01
      vertex   -2.251000e+01 -5.253020e+01 1.000000e+02
    endloop
  endfacet
  facet normal -3.639049e-01 -9.314361e-01 -1.385251e-15
    outer loop
      vertex   -2.251000e+01 -5.253020e+01 1.000000e+02
      vertex   -2.251000e+01 -5.253020e+01 9.500000e+01
      vertex   -1.906252e+01 -5.387711e+01 9.500000e+01
    endloop
  endfacet
  facet normal -3.639049e-01 -9.314361e-01 1.487796e-15
    outer loop
      vertex   -2.251000e+01 -5.253020e+01 1.000000e+02
      vertex   -1.906252e+01 -5.387711e+01 9.500000e+01
      vertex   -1.906252e+01 -5.387711e+01 1.000000e+02
    endloop
  endfacet
  facet normal -3.028501e-01 -9.530382e-01 1.012718e-15
    outer loop
      vertex   -1.906252e+01 -5.387711e+01 1.000000e+02
      vertex   -1.906252e+01 -5.387711e+01 9.500000e+01
      vertex   -1.553509e+01 -5.499803e+01 9.500000e+01
    endloop
  endfacet
  facet normal -3.028501e-01 -9.530382e-01 8.158883e-16
    outer loop
      vertex   -1.906252e+01 -5.387711e+01 1.000000e+02
      vertex   -1.553509e+01 -5.499803e+01 9.500000e+01
      vertex   -1.553509e+01 -5.499803e+01 1.000000e+02
    endloop
  endfacet
  facet normal -2.405250e-01 -9.706430e-01 3.296660e-16
    outer loop
      vertex   -1.553509e+01 -5.499803e+01 1.000000e+02
      vertex   -1.553509e+01 -5.499803e+01 9.500000e+01
      vertex   -1.194250e+01 -5.588828e+01 9.500000e+01
    endloop
  endfacet
  facet normal -2.405250e-01 -9.706430e-01 4.079441e-16
    outer loop
      vertex   -1.553509e+01 -5.499803e+01 1.000000e+02
      vertex   -1.194250e+01 -5.588828e+01 9.500000e+01
      vertex   -1.194250e+01 -5.588828e+01 1.000000e+02
    endloop
  endfacet
  facet normal -1.771910e-01 -9.841765e-01 -7.663030e-17
    outer loop
      vertex   -1.194250e+01 -5.588828e+01 1.000000e+02
      vertex   -1.194250e+01 -5.588828e+01 9.500000e+01
      vertex   -8.299813e+00 -5.654410e+01 9.500000e+01
    endloop
  endfacet
  facet normal -1.771910e-01 -9.841765e-01 1.319819e-15
    outer loop
      vertex   -1.194250e+01 -5.588828e+01 1.000000e+02
      vertex   -8.299813e+00 -5.654410e+01 9.500000e+01
      vertex   -8.299813e+00 -5.654410e+01 1.000000e+02
    endloop
  endfacet
  facet normal -1.131138e-01 -9.935820e-01 8.439082e-16
    outer loop
      vertex   -8.299813e+00 -5.654410e+01 1.000000e+02
      vertex   -8.299813e+00 -5.654410e+01 9.500000e+01
      vertex   -4.622317e+00 -5.696277e+01 9.500000e+01
    endloop
  endfacet
  facet normal -1.131138e-01 -9.935820e-01 8.518833e-16
    outer loop
      vertex   -8.299813e+00 -5.654410e+01 1.000000e+02
      vertex   -4.622317e+00 -5.696277e+01 9.500000e+01
      vertex   -4.622317e+00 -5.696277e+01 1.000000e+02
    endloop
  endfacet
  facet normal -4.856222e-02 -9.988202e-01 3.623081e-16
    outer loop
      vertex   -4.622317e+00 -5.696277e+01 1.000000e+02
      vertex   -4.622317e+00 -5.696277e+01 9.500000e+01
      vertex   -9.254339e-01 -5.714251e+01 9.500000e+01
    endloop
  endfacet
  facet normal -4.856222e-02 -9.988202e-01 2.399671e-16
    outer loop
      vertex   -4.622317e+00 -5.696277e+01 1.000000e+02
      vertex   -9.254339e-01 -5.714251e+01 9.500000e+01
      vertex   -9.254339e-01 -5.714251e+01 1.000000e+02
    endloop
  endfacet
  facet normal 1.619307e-02 -9.998689e-01 -8.161975e-17
    outer loop
      vertex   -9.254339e-01 -5.714251e+01 1.000000e+02
      vertex   -9.254339e-01 -5.714251e+01 9.500000e+01
      vertex   2.775331e+00 -5.708257e+01 9.500000e+01
    endloop
  endfacet
  facet normal 1.619307e-02 -9.998689e-01 -8.098891e-17
    outer loop
      vertex   -9.254339e-01 -5.714251e+01 1.000000e+02
      vertex   2.775331e+00 -5.708257e+01 9.500000e+01
      vertex   2.775331e+00 -5.708257e+01 1.000000e+02
    endloop
  endfacet
  facet normal 8.088044e-02 -9.967238e-01 -4.094667e-16
    outer loop
      vertex   2.775331e+00 -5.708257e+01 1.000000e+02
      vertex   2.775331e+00 -5.708257e+01 9.500000e+01
      vertex   6.464455e+00 -5.678321e+01 9.500000e+01
    endloop
  endfacet
  facet normal 8.088044e-02 -9.967238e-01 1.007862e-15
    outer loop
      vertex   2.775331e+00 -5.708257e+01 1.000000e+02
      vertex   6.464455e+00 -5.678321e+01 9.500000e+01
      vertex   6.464455e+00 -5.678321e+01 1.000000e+02
    endloop
  endfacet
  facet normal 1.452286e-01 -9.893981e-01 6.836816e-16
    outer loop
      vertex   6.464455e+00 -5.678321e+01 1.000000e+02
      vertex   6.464455e+00 -5.678321e+01 9.500000e+01
      vertex   1.012647e+01 -5.624569e+01 9.500000e+01
    endloop
  endfacet
  facet normal 1.452286e-01 -9.893981e-01 6.839064e-16
    outer loop
      vertex   6.464455e+00 -5.678321e+01 1.000000e+02
      vertex   1.012647e+01 -5.624569e+01 9.500000e+01
      vertex   1.012647e+01 -5.624569e+01 1.000000e+02
    endloop
  endfacet
  facet normal 2.089676e-01 -9.779226e-01 3.503489e-16
    outer loop
      vertex   1.012647e+01 -5.624569e+01 1.000000e+02
      vertex   1.012647e+01 -5.624569e+01 9.500000e+01
      vertex   1.374600e+01 -5.547224e+01 9.500000e+01
    endloop
  endfacet
  facet normal 2.089676e-01 -9.779226e-01 -1.103849e-15
    outer loop
      vertex   1.012647e+01 -5.624569e+01 1.000000e+02
      vertex   1.374600e+01 -5.547224e+01 9.500000e+01
      vertex   1.374600e+01 -5.547224e+01 1.000000e+02
    endloop
  endfacet
  facet normal 2.718301e-01 -9.623453e-01 -1.448602e-15
    outer loop
      vertex   1.374600e+01 -5.547224e+01 1.000000e+02
      vertex   1.374600e+01 -5.547224e+01 9.500000e+01
      vertex   1.730788e+01 -5.446613e+01 9.500000e+01
    endloop
  endfacet
  facet normal 2.718301e-01 -9.623453e-01 -1.175839e-15
    outer loop
      vertex   1.374600e+01 -5.547224e+01 1.000000e+02
      vertex   1.730788e+01 -5.446613e+01 9.500000e+01
      vertex   1.730788e+01 -5.446613e+01 1.000000e+02
    endloop
  endfacet
  facet normal 3.335524e-01 -9.427315e-01 -1.422020e-15
    outer loop
      vertex   1.730788e+01 -5.446613e+01 1.000000e+02
      vertex   1.730788e+01 -5.446613e+01 9.500000e+01
      vertex   2.079717e+01 -5.323157e+01 9.500000e+01
    endloop
  endfacet
  facet normal 3.335524e-01 -9.427315e-01 -3.359540e-16
    outer loop
      vertex   1.730788e+01 -5.446613e+01 1.000000e+02
      vertex   2.079717e+01 -5.323157e+01 9.500000e+01
      vertex   2.079717e+01 -5.323157e+01 1.000000e+02
    endloop
  endfacet
  facet normal 3.938758e-01 -9.191637e-01 -6.528487e-16
    outer loop
      vertex   2.079717e+01 -5.323157e+01 1.000000e+02
      vertex   2.079717e+01 -5.323157e+01 9.500000e+01
      vertex   2.419922e+01 -5.177374e+01 9.500000e+01
    endloop
  endfacet
  facet normal 3.938758e-01 -9.191637e-01 -1.679770e-15
    outer loop
      vertex   2.079717e+01 -5.323157e+01 1.000000e+02
      vertex   2.419922e+01 -5.177374e+01 9.500000e+01
      vertex   2.419922e+01 -5.177374e+01 1.000000e+02
    endloop
  endfacet
  facet normal 4.525470e-01 -8.917405e-01 -1.929324e-15
    outer loop
      vertex   2.419922e+01 -5.177374e+01 1.000000e+02
      vertex   2.419922e+01 -5.177374e+01 9.500000e+01
      vertex   2.749978e+01 -5.009875e+01 9.500000e+01
    endloop
  endfacet
  facet normal 4.525470e-01 -8.917405e-01 -9.598686e-16
    outer loop
      vertex   2.419922e+01 -5.177374e+01 1.000000e+02
      vertex   2.749978e+01 -5.009875e+01 9.500000e+01
      vertex   2.749978e+01 -5.009875e+01 1.000000e+02
    endloop
  endfacet
  facet normal 5.093202e-01 -8.605771e-01 -1.310303e-15
    outer loop
      vertex   2.749978e+01 -5.009875e+01 1.000000e+02
      vertex   2.749978e+01 -5.009875e+01 9.500000e+01
      vertex   3.068499e+01 -4.821363e+01 9.500000e+01
    endloop
  endfacet
  facet normal 5.093202e-01 -8.605771e-01 -5.759211e-16
    outer loop
      vertex   2.749978e+01 -5.009875e+01 1.000000e+02
      vertex   3.068499e+01 -4.821363e+01 9.500000e+01
      vertex   3.068499e+01 -4.821363e+01 1.000000e+02
    endloop
  endfacet
  facet normal 5.639570e-01 -8.258041e-01 -8.300396e-16
    outer loop
      vertex   3.068499e+01 -4.821363e+01 1.000000e+02
      vertex   3.068499e+01 -4.821363e+01 9.500000e+01
      vertex   3.374150e+01 -4.612628e+01 9.500000e+01
    endloop
  endfacet
  facet normal 5.639570e-01 -8.258041e-01 -1.199836e-15
    outer loop
      vertex   3.068499e+01 -4.821363e+01 1.000000e+02
      vertex   3.374150e+01 -4.612628e+01 9.500000e+01
      vertex   3.374150e+01 -4.612628e+01 1.000000e+02
    endloop
  endfacet
  facet normal 6.162285e-01 -7.875674e-01 -1.507939e-15
    outer loop
      vertex   3.374150e+01 -4.612628e+01 1.000000e+02
      vertex   3.374150e+01 -4.612628e+01 9.500000e+01
      vertex   3.665648e+01 -4.384547e+01 9.500000e+01
    endloop
  endfacet
  facet normal 6.162285e-01 -7.875674e-01 -6.239146e-16
    outer loop
      vertex   3.374150e+01 -4.612628e+01 1.000000e+02
      vertex   3.665648e+01 -4.384547e+01 9.500000e+01
      vertex   3.665648e+01 -4.384547e+01 1.000000e+02
    endloop
  endfacet
  facet normal 6.659152e-01 -7.460274e-01 -8.324762e-16
    outer loop
      vertex   3.665648e+01 -4.384547e+01 1.000000e+02
      vertex   3.665648e+01 -4.384547e+01 9.500000e+01
      vertex   3.941771e+01 -4.138075e+01 9.500000e+01
    endloop
  endfacet
  facet normal 6.659152e-01 -7.460274e-01 -7.199014e-16
    outer loop
      vertex   3.665648e+01 -4.384547e+01 1.000000e+02
      vertex   3.941771e+01 -4.138075e+01 9.500000e+01
      vertex   3.941771e+01 -4.138075e+01 1.000000e+02
    endloop
  endfacet
  facet normal 7.128089e-01 -7.013583e-01 -1.045507e-15
    outer loop
      vertex   3.941771e+01 -4.138075e+01 1.000000e+02
      vertex   3.941771e+01 -4.138075e+01 9.500000e+01
      vertex   4.201362e+01 -3.874246e+01 9.500000e+01
    endloop
  endfacet
  facet normal 7.128089e-01 -7.013583e-01 -1.055855e-15
    outer loop
      vertex   3.941771e+01 -4.138075e+01 1.000000e+02
      vertex   4.201362e+01 -3.874246e+01 9.500000e+01
      vertex   4.201362e+01 -3.874246e+01 1.000000e+02
    endloop
  endfacet
  facet normal 7.567128e-01 -6.537474e-01 -1.514321e-15
    outer loop
      vertex   4.201362e+01 -3.874246e+01 1.000000e+02
      vertex   4.201362e+01 -3.874246e+01 9.500000e+01
      vertex   4.443330e+01 -3.594168e+01 9.500000e+01
    endloop
  endfacet
  facet normal 7.567128e-01 -6.537474e-01 6.719080e-16
    outer loop
      vertex   4.201362e+01 -3.874246e+01 1.000000e+02
      vertex   4.443330e+01 -3.594168e+01 9.500000e+01
      vertex   4.443330e+01 -3.594168e+01 1.000000e+02
    endloop
  endfacet
  facet normal 7.974428e-01 -6.033945e-01 3.059568e-16
    outer loop
      vertex   4.443330e+01 -3.594168e+01 1.000000e+02
      vertex   4.443330e+01 -3.594168e+01 9.500000e+01
      vertex   4.666661e+01 -3.299015e+01 9.500000e+01
    endloop
  endfacet
  facet normal 7.974428e-01 -6.033945e-01 1.439803e-15
    outer loop
      vertex   4.443330e+01 -3.594168e+01 1.000000e+02
      vertex   4.666661e+01 -3.299015e+01 9.500000e+01
      vertex   4.666661e+01 -3.299015e+01 1.000000e+02
    endloop
  endfacet
  facet normal 8.348281e-01 -5.505108e-01 1.160607e-15
    outer loop
      vertex   4.666661e+01 -3.299015e+01 1.000000e+02
      vertex   4.666661e+01 -3.299015e+01 9.500000e+01
      vertex   4.870419e+01 -2.990024e+01 9.500000e+01
    endloop
  endfacet
  facet normal 8.348281e-01 -5.505108e-01 7.678948e-16
    outer loop
      vertex   4.666661e+01 -3.299015e+01 1.000000e+02
      vertex   4.870419e+01 -2.990024e+01 9.500000e+01
      vertex   4.870419e+01 -2.990024e+01 1.000000e+02
    endloop
  endfacet
  facet normal 8.687117e-01 -4.953180e-01 3.465296e-16
    outer loop
      vertex   4.870419e+01 -2.990024e+01 1.000000e+02
      vertex   4.870419e+01 -2.990024e+01 9.500000e+01
      vertex   5.053749e+01 -2.668492e+01 9.500000e+01
    endloop
  endfacet
  facet normal 8.687117e-01 -4.953180e-01 -3.359540e-16
    outer loop
      vertex   4.870419e+01 -2.990024e+01 1.000000e+02
      vertex   5.053749e+01 -2.668492e+01 9.500000e+01
      vertex   5.053749e+01 -2.668492e+01 1.000000e+02
    endloop
  endfacet
  facet normal 8.989517e-01 -4.380477e-01 -6.874649e-16
    outer loop
      vertex   5.053749e+01 -2.668492e+01 1.000000e+02
      vertex   5.053749e+01 -2.668492e+01 9.500000e+01
      vertex   5.215881e+01 -2.335767e+01 9.500000e+01
    endloop
  endfacet
  facet normal 8.989517e-01 -4.380477e-01 -6.719080e-16
    outer loop
      vertex   5.053749e+01 -2.668492e+01 1.000000e+02
      vertex   5.215881e+01 -2.335767e+01 9.500000e+01
      vertex   5.215881e+01 -2.335767e+01 1.000000e+02
    endloop
  endfacet
  facet normal 9.254212e-01 -3.789400e-01 -1.014687e-15
    outer loop
      vertex   5.215881e+01 -2.335767e+01 1.000000e+02
      vertex   5.215881e+01 -2.335767e+01 9.500000e+01
      vertex   5.356136e+01 -1.993246e+01 9.500000e+01
    endloop
  endfacet
  facet normal 9.254212e-01 -3.789400e-01 1.631777e-15
    outer loop
      vertex   5.215881e+01 -2.335767e+01 1.000000e+02
      vertex   5.356136e+01 -1.993246e+01 9.500000e+01
      vertex   5.356136e+01 -1.993246e+01 1.000000e+02
    endloop
  endfacet
  facet normal 9.480092e-01 -3.182430e-01 1.356751e-15
    outer loop
      vertex   5.356136e+01 -1.993246e+01 1.000000e+02
      vertex   5.356136e+01 -1.993246e+01 9.500000e+01
      vertex   5.473926e+01 -1.642364e+01 9.500000e+01
    endloop
  endfacet
  facet normal 9.480092e-01 -3.182430e-01 -1.151842e-15
    outer loop
      vertex   5.356136e+01 -1.993246e+01 1.000000e+02
      vertex   5.473926e+01 -1.642364e+01 9.500000e+01
      vertex   5.473926e+01 -1.642364e+01 1.000000e+02
    endloop
  endfacet
  facet normal 9.666209e-01 -2.562111e-01 -1.472959e-15
    outer loop
      vertex   5.473926e+01 -1.642364e+01 1.000000e+02
      vertex   5.473926e+01 -1.642364e+01 9.500000e+01
      vertex   5.568756e+01 -1.284593e+01 9.500000e+01
    endloop
  endfacet
  facet normal 9.666209e-01 -2.562111e-01 -9.598686e-17
    outer loop
      vertex   5.473926e+01 -1.642364e+01 1.000000e+02
      vertex   5.568756e+01 -1.284593e+01 9.500000e+01
      vertex   5.568756e+01 -1.284593e+01 1.000000e+02
    endloop
  endfacet
  facet normal 9.811782e-01 -1.931046e-01 -4.338746e-16
    outer loop
      vertex   5.568756e+01 -1.284593e+01 1.000000e+02
      vertex   5.568756e+01 -1.284593e+01 9.500000e+01
      vertex   5.640229e+01 -9.214347e+00 9.500000e+01
    endloop
  endfacet
  facet normal 9.811782e-01 -1.931046e-01 9.598686e-16
    outer loop
      vertex   5.568756e+01 -1.284593e+01 1.000000e+02
      vertex   5.640229e+01 -9.214347e+00 9.500000e+01
      vertex   5.640229e+01 -9.214347e+00 1.000000e+02
    endloop
  endfacet
  facet normal 9.916201e-01 -1.291881e-01 6.425558e-16
    outer loop
      vertex   5.640229e+01 -9.214347e+00 1.000000e+02
      vertex   5.640229e+01 -9.214347e+00 9.500000e+01
      vertex   5.688045e+01 -5.544113e+00 9.500000e+01
    endloop
  endfacet
  facet normal 9.916201e-01 -1.291881e-01 -7.678948e-16
    outer loop
      vertex   5.640229e+01 -9.214347e+00 1.000000e+02
      vertex   5.688045e+01 -5.544113e+00 9.500000e+01
      vertex   5.688045e+01 -5.544113e+00 1.000000e+02
    endloop
  endfacet
  facet normal 9.979028e-01 -6.472982e-02 -1.096152e-15
    outer loop
      vertex   5.688045e+01 -5.544113e+00 1.000000e+02
      vertex   5.688045e+01 -5.544113e+00 9.500000e+01
      vertex   5.712003e+01 -1.850625e+00 9.500000e+01
    endloop
  endfacet
  facet normal 9.979028e-01 -6.472982e-02 0.000000e+00
    outer loop
      vertex   5.688045e+01 -5.544113e+00 1.000000e+02
      vertex   5.712003e+01 -1.850625e+00 9.500000e+01
      vertex   5.712003e+01 -1.850625e+00 1.000000e+02
    endloop
  endfacet
  facet normal 1.000000e+00 0.000000e+00 0.000000e+00
    outer loop
      vertex   5.712003e+01 -1.850625e+00 1.000000e+02
      vertex   5.712003e+01 -1.850625e+00 9.500000e+01
      vertex   5.712003e+01 1.850625e+00 9.500000e+01
    endloop
  endfacet
  facet normal 1.000000e+00 -0.000000e+00 0.000000e+00
    outer loop
      vertex   5.712003e+01 -1.850625e+00 1.000000e+02
      vertex   5.712003e+01 1.850625e+00 9.500000e+01
      vertex   5.712003e+01 1.850625e+00 1.000000e+02
    endloop
  endfacet
  facet normal 9.979028e-01 6.472982e-02 0.000000e+00
    outer loop
      vertex   5.712003e+01 1.850625e+00 1.000000e+02
      vertex   5.712003e+01 1.850625e+00 9.500000e+01
      vertex   5.688045e+01 5.544113e+00 9.500000e+01
    endloop
  endfacet
  facet normal 9.979028e-01 6.472982e-02 1.091850e-15
    outer loop
      vertex   5.712003e+01 1.850625e+00 1.000000e+02
      vertex   5.688045e+01 5.544113e+00 9.500000e+01
      vertex   5.688045e+01 5.544113e+00 1.000000e+02
    endloop
  endfacet
  facet normal 9.916201e-01 1.291881e-01 7.666211e-16
    outer loop
      vertex   5.688045e+01 5.544113e+00 1.000000e+02
      vertex   5.688045e+01 5.544113e+00 9.500000e+01
      vertex   5.640229e+01 9.214347e+00 9.500000e+01
    endloop
  endfacet
  facet normal 9.916201e-01 1.291881e-01 -6.479113e-16
    outer loop
      vertex   5.688045e+01 5.544113e+00 1.000000e+02
      vertex   5.640229e+01 9.214347e+00 9.500000e+01
      vertex   5.640229e+01 9.214347e+00 1.000000e+02
    endloop
  endfacet
  facet normal 9.811782e-01 1.931046e-01 -9.604635e-16
    outer loop
      vertex   5.640229e+01 9.214347e+00 1.000000e+02
      vertex   5.640229e+01 9.214347e+00 9.500000e+01
      vertex   5.568756e+01 1.284593e+01 9.500000e+01
    endloop
  endfacet
  facet normal 9.811782e-01 1.931046e-01 4.319409e-16
    outer loop
      vertex   5.640229e+01 9.214347e+00 1.000000e+02
      vertex   5.568756e+01 1.284593e+01 9.500000e+01
      vertex   5.568756e+01 1.284593e+01 1.000000e+02
    endloop
  endfacet
  facet normal 9.666209e-01 2.562111e-01 9.930826e-17
    outer loop
      vertex   5.568756e+01 1.284593e+01 1.000000e+02
      vertex   5.568756e+01 1.284593e+01 9.500000e+01
      vertex   5.473926e+01 1.642364e+01 9.500000e+01
    endloop
  endfacet
  facet normal 9.666209e-01 2.562111e-01 1.463800e-15
    outer loop
      vertex   5.568756e+01 1.284593e+01 1.000000e+02
      vertex   5.473926e+01 1.642364e+01 9.500000e+01
      vertex   5.473926e+01 1.642364e+01 1.000000e+02
    endloop
  endfacet
  facet normal 9.480092e-01 3.182430e-01 1.111527e-15
    outer loop
      vertex   5.473926e+01 1.642364e+01 1.000000e+02
      vertex   5.473926e+01 1.642364e+01 9.500000e+01
      vertex   5.356136e+01 1.993246e+01 9.500000e+01
    endloop
  endfacet
  facet normal 9.480092e-01 3.182430e-01 -1.391809e-15
    outer loop
      vertex   5.473926e+01 1.642364e+01 1.000000e+02
      vertex   5.356136e+01 1.993246e+01 9.500000e+01
      vertex   5.356136e+01 1.993246e+01 1.000000e+02
    endloop
  endfacet
  facet normal 9.254212e-01 3.789400e-01 -1.615519e-15
    outer loop
      vertex   5.356136e+01 1.993246e+01 1.000000e+02
      vertex   5.356136e+01 1.993246e+01 9.500000e+01
      vertex   5.215881e+01 2.335767e+01 9.500000e+01
    endloop
  endfacet
  facet normal 9.254212e-01 3.789400e-01 1.007862e-15
    outer loop
      vertex   5.356136e+01 1.993246e+01 1.000000e+02
      vertex   5.215881e+01 2.335767e+01 9.500000e+01
      vertex   5.215881e+01 2.335767e+01 1.000000e+02
    endloop
  endfacet
  facet normal 8.989517e-01 4.380477e-01 6.874649e-16
    outer loop
      vertex   5.215881e+01 2.335767e+01 1.000000e+02
      vertex   5.215881e+01 2.335767e+01 9.500000e+01
      vertex   5.053749e+01 2.668492e+01 9.500000e+01
    endloop
  endfacet
  facet normal 8.989517e-01 4.380477e-01 6.719080e-16
    outer loop
      vertex   5.215881e+01 2.335767e+01 1.000000e+02
      vertex   5.053749e+01 2.668492e+01 9.500000e+01
      vertex   5.053749e+01 2.668492e+01 1.000000e+02
    endloop
  endfacet
  facet normal 8.687117e-01 4.953180e-01 3.573596e-16
    outer loop
      vertex   5.053749e+01 2.668492e+01 1.000000e+02
      vertex   5.053749e+01 2.668492e+01 9.500000e+01
      vertex   4.870419e+01 2.990024e+01 9.500000e+01
    endloop
  endfacet
  facet normal 8.687117e-01 4.953180e-01 -3.359540e-16
    outer loop
      vertex   5.053749e+01 2.668492e+01 1.000000e+02
      vertex   4.870419e+01 2.990024e+01 9.500000e+01
      vertex   4.870419e+01 2.990024e+01 1.000000e+02
    endloop
  endfacet
  facet normal 8.348281e-01 5.505108e-01 -7.565675e-16
    outer loop
      vertex   4.870419e+01 2.990024e+01 1.000000e+02
      vertex   4.870419e+01 2.990024e+01 9.500000e+01
      vertex   4.666661e+01 3.299015e+01 9.500000e+01
    endloop
  endfacet
  facet normal 8.348281e-01 5.505108e-01 -1.151842e-15
    outer loop
      vertex   4.870419e+01 2.990024e+01 1.000000e+02
      vertex   4.666661e+01 3.299015e+01 9.500000e+01
      vertex   4.666661e+01 3.299015e+01 1.000000e+02
    endloop
  endfacet
  facet normal 7.974428e-01 6.033945e-01 -1.439191e-15
    outer loop
      vertex   4.666661e+01 3.299015e+01 1.000000e+02
      vertex   4.666661e+01 3.299015e+01 9.500000e+01
      vertex   4.443330e+01 3.594168e+01 9.500000e+01
    endloop
  endfacet
  facet normal 7.974428e-01 6.033945e-01 -2.879606e-16
    outer loop
      vertex   4.666661e+01 3.299015e+01 1.000000e+02
      vertex   4.443330e+01 3.594168e+01 9.500000e+01
      vertex   4.443330e+01 3.594168e+01 1.000000e+02
    endloop
  endfacet
  facet normal 7.567128e-01 6.537474e-01 -6.363858e-16
    outer loop
      vertex   4.443330e+01 3.594168e+01 1.000000e+02
      vertex   4.443330e+01 3.594168e+01 9.500000e+01
      vertex   4.201362e+01 3.874246e+01 9.500000e+01
    endloop
  endfacet
  facet normal 7.567128e-01 6.537474e-01 1.487796e-15
    outer loop
      vertex   4.443330e+01 3.594168e+01 1.000000e+02
      vertex   4.201362e+01 3.874246e+01 9.500000e+01
      vertex   4.201362e+01 3.874246e+01 1.000000e+02
    endloop
  endfacet
  facet normal 7.128089e-01 7.013583e-01 1.061779e-15
    outer loop
      vertex   4.201362e+01 3.874246e+01 1.000000e+02
      vertex   4.201362e+01 3.874246e+01 9.500000e+01
      vertex   3.941771e+01 4.138075e+01 9.500000e+01
    endloop
  endfacet
  facet normal 7.128089e-01 7.013583e-01 1.055855e-15
    outer loop
      vertex   4.201362e+01 3.874246e+01 1.000000e+02
      vertex   3.941771e+01 4.138075e+01 9.500000e+01
      vertex   3.941771e+01 4.138075e+01 1.000000e+02
    endloop
  endfacet
  facet normal 6.659152e-01 7.460274e-01 7.186299e-16
    outer loop
      vertex   3.941771e+01 4.138075e+01 1.000000e+02
      vertex   3.941771e+01 4.138075e+01 9.500000e+01
      vertex   3.665648e+01 4.384547e+01 9.500000e+01
    endloop
  endfacet
  facet normal 6.659152e-01 7.460274e-01 8.158883e-16
    outer loop
      vertex   3.941771e+01 4.138075e+01 1.000000e+02
      vertex   3.665648e+01 4.384547e+01 9.500000e+01
      vertex   3.665648e+01 4.384547e+01 1.000000e+02
    endloop
  endfacet
  facet normal 6.162285e-01 7.875674e-01 6.322260e-16
    outer loop
      vertex   3.665648e+01 4.384547e+01 1.000000e+02
      vertex   3.665648e+01 4.384547e+01 9.500000e+01
      vertex   3.374150e+01 4.612628e+01 9.500000e+01
    endloop
  endfacet
  facet normal 6.162285e-01 7.875674e-01 1.487796e-15
    outer loop
      vertex   3.665648e+01 4.384547e+01 1.000000e+02
      vertex   3.374150e+01 4.612628e+01 9.500000e+01
      vertex   3.374150e+01 4.612628e+01 1.000000e+02
    endloop
  endfacet
  facet normal 5.639570e-01 8.258041e-01 1.230755e-15
    outer loop
      vertex   3.374150e+01 4.612628e+01 1.000000e+02
      vertex   3.374150e+01 4.612628e+01 9.500000e+01
      vertex   3.068499e+01 4.821363e+01 9.500000e+01
    endloop
  endfacet
  facet normal 5.639570e-01 8.258041e-01 8.158883e-16
    outer loop
      vertex   3.374150e+01 4.612628e+01 1.000000e+02
      vertex   3.068499e+01 4.821363e+01 9.500000e+01
      vertex   3.068499e+01 4.821363e+01 1.000000e+02
    endloop
  endfacet
  facet normal 5.093202e-01 8.605771e-01 5.865151e-16
    outer loop
      vertex   3.068499e+01 4.821363e+01 1.000000e+02
      vertex   3.068499e+01 4.821363e+01 9.500000e+01
      vertex   2.749978e+01 5.009875e+01 9.500000e+01
    endloop
  endfacet
  facet normal 5.093202e-01 8.605771e-01 1.295823e-15
    outer loop
      vertex   3.068499e+01 4.821363e+01 1.000000e+02
      vertex   2.749978e+01 5.009875e+01 9.500000e+01
      vertex   2.749978e+01 5.009875e+01 1.000000e+02
    endloop
  endfacet
  facet normal 4.525470e-01 8.917405e-01 9.836385e-16
    outer loop
      vertex   2.749978e+01 5.009875e+01 1.000000e+02
      vertex   2.749978e+01 5.009875e+01 9.500000e+01
      vertex   2.419922e+01 5.177374e+01 9.500000e+01
    endloop
  endfacet
  facet normal 4.525470e-01 8.917405e-01 1.919737e-15
    outer loop
      vertex   2.749978e+01 5.009875e+01 1.000000e+02
      vertex   2.419922e+01 5.177374e+01 9.500000e+01
      vertex   2.419922e+01 5.177374e+01 1.000000e+02
    endloop
  endfacet
  facet normal 3.938758e-01 9.191637e-01 1.679193e-15
    outer loop
      vertex   2.419922e+01 5.177374e+01 1.000000e+02
      vertex   2.419922e+01 5.177374e+01 9.500000e+01
      vertex   2.079717e+01 5.323157e+01 9.500000e+01
    endloop
  endfacet
  facet normal 3.938758e-01 9.191637e-01 6.719080e-16
    outer loop
      vertex   2.419922e+01 5.177374e+01 1.000000e+02
      vertex   2.079717e+01 5.323157e+01 9.500000e+01
      vertex   2.079717e+01 5.323157e+01 1.000000e+02
    endloop
  endfacet
  facet normal 3.335524e-01 9.427315e-01 3.193207e-16
    outer loop
      vertex   2.079717e+01 5.323157e+01 1.000000e+02
      vertex   2.079717e+01 5.323157e+01 9.500000e+01
      vertex   1.730788e+01 5.446613e+01 9.500000e+01
    endloop
  endfacet
  facet normal 3.335524e-01 9.427315e-01 1.391809e-15
    outer loop
      vertex   2.079717e+01 5.323157e+01 1.000000e+02
      vertex   1.730788e+01 5.446613e+01 9.500000e+01
      vertex   1.730788e+01 5.446613e+01 1.000000e+02
    endloop
  endfacet
  facet normal 2.718301e-01 9.623453e-01 1.158881e-15
    outer loop
      vertex   1.730788e+01 5.446613e+01 1.000000e+02
      vertex   1.730788e+01 5.446613e+01 9.500000e+01
      vertex   1.374600e+01 5.547224e+01 9.500000e+01
    endloop
  endfacet
  facet normal 2.718301e-01 9.623453e-01 1.463800e-15
    outer loop
      vertex   1.730788e+01 5.446613e+01 1.000000e+02
      vertex   1.374600e+01 5.547224e+01 9.500000e+01
      vertex   1.374600e+01 5.547224e+01 1.000000e+02
    endloop
  endfacet
  facet normal 2.089676e-01 9.779226e-01 1.113603e-15
    outer loop
      vertex   1.374600e+01 5.547224e+01 1.000000e+02
      vertex   1.374600e+01 5.547224e+01 9.500000e+01
      vertex   1.012647e+01 5.624569e+01 9.500000e+01
    endloop
  endfacet
  facet normal 2.089676e-01 9.779226e-01 -3.599507e-16
    outer loop
      vertex   1.374600e+01 5.547224e+01 1.000000e+02
      vertex   1.012647e+01 5.624569e+01 9.500000e+01
      vertex   1.012647e+01 5.624569e+01 1.000000e+02
    endloop
  endfacet
  facet normal 1.452286e-01 9.893981e-01 -6.836816e-16
    outer loop
      vertex   1.012647e+01 5.624569e+01 1.000000e+02
      vertex   1.012647e+01 5.624569e+01 9.500000e+01
      vertex   6.464455e+00 5.678321e+01 9.500000e+01
    endloop
  endfacet
  facet normal 1.452286e-01 9.893981e-01 -6.839064e-16
    outer loop
      vertex   1.012647e+01 5.624569e+01 1.000000e+02
      vertex   6.464455e+00 5.678321e+01 9.500000e+01
      vertex   6.464455e+00 5.678321e+01 1.000000e+02
    endloop
  endfacet
  facet normal 8.088044e-02 9.967238e-01 -1.014147e-15
    outer loop
      vertex   6.464455e+00 5.678321e+01 1.000000e+02
      vertex   6.464455e+00 5.678321e+01 9.500000e+01
      vertex   2.775331e+00 5.708257e+01 9.500000e+01
    endloop
  endfacet
  facet normal 8.088044e-02 9.967238e-01 4.079441e-16
    outer loop
      vertex   6.464455e+00 5.678321e+01 1.000000e+02
      vertex   2.775331e+00 5.708257e+01 9.500000e+01
      vertex   2.775331e+00 5.708257e+01 1.000000e+02
    endloop
  endfacet
  facet normal 1.619307e-02 9.998689e-01 8.197931e-17
    outer loop
      vertex   2.775331e+00 5.708257e+01 1.000000e+02
      vertex   2.775331e+00 5.708257e+01 9.500000e+01
      vertex   -9.254339e-01 5.714251e+01 9.500000e+01
    endloop
  endfacet
  facet normal 1.619307e-02 9.998689e-01 8.098891e-17
    outer loop
      vertex   2.775331e+00 5.708257e+01 1.000000e+02
      vertex   -9.254339e-01 5.714251e+01 9.500000e+01
      vertex   -9.254339e-01 5.714251e+01 1.000000e+02
    endloop
  endfacet
  facet normal -4.856222e-02 9.988202e-01 -2.447736e-16
    outer loop
      vertex   -9.254339e-01 5.714251e+01 1.000000e+02
      vertex   -9.254339e-01 5.714251e+01 9.500000e+01
      vertex   -4.622317e+00 5.696277e+01 9.500000e+01
    endloop
  endfacet
  facet normal -4.856222e-02 9.988202e-01 -3.659499e-16
    outer loop
      vertex   -9.254339e-01 5.714251e+01 1.000000e+02
      vertex   -4.622317e+00 5.696277e+01 9.500000e+01
      vertex   -4.622317e+00 5.696277e+01 1.000000e+02
    endloop
  endfacet
  facet normal -1.131138e-01 9.935820e-01 -8.439082e-16
    outer loop
      vertex   -4.622317e+00 5.696277e+01 1.000000e+02
      vertex   -4.622317e+00 5.696277e+01 9.500000e+01
      vertex   -8.299813e+00 5.654410e+01 9.500000e+01
    endloop
  endfacet
  facet normal -1.131138e-01 9.935820e-01 -8.518833e-16
    outer loop
      vertex   -4.622317e+00 5.696277e+01 1.000000e+02
      vertex   -8.299813e+00 5.654410e+01 9.500000e+01
      vertex   -8.299813e+00 5.654410e+01 1.000000e+02
    endloop
  endfacet
  facet normal -1.771910e-01 9.841765e-01 -1.321969e-15
    outer loop
      vertex   -8.299813e+00 5.654410e+01 1.000000e+02
      vertex   -8.299813e+00 5.654410e+01 9.500000e+01
      vertex   -1.194250e+01 5.588828e+01 9.500000e+01
    endloop
  endfacet
  facet normal -1.771910e-01 9.841765e-01 7.199014e-17
    outer loop
      vertex   -8.299813e+00 5.654410e+01 1.000000e+02
      vertex   -1.194250e+01 5.588828e+01 9.500000e+01
      vertex   -1.194250e+01 5.588828e+01 1.000000e+02
    endloop
  endfacet
  facet normal -2.405250e-01 9.706430e-01 -4.151176e-16
    outer loop
      vertex   -1.194250e+01 5.588828e+01 1.000000e+02
      vertex   -1.194250e+01 5.588828e+01 9.500000e+01
      vertex   -1.553509e+01 5.499803e+01 9.500000e+01
    endloop
  endfacet
  facet normal -2.405250e-01 9.706430e-01 -3.119573e-16
    outer loop
      vertex   -1.194250e+01 5.588828e+01 1.000000e+02
      vertex   -1.553509e+01 5.499803e+01 9.500000e+01
      vertex   -1.553509e+01 5.499803e+01 1.000000e+02
    endloop
  endfacet
  facet normal -3.028501e-01 9.530382e-01 -7.975305e-16
    outer loop
      vertex   -1.553509e+01 5.499803e+01 1.000000e+02
      vertex   -1.553509e+01 5.499803e+01 9.500000e+01
      vertex   -1.906252e+01 5.387711e+01 9.500000e+01
    endloop
  endfacet
  facet normal -3.028501e-01 9.530382e-01 -1.007862e-15
    outer loop
      vertex   -1.553509e+01 5.499803e+01 1.000000e+02
      vertex   -1.906252e+01 5.387711e+01 9.500000e+01
      vertex   -1.906252e+01 5.387711e+01 1.000000e+02
    endloop
  endfacet
  facet normal -3.639049e-01 9.314361e-01 -1.520620e-15
    outer loop
      vertex   -1.906252e+01 5.387711e+01 1.000000e+02
      vertex   -1.906252e+01 5.387711e+01 9.500000e+01
      vertex   -2.251000e+01 5.253020e+01 9.500000e+01
    endloop
  endfacet
  facet normal -3.639049e-01 9.314361e-01 1.391809e-15
    outer loop
      vertex   -1.906252e+01 5.387711e+01 1.000000e+02
      vertex   -2.251000e+01 5.253020e+01 9.500000e+01
      vertex   -2.251000e+01 5.253020e+01 1.000000e+02
    endloop
  endfacet
  facet normal -4.234335e-01 9.059272e-01 8.535243e-16
    outer loop
      vertex   -2.251000e+01 5.253020e+01 1.000000e+02
      vertex   -2.251000e+01 5.253020e+01 9.500000e+01
      vertex   -2.586306e+01 5.096297e+01 9.500000e+01
    endloop
  endfacet
  facet normal -4.234335e-01 9.059272e-01 -1.295823e-15
    outer loop
      vertex   -2.251000e+01 5.253020e+01 1.000000e+02
      vertex   -2.586306e+01 5.096297e+01 9.500000e+01
      vertex   -2.586306e+01 5.096297e+01 1.000000e+02
    endloop
  endfacet
  facet normal -4.811859e-01 8.766186e-01 -1.953242e-15
    outer loop
      vertex   -2.586306e+01 5.096297e+01 1.000000e+02
      vertex   -2.586306e+01 5.096297e+01 9.500000e+01
      vertex   -2.910765e+01 4.918198e+01 9.500000e+01
    endloop
  endfacet
  facet normal -4.811859e-01 8.766186e-01 5.279277e-16
    outer loop
      vertex   -2.586306e+01 5.096297e+01 1.000000e+02
      vertex   -2.910765e+01 4.918198e+01 9.500000e+01
      vertex   -2.910765e+01 4.918198e+01 1.000000e+02
    endloop
  endfacet
  facet normal -5.369202e-01 8.436331e-01 -1.640628e-16
    outer loop
      vertex   -2.910765e+01 4.918198e+01 1.000000e+02
      vertex   -2.910765e+01 4.918198e+01 9.500000e+01
      vertex   -3.223014e+01 4.719471e+01 9.500000e+01
    endloop
  endfacet
  facet normal -5.369202e-01 8.436331e-01 9.598686e-16
    outer loop
      vertex   -2.910765e+01 4.918198e+01 1.000000e+02
      vertex   -3.223014e+01 4.719471e+01 9.500000e+01
      vertex   -3.223014e+01 4.719471e+01 1.000000e+02
    endloop
  endfacet
  facet normal -5.904024e-01 8.071091e-01 3.928227e-16
    outer loop
      vertex   -3.223014e+01 4.719471e+01 1.000000e+02
      vertex   -3.223014e+01 4.719471e+01 9.500000e+01
      vertex   -3.521746e+01 4.500948e+01 9.500000e+01
    endloop
  endfacet
  facet normal -5.904024e-01 8.071091e-01 3.839474e-16
    outer loop
      vertex   -3.223014e+01 4.719471e+01 1.000000e+02
      vertex   -3.521746e+01 4.500948e+01 9.500000e+01
      vertex   -3.521746e+01 4.500948e+01 1.000000e+02
    endloop
  endfacet
  facet normal -6.414082e-01 7.671998e-01 -1.964537e-16
    outer loop
      vertex   -3.521746e+01 4.500948e+01 1.000000e+02
      vertex   -3.521746e+01 4.500948e+01 9.500000e+01
      vertex   -3.805706e+01 4.263547e+01 9.500000e+01
    endloop
  endfacet
  facet normal -6.414082e-01 7.671998e-01 0.000000e+00
    outer loop
      vertex   -3.521746e+01 4.500948e+01 1.000000e+02
      vertex   -3.805706e+01 4.263547e+01 9.500000e+01
      vertex   -3.805706e+01 4.263547e+01 1.000000e+02
    endloop
  endfacet
  facet normal -6.897238e-01 7.240726e-01 -7.360935e-16
    outer loop
      vertex   -3.805706e+01 4.263547e+01 1.000000e+02
      vertex   -3.805706e+01 4.263547e+01 9.500000e+01
      vertex   -4.073703e+01 4.008263e+01 9.500000e+01
    endloop
  endfacet
  facet normal -6.897238e-01 7.240726e-01 -1.679770e-15
    outer loop
      vertex   -3.805706e+01 4.263547e+01 1.000000e+02
      vertex   -4.073703e+01 4.008263e+01 9.500000e+01
      vertex   -4.073703e+01 4.008263e+01 1.000000e+02
    endloop
  endfacet
  facet normal -7.351464e-01 6.779084e-01 -2.496112e-15
    outer loop
      vertex   -4.073703e+01 4.008263e+01 1.000000e+02
      vertex   -4.073703e+01 4.008263e+01 9.500000e+01
      vertex   -4.324614e+01 3.736167e+01 9.500000e+01
    endloop
  endfacet
  facet normal -7.351464e-01 6.779084e-01 1.679770e-15
    outer loop
      vertex   -4.073703e+01 4.008263e+01 1.000000e+02
      vertex   -4.324614e+01 3.736167e+01 9.500000e+01
      vertex   -4.324614e+01 3.736167e+01 1.000000e+02
    endloop
  endfacet
  facet normal -7.774856e-01 6.289008e-01 1.153989e-15
    outer loop
      vertex   -4.324614e+01 3.736167e+01 1.000000e+02
      vertex   -4.324614e+01 3.736167e+01 9.500000e+01
      vertex   -4.557386e+01 3.448400e+01 9.500000e+01
    endloop
  endfacet
  facet normal -7.774856e-01 6.289008e-01 7.199014e-16
    outer loop
      vertex   -4.324614e+01 3.736167e+01 1.000000e+02
      vertex   -4.557386e+01 3.448400e+01 9.500000e+01
      vertex   -4.557386e+01 3.448400e+01 1.000000e+02
    endloop
  endfacet
  facet normal -8.165637e-01 5.772554e-01 -5.972906e-17
    outer loop
      vertex   -4.557386e+01 3.448400e+01 1.000000e+02
      vertex   -4.557386e+01 3.448400e+01 9.500000e+01
      vertex   -4.771042e+01 3.146169e+01 9.500000e+01
    endloop
  endfacet
  facet normal -8.165637e-01 5.772554e-01 -1.679770e-15
    outer loop
      vertex   -4.557386e+01 3.448400e+01 1.000000e+02
      vertex   -4.771042e+01 3.146169e+01 9.500000e+01
      vertex   -4.771042e+01 3.146169e+01 1.000000e+02
    endloop
  endfacet
  facet normal -8.522168e-01 5.231888e-01 -2.337885e-15
    outer loop
      vertex   -4.771042e+01 3.146169e+01 1.000000e+02
      vertex   -4.771042e+01 3.146169e+01 9.500000e+01
      vertex   -4.964688e+01 2.830742e+01 9.500000e+01
    endloop
  endfacet
  facet normal -8.522168e-01 5.231888e-01 -3.839474e-16
    outer loop
      vertex   -4.771042e+01 3.146169e+01 1.000000e+02
      vertex   -4.964688e+01 2.830742e+01 9.500000e+01
      vertex   -4.964688e+01 2.830742e+01 1.000000e+02
    endloop
  endfacet
  facet normal -8.842955e-01 4.669277e-01 -1.045373e-15
    outer loop
      vertex   -4.964688e+01 2.830742e+01 1.000000e+02
      vertex   -4.964688e+01 2.830742e+01 9.500000e+01
      vertex   -5.137509e+01 2.503442e+01 9.500000e+01
    endloop
  endfacet
  facet normal -8.842955e-01 4.669277e-01 5.279277e-16
    outer loop
      vertex   -4.964688e+01 2.830742e+01 1.000000e+02
      vertex   -5.137509e+01 2.503442e+01 9.500000e+01
      vertex   -5.137509e+01 2.503442e+01 1.000000e+02
    endloop
  endfacet
  facet normal -9.126651e-01 4.087082e-01 -1.156651e-16
    outer loop
      vertex   -5.137509e+01 2.503442e+01 1.000000e+02
      vertex   -5.137509e+01 2.503442e+01 9.500000e+01
      vertex   -5.288782e+01 2.165642e+01 9.500000e+01
    endloop
  endfacet
  facet normal -9.126651e-01 4.087082e-01 -1.439803e-16
    outer loop
      vertex   -5.137509e+01 2.503442e+01 1.000000e+02
      vertex   -5.288782e+01 2.165642e+01 9.500000e+01
      vertex   -5.288782e+01 2.165642e+01 1.000000e+02
    endloop
  endfacet
  facet normal -9.372067e-01 3.487744e-01 -7.739039e-16
    outer loop
      vertex   -5.288782e+01 2.165642e+01 1.000000e+02
      vertex   -5.288782e+01 2.165642e+01 9.500000e+01
      vertex   -5.417872e+01 1.818759e+01 9.500000e+01
    endloop
  endfacet
  facet normal -9.372067e-01 3.487744e-01 5.759211e-16
    outer loop
      vertex   -5.288782e+01 2.165642e+01 1.000000e+02
      vertex   -5.417872e+01 1.818759e+01 9.500000e+01
      vertex   -5.417872e+01 1.818759e+01 1.000000e+02
    endloop
  endfacet
  facet normal -9.578173e-01 2.873778e-01 -6.775629e-17
    outer loop
      vertex   -5.417872e+01 1.818759e+01 1.000000e+02
      vertex   -5.417872e+01 1.818759e+01 9.500000e+01
      vertex   -5.524238e+01 1.464246e+01 9.500000e+01
    endloop
  endfacet
  facet normal -9.578173e-01 2.873778e-01 1.487796e-15
    outer loop
      vertex   -5.417872e+01 1.818759e+01 1.000000e+02
      vertex   -5.524238e+01 1.464246e+01 9.500000e+01
      vertex   -5.524238e+01 1.464246e+01 1.000000e+02
    endloop
  endfacet
  facet normal -9.744105e-01 2.247757e-01 8.512580e-16
    outer loop
      vertex   -5.524238e+01 1.464246e+01 1.000000e+02
      vertex   -5.524238e+01 1.464246e+01 9.500000e+01
      vertex   -5.607433e+01 1.103593e+01 9.500000e+01
    endloop
  endfacet
  facet normal -9.744105e-01 2.247757e-01 -5.999179e-16
    outer loop
      vertex   -5.524238e+01 1.464246e+01 1.000000e+02
      vertex   -5.607433e+01 1.103593e+01 9.500000e+01
      vertex   -5.607433e+01 1.103593e+01 1.000000e+02
    endloop
  endfacet
  facet normal -9.869167e-01 1.612309e-01 -1.258406e-15
    outer loop
      vertex   -5.607433e+01 1.103593e+01 1.000000e+02
      vertex   -5.607433e+01 1.103593e+01 9.500000e+01
      vertex   -5.667109e+01 7.383102e+00 9.500000e+01
    endloop
  endfacet
  facet normal -9.869167e-01 1.612309e-01 1.679770e-16
    outer loop
      vertex   -5.607433e+01 1.103593e+01 1.000000e+02
      vertex   -5.667109e+01 7.383102e+00 9.500000e+01
      vertex   -5.667109e+01 7.383102e+00 1.000000e+02
    endloop
  endfacet
  facet normal -9.952834e-01 9.700985e-02 -4.666002e-16
    outer loop
      vertex   -5.667109e+01 7.383102e+00 1.000000e+02
      vertex   -5.667109e+01 7.383102e+00 9.500000e+01
      vertex   -5.703015e+01 3.699309e+00 9.500000e+01
    endloop
  endfacet
  facet normal -0.000000e+00 0.000000e+00 -1.000000e+00
    outer loop
      vertex   -5.087848e+01 -3.518548e+00 9.500000e+01
      vertex   -5.703015e+01 -3.699309e+00 9.500000e+01
      vertex   -5.100000e+01 -6.245699e-15 9.500000e+01
    endloop
  endfacet
  facet normal 0.000000e+00 0.000000e+00 -1.000000e+00
    outer loop
      vertex   -5.100000e+01 -6.245699e-15 9.500000e+01
      vertex   -5.703015e+01 -3.699309e+00 9.500000e+01
      vertex   -5.715000e+01 -6.998856e-15 9.500000e+01
    endloop
  endfacet
  facet normal -0.000000e+00 0.000000e+00 -1.000000e+00
    outer loop
      vertex   -5.100000e+01 -6.245699e-15 9.500000e+01
      vertex   -5.715000e+01 -6.998856e-15 9.500000e+01
      vertex   -5.703015e+01 3.699309e+00 9.500000e+01
    endloop
  endfacet
  facet normal 0.000000e+00 0.000000e+00 -1.000000e+00
    outer loop
      vertex   -5.703015e+01 -3.699309e+00 9.500000e+01
      vertex   -5.087848e+01 -3.518548e+00 9.500000e+01
      vertex   -5.667109e+01 -7.383102e+00 9.500000e+01
    endloop
  endfacet
  facet normal 0.000000e+00 0.000000e+00 -1.000000e+00
    outer loop
      vertex   -5.667109e+01 -7.383102e+00 9.500000e+01
      vertex   -5.087848e+01 -3.518548e+00 9.500000e+01
      vertex   -5.051450e+01 -7.020329e+00 9.500000e+01
    endloop
  endfacet
  facet normal 0.000000e+00 0.000000e+00 -1.000000e+00
    outer loop
      vertex   -5.667109e+01 -7.383102e+00 9.500000e+01
      vertex   -5.051450e+01 -7.020329e+00 9.500000e+01
      vertex   -5.607433e+01 -1.103593e+01 9.500000e+01
    endloop
  endfacet
  facet normal 0.000000e+00 0.000000e+00 -1.000000e+00
    outer loop
      vertex   -5.607433e+01 -1.103593e+01 9.500000e+01
      vertex   -5.051450e+01 -7.020329e+00 9.500000e+01
      vertex   -4.990980e+01 -1.048866e+01 9.500000e+01
    endloop
  endfacet
  facet normal 0.000000e+00 0.000000e+00 -1.000000e+00
    outer loop
      vertex   -5.607433e+01 -1.103593e+01 9.500000e+01
      vertex   -4.990980e+01 -1.048866e+01 9.500000e+01
      vertex   -5.524238e+01 -1.464246e+01 9.500000e+01
    endloop
  endfacet
  facet normal 0.000000e+00 0.000000e+00 -1.000000e+00
    outer loop
      vertex   -5.524238e+01 -1.464246e+01 9.500000e+01
      vertex   -4.990980e+01 -1.048866e+01 9.500000e+01
      vertex   -4.906725e+01 -1.390700e+01 9.500000e+01
    endloop
  endfacet
  facet normal 0.000000e+00 0.000000e+00 -1.000000e+00
    outer loop
      vertex   -5.524238e+01 -1.464246e+01 9.500000e+01
      vertex   -4.906725e+01 -1.390700e+01 9.500000e+01
      vertex   -5.417872e+01 -1.818759e+01 9.500000e+01
    endloop
  endfacet
  facet normal 0.000000e+00 0.000000e+00 -1.000000e+00
    outer loop
      vertex   -5.417872e+01 -1.818759e+01 9.500000e+01
      vertex   -4.906725e+01 -1.390700e+01 9.500000e+01
      vertex   -4.799088e+01 -1.725907e+01 9.500000e+01
    endloop
  endfacet
  facet normal 0.000000e+00 0.000000e+00 -1.000000e+00
    outer loop
      vertex   -5.417872e+01 -1.818759e+01 9.500000e+01
      vertex   -4.799088e+01 -1.725907e+01 9.500000e+01
      vertex   -5.288782e+01 -2.165642e+01 9.500000e+01
    endloop
  endfacet
  facet normal 0.000000e+00 0.000000e+00 -1.000000e+00
    outer loop
      vertex   -5.288782e+01 -2.165642e+01 9.500000e+01
      vertex   -4.799088e+01 -1.725907e+01 9.500000e+01
      vertex   -4.668581e+01 -2.052889e+01 9.500000e+01
    endloop
  endfacet
  facet normal 0.000000e+00 0.000000e+00 -1.000000e+00
    outer loop
      vertex   -5.288782e+01 -2.165642e+01 9.500000e+01
      vertex   -4.668581e+01 -2.052889e+01 9.500000e+01
      vertex   -5.137509e+01 -2.503442e+01 9.500000e+01
    endloop
  endfacet
  facet normal 0.000000e+00 0.000000e+00 -1.000000e+00
    outer loop
      vertex   -5.137509e+01 -2.503442e+01 9.500000e+01
      vertex   -4.668581e+01 -2.052889e+01 9.500000e+01
      vertex   -4.515826e+01 -2.370088e+01 9.500000e+01
    endloop
  endfacet
  facet normal 0.000000e+00 0.000000e+00 -1.000000e+00
    outer loop
      vertex   -5.137509e+01 -2.503442e+01 9.500000e+01
      vertex   -4.515826e+01 -2.370088e+01 9.500000e+01
      vertex   -4.964688e+01 -2.830742e+01 9.500000e+01
    endloop
  endfacet
  facet normal 0.000000e+00 0.000000e+00 -1.000000e+00
    outer loop
      vertex   -4.964688e+01 -2.830742e+01 9.500000e+01
      vertex   -4.515826e+01 -2.370088e+01 9.500000e+01
      vertex   -4.341551e+01 -2.675993e+01 9.500000e+01
    endloop
  endfacet
  facet normal 0.000000e+00 0.000000e+00 -1.000000e+00
    outer loop
      vertex   -4.964688e+01 -2.830742e+01 9.500000e+01
      vertex   -4.341551e+01 -2.675993e+01 9.500000e+01
      vertex   -4.771042e+01 -3.146169e+01 9.500000e+01
    endloop
  endfacet
  facet normal 0.000000e+00 0.000000e+00 -1.000000e+00
    outer loop
      vertex   -4.771042e+01 -3.146169e+01 9.500000e+01
      vertex   -4.341551e+01 -2.675993e+01 9.500000e+01
      vertex   -4.146586e+01 -2.969145e+01 9.500000e+01
    endloop
  endfacet
  facet normal 0.000000e+00 0.000000e+00 -1.000000e+00
    outer loop
      vertex   -4.771042e+01 -3.146169e+01 9.500000e+01
      vertex   -4.146586e+01 -2.969145e+01 9.500000e+01
      vertex   -4.557386e+01 -3.448400e+01 9.500000e+01
    endloop
  endfacet
  facet normal 0.000000e+00 0.000000e+00 -1.000000e+00
    outer loop
      vertex   -4.557386e+01 -3.448400e+01 9.500000e+01
      vertex   -4.146586e+01 -2.969145e+01 9.500000e+01
      vertex   -3.931861e+01 -3.248148e+01 9.500000e+01
    endloop
  endfacet
  facet normal 0.000000e+00 0.000000e+00 -1.000000e+00
    outer loop
      vertex   -4.557386e+01 -3.448400e+01 9.500000e+01
      vertex   -3.931861e+01 -3.248148e+01 9.500000e+01
      vertex   -4.324614e+01 -3.736167e+01 9.500000e+01
    endloop
  endfacet
  facet normal 0.000000e+00 0.000000e+00 -1.000000e+00
    outer loop
      vertex   -4.324614e+01 -3.736167e+01 9.500000e+01
      vertex   -3.931861e+01 -3.248148e+01 9.500000e+01
      vertex   -3.698399e+01 -3.511672e+01 9.500000e+01
    endloop
  endfacet
  facet normal 0.000000e+00 0.000000e+00 -1.000000e+00
    outer loop
      vertex   -4.324614e+01 -3.736167e+01 9.500000e+01
      vertex   -3.698399e+01 -3.511672e+01 9.500000e+01
      vertex   -4.073703e+01 -4.008263e+01 9.500000e+01
    endloop
  endfacet
  facet normal 0.000000e+00 0.000000e+00 -1.000000e+00
    outer loop
      vertex   -4.073703e+01 -4.008263e+01 9.500000e+01
      vertex   -3.698399e+01 -3.511672e+01 9.500000e+01
      vertex   -3.447313e+01 -3.758462e+01 9.500000e+01
    endloop
  endfacet
  facet normal 0.000000e+00 0.000000e+00 -1.000000e+00
    outer loop
      vertex   -4.073703e+01 -4.008263e+01 9.500000e+01
      vertex   -3.447313e+01 -3.758462e+01 9.500000e+01
      vertex   -3.805706e+01 -4.263547e+01 9.500000e+01
    endloop
  endfacet
  facet normal 0.000000e+00 0.000000e+00 -1.000000e+00
    outer loop
      vertex   -3.805706e+01 -4.263547e+01 9.500000e+01
      vertex   -3.447313e+01 -3.758462e+01 9.500000e+01
      vertex   -3.179798e+01 -3.987341e+01 9.500000e+01
    endloop
  endfacet
  facet normal 0.000000e+00 0.000000e+00 -1.000000e+00
    outer loop
      vertex   -3.805706e+01 -4.263547e+01 9.500000e+01
      vertex   -3.179798e+01 -3.987341e+01 9.500000e+01
      vertex   -3.521746e+01 -4.500948e+01 9.500000e+01
    endloop
  endfacet
  facet normal 0.000000e+00 0.000000e+00 -1.000000e+00
    outer loop
      vertex   -3.521746e+01 -4.500948e+01 9.500000e+01
      vertex   -3.179798e+01 -3.987341e+01 9.500000e+01
      vertex   -2.897130e+01 -4.197218e+01 9.500000e+01
    endloop
  endfacet
  facet normal 0.000000e+00 0.000000e+00 -1.000000e+00
    outer loop
      vertex   -3.521746e+01 -4.500948e+01 9.500000e+01
      vertex   -2.897130e+01 -4.197218e+01 9.500000e+01
      vertex   -3.223014e+01 -4.719471e+01 9.500000e+01
    endloop
  endfacet
  facet normal 0.000000e+00 0.000000e+00 -1.000000e+00
    outer loop
      vertex   -3.223014e+01 -4.719471e+01 9.500000e+01
      vertex   -2.897130e+01 -4.197218e+01 9.500000e+01
      vertex   -2.600656e+01 -4.387093e+01 9.500000e+01
    endloop
  endfacet
  facet normal 0.000000e+00 0.000000e+00 -1.000000e+00
    outer loop
      vertex   -3.223014e+01 -4.719471e+01 9.500000e+01
      vertex   -2.600656e+01 -4.387093e+01 9.500000e+01
      vertex   -2.910765e+01 -4.918198e+01 9.500000e+01
    endloop
  endfacet
  facet normal 0.000000e+00 0.000000e+00 -1.000000e+00
    outer loop
      vertex   -2.910765e+01 -4.918198e+01 9.500000e+01
      vertex   -2.600656e+01 -4.387093e+01 9.500000e+01
      vertex   -2.586306e+01 -5.096297e+01 9.500000e+01
    endloop
  endfacet
  facet normal 0.000000e+00 0.000000e+00 -1.000000e+00
    outer loop
      vertex   -2.586306e+01 -5.096297e+01 9.500000e+01
      vertex   -2.600656e+01 -4.387093e+01 9.500000e+01
      vertex   -2.291789e+01 -4.556062e+01 9.500000e+01
    endloop
  endfacet
  facet normal 0.000000e+00 0.000000e+00 -1.000000e+00
    outer loop
      vertex   -2.586306e+01 -5.096297e+01 9.500000e+01
      vertex   -2.291789e+01 -4.556062e+01 9.500000e+01
      vertex   -2.251000e+01 -5.253020e+01 9.500000e+01
    endloop
  endfacet
  facet normal 0.000000e+00 0.000000e+00 -1.000000e+00
    outer loop
      vertex   -2.251000e+01 -5.253020e+01 9.500000e+01
      vertex   -2.291789e+01 -4.556062e+01 9.500000e+01
      vertex   -1.972000e+01 -4.703320e+01 9.500000e+01
    endloop
  endfacet
  facet normal 0.000000e+00 0.000000e+00 -1.000000e+00
    outer loop
      vertex   -2.251000e+01 -5.253020e+01 9.500000e+01
      vertex   -1.972000e+01 -4.703320e+01 9.500000e+01
      vertex   -1.906252e+01 -5.387711e+01 9.500000e+01
    endloop
  endfacet
  facet normal 0.000000e+00 0.000000e+00 -1.000000e+00
    outer loop
      vertex   -1.906252e+01 -5.387711e+01 9.500000e+01
      vertex   -1.972000e+01 -4.703320e+01 9.500000e+01
      vertex   -1.642814e+01 -4.828163e+01 9.500000e+01
    endloop
  endfacet
  facet normal 0.000000e+00 0.000000e+00 -1.000000e+00
    outer loop
      vertex   -1.906252e+01 -5.387711e+01 9.500000e+01
      vertex   -1.642814e+01 -4.828163e+01 9.500000e+01
      vertex   -1.553509e+01 -5.499803e+01 9.500000e+01
    endloop
  endfacet
  facet normal 0.000000e+00 0.000000e+00 -1.000000e+00
    outer loop
      vertex   -1.553509e+01 -5.499803e+01 9.500000e+01
      vertex   -1.642814e+01 -4.828163e+01 9.500000e+01
      vertex   -1.305799e+01 -4.929999e+01 9.500000e+01
    endloop
  endfacet
  facet normal 0.000000e+00 0.000000e+00 -1.000000e+00
    outer loop
      vertex   -1.553509e+01 -5.499803e+01 9.500000e+01
      vertex   -1.305799e+01 -4.929999e+01 9.500000e+01
      vertex   -1.194250e+01 -5.588828e+01 9.500000e+01
    endloop
  endfacet
  facet normal 0.000000e+00 0.000000e+00 -1.000000e+00
    outer loop
      vertex   -1.194250e+01 -5.588828e+01 9.500000e+01
      vertex   -1.305799e+01 -4.929999e+01 9.500000e+01
      vertex   -9.625617e+00 -5.008341e+01 9.500000e+01
    endloop
  endfacet
  facet normal 0.000000e+00 0.000000e+00 -1.000000e+00
    outer loop
      vertex   -1.194250e+01 -5.588828e+01 9.500000e+01
      vertex   -9.625617e+00 -5.008341e+01 9.500000e+01
      vertex   -8.299813e+00 -5.654410e+01 9.500000e+01
    endloop
  endfacet
  facet normal 0.000000e+00 0.000000e+00 -1.000000e+00
    outer loop
      vertex   -8.299813e+00 -5.654410e+01 9.500000e+01
      vertex   -9.625617e+00 -5.008341e+01 9.500000e+01
      vertex   -6.147371e+00 -5.062815e+01 9.500000e+01
    endloop
  endfacet
  facet normal 0.000000e+00 0.000000e+00 -1.000000e+00
    outer loop
      vertex   -8.299813e+00 -5.654410e+01 9.500000e+01
      vertex   -6.147371e+00 -5.062815e+01 9.500000e+01
      vertex   -4.622317e+00 -5.696277e+01 9.500000e+01
    endloop
  endfacet
  facet normal 0.000000e+00 0.000000e+00 -1.000000e+00
    outer loop
      vertex   -4.622317e+00 -5.696277e+01 9.500000e+01
      vertex   -6.147371e+00 -5.062815e+01 9.500000e+01
      vertex   -2.639829e+00 -5.093163e+01 9.500000e+01
    endloop
  endfacet
  facet normal 0.000000e+00 0.000000e+00 -1.000000e+00
    outer loop
      vertex   -4.622317e+00 -5.696277e+01 9.500000e+01
      vertex   -2.639829e+00 -5.093163e+01 9.500000e+01
      vertex   -9.254339e-01 -5.714251e+01 9.500000e+01
    endloop
  endfacet
  facet normal 0.000000e+00 0.000000e+00 -1.000000e+00
    outer loop
      vertex   -9.254339e-01 -5.714251e+01 9.500000e+01
      vertex   -2.639829e+00 -5.093163e+01 9.500000e+01
      vertex   8.802927e-01 -5.099240e+01 9.500000e+01
    endloop
  endfacet
  facet normal 0.000000e+00 0.000000e+00 -1.000000e+00
    outer loop
      vertex   -9.254339e-01 -5.714251e+01 9.500000e+01
      vertex   8.802927e-01 -5.099240e+01 9.500000e+01
      vertex   2.775331e+00 -5.708257e+01 9.500000e+01
    endloop
  endfacet
  facet normal 0.000000e+00 0.000000e+00 -1.000000e+00
    outer loop
      vertex   2.775331e+00 -5.708257e+01 9.500000e+01
      vertex   8.802927e-01 -5.099240e+01 9.500000e+01
      vertex   4.396219e+00 -5.081017e+01 9.500000e+01
    endloop
  endfacet
  facet normal 0.000000e+00 0.000000e+00 -1.000000e+00
    outer loop
      vertex   2.775331e+00 -5.708257e+01 9.500000e+01
      vertex   4.396219e+00 -5.081017e+01 9.500000e+01
      vertex   6.464455e+00 -5.678321e+01 9.500000e+01
    endloop
  endfacet
  facet normal 0.000000e+00 0.000000e+00 -1.000000e+00
    outer loop
      vertex   6.464455e+00 -5.678321e+01 9.500000e+01
      vertex   4.396219e+00 -5.081017e+01 9.500000e+01
      vertex   7.891196e+00 -5.038580e+01 9.500000e+01
    endloop
  endfacet
  facet normal 0.000000e+00 0.000000e+00 -1.000000e+00
    outer loop
      vertex   6.464455e+00 -5.678321e+01 9.500000e+01
      vertex   7.891196e+00 -5.038580e+01 9.500000e+01
      vertex   1.012647e+01 -5.624569e+01 9.500000e+01
    endloop
  endfacet
  facet normal 0.000000e+00 0.000000e+00 -1.000000e+00
    outer loop
      vertex   1.012647e+01 -5.624569e+01 9.500000e+01
      vertex   7.891196e+00 -5.038580e+01 9.500000e+01
      vertex   1.134857e+01 -4.972132e+01 9.500000e+01
    endloop
  endfacet
  facet normal 0.000000e+00 0.000000e+00 -1.000000e+00
    outer loop
      vertex   1.012647e+01 -5.624569e+01 9.500000e+01
      vertex   1.134857e+01 -4.972132e+01 9.500000e+01
      vertex   1.374600e+01 -5.547224e+01 9.500000e+01
    endloop
  endfacet
  facet normal 0.000000e+00 0.000000e+00 -1.000000e+00
    outer loop
      vertex   1.374600e+01 -5.547224e+01 9.500000e+01
      vertex   1.134857e+01 -4.972132e+01 9.500000e+01
      vertex   1.475186e+01 -4.881990e+01 9.500000e+01
    endloop
  endfacet
  facet normal 0.000000e+00 0.000000e+00 -1.000000e+00
    outer loop
      vertex   1.374600e+01 -5.547224e+01 9.500000e+01
      vertex   1.475186e+01 -4.881990e+01 9.500000e+01
      vertex   1.730788e+01 -5.446613e+01 9.500000e+01
    endloop
  endfacet
  facet normal 0.000000e+00 0.000000e+00 -1.000000e+00
    outer loop
      vertex   1.730788e+01 -5.446613e+01 9.500000e+01
      vertex   1.475186e+01 -4.881990e+01 9.500000e+01
      vertex   1.808485e+01 -4.768583e+01 9.500000e+01
    endloop
  endfacet
  facet normal 0.000000e+00 0.000000e+00 -1.000000e+00
    outer loop
      vertex   1.730788e+01 -5.446613e+01 9.500000e+01
      vertex   1.808485e+01 -4.768583e+01 9.500000e+01
      vertex   2.079717e+01 -5.323157e+01 9.500000e+01
    endloop
  endfacet
  facet normal 0.000000e+00 0.000000e+00 -1.000000e+00
    outer loop
      vertex   2.079717e+01 -5.323157e+01 9.500000e+01
      vertex   1.808485e+01 -4.768583e+01 9.500000e+01
      vertex   2.133166e+01 -4.632451e+01 9.500000e+01
    endloop
  endfacet
  facet normal 0.000000e+00 0.000000e+00 -1.000000e+00
    outer loop
      vertex   2.079717e+01 -5.323157e+01 9.500000e+01
      vertex   2.133166e+01 -4.632451e+01 9.500000e+01
      vertex   2.419922e+01 -5.177374e+01 9.500000e+01
    endloop
  endfacet
  facet normal 0.000000e+00 0.000000e+00 -1.000000e+00
    outer loop
      vertex   2.419922e+01 -5.177374e+01 9.500000e+01
      vertex   2.133166e+01 -4.632451e+01 9.500000e+01
      vertex   2.447681e+01 -4.474244e+01 9.500000e+01
    endloop
  endfacet
  facet normal 0.000000e+00 0.000000e+00 -1.000000e+00
    outer loop
      vertex   2.419922e+01 -5.177374e+01 9.500000e+01
      vertex   2.447681e+01 -4.474244e+01 9.500000e+01
      vertex   2.749978e+01 -5.009875e+01 9.500000e+01
    endloop
  endfacet
  facet normal 0.000000e+00 0.000000e+00 -1.000000e+00
    outer loop
      vertex   2.749978e+01 -5.009875e+01 9.500000e+01
      vertex   2.447681e+01 -4.474244e+01 9.500000e+01
      vertex   3.068499e+01 -4.821363e+01 9.500000e+01
    endloop
  endfacet
  facet normal 0.000000e+00 0.000000e+00 -1.000000e+00
    outer loop
      vertex   3.068499e+01 -4.821363e+01 9.500000e+01
      vertex   2.447681e+01 -4.474244e+01 9.500000e+01
      vertex   2.750532e+01 -4.294715e+01 9.500000e+01
    endloop
  endfacet
  facet normal 0.000000e+00 0.000000e+00 -1.000000e+00
    outer loop
      vertex   3.068499e+01 -4.821363e+01 9.500000e+01
      vertex   2.750532e+01 -4.294715e+01 9.500000e+01
      vertex   3.374150e+01 -4.612628e+01 9.500000e+01
    endloop
  endfacet
  facet normal 0.000000e+00 0.000000e+00 -1.000000e+00
    outer loop
      vertex   3.374150e+01 -4.612628e+01 9.500000e+01
      vertex   2.750532e+01 -4.294715e+01 9.500000e+01
      vertex   3.040276e+01 -4.094719e+01 9.500000e+01
    endloop
  endfacet
  facet normal 0.000000e+00 0.000000e+00 -1.000000e+00
    outer loop
      vertex   3.374150e+01 -4.612628e+01 9.500000e+01
      vertex   3.040276e+01 -4.094719e+01 9.500000e+01
      vertex   3.665648e+01 -4.384547e+01 9.500000e+01
    endloop
  endfacet
  facet normal 0.000000e+00 0.000000e+00 -1.000000e+00
    outer loop
      vertex   3.665648e+01 -4.384547e+01 9.500000e+01
      vertex   3.040276e+01 -4.094719e+01 9.500000e+01
      vertex   3.315531e+01 -3.875210e+01 9.500000e+01
    endloop
  endfacet
  facet normal 0.000000e+00 0.000000e+00 -1.000000e+00
    outer loop
      vertex   3.665648e+01 -4.384547e+01 9.500000e+01
      vertex   3.315531e+01 -3.875210e+01 9.500000e+01
      vertex   3.941771e+01 -4.138075e+01 9.500000e+01
    endloop
  endfacet
  facet normal 0.000000e+00 0.000000e+00 -1.000000e+00
    outer loop
      vertex   3.941771e+01 -4.138075e+01 9.500000e+01
      vertex   3.315531e+01 -3.875210e+01 9.500000e+01
      vertex   3.574986e+01 -3.637234e+01 9.500000e+01
    endloop
  endfacet
  facet normal 0.000000e+00 0.000000e+00 -1.000000e+00
    outer loop
      vertex   3.941771e+01 -4.138075e+01 9.500000e+01
      vertex   3.574986e+01 -3.637234e+01 9.500000e+01
      vertex   4.201362e+01 -3.874246e+01 9.500000e+01
    endloop
  endfacet
  facet normal 0.000000e+00 0.000000e+00 -1.000000e+00
    outer loop
      vertex   4.201362e+01 -3.874246e+01 9.500000e+01
      vertex   3.574986e+01 -3.637234e+01 9.500000e+01
      vertex   3.817405e+01 -3.381926e+01 9.500000e+01
    endloop
  endfacet
  facet normal 0.000000e+00 0.000000e+00 -1.000000e+00
    outer loop
      vertex   4.201362e+01 -3.874246e+01 9.500000e+01
      vertex   3.817405e+01 -3.381926e+01 9.500000e+01
      vertex   4.443330e+01 -3.594168e+01 9.500000e+01
    endloop
  endfacet
  facet normal 0.000000e+00 0.000000e+00 -1.000000e+00
    outer loop
      vertex   4.443330e+01 -3.594168e+01 9.500000e+01
      vertex   3.817405e+01 -3.381926e+01 9.500000e+01
      vertex   4.041632e+01 -3.110500e+01 9.500000e+01
    endloop
  endfacet
  facet normal 0.000000e+00 0.000000e+00 -1.000000e+00
    outer loop
      vertex   4.443330e+01 -3.594168e+01 9.500000e+01
      vertex   4.041632e+01 -3.110500e+01 9.500000e+01
      vertex   4.666661e+01 -3.299015e+01 9.500000e+01
    endloop
  endfacet
  facet normal 0.000000e+00 0.000000e+00 -1.000000e+00
    outer loop
      vertex   4.666661e+01 -3.299015e+01 9.500000e+01
      vertex   4.041632e+01 -3.110500e+01 9.500000e+01
      vertex   4.246599e+01 -2.824252e+01 9.500000e+01
    endloop
  endfacet
  facet normal 0.000000e+00 0.000000e+00 -1.000000e+00
    outer loop
      vertex   4.666661e+01 -3.299015e+01 9.500000e+01
      vertex   4.246599e+01 -2.824252e+01 9.500000e+01
      vertex   4.870419e+01 -2.990024e+01 9.500000e+01
    endloop
  endfacet
  facet normal 0.000000e+00 0.000000e+00 -1.000000e+00
    outer loop
      vertex   4.870419e+01 -2.990024e+01 9.500000e+01
      vertex   4.246599e+01 -2.824252e+01 9.500000e+01
      vertex   4.431329e+01 -2.524545e+01 9.500000e+01
    endloop
  endfacet
  facet normal 0.000000e+00 0.000000e+00 -1.000000e+00
    outer loop
      vertex   4.870419e+01 -2.990024e+01 9.500000e+01
      vertex   4.431329e+01 -2.524545e+01 9.500000e+01
      vertex   5.053749e+01 -2.668492e+01 9.500000e+01
    endloop
  endfacet
  facet normal 0.000000e+00 0.000000e+00 -1.000000e+00
    outer loop
      vertex   5.053749e+01 -2.668492e+01 9.500000e+01
      vertex   4.431329e+01 -2.524545e+01 9.500000e+01
      vertex   4.594941e+01 -2.212807e+01 9.500000e+01
    endloop
  endfacet
  facet normal 0.000000e+00 0.000000e+00 -1.000000e+00
    outer loop
      vertex   5.053749e+01 -2.668492e+01 9.500000e+01
      vertex   4.594941e+01 -2.212807e+01 9.500000e+01
      vertex   5.215881e+01 -2.335767e+01 9.500000e+01
    endloop
  endfacet
  facet normal 0.000000e+00 0.000000e+00 -1.000000e+00
    outer loop
      vertex   5.215881e+01 -2.335767e+01 9.500000e+01
      vertex   4.594941e+01 -2.212807e+01 9.500000e+01
      vertex   4.736657e+01 -1.890524e+01 9.500000e+01
    endloop
  endfacet
  facet normal 0.000000e+00 0.000000e+00 -1.000000e+00
    outer loop
      vertex   5.215881e+01 -2.335767e+01 9.500000e+01
      vertex   4.736657e+01 -1.890524e+01 9.500000e+01
      vertex   5.356136e+01 -1.993246e+01 9.500000e+01
    endloop
  endfacet
  facet normal 0.000000e+00 0.000000e+00 -1.000000e+00
    outer loop
      vertex   5.356136e+01 -1.993246e+01 9.500000e+01
      vertex   4.736657e+01 -1.890524e+01 9.500000e+01
      vertex   4.855800e+01 -1.559232e+01 9.500000e+01
    endloop
  endfacet
  facet normal 0.000000e+00 0.000000e+00 -1.000000e+00
    outer loop
      vertex   5.356136e+01 -1.993246e+01 9.500000e+01
      vertex   4.855800e+01 -1.559232e+01 9.500000e+01
      vertex   5.473926e+01 -1.642364e+01 9.500000e+01
    endloop
  endfacet
  facet normal 0.000000e+00 0.000000e+00 -1.000000e+00
    outer loop
      vertex   5.473926e+01 -1.642364e+01 9.500000e+01
      vertex   4.855800e+01 -1.559232e+01 9.500000e+01
      vertex   4.951803e+01 -1.220510e+01 9.500000e+01
    endloop
  endfacet
  facet normal 0.000000e+00 0.000000e+00 -1.000000e+00
    outer loop
      vertex   5.473926e+01 -1.642364e+01 9.500000e+01
      vertex   4.951803e+01 -1.220510e+01 9.500000e+01
      vertex   5.568756e+01 -1.284593e+01 9.500000e+01
    endloop
  endfacet
  facet normal 0.000000e+00 0.000000e+00 -1.000000e+00
    outer loop
      vertex   5.568756e+01 -1.284593e+01 9.500000e+01
      vertex   4.951803e+01 -1.220510e+01 9.500000e+01
      vertex   5.024209e+01 -8.759712e+00 9.500000e+01
    endloop
  endfacet
  facet normal 0.000000e+00 0.000000e+00 -1.000000e+00
    outer loop
      vertex   5.568756e+01 -1.284593e+01 9.500000e+01
      vertex   5.024209e+01 -8.759712e+00 9.500000e+01
      vertex   5.640229e+01 -9.214347e+00 9.500000e+01
    endloop
  endfacet
  facet normal 0.000000e+00 0.000000e+00 -1.000000e+00
    outer loop
      vertex   5.640229e+01 -9.214347e+00 9.500000e+01
      vertex   5.024209e+01 -8.759712e+00 9.500000e+01
      vertex   5.072672e+01 -5.272581e+00 9.500000e+01
    endloop
  endfacet
  facet normal 0.000000e+00 0.000000e+00 -1.000000e+00
    outer loop
      vertex   5.640229e+01 -9.214347e+00 9.500000e+01
      vertex   5.072672e+01 -5.272581e+00 9.500000e+01
      vertex   5.688045e+01 -5.544113e+00 9.500000e+01
    endloop
  endfacet
  facet normal 0.000000e+00 0.000000e+00 -1.000000e+00
    outer loop
      vertex   5.688045e+01 -5.544113e+00 9.500000e+01
      vertex   5.072672e+01 -5.272581e+00 9.500000e+01
      vertex   5.096961e+01 -1.760323e+00 9.500000e+01
    endloop
  endfacet
  facet normal 0.000000e+00 0.000000e+00 -1.000000e+00
    outer loop
      vertex   5.688045e+01 -5.544113e+00 9.500000e+01
      vertex   5.096961e+01 -1.760323e+00 9.500000e+01
      vertex   5.712003e+01 -1.850625e+00 9.500000e+01
    endloop
  endfacet
  facet normal 0.000000e+00 0.000000e+00 -1.000000e+00
    outer loop
      vertex   5.712003e+01 -1.850625e+00 9.500000e+01
      vertex   5.096961e+01 -1.760323e+00 9.500000e+01
      vertex   5.096961e+01 1.760323e+00 9.500000e+01
    endloop
  endfacet
  facet normal 0.000000e+00 0.000000e+00 -1.000000e+00
    outer loop
      vertex   5.712003e+01 -1.850625e+00 9.500000e+01
      vertex   5.096961e+01 1.760323e+00 9.500000e+01
      vertex   5.712003e+01 1.850625e+00 9.500000e+01
    endloop
  endfacet
  facet normal -0.000000e+00 0.000000e+00 -1.000000e+00
    outer loop
      vertex   5.712003e+01 1.850625e+00 9.500000e+01
      vertex   5.096961e+01 1.760323e+00 9.500000e+01
      vertex   5.688045e+01 5.544113e+00 9.500000e+01
    endloop
  endfacet
  facet normal 0.000000e+00 0.000000e+00 -1.000000e+00
    outer loop
      vertex   5.688045e+01 5.544113e+00 9.500000e+01
      vertex   5.096961e+01 1.760323e+00 9.500000e+01
      vertex   5.072672e+01 5.272581e+00 9.500000e+01
    endloop
  endfacet
  facet normal -0.000000e+00 0.000000e+00 -1.000000e+00
    outer loop
      vertex   5.688045e+01 5.544113e+00 9.500000e+01
      vertex   5.072672e+01 5.272581e+00 9.500000e+01
      vertex   5.640229e+01 9.214347e+00 9.500000e+01
    endloop
  endfacet
  facet normal 0.000000e+00 0.000000e+00 -1.000000e+00
    outer loop
      vertex   5.640229e+01 9.214347e+00 9.500000e+01
      vertex   5.072672e+01 5.272581e+00 9.500000e+01
      vertex   5.024209e+01 8.759712e+00 9.500000e+01
    endloop
  endfacet
  facet normal -0.000000e+00 0.000000e+00 -1.000000e+00
    outer loop
      vertex   5.640229e+01 9.214347e+00 9.500000e+01
      vertex   5.024209e+01 8.759712e+00 9.500000e+01
      vertex   5.568756e+01 1.284593e+01 9.500000e+01
    endloop
  endfacet
  facet normal 0.000000e+00 0.000000e+00 -1.000000e+00
    outer loop
      vertex   5.568756e+01 1.284593e+01 9.500000e+01
      vertex   5.024209e+01 8.759712e+00 9.500000e+01
      vertex   4.951803e+01 1.220510e+01 9.500000e+01
    endloop
  endfacet
  facet normal -0.000000e+00 0.000000e+00 -1.000000e+00
    outer loop
      vertex   5.568756e+01 1.284593e+01 9.500000e+01
      vertex   4.951803e+01 1.220510e+01 9.500000e+01
      vertex   5.473926e+01 1.642364e+01 9.500000e+01
    endloop
  endfacet
  facet normal 0.000000e+00 0.000000e+00 -1.000000e+00
    outer loop
      vertex   5.473926e+01 1.642364e+01 9.500000e+01
      vertex   4.951803e+01 1.220510e+01 9.500000e+01
      vertex   4.855800e+01 1.559232e+01 9.500000e+01
    endloop
  endfacet
  facet normal -0.000000e+00 0.000000e+00 -1.000000e+00
    outer loop
      vertex   5.473926e+01 1.642364e+01 9.500000e+01
      vertex   4.855800e+01 1.559232e+01 9.500000e+01
      vertex   5.356136e+01 1.993246e+01 9.500000e+01
    endloop
  endfacet
  facet normal 0.000000e+00 0.000000e+00 -1.000000e+00
    outer loop
      vertex   5.356136e+01 1.993246e+01 9.500000e+01
      vertex   4.855800e+01 1.559232e+01 9.500000e+01
      vertex   4.736657e+01 1.890524e+01 9.500000e+01
    endloop
  endfacet
  facet normal -0.000000e+00 0.000000e+00 -1.000000e+00
    outer loop
      vertex   5.356136e+01 1.993246e+01 9.500000e+01
      vertex   4.736657e+01 1.890524e+01 9.500000e+01
      vertex   5.215881e+01 2.335767e+01 9.500000e+01
    endloop
  endfacet
  facet normal 0.000000e+00 0.000000e+00 -1.000000e+00
    outer loop
      vertex   5.215881e+01 2.335767e+01 9.500000e+01
      vertex   4.736657e+01 1.890524e+01 9.500000e+01
      vertex   4.594941e+01 2.212807e+01 9.500000e+01
    endloop
  endfacet
  facet normal -0.000000e+00 0.000000e+00 -1.000000e+00
    outer loop
      vertex   5.215881e+01 2.335767e+01 9.500000e+01
      vertex   4.594941e+01 2.212807e+01 9.500000e+01
      vertex   5.053749e+01 2.668492e+01 9.500000e+01
    endloop
  endfacet
  facet normal 0.000000e+00 0.000000e+00 -1.000000e+00
    outer loop
      vertex   5.053749e+01 2.668492e+01 9.500000e+01
      vertex   4.594941e+01 2.212807e+01 9.500000e+01
      vertex   4.431329e+01 2.524545e+01 9.500000e+01
    endloop
  endfacet
  facet normal -0.000000e+00 0.000000e+00 -1.000000e+00
    outer loop
      vertex   5.053749e+01 2.668492e+01 9.500000e+01
      vertex   4.431329e+01 2.524545e+01 9.500000e+01
      vertex   4.870419e+01 2.990024e+01 9.500000e+01
    endloop
  endfacet
  facet normal 0.000000e+00 0.000000e+00 -1.000000e+00
    outer loop
      vertex   4.870419e+01 2.990024e+01 9.500000e+01
      vertex   4.431329e+01 2.524545e+01 9.500000e+01
      vertex   4.246599e+01 2.824252e+01 9.500000e+01
    endloop
  endfacet
  facet normal -0.000000e+00 0.000000e+00 -1.000000e+00
    outer loop
      vertex   4.870419e+01 2.990024e+01 9.500000e+01
      vertex   4.246599e+01 2.824252e+01 9.500000e+01
      vertex   4.666661e+01 3.299015e+01 9.500000e+01
    endloop
  endfacet
  facet normal 0.000000e+00 0.000000e+00 -1.000000e+00
    outer loop
      vertex   4.666661e+01 3.299015e+01 9.500000e+01
      vertex   4.246599e+01 2.824252e+01 9.500000e+01
      vertex   4.041632e+01 3.110500e+01 9.500000e+01
    endloop
  endfacet
  facet normal -0.000000e+00 0.000000e+00 -1.000000e+00
    outer loop
      vertex   4.666661e+01 3.299015e+01 9.500000e+01
      vertex   4.041632e+01 3.110500e+01 9.500000e+01
      vertex   4.443330e+01 3.594168e+01 9.500000e+01
    endloop
  endfacet
  facet normal 0.000000e+00 0.000000e+00 -1.000000e+00
    outer loop
      vertex   4.443330e+01 3.594168e+01 9.500000e+01
      vertex   4.041632e+01 3.110500e+01 9.500000e+01
      vertex   3.817405e+01 3.381926e+01 9.500000e+01
    endloop
  endfacet
  facet normal -0.000000e+00 0.000000e+00 -1.000000e+00
    outer loop
      vertex   4.443330e+01 3.594168e+01 9.500000e+01
      vertex   3.817405e+01 3.381926e+01 9.500000e+01
      vertex   4.201362e+01 3.874246e+01 9.500000e+01
    endloop
  endfacet
  facet normal 0.000000e+00 0.000000e+00 -1.000000e+00
    outer loop
      vertex   4.201362e+01 3.874246e+01 9.500000e+01
      vertex   3.817405e+01 3.381926e+01 9.500000e+01
      vertex   3.574986e+01 3.637234e+01 9.500000e+01
    endloop
  endfacet
  facet normal -0.000000e+00 0.000000e+00 -1.000000e+00
    outer loop
      vertex   4.201362e+01 3.874246e+01 9.500000e+01
      vertex   3.574986e+01 3.637234e+01 9.500000e+01
      vertex   3.941771e+01 4.138075e+01 9.500000e+01
    endloop
  endfacet
  facet normal 0.000000e+00 0.000000e+00 -1.000000e+00
    outer loop
      vertex   3.941771e+01 4.138075e+01 9.500000e+01
      vertex   3.574986e+01 3.637234e+01 9.500000e+01
      vertex   3.315531e+01 3.875210e+01 9.500000e+01
    endloop
  endfacet
  facet normal -0.000000e+00 0.000000e+00 -1.000000e+00
    outer loop
      vertex   3.941771e+01 4.138075e+01 9.500000e+01
      vertex   3.315531e+01 3.875210e+01 9.500000e+01
      vertex   3.665648e+01 4.384547e+01 9.500000e+01
    endloop
  endfacet
  facet normal 0.000000e+00 0.000000e+00 -1.000000e+00
    outer loop
      vertex   3.665648e+01 4.384547e+01 9.500000e+01
      vertex   3.315531e+01 3.875210e+01 9.500000e+01
      vertex   3.040276e+01 4.094719e+01 9.500000e+01
    endloop
  endfacet
  facet normal -0.000000e+00 0.000000e+00 -1.000000e+00
    outer loop
      vertex   3.665648e+01 4.384547e+01 9.500000e+01
      vertex   3.040276e+01 4.094719e+01 9.500000e+01
      vertex   3.374150e+01 4.612628e+01 9.500000e+01
    endloop
  endfacet
  facet normal 0.000000e+00 0.000000e+00 -1.000000e+00
    outer loop
      vertex   3.374150e+01 4.612628e+01 9.500000e+01
      vertex   3.040276e+01 4.094719e+01 9.500000e+01
      vertex   2.750532e+01 4.294715e+01 9.500000e+01
    endloop
  endfacet
  facet normal -0.000000e+00 0.000000e+00 -1.000000e+00
    outer loop
      vertex   3.374150e+01 4.612628e+01 9.500000e+01
      vertex   2.750532e+01 4.294715e+01 9.500000e+01
      vertex   3.068499e+01 4.821363e+01 9.500000e+01
    endloop
  endfacet
  facet normal 0.000000e+00 0.000000e+00 -1.000000e+00
    outer loop
      vertex   3.068499e+01 4.821363e+01 9.500000e+01
      vertex   2.750532e+01 4.294715e+01 9.500000e+01
      vertex   2.447681e+01 4.474244e+01 9.500000e+01
    endloop
  endfacet
  facet normal -0.000000e+00 0.000000e+00 -1.000000e+00
    outer loop
      vertex   3.068499e+01 4.821363e+01 9.500000e+01
      vertex   2.447681e+01 4.474244e+01 9.500000e+01
      vertex   2.749978e+01 5.009875e+01 9.500000e+01
    endloop
  endfacet
  facet normal -0.000000e+00 0.000000e+00 -1.000000e+00
    outer loop
      vertex   2.749978e+01 5.009875e+01 9.500000e+01
      vertex   2.447681e+01 4.474244e+01 9.500000e+01
      vertex   2.419922e+01 5.177374e+01 9.500000e+01
    endloop
  endfacet
  facet normal 0.000000e+00 -0.000000e+00 -1.000000e+00
    outer loop
      vertex   2.419922e+01 5.177374e+01 9.500000e+01
      vertex   2.447681e+01 4.474244e+01 9.500000e+01
      vertex   2.133166e+01 4.632451e+01 9.500000e+01
    endloop
  endfacet
  facet normal -0.000000e+00 0.000000e+00 -1.000000e+00
    outer loop
      vertex   2.419922e+01 5.177374e+01 9.500000e+01
      vertex   2.133166e+01 4.632451e+01 9.500000e+01
      vertex   2.079717e+01 5.323157e+01 9.500000e+01
    endloop
  endfacet
  facet normal 0.000000e+00 -0.000000e+00 -1.000000e+00
    outer loop
      vertex   2.079717e+01 5.323157e+01 9.500000e+01
      vertex   2.133166e+01 4.632451e+01 9.500000e+01
      vertex   1.808485e+01 4.768583e+01 9.500000e+01
    endloop
  endfacet
  facet normal -0.000000e+00 0.000000e+00 -1.000000e+00
    outer loop
      vertex   2.079717e+01 5.323157e+01 9.500000e+01
      vertex   1.808485e+01 4.768583e+01 9.500000e+01
      vertex   1.730788e+01 5.446613e+01 9.500000e+01
    endloop
  endfacet
  facet normal 0.000000e+00 -0.000000e+00 -1.000000e+00
    outer loop
      vertex   1.730788e+01 5.446613e+01 9.500000e+01
      vertex   1.808485e+01 4.768583e+01 9.500000e+01
      vertex   1.475186e+01 4.881990e+01 9.500000e+01
    endloop
  endfacet
  facet normal -0.000000e+00 0.000000e+00 -1.000000e+00
    outer loop
      vertex   1.730788e+01 5.446613e+01 9.500000e+01
      vertex   1.475186e+01 4.881990e+01 9.500000e+01
      vertex   1.374600e+01 5.547224e+01 9.500000e+01
    endloop
  endfacet
  facet normal 0.000000e+00 -0.000000e+00 -1.000000e+00
    outer loop
      vertex   1.374600e+01 5.547224e+01 9.500000e+01
      vertex   1.475186e+01 4.881990e+01 9.500000e+01
      vertex   1.134857e+01 4.972132e+01 9.500000e+01
    endloop
  endfacet
  facet normal -0.000000e+00 0.000000e+00 -1.000000e+00
    outer loop
      vertex   1.374600e+01 5.547224e+01 9.500000e+01
      vertex   1.134857e+01 4.972132e+01 9.500000e+01
      vertex   1.012647e+01 5.624569e+01 9.500000e+01
    endloop
  endfacet
  facet normal 0.000000e+00 -0.000000e+00 -1.000000e+00
    outer loop
      vertex   1.012647e+01 5.624569e+01 9.500000e+01
      vertex   1.134857e+01 4.972132e+01 9.500000e+01
      vertex   7.891196e+00 5.038580e+01 9.500000e+01
    endloop
  endfacet
  facet normal -0.000000e+00 0.000000e+00 -1.000000e+00
    outer loop
      vertex   1.012647e+01 5.624569e+01 9.500000e+01
      vertex   7.891196e+00 5.038580e+01 9.500000e+01
      vertex   6.464455e+00 5.678321e+01 9.500000e+01
    endloop
  endfacet
  facet normal 0.000000e+00 -0.000000e+00 -1.000000e+00
    outer loop
      vertex   6.464455e+00 5.678321e+01 9.500000e+01
      vertex   7.891196e+00 5.038580e+01 9.500000e+01
      vertex   4.396219e+00 5.081017e+01 9.500000e+01
    endloop
  endfacet
  facet normal -0.000000e+00 0.000000e+00 -1.000000e+00
    outer loop
      vertex   6.464455e+00 5.678321e+01 9.500000e+01
      vertex   4.396219e+00 5.081017e+01 9.500000e+01
      vertex   2.775331e+00 5.708257e+01 9.500000e+01
    endloop
  endfacet
  facet normal 0.000000e+00 -0.000000e+00 -1.000000e+00
    outer loop
      vertex   2.775331e+00 5.708257e+01 9.500000e+01
      vertex   4.396219e+00 5.081017e+01 9.500000e+01
      vertex   8.802927e-01 5.099240e+01 9.500000e+01
    endloop
  endfacet
  facet normal -0.000000e+00 0.000000e+00 -1.000000e+00
    outer loop
      vertex   2.775331e+00 5.708257e+01 9.500000e+01
      vertex   8.802927e-01 5.099240e+01 9.500000e+01
      vertex   -9.254339e-01 5.714251e+01 9.500000e+01
    endloop
  endfacet
  facet normal 0.000000e+00 -0.000000e+00 -1.000000e+00
    outer loop
      vertex   -9.254339e-01 5.714251e+01 9.500000e+01
      vertex   8.802927e-01 5.099240e+01 9.500000e+01
      vertex   -2.639829e+00 5.093163e+01 9.500000e+01
    endloop
  endfacet
  facet normal 0.000000e+00 0.000000e+00 -1.000000e+00
    outer loop
      vertex   -9.254339e-01 5.714251e+01 9.500000e+01
      vertex   -2.639829e+00 5.093163e+01 9.500000e+01
      vertex   -4.622317e+00 5.696277e+01 9.500000e+01
    endloop
  endfacet
  facet normal 0.000000e+00 -0.000000e+00 -1.000000e+00
    outer loop
      vertex   -4.622317e+00 5.696277e+01 9.500000e+01
      vertex   -2.639829e+00 5.093163e+01 9.500000e+01
      vertex   -6.147371e+00 5.062815e+01 9.500000e+01
    endloop
  endfacet
  facet normal 0.000000e+00 0.000000e+00 -1.000000e+00
    outer loop
      vertex   -4.622317e+00 5.696277e+01 9.500000e+01
      vertex   -6.147371e+00 5.062815e+01 9.500000e+01
      vertex   -8.299813e+00 5.654410e+01 9.500000e+01
    endloop
  endfacet
  facet normal 0.000000e+00 -0.000000e+00 -1.000000e+00
    outer loop
      vertex   -8.299813e+00 5.654410e+01 9.500000e+01
      vertex   -6.147371e+00 5.062815e+01 9.500000e+01
      vertex   -9.625617e+00 5.008341e+01 9.500000e+01
    endloop
  endfacet
  facet normal 0.000000e+00 0.000000e+00 -1.000000e+00
    outer loop
      vertex   -8.299813e+00 5.654410e+01 9.500000e+01
      vertex   -9.625617e+00 5.008341e+01 9.500000e+01
      vertex   -1.194250e+01 5.588828e+01 9.500000e+01
    endloop
  endfacet
  facet normal 0.000000e+00 -0.000000e+00 -1.000000e+00
    outer loop
      vertex   -1.194250e+01 5.588828e+01 9.500000e+01
      vertex   -9.625617e+00 5.008341e+01 9.500000e+01
      vertex   -1.305799e+01 4.929999e+01 9.500000e+01
    endloop
  endfacet
  facet normal 0.000000e+00 0.000000e+00 -1.000000e+00
    outer loop
      vertex   -1.194250e+01 5.588828e+01 9.500000e+01
      vertex   -1.305799e+01 4.929999e+01 9.500000e+01
      vertex   -1.553509e+01 5.499803e+01 9.500000e+01
    endloop
  endfacet
  facet normal 0.000000e+00 -0.000000e+00 -1.000000e+00
    outer loop
      vertex   -1.553509e+01 5.499803e+01 9.500000e+01
      vertex   -1.305799e+01 4.929999e+01 9.500000e+01
      vertex   -1.642814e+01 4.828163e+01 9.500000e+01
    endloop
  endfacet
  facet normal 0.000000e+00 0.000000e+00 -1.000000e+00
    outer loop
      vertex   -1.553509e+01 5.499803e+01 9.500000e+01
      vertex   -1.642814e+01 4.828163e+01 9.500000e+01
      vertex   -1.906252e+01 5.387711e+01 9.500000e+01
    endloop
  endfacet
  facet normal 0.000000e+00 -0.000000e+00 -1.000000e+00
    outer loop
      vertex   -1.906252e+01 5.387711e+01 9.500000e+01
      vertex   -1.642814e+01 4.828163e+01 9.500000e+01
      vertex   -1.972000e+01 4.703320e+01 9.500000e+01
    endloop
  endfacet
  facet normal 0.000000e+00 0.000000e+00 -1.000000e+00
    outer loop
      vertex   -1.906252e+01 5.387711e+01 9.500000e+01
      vertex   -1.972000e+01 4.703320e+01 9.500000e+01
      vertex   -2.251000e+01 5.253020e+01 9.500000e+01
    endloop
  endfacet
  facet normal 0.000000e+00 -0.000000e+00 -1.000000e+00
    outer loop
      vertex   -2.251000e+01 5.253020e+01 9.500000e+01
      vertex   -1.972000e+01 4.703320e+01 9.500000e+01
      vertex   -2.291789e+01 4.556062e+01 9.500000e+01
    endloop
  endfacet
  facet normal 0.000000e+00 0.000000e+00 -1.000000e+00
    outer loop
      vertex   -2.251000e+01 5.253020e+01 9.500000e+01
      vertex   -2.291789e+01 4.556062e+01 9.500000e+01
      vertex   -2.586306e+01 5.096297e+01 9.500000e+01
    endloop
  endfacet
  facet normal 0.000000e+00 -0.000000e+00 -1.000000e+00
    outer loop
      vertex   -2.586306e+01 5.096297e+01 9.500000e+01
      vertex   -2.291789e+01 4.556062e+01 9.500000e+01
      vertex   -2.600656e+01 4.387093e+01 9.500000e+01
    endloop
  endfacet
  facet normal 0.000000e+00 0.000000e+00 -1.000000e+00
    outer loop
      vertex   -2.586306e+01 5.096297e+01 9.500000e+01
      vertex   -2.600656e+01 4.387093e+01 9.500000e+01
      vertex   -2.910765e+01 4.918198e+01 9.500000e+01
    endloop
  endfacet
  facet normal 0.000000e+00 -0.000000e+00 -1.000000e+00
    outer loop
      vertex   -2.910765e+01 4.918198e+01 9.500000e+01
      vertex   -2.600656e+01 4.387093e+01 9.500000e+01
      vertex   -3.223014e+01 4.719471e+01 9.500000e+01
    endloop
  endfacet
  facet normal 0.000000e+00 0.000000e+00 -1.000000e+00
    outer loop
      vertex   -3.223014e+01 4.719471e+01 9.500000e+01
      vertex   -2.600656e+01 4.387093e+01 9.500000e+01
      vertex   -2.897130e+01 4.197218e+01 9.500000e+01
    endloop
  endfacet
  facet normal 0.000000e+00 -0.000000e+00 -1.000000e+00
    outer loop
      vertex   -3.223014e+01 4.719471e+01 9.500000e+01
      vertex   -2.897130e+01 4.197218e+01 9.500000e+01
      vertex   -3.521746e+01 4.500948e+01 9.500000e+01
    endloop
  endfacet
  facet normal 0.000000e+00 0.000000e+00 -1.000000e+00
    outer loop
      vertex   -3.521746e+01 4.500948e+01 9.500000e+01
      vertex   -2.897130e+01 4.197218e+01 9.500000e+01
      vertex   -3.179798e+01 3.987341e+01 9.500000e+01
    endloop
  endfacet
  facet normal 0.000000e+00 -0.000000e+00 -1.000000e+00
    outer loop
      vertex   -3.521746e+01 4.500948e+01 9.500000e+01
      vertex   -3.179798e+01 3.987341e+01 9.500000e+01
      vertex   -3.805706e+01 4.263547e+01 9.500000e+01
    endloop
  endfacet
  facet normal 0.000000e+00 0.000000e+00 -1.000000e+00
    outer loop
      vertex   -3.805706e+01 4.263547e+01 9.500000e+01
      vertex   -3.179798e+01 3.987341e+01 9.500000e+01
      vertex   -3.447313e+01 3.758462e+01 9.500000e+01
    endloop
  endfacet
  facet normal 0.000000e+00 -0.000000e+00 -1.000000e+00
    outer loop
      vertex   -3.805706e+01 4.263547e+01 9.500000e+01
      vertex   -3.447313e+01 3.758462e+01 9.500000e+01
      vertex   -4.073703e+01 4.008263e+01 9.500000e+01
    endloop
  endfacet
  facet normal 0.000000e+00 0.000000e+00 -1.000000e+00
    outer loop
      vertex   -4.073703e+01 4.008263e+01 9.500000e+01
      vertex   -3.447313e+01 3.758462e+01 9.500000e+01
      vertex   -3.698399e+01 3.511672e+01 9.500000e+01
    endloop
  endfacet
  facet normal 0.000000e+00 -0.000000e+00 -1.000000e+00
    outer loop
      vertex   -4.073703e+01 4.008263e+01 9.500000e+01
      vertex   -3.698399e+01 3.511672e+01 9.500000e+01
      vertex   -4.324614e+01 3.736167e+01 9.500000e+01
    endloop
  endfacet
  facet normal 0.000000e+00 0.000000e+00 -1.000000e+00
    outer loop
      vertex   -4.324614e+01 3.736167e+01 9.500000e+01
      vertex   -3.698399e+01 3.511672e+01 9.500000e+01
      vertex   -3.931861e+01 3.248148e+01 9.500000e+01
    endloop
  endfacet
  facet normal 0.000000e+00 -0.000000e+00 -1.000000e+00
    outer loop
      vertex   -4.324614e+01 3.736167e+01 9.500000e+01
      vertex   -3.931861e+01 3.248148e+01 9.500000e+01
      vertex   -4.557386e+01 3.448400e+01 9.500000e+01
    endloop
  endfacet
  facet normal 0.000000e+00 0.000000e+00 -1.000000e+00
    outer loop
      vertex   -4.557386e+01 3.448400e+01 9.500000e+01
      vertex   -3.931861e+01 3.248148e+01 9.500000e+01
      vertex   -4.146586e+01 2.969145e+01 9.500000e+01
    endloop
  endfacet
  facet normal 0.000000e+00 -0.000000e+00 -1.000000e+00
    outer loop
      vertex   -4.557386e+01 3.448400e+01 9.500000e+01
      vertex   -4.146586e+01 2.969145e+01 9.500000e+01
      vertex   -4.771042e+01 3.146169e+01 9.500000e+01
    endloop
  endfacet
  facet normal 0.000000e+00 0.000000e+00 -1.000000e+00
    outer loop
      vertex   -4.771042e+01 3.146169e+01 9.500000e+01
      vertex   -4.146586e+01 2.969145e+01 9.500000e+01
      vertex   -4.341551e+01 2.675993e+01 9.500000e+01
    endloop
  endfacet
  facet normal 0.000000e+00 -0.000000e+00 -1.000000e+00
    outer loop
      vertex   -4.771042e+01 3.146169e+01 9.500000e+01
      vertex   -4.341551e+01 2.675993e+01 9.500000e+01
      vertex   -4.964688e+01 2.830742e+01 9.500000e+01
    endloop
  endfacet
  facet normal 0.000000e+00 0.000000e+00 -1.000000e+00
    outer loop
      vertex   -4.964688e+01 2.830742e+01 9.500000e+01
      vertex   -4.341551e+01 2.675993e+01 9.500000e+01
      vertex   -4.515826e+01 2.370088e+01 9.500000e+01
    endloop
  endfacet
  facet normal 0.000000e+00 -0.000000e+00 -1.000000e+00
    outer loop
      vertex   -4.964688e+01 2.830742e+01 9.500000e+01
      vertex   -4.515826e+01 2.370088e+01 9.500000e+01
      vertex   -5.137509e+01 2.503442e+01 9.500000e+01
    endloop
  endfacet
  facet normal 0.000000e+00 0.000000e+00 -1.000000e+00
    outer loop
      vertex   -5.137509e+01 2.503442e+01 9.500000e+01
      vertex   -4.515826e+01 2.370088e+01 9.500000e+01
      vertex   -4.668581e+01 2.052889e+01 9.500000e+01
    endloop
  endfacet
  facet normal 0.000000e+00 -0.000000e+00 -1.000000e+00
    outer loop
      vertex   -5.137509e+01 2.503442e+01 9.500000e+01
      vertex   -4.668581e+01 2.052889e+01 9.500000e+01
      vertex   -5.288782e+01 2.165642e+01 9.500000e+01
    endloop
  endfacet
  facet normal 0.000000e+00 0.000000e+00 -1.000000e+00
    outer loop
      vertex   -5.288782e+01 2.165642e+01 9.500000e+01
      vertex   -4.668581e+01 2.052889e+01 9.500000e+01
      vertex   -4.799088e+01 1.725907e+01 9.500000e+01
    endloop
  endfacet
  facet normal 0.000000e+00 -0.000000e+00 -1.000000e+00
    outer loop
      vertex   -5.288782e+01 2.165642e+01 9.500000e+01
      vertex   -4.799088e+01 1.725907e+01 9.500000e+01
      vertex   -5.417872e+01 1.818759e+01 9.500000e+01
    endloop
  endfacet
  facet normal 0.000000e+00 0.000000e+00 -1.000000e+00
    outer loop
      vertex   -5.417872e+01 1.818759e+01 9.500000e+01
      vertex   -4.799088e+01 1.725907e+01 9.500000e+01
      vertex   -4.906725e+01 1.390700e+01 9.500000e+01
    endloop
  endfacet
  facet normal 0.000000e+00 -0.000000e+00 -1.000000e+00
    outer loop
      vertex   -5.417872e+01 1.818759e+01 9.500000e+01
      vertex   -4.906725e+01 1.390700e+01 9.500000e+01
      vertex   -5.524238e+01 1.464246e+01 9.500000e+01
    endloop
  endfacet
  facet normal 0.000000e+00 0.000000e+00 -1.000000e+00
    outer loop
      vertex   -5.524238e+01 1.464246e+01 9.500000e+01
      vertex   -4.906725e+01 1.390700e+01 9.500000e+01
      vertex   -4.990980e+01 1.048866e+01 9.500000e+01
    endloop
  endfacet
  facet normal 0.000000e+00 -0.000000e+00 -1.000000e+00
    outer loop
      vertex   -5.524238e+01 1.464246e+01 9.500000e+01
      vertex   -4.990980e+01 1.048866e+01 9.500000e+01
      vertex   -5.607433e+01 1.103593e+01 9.500000e+01
    endloop
  endfacet
  facet normal 0.000000e+00 0.000000e+00 -1.000000e+00
    outer loop
      vertex   -5.607433e+01 1.103593e+01 9.500000e+01
      vertex   -4.990980e+01 1.048866e+01 9.500000e+01
      vertex   -5.051450e+01 7.020329e+00 9.500000e+01
    endloop
  endfacet
  facet normal 0.000000e+00 -0.000000e+00 -1.000000e+00
    outer loop
      vertex   -5.607433e+01 1.103593e+01 9.500000e+01
      vertex   -5.051450e+01 7.020329e+00 9.500000e+01
      vertex   -5.667109e+01 7.383102e+00 9.500000e+01
    endloop
  endfacet
  facet normal 0.000000e+00 0.000000e+00 -1.000000e+00
    outer loop
      vertex   -5.667109e+01 7.383102e+00 9.500000e+01
      vertex   -5.051450e+01 7.020329e+00 9.500000e+01
      vertex   -5.087848e+01 3.518548e+00 9.500000e+01
    endloop
  endfacet
  facet normal 0.000000e+00 -0.000000e+00 -1.000000e+00
    outer loop
      vertex   -5.667109e+01 7.383102e+00 9.500000e+01
      vertex   -5.087848e+01 3.518548e+00 9.500000e+01
      vertex   -5.703015e+01 3.699309e+00 9.500000e+01
    endloop
  endfacet
  facet normal 0.000000e+00 0.000000e+00 -1.000000e+00
    outer loop
      vertex   -5.703015e+01 3.699309e+00 9.500000e+01
      vertex   -5.087848e+01 3.518548e+00 9.500000e+01
      vertex   -5.100000e+01 -6.245699e-15 9.500000e+01
    endloop
  endfacet
  facet normal 0.000000e+00 0.000000e+00 1.000000e+00
    outer loop
      vertex   -5.703015e+01 3.699309e+00 1.000000e+02
      vertex   -5.715000e+01 -6.998856e-15 1.000000e+02
      vertex   -5.000000e+01 -6.123234e-15 1.000000e+02
    endloop
  endfacet
  facet normal 0.000000e+00 0.000000e+00 1.000000e+00
    outer loop
      vertex   -5.000000e+01 -6.123234e-15 1.000000e+02
      vertex   -5.715000e+01 -6.998856e-15 1.000000e+02
      vertex   -5.703015e+01 -3.699309e+00 1.000000e+02
    endloop
  endfacet
  facet normal 0.000000e+00 0.000000e+00 1.000000e+00
    outer loop
      vertex   -5.000000e+01 -6.123234e-15 1.000000e+02
      vertex   -5.703015e+01 -3.699309e+00 1.000000e+02
      vertex   -4.987820e+01 -3.487824e+00 1.000000e+02
    endloop
  endfacet
  facet normal 0.000000e+00 0.000000e+00 1.000000e+00
    outer loop
      vertex   -4.987820e+01 -3.487824e+00 1.000000e+02
      vertex   -5.703015e+01 -3.699309e+00 1.000000e+02
      vertex   -5.667109e+01 -7.383102e+00 1.000000e+02
    endloop
  endfacet
  facet normal 0.000000e+00 0.000000e+00 1.000000e+00
    outer loop
      vertex   -4.987820e+01 -3.487824e+00 1.000000e+02
      vertex   -5.667109e+01 -7.383102e+00 1.000000e+02
      vertex   -4.951340e+01 -6.958655e+00 1.000000e+02
    endloop
  endfacet
  facet normal 0.000000e+00 0.000000e+00 1.000000e+00
    outer loop
      vertex   -4.951340e+01 -6.958655e+00 1.000000e+02
      vertex   -5.667109e+01 -7.383102e+00 1.000000e+02
      vertex   -5.607433e+01 -1.103593e+01 1.000000e+02
    endloop
  endfacet
  facet normal 0.000000e+00 0.000000e+00 1.000000e+00
    outer loop
      vertex   -4.951340e+01 -6.958655e+00 1.000000e+02
      vertex   -5.607433e+01 -1.103593e+01 1.000000e+02
      vertex   -4.890738e+01 -1.039558e+01 1.000000e+02
    endloop
  endfacet
  facet normal 0.000000e+00 0.000000e+00 1.000000e+00
    outer loop
      vertex   -4.890738e+01 -1.039558e+01 1.000000e+02
      vertex   -5.607433e+01 -1.103593e+01 1.000000e+02
      vertex   -5.524238e+01 -1.464246e+01 1.000000e+02
    endloop
  endfacet
  facet normal 0.000000e+00 0.000000e+00 1.000000e+00
    outer loop
      vertex   -4.890738e+01 -1.039558e+01 1.000000e+02
      vertex   -5.524238e+01 -1.464246e+01 1.000000e+02
      vertex   -4.806308e+01 -1.378187e+01 1.000000e+02
    endloop
  endfacet
  facet normal 0.000000e+00 0.000000e+00 1.000000e+00
    outer loop
      vertex   -4.806308e+01 -1.378187e+01 1.000000e+02
      vertex   -5.524238e+01 -1.464246e+01 1.000000e+02
      vertex   -5.417872e+01 -1.818759e+01 1.000000e+02
    endloop
  endfacet
  facet normal 0.000000e+00 0.000000e+00 1.000000e+00
    outer loop
      vertex   -4.806308e+01 -1.378187e+01 1.000000e+02
      vertex   -5.417872e+01 -1.818759e+01 1.000000e+02
      vertex   -4.698463e+01 -1.710101e+01 1.000000e+02
    endloop
  endfacet
  facet normal 0.000000e+00 0.000000e+00 1.000000e+00
    outer loop
      vertex   -4.698463e+01 -1.710101e+01 1.000000e+02
      vertex   -5.417872e+01 -1.818759e+01 1.000000e+02
      vertex   -5.288782e+01 -2.165642e+01 1.000000e+02
    endloop
  endfacet
  facet normal 0.000000e+00 0.000000e+00 1.000000e+00
    outer loop
      vertex   -4.698463e+01 -1.710101e+01 1.000000e+02
      vertex   -5.288782e+01 -2.165642e+01 1.000000e+02
      vertex   -4.567727e+01 -2.033683e+01 1.000000e+02
    endloop
  endfacet
  facet normal 0.000000e+00 0.000000e+00 1.000000e+00
    outer loop
      vertex   -4.567727e+01 -2.033683e+01 1.000000e+02
      vertex   -5.288782e+01 -2.165642e+01 1.000000e+02
      vertex   -5.137509e+01 -2.503442e+01 1.000000e+02
    endloop
  endfacet
  facet normal 0.000000e+00 0.000000e+00 1.000000e+00
    outer loop
      vertex   -4.567727e+01 -2.033683e+01 1.000000e+02
      vertex   -5.137509e+01 -2.503442e+01 1.000000e+02
      vertex   -4.414738e+01 -2.347358e+01 1.000000e+02
    endloop
  endfacet
  facet normal 0.000000e+00 0.000000e+00 1.000000e+00
    outer loop
      vertex   -4.414738e+01 -2.347358e+01 1.000000e+02
      vertex   -5.137509e+01 -2.503442e+01 1.000000e+02
      vertex   -4.964688e+01 -2.830742e+01 1.000000e+02
    endloop
  endfacet
  facet normal 0.000000e+00 0.000000e+00 1.000000e+00
    outer loop
      vertex   -4.414738e+01 -2.347358e+01 1.000000e+02
      vertex   -4.964688e+01 -2.830742e+01 1.000000e+02
      vertex   -4.240240e+01 -2.649596e+01 1.000000e+02
    endloop
  endfacet
  facet normal 0.000000e+00 0.000000e+00 1.000000e+00
    outer loop
      vertex   -4.240240e+01 -2.649596e+01 1.000000e+02
      vertex   -4.964688e+01 -2.830742e+01 1.000000e+02
      vertex   -4.771042e+01 -3.146169e+01 1.000000e+02
    endloop
  endfacet
  facet normal 0.000000e+00 0.000000e+00 1.000000e+00
    outer loop
      vertex   -4.240240e+01 -2.649596e+01 1.000000e+02
      vertex   -4.771042e+01 -3.146169e+01 1.000000e+02
      vertex   -4.045085e+01 -2.938926e+01 1.000000e+02
    endloop
  endfacet
  facet normal 0.000000e+00 0.000000e+00 1.000000e+00
    outer loop
      vertex   -4.045085e+01 -2.938926e+01 1.000000e+02
      vertex   -4.771042e+01 -3.146169e+01 1.000000e+02
      vertex   -4.557386e+01 -3.448400e+01 1.000000e+02
    endloop
  endfacet
  facet normal 0.000000e+00 0.000000e+00 1.000000e+00
    outer loop
      vertex   -4.045085e+01 -2.938926e+01 1.000000e+02
      vertex   -4.557386e+01 -3.448400e+01 1.000000e+02
      vertex   -3.830222e+01 -3.213938e+01 1.000000e+02
    endloop
  endfacet
  facet normal 0.000000e+00 0.000000e+00 1.000000e+00
    outer loop
      vertex   -3.830222e+01 -3.213938e+01 1.000000e+02
      vertex   -4.557386e+01 -3.448400e+01 1.000000e+02
      vertex   -4.324614e+01 -3.736167e+01 1.000000e+02
    endloop
  endfacet
  facet normal 0.000000e+00 0.000000e+00 1.000000e+00
    outer loop
      vertex   -3.830222e+01 -3.213938e+01 1.000000e+02
      vertex   -4.324614e+01 -3.736167e+01 1.000000e+02
      vertex   -3.596699e+01 -3.473292e+01 1.000000e+02
    endloop
  endfacet
  facet normal 0.000000e+00 0.000000e+00 1.000000e+00
    outer loop
      vertex   -3.596699e+01 -3.473292e+01 1.000000e+02
      vertex   -4.324614e+01 -3.736167e+01 1.000000e+02
      vertex   -4.073703e+01 -4.008263e+01 1.000000e+02
    endloop
  endfacet
  facet normal 0.000000e+00 0.000000e+00 1.000000e+00
    outer loop
      vertex   -3.596699e+01 -3.473292e+01 1.000000e+02
      vertex   -4.073703e+01 -4.008263e+01 1.000000e+02
      vertex   -3.345653e+01 -3.715724e+01 1.000000e+02
    endloop
  endfacet
  facet normal 0.000000e+00 0.000000e+00 1.000000e+00
    outer loop
      vertex   -3.345653e+01 -3.715724e+01 1.000000e+02
      vertex   -4.073703e+01 -4.008263e+01 1.000000e+02
      vertex   -3.805706e+01 -4.263547e+01 1.000000e+02
    endloop
  endfacet
  facet normal 0.000000e+00 0.000000e+00 1.000000e+00
    outer loop
      vertex   -3.345653e+01 -3.715724e+01 1.000000e+02
      vertex   -3.805706e+01 -4.263547e+01 1.000000e+02
      vertex   -3.078307e+01 -3.940054e+01 1.000000e+02
    endloop
  endfacet
  facet normal 0.000000e+00 0.000000e+00 1.000000e+00
    outer loop
      vertex   -3.078307e+01 -3.940054e+01 1.000000e+02
      vertex   -3.805706e+01 -4.263547e+01 1.000000e+02
      vertex   -3.521746e+01 -4.500948e+01 1.000000e+02
    endloop
  endfacet
  facet normal 0.000000e+00 0.000000e+00 1.000000e+00
    outer loop
      vertex   -3.078307e+01 -3.940054e+01 1.000000e+02
      vertex   -3.521746e+01 -4.500948e+01 1.000000e+02
      vertex   -3.223014e+01 -4.719471e+01 1.000000e+02
    endloop
  endfacet
  facet normal 0.000000e+00 0.000000e+00 1.000000e+00
    outer loop
      vertex   -3.078307e+01 -3.940054e+01 1.000000e+02
      vertex   -3.223014e+01 -4.719471e+01 1.000000e+02
      vertex   -2.795965e+01 -4.145188e+01 1.000000e+02
    endloop
  endfacet
  facet normal 0.000000e+00 0.000000e+00 1.000000e+00
    outer loop
      vertex   -2.795965e+01 -4.145188e+01 1.000000e+02
      vertex   -3.223014e+01 -4.719471e+01 1.000000e+02
      vertex   -2.910765e+01 -4.918198e+01 1.000000e+02
    endloop
  endfacet
  facet normal 0.000000e+00 0.000000e+00 1.000000e+00
    outer loop
      vertex   -2.795965e+01 -4.145188e+01 1.000000e+02
      vertex   -2.910765e+01 -4.918198e+01 1.000000e+02
      vertex   -2.500000e+01 -4.330127e+01 1.000000e+02
    endloop
  endfacet
  facet normal 0.000000e+00 0.000000e+00 1.000000e+00
    outer loop
      vertex   -2.500000e+01 -4.330127e+01 1.000000e+02
      vertex   -2.910765e+01 -4.918198e+01 1.000000e+02
      vertex   -2.586306e+01 -5.096297e+01 1.000000e+02
    endloop
  endfacet
  facet normal 0.000000e+00 0.000000e+00 1.000000e+00
    outer loop
      vertex   -2.500000e+01 -4.330127e+01 1.000000e+02
      vertex   -2.586306e+01 -5.096297e+01 1.000000e+02
      vertex   -2.191856e+01 -4.493970e+01 1.000000e+02
    endloop
  endfacet
  facet normal 0.000000e+00 0.000000e+00 1.000000e+00
    outer loop
      vertex   -2.191856e+01 -4.493970e+01 1.000000e+02
      vertex   -2.586306e+01 -5.096297e+01 1.000000e+02
      vertex   -2.251000e+01 -5.253020e+01 1.000000e+02
    endloop
  endfacet
  facet normal 0.000000e+00 0.000000e+00 1.000000e+00
    outer loop
      vertex   -2.191856e+01 -4.493970e+01 1.000000e+02
      vertex   -2.251000e+01 -5.253020e+01 1.000000e+02
      vertex   -1.873033e+01 -4.635919e+01 1.000000e+02
    endloop
  endfacet
  facet normal 0.000000e+00 0.000000e+00 1.000000e+00
    outer loop
      vertex   -1.873033e+01 -4.635919e+01 1.000000e+02
      vertex   -2.251000e+01 -5.253020e+01 1.000000e+02
      vertex   -1.906252e+01 -5.387711e+01 1.000000e+02
    endloop
  endfacet
  facet normal 0.000000e+00 0.000000e+00 1.000000e+00
    outer loop
      vertex   -1.873033e+01 -4.635919e+01 1.000000e+02
      vertex   -1.906252e+01 -5.387711e+01 1.000000e+02
      vertex   -1.545085e+01 -4.755283e+01 1.000000e+02
    endloop
  endfacet
  facet normal 0.000000e+00 0.000000e+00 1.000000e+00
    outer loop
      vertex   -1.545085e+01 -4.755283e+01 1.000000e+02
      vertex   -1.906252e+01 -5.387711e+01 1.000000e+02
      vertex   -1.553509e+01 -5.499803e+01 1.000000e+02
    endloop
  endfacet
  facet normal 0.000000e+00 0.000000e+00 1.000000e+00
    outer loop
      vertex   -1.545085e+01 -4.755283e+01 1.000000e+02
      vertex   -1.553509e+01 -5.499803e+01 1.000000e+02
      vertex   -1.209609e+01 -4.851479e+01 1.000000e+02
    endloop
  endfacet
  facet normal 0.000000e+00 0.000000e+00 1.000000e+00
    outer loop
      vertex   -1.209609e+01 -4.851479e+01 1.000000e+02
      vertex   -1.553509e+01 -5.499803e+01 1.000000e+02
      vertex   -1.194250e+01 -5.588828e+01 1.000000e+02
    endloop
  endfacet
  facet normal 0.000000e+00 0.000000e+00 1.000000e+00
    outer loop
      vertex   -1.209609e+01 -4.851479e+01 1.000000e+02
      vertex   -1.194250e+01 -5.588828e+01 1.000000e+02
      vertex   -8.682409e+00 -4.924039e+01 1.000000e+02
    endloop
  endfacet
  facet normal 0.000000e+00 0.000000e+00 1.000000e+00
    outer loop
      vertex   -8.682409e+00 -4.924039e+01 1.000000e+02
      vertex   -1.194250e+01 -5.588828e+01 1.000000e+02
      vertex   -8.299813e+00 -5.654410e+01 1.000000e+02
    endloop
  endfacet
  facet normal 0.000000e+00 0.000000e+00 1.000000e+00
    outer loop
      vertex   -8.682409e+00 -4.924039e+01 1.000000e+02
      vertex   -8.299813e+00 -5.654410e+01 1.000000e+02
      vertex   -5.226423e+00 -4.972609e+01 1.000000e+02
    endloop
  endfacet
  facet normal 0.000000e+00 0.000000e+00 1.000000e+00
    outer loop
      vertex   -5.226423e+00 -4.972609e+01 1.000000e+02
      vertex   -8.299813e+00 -5.654410e+01 1.000000e+02
      vertex   -4.622317e+00 -5.696277e+01 1.000000e+02
    endloop
  endfacet
  facet normal 0.000000e+00 0.000000e+00 1.000000e+00
    outer loop
      vertex   -5.226423e+00 -4.972609e+01 1.000000e+02
      vertex   -4.622317e+00 -5.696277e+01 1.000000e+02
      vertex   -1.744975e+00 -4.996954e+01 1.000000e+02
    endloop
  endfacet
  facet normal 0.000000e+00 0.000000e+00 1.000000e+00
    outer loop
      vertex   -1.744975e+00 -4.996954e+01 1.000000e+02
      vertex   -4.622317e+00 -5.696277e+01 1.000000e+02
      vertex   -9.254339e-01 -5.714251e+01 1.000000e+02
    endloop
  endfacet
  facet normal -0.000000e+00 0.000000e+00 1.000000e+00
    outer loop
      vertex   -1.744975e+00 -4.996954e+01 1.000000e+02
      vertex   -9.254339e-01 -5.714251e+01 1.000000e+02
      vertex   1.744975e+00 -4.996954e+01 1.000000e+02
    endloop
  endfacet
  facet normal 0.000000e+00 0.000000e+00 1.000000e+00
    outer loop
      vertex   1.744975e+00 -4.996954e+01 1.000000e+02
      vertex   -9.254339e-01 -5.714251e+01 1.000000e+02
      vertex   2.775331e+00 -5.708257e+01 1.000000e+02
    endloop
  endfacet
  facet normal -0.000000e+00 0.000000e+00 1.000000e+00
    outer loop
      vertex   1.744975e+00 -4.996954e+01 1.000000e+02
      vertex   2.775331e+00 -5.708257e+01 1.000000e+02
      vertex   5.226423e+00 -4.972609e+01 1.000000e+02
    endloop
  endfacet
  facet normal 0.000000e+00 0.000000e+00 1.000000e+00
    outer loop
      vertex   5.226423e+00 -4.972609e+01 1.000000e+02
      vertex   2.775331e+00 -5.708257e+01 1.000000e+02
      vertex   6.464455e+00 -5.678321e+01 1.000000e+02
    endloop
  endfacet
  facet normal -0.000000e+00 0.000000e+00 1.000000e+00
    outer loop
      vertex   5.226423e+00 -4.972609e+01 1.000000e+02
      vertex   6.464455e+00 -5.678321e+01 1.000000e+02
      vertex   8.682409e+00 -4.924039e+01 1.000000e+02
    endloop
  endfacet
  facet normal 0.000000e+00 0.000000e+00 1.000000e+00
    outer loop
      vertex   8.682409e+00 -4.924039e+01 1.000000e+02
      vertex   6.464455e+00 -5.678321e+01 1.000000e+02
      vertex   1.012647e+01 -5.624569e+01 1.000000e+02
    endloop
  endfacet
  facet normal -0.000000e+00 0.000000e+00 1.000000e+00
    outer loop
      vertex   8.682409e+00 -4.924039e+01 1.000000e+02
      vertex   1.012647e+01 -5.624569e+01 1.000000e+02
      vertex   1.209609e+01 -4.851479e+01 1.000000e+02
    endloop
  endfacet
  facet normal 0.000000e+00 0.000000e+00 1.000000e+00
    outer loop
      vertex   1.209609e+01 -4.851479e+01 1.000000e+02
      vertex   1.012647e+01 -5.624569e+01 1.000000e+02
      vertex   1.374600e+01 -5.547224e+01 1.000000e+02
    endloop
  endfacet
  facet normal 0.000000e+00 0.000000e+00 1.000000e+00
    outer loop
      vertex   1.209609e+01 -4.851479e+01 1.000000e+02
      vertex   1.374600e+01 -5.547224e+01 1.000000e+02
      vertex   1.730788e+01 -5.446613e+01 1.000000e+02
    endloop
  endfacet
  facet normal -0.000000e+00 0.000000e+00 1.000000e+00
    outer loop
      vertex   1.209609e+01 -4.851479e+01 1.000000e+02
      vertex   1.730788e+01 -5.446613e+01 1.000000e+02
      vertex   1.545085e+01 -4.755283e+01 1.000000e+02
    endloop
  endfacet
  facet normal 0.000000e+00 0.000000e+00 1.000000e+00
    outer loop
      vertex   1.545085e+01 -4.755283e+01 1.000000e+02
      vertex   1.730788e+01 -5.446613e+01 1.000000e+02
      vertex   2.079717e+01 -5.323157e+01 1.000000e+02
    endloop
  endfacet
  facet normal -0.000000e+00 0.000000e+00 1.000000e+00
    outer loop
      vertex   1.545085e+01 -4.755283e+01 1.000000e+02
      vertex   2.079717e+01 -5.323157e+01 1.000000e+02
      vertex   1.873033e+01 -4.635919e+01 1.000000e+02
    endloop
  endfacet
  facet normal 0.000000e+00 0.000000e+00 1.000000e+00
    outer loop
      vertex   1.873033e+01 -4.635919e+01 1.000000e+02
      vertex   2.079717e+01 -5.323157e+01 1.000000e+02
      vertex   2.419922e+01 -5.177374e+01 1.000000e+02
    endloop
  endfacet
  facet normal -0.000000e+00 0.000000e+00 1.000000e+00
    outer loop
      vertex   1.873033e+01 -4.635919e+01 1.000000e+02
      vertex   2.419922e+01 -5.177374e+01 1.000000e+02
      vertex   2.191856e+01 -4.493970e+01 1.000000e+02
    endloop
  endfacet
  facet normal 0.000000e+00 0.000000e+00 1.000000e+00
    outer loop
      vertex   2.191856e+01 -4.493970e+01 1.000000e+02
      vertex   2.419922e+01 -5.177374e+01 1.000000e+02
      vertex   2.749978e+01 -5.009875e+01 1.000000e+02
    endloop
  endfacet
  facet normal -0.000000e+00 0.000000e+00 1.000000e+00
    outer loop
      vertex   2.191856e+01 -4.493970e+01 1.000000e+02
      vertex   2.749978e+01 -5.009875e+01 1.000000e+02
      vertex   2.500000e+01 -4.330127e+01 1.000000e+02
    endloop
  endfacet
  facet normal 0.000000e+00 0.000000e+00 1.000000e+00
    outer loop
      vertex   2.500000e+01 -4.330127e+01 1.000000e+02
      vertex   2.749978e+01 -5.009875e+01 1.000000e+02
      vertex   3.068499e+01 -4.821363e+01 1.000000e+02
    endloop
  endfacet
  facet normal -0.000000e+00 0.000000e+00 1.000000e+00
    outer loop
      vertex   2.500000e+01 -4.330127e+01 1.000000e+02
      vertex   3.068499e+01 -4.821363e+01 1.000000e+02
      vertex   2.795965e+01 -4.145188e+01 1.000000e+02
    endloop
  endfacet
  facet normal 0.000000e+00 0.000000e+00 1.000000e+00
    outer loop
      vertex   2.795965e+01 -4.145188e+01 1.000000e+02
      vertex   3.068499e+01 -4.821363e+01 1.000000e+02
      vertex   3.374150e+01 -4.612628e+01 1.000000e+02
    endloop
  endfacet
  facet normal -0.000000e+00 0.000000e+00 1.000000e+00
    outer loop
      vertex   2.795965e+01 -4.145188e+01 1.000000e+02
      vertex   3.374150e+01 -4.612628e+01 1.000000e+02
      vertex   3.078307e+01 -3.940054e+01 1.000000e+02
    endloop
  endfacet
  facet normal 0.000000e+00 0.000000e+00 1.000000e+00
    outer loop
      vertex   3.078307e+01 -3.940054e+01 1.000000e+02
      vertex   3.374150e+01 -4.612628e+01 1.000000e+02
      vertex   3.665648e+01 -4.384547e+01 1.000000e+02
    endloop
  endfacet
  facet normal -0.000000e+00 0.000000e+00 1.000000e+00
    outer loop
      vertex   3.078307e+01 -3.940054e+01 1.000000e+02
      vertex   3.665648e+01 -4.384547e+01 1.000000e+02
      vertex   3.345653e+01 -3.715724e+01 1.000000e+02
    endloop
  endfacet
  facet normal 0.000000e+00 0.000000e+00 1.000000e+00
    outer loop
      vertex   3.345653e+01 -3.715724e+01 1.000000e+02
      vertex   3.665648e+01 -4.384547e+01 1.000000e+02
      vertex   3.941771e+01 -4.138075e+01 1.000000e+02
    endloop
  endfacet
  facet normal -0.000000e+00 0.000000e+00 1.000000e+00
    outer loop
      vertex   3.345653e+01 -3.715724e+01 1.000000e+02
      vertex   3.941771e+01 -4.138075e+01 1.000000e+02
      vertex   3.596699e+01 -3.473292e+01 1.000000e+02
    endloop
  endfacet
  facet normal 0.000000e+00 0.000000e+00 1.000000e+00
    outer loop
      vertex   3.596699e+01 -3.473292e+01 1.000000e+02
      vertex   3.941771e+01 -4.138075e+01 1.000000e+02
      vertex   4.201362e+01 -3.874246e+01 1.000000e+02
    endloop
  endfacet
  facet normal -0.000000e+00 0.000000e+00 1.000000e+00
    outer loop
      vertex   3.596699e+01 -3.473292e+01 1.000000e+02
      vertex   4.201362e+01 -3.874246e+01 1.000000e+02
      vertex   3.830222e+01 -3.213938e+01 1.000000e+02
    endloop
  endfacet
  facet normal 0.000000e+00 0.000000e+00 1.000000e+00
    outer loop
      vertex   3.830222e+01 -3.213938e+01 1.000000e+02
      vertex   4.201362e+01 -3.874246e+01 1.000000e+02
      vertex   4.443330e+01 -3.594168e+01 1.000000e+02
    endloop
  endfacet
  facet normal -0.000000e+00 0.000000e+00 1.000000e+00
    outer loop
      vertex   3.830222e+01 -3.213938e+01 1.000000e+02
      vertex   4.443330e+01 -3.594168e+01 1.000000e+02
      vertex   4.045085e+01 -2.938926e+01 1.000000e+02
    endloop
  endfacet
  facet normal 0.000000e+00 0.000000e+00 1.000000e+00
    outer loop
      vertex   4.045085e+01 -2.938926e+01 1.000000e+02
      vertex   4.443330e+01 -3.594168e+01 1.000000e+02
      vertex   4.666661e+01 -3.299015e+01 1.000000e+02
    endloop
  endfacet
  facet normal -0.000000e+00 0.000000e+00 1.000000e+00
    outer loop
      vertex   4.045085e+01 -2.938926e+01 1.000000e+02
      vertex   4.666661e+01 -3.299015e+01 1.000000e+02
      vertex   4.240240e+01 -2.649596e+01 1.000000e+02
    endloop
  endfacet
  facet normal 0.000000e+00 0.000000e+00 1.000000e+00
    outer loop
      vertex   4.240240e+01 -2.649596e+01 1.000000e+02
      vertex   4.666661e+01 -3.299015e+01 1.000000e+02
      vertex   4.870419e+01 -2.990024e+01 1.000000e+02
    endloop
  endfacet
  facet normal -0.000000e+00 0.000000e+00 1.000000e+00
    outer loop
      vertex   4.240240e+01 -2.649596e+01 1.000000e+02
      vertex   4.870419e+01 -2.990024e+01 1.000000e+02
      vertex   4.414738e+01 -2.347358e+01 1.000000e+02
    endloop
  endfacet
  facet normal 0.000000e+00 0.000000e+00 1.000000e+00
    outer loop
      vertex   4.414738e+01 -2.347358e+01 1.000000e+02
      vertex   4.870419e+01 -2.990024e+01 1.000000e+02
      vertex   5.053749e+01 -2.668492e+01 1.000000e+02
    endloop
  endfacet
  facet normal -0.000000e+00 0.000000e+00 1.000000e+00
    outer loop
      vertex   4.414738e+01 -2.347358e+01 1.000000e+02
      vertex   5.053749e+01 -2.668492e+01 1.000000e+02
      vertex   4.567727e+01 -2.033683e+01 1.000000e+02
    endloop
  endfacet
  facet normal 0.000000e+00 0.000000e+00 1.000000e+00
    outer loop
      vertex   4.567727e+01 -2.033683e+01 1.000000e+02
      vertex   5.053749e+01 -2.668492e+01 1.000000e+02
      vertex   5.215881e+01 -2.335767e+01 1.000000e+02
    endloop
  endfacet
  facet normal -0.000000e+00 0.000000e+00 1.000000e+00
    outer loop
      vertex   4.567727e+01 -2.033683e+01 1.000000e+02
      vertex   5.215881e+01 -2.335767e+01 1.000000e+02
      vertex   5.356136e+01 -1.993246e+01 1.000000e+02
    endloop
  endfacet
  facet normal 0.000000e+00 0.000000e+00 1.000000e+00
    outer loop
      vertex   4.567727e+01 -2.033683e+01 1.000000e+02
      vertex   5.356136e+01 -1.993246e+01 1.000000e+02
      vertex   4.698463e+01 -1.710101e+01 1.000000e+02
    endloop
  endfacet
  facet normal -0.000000e+00 0.000000e+00 1.000000e+00
    outer loop
      vertex   4.698463e+01 -1.710101e+01 1.000000e+02
      vertex   5.356136e+01 -1.993246e+01 1.000000e+02
      vertex   5.473926e+01 -1.642364e+01 1.000000e+02
    endloop
  endfacet
  facet normal 0.000000e+00 0.000000e+00 1.000000e+00
    outer loop
      vertex   4.698463e+01 -1.710101e+01 1.000000e+02
      vertex   5.473926e+01 -1.642364e+01 1.000000e+02
      vertex   4.806308e+01 -1.378187e+01 1.000000e+02
    endloop
  endfacet
  facet normal -0.000000e+00 0.000000e+00 1.000000e+00
    outer loop
      vertex   4.806308e+01 -1.378187e+01 1.000000e+02
      vertex   5.473926e+01 -1.642364e+01 1.000000e+02
      vertex   5.568756e+01 -1.284593e+01 1.000000e+02
    endloop
  endfacet
  facet normal 0.000000e+00 0.000000e+00 1.000000e+00
    outer loop
      vertex   4.806308e+01 -1.378187e+01 1.000000e+02
      vertex   5.568756e+01 -1.284593e+01 1.000000e+02
      vertex   4.890738e+01 -1.039558e+01 1.000000e+02
    endloop
  endfacet
  facet normal -0.000000e+00 0.000000e+00 1.000000e+00
    outer loop
      vertex   4.890738e+01 -1.039558e+01 1.000000e+02
      vertex   5.568756e+01 -1.284593e+01 1.000000e+02
      vertex   5.640229e+01 -9.214347e+00 1.000000e+02
    endloop
  endfacet
  facet normal 0.000000e+00 0.000000e+00 1.000000e+00
    outer loop
      vertex   4.890738e+01 -1.039558e+01 1.000000e+02
      vertex   5.640229e+01 -9.214347e+00 1.000000e+02
      vertex   4.951340e+01 -6.958655e+00 1.000000e+02
    endloop
  endfacet
  facet normal -0.000000e+00 0.000000e+00 1.000000e+00
    outer loop
      vertex   4.951340e+01 -6.958655e+00 1.000000e+02
      vertex   5.640229e+01 -9.214347e+00 1.000000e+02
      vertex   5.688045e+01 -5.544113e+00 1.000000e+02
    endloop
  endfacet
  facet normal 0.000000e+00 0.000000e+00 1.000000e+00
    outer loop
      vertex   4.951340e+01 -6.958655e+00 1.000000e+02
      vertex   5.688045e+01 -5.544113e+00 1.000000e+02
      vertex   4.987820e+01 -3.487824e+00 1.000000e+02
    endloop
  endfacet
  facet normal -0.000000e+00 0.000000e+00 1.000000e+00
    outer loop
      vertex   4.987820e+01 -3.487824e+00 1.000000e+02
      vertex   5.688045e+01 -5.544113e+00 1.000000e+02
      vertex   5.712003e+01 -1.850625e+00 1.000000e+02
    endloop
  endfacet
  facet normal 0.000000e+00 0.000000e+00 1.000000e+00
    outer loop
      vertex   4.987820e+01 -3.487824e+00 1.000000e+02
      vertex   5.712003e+01 -1.850625e+00 1.000000e+02
      vertex   5.000000e+01 0.000000e+00 1.000000e+02
    endloop
  endfacet
  facet normal -0.000000e+00 0.000000e+00 1.000000e+00
    outer loop
      vertex   5.000000e+01 0.000000e+00 1.000000e+02
      vertex   5.712003e+01 -1.850625e+00 1.000000e+02
      vertex   5.712003e+01 1.850625e+00 1.000000e+02
    endloop
  endfacet
  facet normal 0.000000e+00 -0.000000e+00 1.000000e+00
    outer loop
      vertex   5.000000e+01 0.000000e+00 1.000000e+02
      vertex   5.712003e+01 1.850625e+00 1.000000e+02
      vertex   4.987820e+01 3.487824e+00 1.000000e+02
    endloop
  endfacet
  facet normal -0.000000e+00 0.000000e+00 1.000000e+00
    outer loop
      vertex   4.987820e+01 3.487824e+00 1.000000e+02
      vertex   5.712003e+01 1.850625e+00 1.000000e+02
      vertex   5.688045e+01 5.544113e+00 1.000000e+02
    endloop
  endfacet
  facet normal 0.000000e+00 -0.000000e+00 1.000000e+00
    outer loop
      vertex   4.987820e+01 3.487824e+00 1.000000e+02
      vertex   5.688045e+01 5.544113e+00 1.000000e+02
      vertex   4.951340e+01 6.958655e+00 1.000000e+02
    endloop
  endfacet
  facet normal -0.000000e+00 0.000000e+00 1.000000e+00
    outer loop
      vertex   4.951340e+01 6.958655e+00 1.000000e+02
      vertex   5.688045e+01 5.544113e+00 1.000000e+02
      vertex   5.640229e+01 9.214347e+00 1.000000e+02
    endloop
  endfacet
  facet normal 0.000000e+00 -0.000000e+00 1.000000e+00
    outer loop
      vertex   4.951340e+01 6.958655e+00 1.000000e+02
      vertex   5.640229e+01 9.214347e+00 1.000000e+02
      vertex   4.890738e+01 1.039558e+01 1.000000e+02
    endloop
  endfacet
  facet normal -0.000000e+00 0.000000e+00 1.000000e+00
    outer loop
      vertex   4.890738e+01 1.039558e+01 1.000000e+02
      vertex   5.640229e+01 9.214347e+00 1.000000e+02
      vertex   5.568756e+01 1.284593e+01 1.000000e+02
    endloop
  endfacet
  facet normal 0.000000e+00 -0.000000e+00 1.000000e+00
    outer loop
      vertex   4.890738e+01 1.039558e+01 1.000000e+02
      vertex   5.568756e+01 1.284593e+01 1.000000e+02
      vertex   4.806308e+01 1.378187e+01 1.000000e+02
    endloop
  endfacet
  facet normal -0.000000e+00 0.000000e+00 1.000000e+00
    outer loop
      vertex   4.806308e+01 1.378187e+01 1.000000e+02
      vertex   5.568756e+01 1.284593e+01 1.000000e+02
      vertex   5.473926e+01 1.642364e+01 1.000000e+02
    endloop
  endfacet
  facet normal 0.000000e+00 -0.000000e+00 1.000000e+00
    outer loop
      vertex   4.806308e+01 1.378187e+01 1.000000e+02
      vertex   5.473926e+01 1.642364e+01 1.000000e+02
      vertex   4.698463e+01 1.710101e+01 1.000000e+02
    endloop
  endfacet
  facet normal -0.000000e+00 0.000000e+00 1.000000e+00
    outer loop
      vertex   4.698463e+01 1.710101e+01 1.000000e+02
      vertex   5.473926e+01 1.642364e+01 1.000000e+02
      vertex   5.356136e+01 1.993246e+01 1.000000e+02
    endloop
  endfacet
  facet normal 0.000000e+00 -0.000000e+00 1.000000e+00
    outer loop
      vertex   4.698463e+01 1.710101e+01 1.000000e+02
      vertex   5.356136e+01 1.993246e+01 1.000000e+02
      vertex   4.567727e+01 2.033683e+01 1.000000e+02
    endloop
  endfacet
  facet normal -0.000000e+00 0.000000e+00 1.000000e+00
    outer loop
      vertex   4.567727e+01 2.033683e+01 1.000000e+02
      vertex   5.356136e+01 1.993246e+01 1.000000e+02
      vertex   5.215881e+01 2.335767e+01 1.000000e+02
    endloop
  endfacet
  facet normal 0.000000e+00 0.000000e+00 1.000000e+00
    outer loop
      vertex   4.567727e+01 2.033683e+01 1.000000e+02
      vertex   5.215881e+01 2.335767e+01 1.000000e+02
      vertex   5.053749e+01 2.668492e+01 1.000000e+02
    endloop
  endfacet
  facet normal 0.000000e+00 -0.000000e+00 1.000000e+00
    outer loop
      vertex   4.567727e+01 2.033683e+01 1.000000e+02
      vertex   5.053749e+01 2.668492e+01 1.000000e+02
      vertex   4.414738e+01 2.347358e+01 1.000000e+02
    endloop
  endfacet
  facet normal 0.000000e+00 0.000000e+00 1.000000e+00
    outer loop
      vertex   4.414738e+01 2.347358e+01 1.000000e+02
      vertex   5.053749e+01 2.668492e+01 1.000000e+02
      vertex   4.870419e+01 2.990024e+01 1.000000e+02
    endloop
  endfacet
  facet normal 0.000000e+00 -0.000000e+00 1.000000e+00
    outer loop
      vertex   4.414738e+01 2.347358e+01 1.000000e+02
      vertex   4.870419e+01 2.990024e+01 1.000000e+02
      vertex   4.240240e+01 2.649596e+01 1.000000e+02
    endloop
  endfacet
  facet normal 0.000000e+00 0.000000e+00 1.000000e+00
    outer loop
      vertex   4.240240e+01 2.649596e+01 1.000000e+02
      vertex   4.870419e+01 2.990024e+01 1.000000e+02
      vertex   4.666661e+01 3.299015e+01 1.000000e+02
    endloop
  endfacet
  facet normal 0.000000e+00 -0.000000e+00 1.000000e+00
    outer loop
      vertex   4.240240e+01 2.649596e+01 1.000000e+02
      vertex   4.666661e+01 3.299015e+01 1.000000e+02
      vertex   4.045085e+01 2.938926e+01 1.000000e+02
    endloop
  endfacet
  facet normal 0.000000e+00 0.000000e+00 1.000000e+00
    outer loop
      vertex   4.045085e+01 2.938926e+01 1.000000e+02
      vertex   4.666661e+01 3.299015e+01 1.000000e+02
      vertex   4.443330e+01 3.594168e+01 1.000000e+02
    endloop
  endfacet
  facet normal 0.000000e+00 -0.000000e+00 1.000000e+00
    outer loop
      vertex   4.045085e+01 2.938926e+01 1.000000e+02
      vertex   4.443330e+01 3.594168e+01 1.000000e+02
      vertex   3.830222e+01 3.213938e+01 1.000000e+02
    endloop
  endfacet
  facet normal 0.000000e+00 0.000000e+00 1.000000e+00
    outer loop
      vertex   3.830222e+01 3.213938e+01 1.000000e+02
      vertex   4.443330e+01 3.594168e+01 1.000000e+02
      vertex   4.201362e+01 3.874246e+01 1.000000e+02
    endloop
  endfacet
  facet normal 0.000000e+00 -0.000000e+00 1.000000e+00
    outer loop
      vertex   3.830222e+01 3.213938e+01 1.000000e+02
      vertex   4.201362e+01 3.874246e+01 1.000000e+02
      vertex   3.596699e+01 3.473292e+01 1.000000e+02
    endloop
  endfacet
  facet normal 0.000000e+00 0.000000e+00 1.000000e+00
    outer loop
      vertex   3.596699e+01 3.473292e+01 1.000000e+02
      vertex   4.201362e+01 3.874246e+01 1.000000e+02
      vertex   3.941771e+01 4.138075e+01 1.000000e+02
    endloop
  endfacet
  facet normal 0.000000e+00 -0.000000e+00 1.000000e+00
    outer loop
      vertex   3.596699e+01 3.473292e+01 1.000000e+02
      vertex   3.941771e+01 4.138075e+01 1.000000e+02
      vertex   3.345653e+01 3.715724e+01 1.000000e+02
    endloop
  endfacet
  facet normal 0.000000e+00 0.000000e+00 1.000000e+00
    outer loop
      vertex   3.345653e+01 3.715724e+01 1.000000e+02
      vertex   3.941771e+01 4.138075e+01 1.000000e+02
      vertex   3.665648e+01 4.384547e+01 1.000000e+02
    endloop
  endfacet
  facet normal 0.000000e+00 -0.000000e+00 1.000000e+00
    outer loop
      vertex   3.345653e+01 3.715724e+01 1.000000e+02
      vertex   3.665648e+01 4.384547e+01 1.000000e+02
      vertex   3.078307e+01 3.940054e+01 1.000000e+02
    endloop
  endfacet
  facet normal 0.000000e+00 0.000000e+00 1.000000e+00
    outer loop
      vertex   3.078307e+01 3.940054e+01 1.000000e+02
      vertex   3.665648e+01 4.384547e+01 1.000000e+02
      vertex   3.374150e+01 4.612628e+01 1.000000e+02
    endloop
  endfacet
  facet normal 0.000000e+00 -0.000000e+00 1.000000e+00
    outer loop
      vertex   3.078307e+01 3.940054e+01 1.000000e+02
      vertex   3.374150e+01 4.612628e+01 1.000000e+02
      vertex   2.795965e+01 4.145188e+01 1.000000e+02
    endloop
  endfacet
  facet normal 0.000000e+00 0.000000e+00 1.000000e+00
    outer loop
      vertex   2.795965e+01 4.145188e+01 1.000000e+02
      vertex   3.374150e+01 4.612628e+01 1.000000e+02
      vertex   3.068499e+01 4.821363e+01 1.000000e+02
    endloop
  endfacet
  facet normal 0.000000e+00 -0.000000e+00 1.000000e+00
    outer loop
      vertex   2.795965e+01 4.145188e+01 1.000000e+02
      vertex   3.068499e+01 4.821363e+01 1.000000e+02
      vertex   2.500000e+01 4.330127e+01 1.000000e+02
    endloop
  endfacet
  facet normal 0.000000e+00 0.000000e+00 1.000000e+00
    outer loop
      vertex   2.500000e+01 4.330127e+01 1.000000e+02
      vertex   3.068499e+01 4.821363e+01 1.000000e+02
      vertex   2.749978e+01 5.009875e+01 1.000000e+02
    endloop
  endfacet
  facet normal 0.000000e+00 -0.000000e+00 1.000000e+00
    outer loop
      vertex   2.500000e+01 4.330127e+01 1.000000e+02
      vertex   2.749978e+01 5.009875e+01 1.000000e+02
      vertex   2.191856e+01 4.493970e+01 1.000000e+02
    endloop
  endfacet
  facet normal 0.000000e+00 0.000000e+00 1.000000e+00
    outer loop
      vertex   2.191856e+01 4.493970e+01 1.000000e+02
      vertex   2.749978e+01 5.009875e+01 1.000000e+02
      vertex   2.419922e+01 5.177374e+01 1.000000e+02
    endloop
  endfacet
  facet normal 0.000000e+00 -0.000000e+00 1.000000e+00
    outer loop
      vertex   2.191856e+01 4.493970e+01 1.000000e+02
      vertex   2.419922e+01 5.177374e+01 1.000000e+02
      vertex   1.873033e+01 4.635919e+01 1.000000e+02
    endloop
  endfacet
  facet normal 0.000000e+00 0.000000e+00 1.000000e+00
    outer loop
      vertex   1.873033e+01 4.635919e+01 1.000000e+02
      vertex   2.419922e+01 5.177374e+01 1.000000e+02
      vertex   2.079717e+01 5.323157e+01 1.000000e+02
    endloop
  endfacet
  facet normal 0.000000e+00 -0.000000e+00 1.000000e+00
    outer loop
      vertex   1.873033e+01 4.635919e+01 1.000000e+02
      vertex   2.079717e+01 5.323157e+01 1.000000e+02
      vertex   1.545085e+01 4.755283e+01 1.000000e+02
    endloop
  endfacet
  facet normal 0.000000e+00 0.000000e+00 1.000000e+00
    outer loop
      vertex   1.545085e+01 4.755283e+01 1.000000e+02
      vertex   2.079717e+01 5.323157e+01 1.000000e+02
      vertex   1.730788e+01 5.446613e+01 1.000000e+02
    endloop
  endfacet
  facet normal 0.000000e+00 -0.000000e+00 1.000000e+00
    outer loop
      vertex   1.545085e+01 4.755283e+01 1.000000e+02
      vertex   1.730788e+01 5.446613e+01 1.000000e+02
      vertex   1.209609e+01 4.851479e+01 1.000000e+02
    endloop
  endfacet
  facet normal 0.000000e+00 0.000000e+00 1.000000e+00
    outer loop
      vertex   1.209609e+01 4.851479e+01 1.000000e+02
      vertex   1.730788e+01 5.446613e+01 1.000000e+02
      vertex   1.374600e+01 5.547224e+01 1.000000e+02
    endloop
  endfacet
  facet normal 0.000000e+00 -0.000000e+00 1.000000e+00
    outer loop
      vertex   1.209609e+01 4.851479e+01 1.000000e+02
      vertex   1.374600e+01 5.547224e+01 1.000000e+02
      vertex   1.012647e+01 5.624569e+01 1.000000e+02
    endloop
  endfacet
  facet normal 0.000000e+00 0.000000e+00 1.000000e+00
    outer loop
      vertex   1.209609e+01 4.851479e+01 1.000000e+02
      vertex   1.012647e+01 5.624569e+01 1.000000e+02
      vertex   8.682409e+00 4.924039e+01 1.000000e+02
    endloop
  endfacet
  facet normal 0.000000e+00 -0.000000e+00 1.000000e+00
    outer loop
      vertex   8.682409e+00 4.924039e+01 1.000000e+02
      vertex   1.012647e+01 5.624569e+01 1.000000e+02
      vertex   6.464455e+00 5.678321e+01 1.000000e+02
    endloop
  endfacet
  facet normal 0.000000e+00 0.000000e+00 1.000000e+00
    outer loop
      vertex   8.682409e+00 4.924039e+01 1.000000e+02
      vertex   6.464455e+00 5.678321e+01 1.000000e+02
      vertex   5.226423e+00 4.972609e+01 1.000000e+02
    endloop
  endfacet
  facet normal 0.000000e+00 -0.000000e+00 1.000000e+00
    outer loop
      vertex   5.226423e+00 4.972609e+01 1.000000e+02
      vertex   6.464455e+00 5.678321e+01 1.000000e+02
      vertex   2.775331e+00 5.708257e+01 1.000000e+02
    endloop
  endfacet
  facet normal 0.000000e+00 0.000000e+00 1.000000e+00
    outer loop
      vertex   5.226423e+00 4.972609e+01 1.000000e+02
      vertex   2.775331e+00 5.708257e+01 1.000000e+02
      vertex   1.744975e+00 4.996954e+01 1.000000e+02
    endloop
  endfacet
  facet normal 0.000000e+00 -0.000000e+00 1.000000e+00
    outer loop
      vertex   1.744975e+00 4.996954e+01 1.000000e+02
      vertex   2.775331e+00 5.708257e+01 1.000000e+02
      vertex   -9.254339e-01 5.714251e+01 1.000000e+02
    endloop
  endfacet
  facet normal 0.000000e+00 0.000000e+00 1.000000e+00
    outer loop
      vertex   1.744975e+00 4.996954e+01 1.000000e+02
      vertex   -9.254339e-01 5.714251e+01 1.000000e+02
      vertex   -1.744975e+00 4.996954e+01 1.000000e+02
    endloop
  endfacet
  facet normal 0.000000e+00 -0.000000e+00 1.000000e+00
    outer loop
      vertex   -1.744975e+00 4.996954e+01 1.000000e+02
      vertex   -9.254339e-01 5.714251e+01 1.000000e+02
      vertex   -4.622317e+00 5.696277e+01 1.000000e+02
    endloop
  endfacet
  facet normal 0.000000e+00 0.000000e+00 1.000000e+00
    outer loop
      vertex   -1.744975e+00 4.996954e+01 1.000000e+02
      vertex   -4.622317e+00 5.696277e+01 1.000000e+02
      vertex   -5.226423e+00 4.972609e+01 1.000000e+02
    endloop
  endfacet
  facet normal 0.000000e+00 -0.000000e+00 1.000000e+00
    outer loop
      vertex   -5.226423e+00 4.972609e+01 1.000000e+02
      vertex   -4.622317e+00 5.696277e+01 1.000000e+02
      vertex   -8.299813e+00 5.654410e+01 1.000000e+02
    endloop
  endfacet
  facet normal 0.000000e+00 0.000000e+00 1.000000e+00
    outer loop
      vertex   -5.226423e+00 4.972609e+01 1.000000e+02
      vertex   -8.299813e+00 5.654410e+01 1.000000e+02
      vertex   -8.682409e+00 4.924039e+01 1.000000e+02
    endloop
  endfacet
  facet normal 0.000000e+00 -0.000000e+00 1.000000e+00
    outer loop
      vertex   -8.682409e+00 4.924039e+01 1.000000e+02
      vertex   -8.299813e+00 5.654410e+01 1.000000e+02
      vertex   -1.194250e+01 5.588828e+01 1.000000e+02
    endloop
  endfacet
  facet normal 0.000000e+00 0.000000e+00 1.000000e+00
    outer loop
      vertex   -8.682409e+00 4.924039e+01 1.000000e+02
      vertex   -1.194250e+01 5.588828e+01 1.000000e+02
      vertex   -1.209609e+01 4.851479e+01 1.000000e+02
    endloop
  endfacet
  facet normal 0.000000e+00 -0.000000e+00 1.000000e+00
    outer loop
      vertex   -1.209609e+01 4.851479e+01 1.000000e+02
      vertex   -1.194250e+01 5.588828e+01 1.000000e+02
      vertex   -1.553509e+01 5.499803e+01 1.000000e+02
    endloop
  endfacet
  facet normal 0.000000e+00 0.000000e+00 1.000000e+00
    outer loop
      vertex   -1.209609e+01 4.851479e+01 1.000000e+02
      vertex   -1.553509e+01 5.499803e+01 1.000000e+02
      vertex   -1.545085e+01 4.755283e+01 1.000000e+02
    endloop
  endfacet
  facet normal 0.000000e+00 0.000000e+00 1.000000e+00
    outer loop
      vertex   -1.545085e+01 4.755283e+01 1.000000e+02
      vertex   -1.553509e+01 5.499803e+01 1.000000e+02
      vertex   -1.906252e+01 5.387711e+01 1.000000e+02
    endloop
  endfacet
  facet normal 0.000000e+00 0.000000e+00 1.000000e+00
    outer loop
      vertex   -1.545085e+01 4.755283e+01 1.000000e+02
      vertex   -1.906252e+01 5.387711e+01 1.000000e+02
      vertex   -1.873033e+01 4.635919e+01 1.000000e+02
    endloop
  endfacet
  facet normal 0.000000e+00 0.000000e+00 1.000000e+00
    outer loop
      vertex   -1.873033e+01 4.635919e+01 1.000000e+02
      vertex   -1.906252e+01 5.387711e+01 1.000000e+02
      vertex   -2.251000e+01 5.253020e+01 1.000000e+02
    endloop
  endfacet
  facet normal 0.000000e+00 0.000000e+00 1.000000e+00
    outer loop
      vertex   -1.873033e+01 4.635919e+01 1.000000e+02
      vertex   -2.251000e+01 5.253020e+01 1.000000e+02
      vertex   -2.191856e+01 4.493970e+01 1.000000e+02
    endloop
  endfacet
  facet normal 0.000000e+00 0.000000e+00 1.000000e+00
    outer loop
      vertex   -2.191856e+01 4.493970e+01 1.000000e+02
      vertex   -2.251000e+01 5.253020e+01 1.000000e+02
      vertex   -2.586306e+01 5.096297e+01 1.000000e+02
    endloop
  endfacet
  facet normal 0.000000e+00 0.000000e+00 1.000000e+00
    outer loop
      vertex   -2.191856e+01 4.493970e+01 1.000000e+02
      vertex   -2.586306e+01 5.096297e+01 1.000000e+02
      vertex   -2.500000e+01 4.330127e+01 1.000000e+02
    endloop
  endfacet
  facet normal 0.000000e+00 0.000000e+00 1.000000e+00
    outer loop
      vertex   -2.500000e+01 4.330127e+01 1.000000e+02
      vertex   -2.586306e+01 5.096297e+01 1.000000e+02
      vertex   -2.910765e+01 4.918198e+01 1.000000e+02
    endloop
  endfacet
  facet normal 0.000000e+00 0.000000e+00 1.000000e+00
    outer loop
      vertex   -2.500000e+01 4.330127e+01 1.000000e+02
      vertex   -2.910765e+01 4.918198e+01 1.000000e+02
      vertex   -2.795965e+01 4.145188e+01 1.000000e+02
    endloop
  endfacet
  facet normal 0.000000e+00 0.000000e+00 1.000000e+00
    outer loop
      vertex   -2.795965e+01 4.145188e+01 1.000000e+02
      vertex   -2.910765e+01 4.918198e+01 1.000000e+02
      vertex   -3.223014e+01 4.719471e+01 1.000000e+02
    endloop
  endfacet
  facet normal 0.000000e+00 0.000000e+00 1.000000e+00
    outer loop
      vertex   -2.795965e+01 4.145188e+01 1.000000e+02
      vertex   -3.223014e+01 4.719471e+01 1.000000e+02
      vertex   -3.078307e+01 3.940054e+01 1.000000e+02
    endloop
  endfacet
  facet normal 0.000000e+00 0.000000e+00 1.000000e+00
    outer loop
      vertex   -3.078307e+01 3.940054e+01 1.000000e+02
      vertex   -3.223014e+01 4.719471e+01 1.000000e+02
      vertex   -3.521746e+01 4.500948e+01 1.000000e+02
    endloop
  endfacet
  facet normal 0.000000e+00 0.000000e+00 1.000000e+00
    outer loop
      vertex   -3.078307e+01 3.940054e+01 1.000000e+02
      vertex   -3.521746e+01 4.500948e+01 1.000000e+02
      vertex   -3.805706e+01 4.263547e+01 1.000000e+02
    endloop
  endfacet
  facet normal 0.000000e+00 0.000000e+00 1.000000e+00
    outer loop
      vertex   -3.078307e+01 3.940054e+01 1.000000e+02
      vertex   -3.805706e+01 4.263547e+01 1.000000e+02
      vertex   -3.345653e+01 3.715724e+01 1.000000e+02
    endloop
  endfacet
  facet normal 0.000000e+00 0.000000e+00 1.000000e+00
    outer loop
      vertex   -3.345653e+01 3.715724e+01 1.000000e+02
      vertex   -3.805706e+01 4.263547e+01 1.000000e+02
      vertex   -4.073703e+01 4.008263e+01 1.000000e+02
    endloop
  endfacet
  facet normal 0.000000e+00 0.000000e+00 1.000000e+00
    outer loop
      vertex   -3.345653e+01 3.715724e+01 1.000000e+02
      vertex   -4.073703e+01 4.008263e+01 1.000000e+02
      vertex   -3.596699e+01 3.473292e+01 1.000000e+02
    endloop
  endfacet
  facet normal 0.000000e+00 0.000000e+00 1.000000e+00
    outer loop
      vertex   -3.596699e+01 3.473292e+01 1.000000e+02
      vertex   -4.073703e+01 4.008263e+01 1.000000e+02
      vertex   -4.324614e+01 3.736167e+01 1.000000e+02
    endloop
  endfacet
  facet normal 0.000000e+00 0.000000e+00 1.000000e+00
    outer loop
      vertex   -3.596699e+01 3.473292e+01 1.000000e+02
      vertex   -4.324614e+01 3.736167e+01 1.000000e+02
      vertex   -3.830222e+01 3.213938e+01 1.000000e+02
    endloop
  endfacet
  facet normal 0.000000e+00 0.000000e+00 1.000000e+00
    outer loop
      vertex   -3.830222e+01 3.213938e+01 1.000000e+02
      vertex   -4.324614e+01 3.736167e+01 1.000000e+02
      vertex   -4.557386e+01 3.448400e+01 1.000000e+02
    endloop
  endfacet
  facet normal 0.000000e+00 0.000000e+00 1.000000e+00
    outer loop
      vertex   -3.830222e+01 3.213938e+01 1.000000e+02
      vertex   -4.557386e+01 3.448400e+01 1.000000e+02
      vertex   -4.045085e+01 2.938926e+01 1.000000e+02
    endloop
  endfacet
  facet normal 0.000000e+00 0.000000e+00 1.000000e+00
    outer loop
      vertex   -4.045085e+01 2.938926e+01 1.000000e+02
      vertex   -4.557386e+01 3.448400e+01 1.000000e+02
      vertex   -4.771042e+01 3.146169e+01 1.000000e+02
    endloop
  endfacet
  facet normal 0.000000e+00 0.000000e+00 1.000000e+00
    outer loop
      vertex   -4.045085e+01 2.938926e+01 1.000000e+02
      vertex   -4.771042e+01 3.146169e+01 1.000000e+02
      vertex   -4.240240e+01 2.649596e+01 1.000000e+02
    endloop
  endfacet
  facet normal 0.000000e+00 0.000000e+00 1.000000e+00
    outer loop
      vertex   -4.240240e+01 2.649596e+01 1.000000e+02
      vertex   -4.771042e+01 3.146169e+01 1.000000e+02
      vertex   -4.964688e+01 2.830742e+01 1.000000e+02
    endloop
  endfacet
  facet normal 0.000000e+00 0.000000e+00 1.000000e+00
    outer loop
      vertex   -4.240240e+01 2.649596e+01 1.000000e+02
      vertex   -4.964688e+01 2.830742e+01 1.000000e+02
      vertex   -4.414738e+01 2.347358e+01 1.000000e+02
    endloop
  endfacet
  facet normal 0.000000e+00 0.000000e+00 1.000000e+00
    outer loop
      vertex   -4.414738e+01 2.347358e+01 1.000000e+02
      vertex   -4.964688e+01 2.830742e+01 1.000000e+02
      vertex   -5.137509e+01 2.503442e+01 1.000000e+02
    endloop
  endfacet
  facet normal 0.000000e+00 0.000000e+00 1.000000e+00
    outer loop
      vertex   -4.414738e+01 2.347358e+01 1.000000e+02
      vertex   -5.137509e+01 2.503442e+01 1.000000e+02
      vertex   -4.567727e+01 2.033683e+01 1.000000e+02
    endloop
  endfacet
  facet normal 0.000000e+00 0.000000e+00 1.000000e+00
    outer loop
      vertex   -4.567727e+01 2.033683e+01 1.000000e+02
      vertex   -5.137509e+01 2.503442e+01 1.000000e+02
      vertex   -5.288782e+01 2.165642e+01 1.000000e+02
    endloop
  endfacet
  facet normal 0.000000e+00 0.000000e+00 1.000000e+00
    outer loop
      vertex   -4.567727e+01 2.033683e+01 1.000000e+02
      vertex   -5.288782e+01 2.165642e+01 1.000000e+02
      vertex   -4.698463e+01 1.710101e+01 1.000000e+02
    endloop
  endfacet
  facet normal 0.000000e+00 0.000000e+00 1.000000e+00
    outer loop
      vertex   -4.698463e+01 1.710101e+01 1.000000e+02
      vertex   -5.288782e+01 2.165642e+01 1.000000e+02
      vertex   -5.417872e+01 1.818759e+01 1.000000e+02
    endloop
  endfacet
  facet normal 0.000000e+00 0.000000e+00 1.000000e+00
    outer loop
      vertex   -4.698463e+01 1.710101e+01 1.000000e+02
      vertex   -5.417872e+01 1.818759e+01 1.000000e+02
      vertex   -4.806308e+01 1.378187e+01 1.000000e+02
    endloop
  endfacet
  facet normal 0.000000e+00 0.000000e+00 1.000000e+00
    outer loop
      vertex   -4.806308e+01 1.378187e+01 1.000000e+02
      vertex   -5.417872e+01 1.818759e+01 1.000000e+02
      vertex   -5.524238e+01 1.464246e+01 1.000000e+02
    endloop
  endfacet
  facet normal 0.000000e+00 0.000000e+00 1.000000e+00
    outer loop
      vertex   -4.806308e+01 1.378187e+01 1.000000e+02
      vertex   -5.524238e+01 1.464246e+01 1.000000e+02
      vertex   -4.890738e+01 1.039558e+01 1.000000e+02
    endloop
  endfacet
  facet normal 0.000000e+00 0.000000e+00 1.000000e+00
    outer loop
      vertex   -4.890738e+01 1.039558e+01 1.000000e+02
      vertex   -5.524238e+01 1.464246e+01 1.000000e+02
      vertex   -5.607433e+01 1.103593e+01 1.000000e+02
    endloop
  endfacet
  facet normal 0.000000e+00 0.000000e+00 1.000000e+00
    outer loop
      vertex   -4.890738e+01 1.039558e+01 1.000000e+02
      vertex   -5.607433e+01 1.103593e+01 1.000000e+02
      vertex   -4.951340e+01 6.958655e+00 1.000000e+02
    endloop
  endfacet
  facet normal 0.000000e+00 0.000000e+00 1.000000e+00
    outer loop
      vertex   -4.951340e+01 6.958655e+00 1.000000e+02
      vertex   -5.607433e+01 1.103593e+01 1.000000e+02
      vertex   -5.667109e+01 7.383102e+00 1.000000e+02
    endloop
  endfacet
  facet normal 0.000000e+00 0.000000e+00 1.000000e+00
    outer loop
      vertex   -4.951340e+01 6.958655e+00 1.000000e+02
      vertex   -5.667109e+01 7.383102e+00 1.000000e+02
      vertex   -4.987820e+01 3.487824e+00 1.000000e+02
    endloop
  endfacet
  facet normal 0.000000e+00 0.000000e+00 1.000000e+00
    outer loop
      vertex   -4.987820e+01 3.487824e+00 1.000000e+02
      vertex   -5.667109e+01 7.383102e+00 1.000000e+02
      vertex   -5.703015e+01 3.699309e+00 1.000000e+02
    endloop
  endfacet
  facet normal 0.000000e+00 0.000000e+00 1.000000e+00
    outer loop
      vertex   -4.987820e+01 3.487824e+00 1.000000e+02
      vertex   -5.703015e+01 3.699309e+00 1.000000e+02
      vertex   -5.000000e+01 -6.123234e-15 1.000000e+02
    endloop
  endfacet
  facet normal 9.914449e-01 -1.305262e-01 1.397335e-14
    outer loop
      vertex   -3.096593e+01 2.588190e-01 -5.000000e+00
      vertex   -3.096593e+01 2.588190e-01 -4.500000e+00
      vertex   -3.100000e+01 -1.224647e-16 -5.000000e+00
    endloop
  endfacet
  facet normal 9.914449e-01 -1.305262e-01 6.393939e-17
    outer loop
      vertex   -3.100000e+01 -1.224647e-16 -5.000000e+00
      vertex   -3.096593e+01 2.588190e-01 -4.500000e+00
      vertex   -3.100000e+01 1.224647e-16 -4.500000e+00
    endloop
  endfacet
  facet normal 9.914449e-01 1.305262e-01 -6.393939e-17
    outer loop
      vertex   -3.100000e+01 -1.224647e-16 -5.000000e+00
      vertex   -3.100000e+01 1.224647e-16 -4.500000e+00
      vertex   -3.096593e+01 -2.588190e-01 -5.000000e+00
    endloop
  endfacet
  facet normal 9.914449e-01 1.305262e-01 -1.397335e-14
    outer loop
      vertex   -3.096593e+01 -2.588190e-01 -5.000000e+00
      vertex   -3.100000e+01 1.224647e-16 -4.500000e+00
      vertex   -3.096593e+01 -2.588190e-01 -4.500000e+00
    endloop
  endfacet
  facet normal 9.238795e-01 3.826834e-01 -1.278923e-14
    outer loop
      vertex   -3.096593e+01 -2.588190e-01 -5.000000e+00
      vertex   -3.096593e+01 -2.588190e-01 -4.500000e+00
      vertex   -3.086603e+01 -5.000000e-01 -5.000000e+00
    endloop
  endfacet
  facet normal 9.238795e-01 3.826834e-01 3.398912e-16
    outer loop
      vertex   -3.086603e+01 -5.000000e-01 -5.000000e+00
      vertex   -3.096593e+01 -2.588190e-01 -4.500000e+00
      vertex   -3.086603e+01 -5.000000e-01 -4.500000e+00
    endloop
  endfacet
  facet normal 7.933533e-01 6.087614e-01 5.406888e-16
    outer loop
      vertex   -3.086603e+01 -5.000000e-01 -5.000000e+00
      vertex   -3.086603e+01 -5.000000e-01 -4.500000e+00
      vertex   -3.070711e+01 -7.071068e-01 -5.000000e+00
    endloop
  endfacet
  facet normal 7.933533e-01 6.087614e-01 -0.000000e+00
    outer loop
      vertex   -3.070711e+01 -7.071068e-01 -5.000000e+00
      vertex   -3.086603e+01 -5.000000e-01 -4.500000e+00
      vertex   -3.070711e+01 -7.071068e-01 -4.500000e+00
    endloop
  endfacet
  facet normal 6.087614e-01 7.933533e-01 -0.000000e+00
    outer loop
      vertex   -3.070711e+01 -7.071068e-01 -5.000000e+00
      vertex   -3.070711e+01 -7.071068e-01 -4.500000e+00
      vertex   -3.050000e+01 -8.660254e-01 -5.000000e+00
    endloop
  endfacet
  facet normal 6.087614e-01 7.933533e-01 -3.797031e-15
    outer loop
      vertex   -3.050000e+01 -8.660254e-01 -5.000000e+00
      vertex   -3.070711e+01 -7.071068e-01 -4.500000e+00
      vertex   -3.050000e+01 -8.660254e-01 -4.500000e+00
    endloop
  endfacet
  facet normal 3.826834e-01 9.238795e-01 -2.103702e-15
    outer loop
      vertex   -3.050000e+01 -8.660254e-01 -5.000000e+00
      vertex   -3.050000e+01 -8.660254e-01 -4.500000e+00
      vertex   -3.025882e+01 -9.659258e-01 -5.000000e+00
    endloop
  endfacet
  facet normal 3.826834e-01 9.238795e-01 -0.000000e+00
    outer loop
      vertex   -3.025882e+01 -9.659258e-01 -5.000000e+00
      vertex   -3.050000e+01 -8.660254e-01 -4.500000e+00
      vertex   -3.025882e+01 -9.659258e-01 -4.500000e+00
    endloop
  endfacet
  facet normal 1.305262e-01 9.914449e-01 -0.000000e+00
    outer loop
      vertex   -3.025882e+01 -9.659258e-01 -5.000000e+00
      vertex   -3.025882e+01 -9.659258e-01 -4.500000e+00
      vertex   -3.000000e+01 -1.000000e+00 -5.000000e+00
    endloop
  endfacet
  facet normal 1.305262e-01 9.914449e-01 -0.000000e+00
    outer loop
      vertex   -3.000000e+01 -1.000000e+00 -5.000000e+00
      vertex   -3.025882e+01 -9.659258e-01 -4.500000e+00
      vertex   -3.000000e+01 -1.000000e+00 -4.500000e+00
    endloop
  endfacet
  facet normal -1.305262e-01 9.914449e-01 0.000000e+00
    outer loop
      vertex   -3.000000e+01 -1.000000e+00 -5.000000e+00
      vertex   -3.000000e+01 -1.000000e+00 -4.500000e+00
      vertex   -2.974118e+01 -9.659258e-01 -5.000000e+00
    endloop
  endfacet
  facet normal -1.305262e-01 9.914449e-01 -4.402900e-16
    outer loop
      vertex   -2.974118e+01 -9.659258e-01 -5.000000e+00
      vertex   -3.000000e+01 -1.000000e+00 -4.500000e+00
      vertex   -2.974118e+01 -9.659258e-01 -4.500000e+00
    endloop
  endfacet
  facet normal -3.826834e-01 9.238795e-01 -4.102849e-16
    outer loop
      vertex   -2.974118e+01 -9.659258e-01 -5.000000e+00
      vertex   -2.974118e+01 -9.659258e-01 -4.500000e+00
      vertex   -2.950000e+01 -8.660254e-01 -5.000000e+00
    endloop
  endfacet
  facet normal -3.826834e-01 9.238795e-01 2.308844e-15
    outer loop
      vertex   -2.950000e+01 -8.660254e-01 -5.000000e+00
      vertex   -2.974118e+01 -9.659258e-01 -4.500000e+00
      vertex   -2.950000e+01 -8.660254e-01 -4.500000e+00
    endloop
  endfacet
  facet normal -6.087614e-01 7.933533e-01 3.973190e-15
    outer loop
      vertex   -2.950000e+01 -8.660254e-01 -5.000000e+00
      vertex   -2.950000e+01 -8.660254e-01 -4.500000e+00
      vertex   -2.929289e+01 -7.071068e-01 -5.000000e+00
    endloop
  endfacet
  facet normal -6.087614e-01 7.933533e-01 3.797031e-15
    outer loop
      vertex   -2.929289e+01 -7.071068e-01 -5.000000e+00
      vertex   -2.950000e+01 -8.660254e-01 -4.500000e+00
      vertex   -2.929289e+01 -7.071068e-01 -4.500000e+00
    endloop
  endfacet
  facet normal -7.933533e-01 6.087614e-01 5.231598e-15
    outer loop
      vertex   -2.929289e+01 -7.071068e-01 -5.000000e+00
      vertex   -2.929289e+01 -7.071068e-01 -4.500000e+00
      vertex   -2.913397e+01 -5.000000e-01 -5.000000e+00
    endloop
  endfacet
  facet normal -7.933533e-01 6.087614e-01 -4.055166e-16
    outer loop
      vertex   -2.913397e+01 -5.000000e-01 -5.000000e+00
      vertex   -2.929289e+01 -7.071068e-01 -4.500000e+00
      vertex   -2.913397e+01 -5.000000e-01 -4.500000e+00
    endloop
  endfacet
  facet normal -9.238795e-01 3.826834e-01 -2.549184e-16
    outer loop
      vertex   -2.913397e+01 -5.000000e-01 -5.000000e+00
      vertex   -2.913397e+01 -5.000000e-01 -4.500000e+00
      vertex   -2.903407e+01 -2.588190e-01 -5.000000e+00
    endloop
  endfacet
  facet normal -9.238795e-01 3.826834e-01 -3.398912e-16
    outer loop
      vertex   -2.903407e+01 -2.588190e-01 -5.000000e+00
      vertex   -2.913397e+01 -5.000000e-01 -4.500000e+00
      vertex   -2.903407e+01 -2.588190e-01 -4.500000e+00
    endloop
  endfacet
  facet normal -9.914449e-01 1.305262e-01 -1.159305e-16
    outer loop
      vertex   -2.903407e+01 -2.588190e-01 -5.000000e+00
      vertex   -2.903407e+01 -2.588190e-01 -4.500000e+00
      vertex   -2.900000e+01 0.000000e+00 -5.000000e+00
    endloop
  endfacet
  facet normal -9.914449e-01 1.305262e-01 0.000000e+00
    outer loop
      vertex   -2.900000e+01 0.000000e+00 -5.000000e+00
      vertex   -2.903407e+01 -2.588190e-01 -4.500000e+00
      vertex   -2.900000e+01 0.000000e+00 -4.500000e+00
    endloop
  endfacet
  facet normal -9.914449e-01 -1.305262e-01 0.000000e+00
    outer loop
      vertex   -2.900000e+01 0.000000e+00 -5.000000e+00
      vertex   -2.900000e+01 0.000000e+00 -4.500000e+00
      vertex   -2.903407e+01 2.588190e-01 -5.000000e+00
    endloop
  endfacet
  facet normal -9.914449e-01 -1.305262e-01 1.159305e-16
    outer loop
      vertex   -2.903407e+01 2.588190e-01 -5.000000e+00
      vertex   -2.900000e+01 0.000000e+00 -4.500000e+00
      vertex   -2.903407e+01 2.588190e-01 -4.500000e+00
    endloop
  endfacet
  facet normal -9.238795e-01 -3.826834e-01 3.398912e-16
    outer loop
      vertex   -2.903407e+01 2.588190e-01 -5.000000e+00
      vertex   -2.903407e+01 2.588190e-01 -4.500000e+00
      vertex   -2.913397e+01 5.000000e-01 -5.000000e+00
    endloop
  endfacet
  facet normal -9.238795e-01 -3.826834e-01 2.549184e-16
    outer loop
      vertex   -2.913397e+01 5.000000e-01 -5.000000e+00
      vertex   -2.903407e+01 2.588190e-01 -4.500000e+00
      vertex   -2.913397e+01 5.000000e-01 -4.500000e+00
    endloop
  endfacet
  facet normal -7.933533e-01 -6.087614e-01 4.055166e-16
    outer loop
      vertex   -2.913397e+01 5.000000e-01 -5.000000e+00
      vertex   -2.913397e+01 5.000000e-01 -4.500000e+00
      vertex   -2.929289e+01 7.071068e-01 -5.000000e+00
    endloop
  endfacet
  facet normal -7.933533e-01 -6.087614e-01 -5.231598e-15
    outer loop
      vertex   -2.929289e+01 7.071068e-01 -5.000000e+00
      vertex   -2.913397e+01 5.000000e-01 -4.500000e+00
      vertex   -2.929289e+01 7.071068e-01 -4.500000e+00
    endloop
  endfacet
  facet normal -6.087614e-01 -7.933533e-01 -3.797031e-15
    outer loop
      vertex   -2.929289e+01 7.071068e-01 -5.000000e+00
      vertex   -2.929289e+01 7.071068e-01 -4.500000e+00
      vertex   -2.950000e+01 8.660254e-01 -5.000000e+00
    endloop
  endfacet
  facet normal -6.087614e-01 -7.933533e-01 -3.973190e-15
    outer loop
      vertex   -2.950000e+01 8.660254e-01 -5.000000e+00
      vertex   -2.929289e+01 7.071068e-01 -4.500000e+00
      vertex   -2.950000e+01 8.660254e-01 -4.500000e+00
    endloop
  endfacet
  facet normal -3.826834e-01 -9.238795e-01 -2.308844e-15
    outer loop
      vertex   -2.950000e+01 8.660254e-01 -5.000000e+00
      vertex   -2.950000e+01 8.660254e-01 -4.500000e+00
      vertex   -2.974118e+01 9.659258e-01 -5.000000e+00
    endloop
  endfacet
  facet normal -3.826834e-01 -9.238795e-01 4.102849e-16
    outer loop
      vertex   -2.974118e+01 9.659258e-01 -5.000000e+00
      vertex   -2.950000e+01 8.660254e-01 -4.500000e+00
      vertex   -2.974118e+01 9.659258e-01 -4.500000e+00
    endloop
  endfacet
  facet normal -1.305262e-01 -9.914449e-01 4.402900e-16
    outer loop
      vertex   -2.974118e+01 9.659258e-01 -5.000000e+00
      vertex   -2.974118e+01 9.659258e-01 -4.500000e+00
      vertex   -3.000000e+01 1.000000e+00 -5.000000e+00
    endloop
  endfacet
  facet normal -1.305262e-01 -9.914449e-01 0.000000e+00
    outer loop
      vertex   -3.000000e+01 1.000000e+00 -5.000000e+00
      vertex   -2.974118e+01 9.659258e-01 -4.500000e+00
      vertex   -3.000000e+01 1.000000e+00 -4.500000e+00
    endloop
  endfacet
  facet normal 1.305262e-01 -9.914449e-01 0.000000e+00
    outer loop
      vertex   -3.000000e+01 1.000000e+00 -5.000000e+00
      vertex   -3.000000e+01 1.000000e+00 -4.500000e+00
      vertex   -3.025882e+01 9.659258e-01 -5.000000e+00
    endloop
  endfacet
  facet normal 1.305262e-01 -9.914449e-01 0.000000e+00
    outer loop
      vertex   -3.025882e+01 9.659258e-01 -5.000000e+00
      vertex   -3.000000e+01 1.000000e+00 -4.500000e+00
      vertex   -3.025882e+01 9.659258e-01 -4.500000e+00
    endloop
  endfacet
  facet normal 3.826834e-01 -9.238795e-01 0.000000e+00
    outer loop
      vertex   -3.025882e+01 9.659258e-01 -5.000000e+00
      vertex   -3.025882e+01 9.659258e-01 -4.500000e+00
      vertex   -3.050000e+01 8.660254e-01 -5.000000e+00
    endloop
  endfacet
  facet normal 3.826834e-01 -9.238795e-01 2.103702e-15
    outer loop
      vertex   -3.050000e+01 8.660254e-01 -5.000000e+00
      vertex   -3.025882e+01 9.659258e-01 -4.500000e+00
      vertex   -3.050000e+01 8.660254e-01 -4.500000e+00
    endloop
  endfacet
  facet normal 6.087614e-01 -7.933533e-01 3.797031e-15
    outer loop
      vertex   -3.050000e+01 8.660254e-01 -5.000000e+00
      vertex   -3.050000e+01 8.660254e-01 -4.500000e+00
      vertex   -3.070711e+01 7.071068e-01 -5.000000e+00
    endloop
  endfacet
  facet normal 6.087614e-01 -7.933533e-01 0.000000e+00
    outer loop
      vertex   -3.070711e+01 7.071068e-01 -5.000000e+00
      vertex   -3.050000e+01 8.660254e-01 -4.500000e+00
      vertex   -3.070711e+01 7.071068e-01 -4.500000e+00
    endloop
  endfacet
  facet normal 7.933533e-01 -6.087614e-01 0.000000e+00
    outer loop
      vertex   -3.070711e+01 7.071068e-01 -5.000000e+00
      vertex   -3.070711e+01 7.071068e-01 -4.500000e+00
      vertex   -3.086603e+01 5.000000e-01 -5.000000e+00
    endloop
  endfacet
  facet normal 7.933533e-01 -6.087614e-01 -5.406888e-16
    outer loop
      vertex   -3.086603e+01 5.000000e-01 -5.000000e+00
      vertex   -3.070711e+01 7.071068e-01 -4.500000e+00
      vertex   -3.086603e+01 5.000000e-01 -4.500000e+00
    endloop
  endfacet
  facet normal 9.238795e-01 -3.826834e-01 -3.398912e-16
    outer loop
      vertex   -3.086603e+01 5.000000e-01 -5.000000e+00
      vertex   -3.086603e+01 5.000000e-01 -4.500000e+00
      vertex   -3.096593e+01 2.588190e-01 -5.000000e+00
    endloop
  endfacet
  facet normal 9.238795e-01 -3.826834e-01 1.278923e-14
    outer loop
      vertex   -3.096593e+01 2.588190e-01 -5.000000e+00
      vertex   -3.086603e+01 5.000000e-01 -4.500000e+00
      vertex   -3.096593e+01 2.588190e-01 -4.500000e+00
    endloop
  endfacet
  facet normal -9.994041e-01 3.451614e-02 0.000000e+00
    outer loop
      vertex   -5.087848e+01 3.518548e+00 9.500000e+01
      vertex   -5.087848e+01 3.518548e+00 4.500000e+01
      vertex   -5.100000e+01 -6.245699e-15 9.500000e+01
    endloop
  endfacet
  facet normal -9.994041e-01 3.451614e-02 0.000000e+00
    outer loop
      vertex   -5.100000e+01 -6.245699e-15 9.500000e+01
      vertex   -5.087848e+01 3.518548e+00 4.500000e+01
      vertex   -5.100000e+01 -6.245699e-15 4.500000e+01
    endloop
  endfacet
  facet normal -9.994041e-01 -3.451614e-02 -0.000000e+00
    outer loop
      vertex   -5.100000e+01 -6.245699e-15 9.500000e+01
      vertex   -5.100000e+01 -6.245699e-15 4.500000e+01
      vertex   -5.087848e+01 -3.518548e+00 9.500000e+01
    endloop
  endfacet
  facet normal -9.994041e-01 -3.451614e-02 -0.000000e+00
    outer loop
      vertex   -5.087848e+01 -3.518548e+00 9.500000e+01
      vertex   -5.100000e+01 -6.245699e-15 4.500000e+01
      vertex   -5.087848e+01 -3.518548e+00 4.500000e+01
    endloop
  endfacet
  facet normal -9.946415e-01 -1.033839e-01 -0.000000e+00
    outer loop
      vertex   -5.087848e+01 -3.518548e+00 9.500000e+01
      vertex   -5.087848e+01 -3.518548e+00 4.500000e+01
      vertex   -5.051450e+01 -7.020329e+00 9.500000e+01
    endloop
  endfacet
  facet normal -9.946415e-01 -1.033839e-01 -0.000000e+00
    outer loop
      vertex   -5.051450e+01 -7.020329e+00 9.500000e+01
      vertex   -5.087848e+01 -3.518548e+00 4.500000e+01
      vertex   -5.051450e+01 -7.020329e+00 4.500000e+01
    endloop
  endfacet
  facet normal -9.851390e-01 -1.717591e-01 -0.000000e+00
    outer loop
      vertex   -5.051450e+01 -7.020329e+00 9.500000e+01
      vertex   -5.051450e+01 -7.020329e+00 4.500000e+01
      vertex   -4.990980e+01 -1.048866e+01 9.500000e+01
    endloop
  endfacet
  facet normal -9.851390e-01 -1.717591e-01 -0.000000e+00
    outer loop
      vertex   -4.990980e+01 -1.048866e+01 9.500000e+01
      vertex   -5.051450e+01 -7.020329e+00 4.500000e+01
      vertex   -4.990980e+01 -1.048866e+01 4.500000e+01
    endloop
  endfacet
  facet normal -9.709418e-01 -2.393157e-01 -0.000000e+00
    outer loop
      vertex   -4.990980e+01 -1.048866e+01 9.500000e+01
      vertex   -4.990980e+01 -1.048866e+01 4.500000e+01
      vertex   -4.906725e+01 -1.390700e+01 9.500000e+01
    endloop
  endfacet
  facet normal -9.709418e-01 -2.393157e-01 -0.000000e+00
    outer loop
      vertex   -4.906725e+01 -1.390700e+01 9.500000e+01
      vertex   -4.990980e+01 -1.048866e+01 4.500000e+01
      vertex   -4.906725e+01 -1.390700e+01 4.500000e+01
    endloop
  endfacet
  facet normal -9.521177e-01 -3.057318e-01 -0.000000e+00
    outer loop
      vertex   -4.906725e+01 -1.390700e+01 9.500000e+01
      vertex   -4.906725e+01 -1.390700e+01 4.500000e+01
      vertex   -4.799088e+01 -1.725907e+01 9.500000e+01
    endloop
  endfacet
  facet normal -9.521177e-01 -3.057318e-01 -0.000000e+00
    outer loop
      vertex   -4.799088e+01 -1.725907e+01 9.500000e+01
      vertex   -4.906725e+01 -1.390700e+01 4.500000e+01
      vertex   -4.799088e+01 -1.725907e+01 4.500000e+01
    endloop
  endfacet
  facet normal -9.287562e-01 -3.706910e-01 -0.000000e+00
    outer loop
      vertex   -4.799088e+01 -1.725907e+01 9.500000e+01
      vertex   -4.799088e+01 -1.725907e+01 4.500000e+01
      vertex   -4.668581e+01 -2.052889e+01 9.500000e+01
    endloop
  endfacet
  facet normal -9.287562e-01 -3.706910e-01 -0.000000e+00
    outer loop
      vertex   -4.668581e+01 -2.052889e+01 9.500000e+01
      vertex   -4.799088e+01 -1.725907e+01 4.500000e+01
      vertex   -4.668581e+01 -2.052889e+01 4.500000e+01
    endloop
  endfacet
  facet normal -9.009689e-01 -4.338837e-01 -0.000000e+00
    outer loop
      vertex   -4.668581e+01 -2.052889e+01 9.500000e+01
      vertex   -4.668581e+01 -2.052889e+01 4.500000e+01
      vertex   -4.515826e+01 -2.370088e+01 9.500000e+01
    endloop
  endfacet
  facet normal -9.009689e-01 -4.338837e-01 -0.000000e+00
    outer loop
      vertex   -4.515826e+01 -2.370088e+01 9.500000e+01
      vertex   -4.668581e+01 -2.052889e+01 4.500000e+01
      vertex   -4.515826e+01 -2.370088e+01 4.500000e+01
    endloop
  endfacet
  facet normal -8.688880e-01 -4.950088e-01 -0.000000e+00
    outer loop
      vertex   -4.515826e+01 -2.370088e+01 9.500000e+01
      vertex   -4.515826e+01 -2.370088e+01 4.500000e+01
      vertex   -4.341551e+01 -2.675993e+01 9.500000e+01
    endloop
  endfacet
  facet normal -8.688880e-01 -4.950088e-01 -0.000000e+00
    outer loop
      vertex   -4.341551e+01 -2.675993e+01 9.500000e+01
      vertex   -4.515826e+01 -2.370088e+01 4.500000e+01
      vertex   -4.341551e+01 -2.675993e+01 4.500000e+01
    endloop
  endfacet
  facet normal -8.326664e-01 -5.537749e-01 -0.000000e+00
    outer loop
      vertex   -4.341551e+01 -2.675993e+01 9.500000e+01
      vertex   -4.341551e+01 -2.675993e+01 4.500000e+01
      vertex   -4.146586e+01 -2.969145e+01 9.500000e+01
    endloop
  endfacet
  facet normal -8.326664e-01 -5.537749e-01 -0.000000e+00
    outer loop
      vertex   -4.146586e+01 -2.969145e+01 9.500000e+01
      vertex   -4.341551e+01 -2.675993e+01 4.500000e+01
      vertex   -4.146586e+01 -2.969145e+01 4.500000e+01
    endloop
  endfacet
  facet normal -7.924768e-01 -6.099020e-01 -0.000000e+00
    outer loop
      vertex   -4.146586e+01 -2.969145e+01 9.500000e+01
      vertex   -4.146586e+01 -2.969145e+01 4.500000e+01
      vertex   -3.931861e+01 -3.248148e+01 9.500000e+01
    endloop
  endfacet
  facet normal -7.924768e-01 -6.099020e-01 -0.000000e+00
    outer loop
      vertex   -3.931861e+01 -3.248148e+01 9.500000e+01
      vertex   -4.146586e+01 -2.969145e+01 4.500000e+01
      vertex   -3.931861e+01 -3.248148e+01 4.500000e+01
    endloop
  endfacet
  facet normal -7.485107e-01 -6.631227e-01 -0.000000e+00
    outer loop
      vertex   -3.931861e+01 -3.248148e+01 9.500000e+01
      vertex   -3.931861e+01 -3.248148e+01 4.500000e+01
      vertex   -3.698399e+01 -3.511672e+01 9.500000e+01
    endloop
  endfacet
  facet normal -7.485107e-01 -6.631227e-01 -0.000000e+00
    outer loop
      vertex   -3.698399e+01 -3.511672e+01 9.500000e+01
      vertex   -3.931861e+01 -3.248148e+01 4.500000e+01
      vertex   -3.698399e+01 -3.511672e+01 4.500000e+01
    endloop
  endfacet
  facet normal -7.009777e-01 -7.131832e-01 -0.000000e+00
    outer loop
      vertex   -3.698399e+01 -3.511672e+01 9.500000e+01
      vertex   -3.698399e+01 -3.511672e+01 4.500000e+01
      vertex   -3.447313e+01 -3.758462e+01 9.500000e+01
    endloop
  endfacet
  facet normal -7.009777e-01 -7.131832e-01 -0.000000e+00
    outer loop
      vertex   -3.447313e+01 -3.758462e+01 9.500000e+01
      vertex   -3.698399e+01 -3.511672e+01 4.500000e+01
      vertex   -3.447313e+01 -3.758462e+01 4.500000e+01
    endloop
  endfacet
  facet normal -6.501041e-01 -7.598452e-01 -0.000000e+00
    outer loop
      vertex   -3.447313e+01 -3.758462e+01 9.500000e+01
      vertex   -3.447313e+01 -3.758462e+01 4.500000e+01
      vertex   -3.179798e+01 -3.987341e+01 9.500000e+01
    endloop
  endfacet
  facet normal -6.501041e-01 -7.598452e-01 -0.000000e+00
    outer loop
      vertex   -3.179798e+01 -3.987341e+01 9.500000e+01
      vertex   -3.447313e+01 -3.758462e+01 4.500000e+01
      vertex   -3.179798e+01 -3.987341e+01 4.500000e+01
    endloop
  endfacet
  facet normal -5.961325e-01 -8.028861e-01 -0.000000e+00
    outer loop
      vertex   -3.179798e+01 -3.987341e+01 9.500000e+01
      vertex   -3.179798e+01 -3.987341e+01 4.500000e+01
      vertex   -2.897130e+01 -4.197218e+01 9.500000e+01
    endloop
  endfacet
  facet normal -5.961325e-01 -8.028861e-01 -0.000000e+00
    outer loop
      vertex   -2.897130e+01 -4.197218e+01 9.500000e+01
      vertex   -3.179798e+01 -3.987341e+01 4.500000e+01
      vertex   -2.897130e+01 -4.197218e+01 4.500000e+01
    endloop
  endfacet
  facet normal -5.393200e-01 -8.421009e-01 -0.000000e+00
    outer loop
      vertex   -2.897130e+01 -4.197218e+01 9.500000e+01
      vertex   -2.897130e+01 -4.197218e+01 4.500000e+01
      vertex   -2.600656e+01 -4.387093e+01 9.500000e+01
    endloop
  endfacet
  facet normal -5.393200e-01 -8.421009e-01 -0.000000e+00
    outer loop
      vertex   -2.600656e+01 -4.387093e+01 9.500000e+01
      vertex   -2.897130e+01 -4.197218e+01 4.500000e+01
      vertex   -2.600656e+01 -4.387093e+01 4.500000e+01
    endloop
  endfacet
  facet normal -4.799375e-01 -8.773027e-01 -0.000000e+00
    outer loop
      vertex   -2.600656e+01 -4.387093e+01 9.500000e+01
      vertex   -2.600656e+01 -4.387093e+01 4.500000e+01
      vertex   -2.291789e+01 -4.556062e+01 9.500000e+01
    endloop
  endfacet
  facet normal -4.799375e-01 -8.773027e-01 -0.000000e+00
    outer loop
      vertex   -2.291789e+01 -4.556062e+01 9.500000e+01
      vertex   -2.600656e+01 -4.387093e+01 4.500000e+01
      vertex   -2.291789e+01 -4.556062e+01 4.500000e+01
    endloop
  endfacet
  facet normal -4.182678e-01 -9.083238e-01 -0.000000e+00
    outer loop
      vertex   -2.291789e+01 -4.556062e+01 9.500000e+01
      vertex   -2.291789e+01 -4.556062e+01 4.500000e+01
      vertex   -1.972000e+01 -4.703320e+01 9.500000e+01
    endloop
  endfacet
  facet normal -4.182678e-01 -9.083238e-01 -0.000000e+00
    outer loop
      vertex   -1.972000e+01 -4.703320e+01 9.500000e+01
      vertex   -2.291789e+01 -4.556062e+01 4.500000e+01
      vertex   -1.972000e+01 -4.703320e+01 4.500000e+01
    endloop
  endfacet
  facet normal -3.546049e-01 -9.350162e-01 -0.000000e+00
    outer loop
      vertex   -1.972000e+01 -4.703320e+01 9.500000e+01
      vertex   -1.972000e+01 -4.703320e+01 4.500000e+01
      vertex   -1.642814e+01 -4.828163e+01 9.500000e+01
    endloop
  endfacet
  facet normal -3.546049e-01 -9.350162e-01 -0.000000e+00
    outer loop
      vertex   -1.642814e+01 -4.828163e+01 9.500000e+01
      vertex   -1.972000e+01 -4.703320e+01 4.500000e+01
      vertex   -1.642814e+01 -4.828163e+01 4.500000e+01
    endloop
  endfacet
  facet normal -2.892521e-01 -9.572530e-01 -0.000000e+00
    outer loop
      vertex   -1.642814e+01 -4.828163e+01 9.500000e+01
      vertex   -1.642814e+01 -4.828163e+01 4.500000e+01
      vertex   -1.305799e+01 -4.929999e+01 9.500000e+01
    endloop
  endfacet
  facet normal -2.892521e-01 -9.572530e-01 -0.000000e+00
    outer loop
      vertex   -1.305799e+01 -4.929999e+01 9.500000e+01
      vertex   -1.642814e+01 -4.828163e+01 4.500000e+01
      vertex   -1.305799e+01 -4.929999e+01 4.500000e+01
    endloop
  endfacet
  facet normal -2.225209e-01 -9.749279e-01 -0.000000e+00
    outer loop
      vertex   -1.305799e+01 -4.929999e+01 9.500000e+01
      vertex   -1.305799e+01 -4.929999e+01 4.500000e+01
      vertex   -9.625617e+00 -5.008341e+01 9.500000e+01
    endloop
  endfacet
  facet normal -2.225209e-01 -9.749279e-01 -0.000000e+00
    outer loop
      vertex   -9.625617e+00 -5.008341e+01 9.500000e+01
      vertex   -1.305799e+01 -4.929999e+01 4.500000e+01
      vertex   -9.625617e+00 -5.008341e+01 4.500000e+01
    endloop
  endfacet
  facet normal -1.547293e-01 -9.879569e-01 -0.000000e+00
    outer loop
      vertex   -9.625617e+00 -5.008341e+01 9.500000e+01
      vertex   -9.625617e+00 -5.008341e+01 4.500000e+01
      vertex   -6.147371e+00 -5.062815e+01 9.500000e+01
    endloop
  endfacet
  facet normal -1.547293e-01 -9.879569e-01 -0.000000e+00
    outer loop
      vertex   -6.147371e+00 -5.062815e+01 9.500000e+01
      vertex   -9.625617e+00 -5.008341e+01 4.500000e+01
      vertex   -6.147371e+00 -5.062815e+01 4.500000e+01
    endloop
  endfacet
  facet normal -8.620038e-02 -9.962778e-01 -0.000000e+00
    outer loop
      vertex   -6.147371e+00 -5.062815e+01 9.500000e+01
      vertex   -6.147371e+00 -5.062815e+01 4.500000e+01
      vertex   -2.639829e+00 -5.093163e+01 9.500000e+01
    endloop
  endfacet
  facet normal -8.620038e-02 -9.962778e-01 -0.000000e+00
    outer loop
      vertex   -2.639829e+00 -5.093163e+01 9.500000e+01
      vertex   -6.147371e+00 -5.062815e+01 4.500000e+01
      vertex   -2.639829e+00 -5.093163e+01 4.500000e+01
    endloop
  endfacet
  facet normal -1.726064e-02 -9.998510e-01 -0.000000e+00
    outer loop
      vertex   -2.639829e+00 -5.093163e+01 9.500000e+01
      vertex   -2.639829e+00 -5.093163e+01 4.500000e+01
      vertex   8.802927e-01 -5.099240e+01 9.500000e+01
    endloop
  endfacet
  facet normal -1.726064e-02 -9.998510e-01 -0.000000e+00
    outer loop
      vertex   8.802927e-01 -5.099240e+01 9.500000e+01
      vertex   -2.639829e+00 -5.093163e+01 4.500000e+01
      vertex   8.802927e-01 -5.099240e+01 4.500000e+01
    endloop
  endfacet
  facet normal 5.176135e-02 -9.986595e-01 0.000000e+00
    outer loop
      vertex   8.802927e-01 -5.099240e+01 9.500000e+01
      vertex   8.802927e-01 -5.099240e+01 4.500000e+01
      vertex   4.396219e+00 -5.081017e+01 9.500000e+01
    endloop
  endfacet
  facet normal 5.176135e-02 -9.986595e-01 0.000000e+00
    outer loop
      vertex   4.396219e+00 -5.081017e+01 9.500000e+01
      vertex   8.802927e-01 -5.099240e+01 4.500000e+01
      vertex   4.396219e+00 -5.081017e+01 4.500000e+01
    endloop
  endfacet
  facet normal 1.205367e-01 -9.927089e-01 0.000000e+00
    outer loop
      vertex   4.396219e+00 -5.081017e+01 9.500000e+01
      vertex   4.396219e+00 -5.081017e+01 4.500000e+01
      vertex   7.891196e+00 -5.038580e+01 9.500000e+01
    endloop
  endfacet
  facet normal 1.205367e-01 -9.927089e-01 0.000000e+00
    outer loop
      vertex   7.891196e+00 -5.038580e+01 9.500000e+01
      vertex   4.396219e+00 -5.081017e+01 4.500000e+01
      vertex   7.891196e+00 -5.038580e+01 4.500000e+01
    endloop
  endfacet
  facet normal 1.887376e-01 -9.820276e-01 0.000000e+00
    outer loop
      vertex   7.891196e+00 -5.038580e+01 9.500000e+01
      vertex   7.891196e+00 -5.038580e+01 4.500000e+01
      vertex   1.134857e+01 -4.972132e+01 9.500000e+01
    endloop
  endfacet
  facet normal 1.887376e-01 -9.820276e-01 0.000000e+00
    outer loop
      vertex   1.134857e+01 -4.972132e+01 9.500000e+01
      vertex   7.891196e+00 -5.038580e+01 4.500000e+01
      vertex   1.134857e+01 -4.972132e+01 4.500000e+01
    endloop
  endfacet
  facet normal 2.560391e-01 -9.666664e-01 0.000000e+00
    outer loop
      vertex   1.134857e+01 -4.972132e+01 9.500000e+01
      vertex   1.134857e+01 -4.972132e+01 4.500000e+01
      vertex   1.475186e+01 -4.881990e+01 9.500000e+01
    endloop
  endfacet
  facet normal 2.560391e-01 -9.666664e-01 0.000000e+00
    outer loop
      vertex   1.475186e+01 -4.881990e+01 9.500000e+01
      vertex   1.134857e+01 -4.972132e+01 4.500000e+01
      vertex   1.475186e+01 -4.881990e+01 4.500000e+01
    endloop
  endfacet
  facet normal 3.221204e-01 -9.466987e-01 0.000000e+00
    outer loop
      vertex   1.475186e+01 -4.881990e+01 9.500000e+01
      vertex   1.475186e+01 -4.881990e+01 4.500000e+01
      vertex   1.808485e+01 -4.768583e+01 9.500000e+01
    endloop
  endfacet
  facet normal 3.221204e-01 -9.466987e-01 0.000000e+00
    outer loop
      vertex   1.808485e+01 -4.768583e+01 9.500000e+01
      vertex   1.475186e+01 -4.881990e+01 4.500000e+01
      vertex   1.808485e+01 -4.768583e+01 4.500000e+01
    endloop
  endfacet
  facet normal 3.866667e-01 -9.222195e-01 0.000000e+00
    outer loop
      vertex   1.808485e+01 -4.768583e+01 9.500000e+01
      vertex   1.808485e+01 -4.768583e+01 4.500000e+01
      vertex   2.133166e+01 -4.632451e+01 9.500000e+01
    endloop
  endfacet
  facet normal 3.866667e-01 -9.222195e-01 0.000000e+00
    outer loop
      vertex   2.133166e+01 -4.632451e+01 9.500000e+01
      vertex   1.808485e+01 -4.768583e+01 4.500000e+01
      vertex   2.133166e+01 -4.632451e+01 4.500000e+01
    endloop
  endfacet
  facet normal 4.493704e-01 -8.933455e-01 0.000000e+00
    outer loop
      vertex   2.133166e+01 -4.632451e+01 9.500000e+01
      vertex   2.133166e+01 -4.632451e+01 4.500000e+01
      vertex   2.447681e+01 -4.474244e+01 9.500000e+01
    endloop
  endfacet
  facet normal 4.493704e-01 -8.933455e-01 0.000000e+00
    outer loop
      vertex   2.447681e+01 -4.474244e+01 9.500000e+01
      vertex   2.133166e+01 -4.632451e+01 4.500000e+01
      vertex   2.447681e+01 -4.474244e+01 4.500000e+01
    endloop
  endfacet
  facet normal 5.099326e-01 -8.602144e-01 0.000000e+00
    outer loop
      vertex   2.447681e+01 -4.474244e+01 9.500000e+01
      vertex   2.447681e+01 -4.474244e+01 4.500000e+01
      vertex   2.750532e+01 -4.294715e+01 9.500000e+01
    endloop
  endfacet
  facet normal 5.099326e-01 -8.602144e-01 0.000000e+00
    outer loop
      vertex   2.750532e+01 -4.294715e+01 9.500000e+01
      vertex   2.447681e+01 -4.474244e+01 4.500000e+01
      vertex   2.750532e+01 -4.294715e+01 4.500000e+01
    endloop
  endfacet
  facet normal 5.680647e-01 -8.229839e-01 0.000000e+00
    outer loop
      vertex   2.750532e+01 -4.294715e+01 9.500000e+01
      vertex   2.750532e+01 -4.294715e+01 4.500000e+01
      vertex   3.040276e+01 -4.094719e+01 9.500000e+01
    endloop
  endfacet
  facet normal 5.680647e-01 -8.229839e-01 0.000000e+00
    outer loop
      vertex   3.040276e+01 -4.094719e+01 9.500000e+01
      vertex   2.750532e+01 -4.294715e+01 4.500000e+01
      vertex   3.040276e+01 -4.094719e+01 4.500000e+01
    endloop
  endfacet
  facet normal 6.234898e-01 -7.818315e-01 0.000000e+00
    outer loop
      vertex   3.040276e+01 -4.094719e+01 9.500000e+01
      vertex   3.040276e+01 -4.094719e+01 4.500000e+01
      vertex   3.315531e+01 -3.875210e+01 9.500000e+01
    endloop
  endfacet
  facet normal 6.234898e-01 -7.818315e-01 0.000000e+00
    outer loop
      vertex   3.315531e+01 -3.875210e+01 9.500000e+01
      vertex   3.040276e+01 -4.094719e+01 4.500000e+01
      vertex   3.315531e+01 -3.875210e+01 4.500000e+01
    endloop
  endfacet
  facet normal 6.759436e-01 -7.369533e-01 0.000000e+00
    outer loop
      vertex   3.315531e+01 -3.875210e+01 9.500000e+01
      vertex   3.315531e+01 -3.875210e+01 4.500000e+01
      vertex   3.574986e+01 -3.637234e+01 9.500000e+01
    endloop
  endfacet
  facet normal 6.759436e-01 -7.369533e-01 1.047274e-16
    outer loop
      vertex   3.574986e+01 -3.637234e+01 9.500000e+01
      vertex   3.315531e+01 -3.875210e+01 4.500000e+01
      vertex   3.574986e+01 -3.637234e+01 4.500000e+01
    endloop
  endfacet
  facet normal 7.251763e-01 -6.885632e-01 9.785072e-17
    outer loop
      vertex   3.574986e+01 -3.637234e+01 9.500000e+01
      vertex   3.574986e+01 -3.637234e+01 4.500000e+01
      vertex   3.817405e+01 -3.381926e+01 9.500000e+01
    endloop
  endfacet
  facet normal 7.251763e-01 -6.885632e-01 0.000000e+00
    outer loop
      vertex   3.817405e+01 -3.381926e+01 9.500000e+01
      vertex   3.574986e+01 -3.637234e+01 4.500000e+01
      vertex   3.817405e+01 -3.381926e+01 4.500000e+01
    endloop
  endfacet
  facet normal 7.709532e-01 -6.368918e-01 0.000000e+00
    outer loop
      vertex   3.817405e+01 -3.381926e+01 9.500000e+01
      vertex   3.817405e+01 -3.381926e+01 4.500000e+01
      vertex   4.041632e+01 -3.110500e+01 9.500000e+01
    endloop
  endfacet
  facet normal 7.709532e-01 -6.368918e-01 0.000000e+00
    outer loop
      vertex   4.041632e+01 -3.110500e+01 9.500000e+01
      vertex   3.817405e+01 -3.381926e+01 4.500000e+01
      vertex   4.041632e+01 -3.110500e+01 4.500000e+01
    endloop
  endfacet
  facet normal 8.130561e-01 -5.821853e-01 0.000000e+00
    outer loop
      vertex   4.041632e+01 -3.110500e+01 9.500000e+01
      vertex   4.041632e+01 -3.110500e+01 4.500000e+01
      vertex   4.246599e+01 -2.824252e+01 9.500000e+01
    endloop
  endfacet
  facet normal 8.130561e-01 -5.821853e-01 0.000000e+00
    outer loop
      vertex   4.246599e+01 -2.824252e+01 9.500000e+01
      vertex   4.041632e+01 -3.110500e+01 4.500000e+01
      vertex   4.246599e+01 -2.824252e+01 4.500000e+01
    endloop
  endfacet
  facet normal 8.512844e-01 -5.247045e-01 0.000000e+00
    outer loop
      vertex   4.246599e+01 -2.824252e+01 9.500000e+01
      vertex   4.246599e+01 -2.824252e+01 4.500000e+01
      vertex   4.431329e+01 -2.524545e+01 9.500000e+01
    endloop
  endfacet
  facet normal 8.512844e-01 -5.247045e-01 0.000000e+00
    outer loop
      vertex   4.431329e+01 -2.524545e+01 9.500000e+01
      vertex   4.246599e+01 -2.824252e+01 4.500000e+01
      vertex   4.431329e+01 -2.524545e+01 4.500000e+01
    endloop
  endfacet
  facet normal 8.854560e-01 -4.647232e-01 0.000000e+00
    outer loop
      vertex   4.431329e+01 -2.524545e+01 9.500000e+01
      vertex   4.431329e+01 -2.524545e+01 4.500000e+01
      vertex   4.594941e+01 -2.212807e+01 9.500000e+01
    endloop
  endfacet
  facet normal 8.854560e-01 -4.647232e-01 0.000000e+00
    outer loop
      vertex   4.594941e+01 -2.212807e+01 9.500000e+01
      vertex   4.431329e+01 -2.524545e+01 4.500000e+01
      vertex   4.594941e+01 -2.212807e+01 4.500000e+01
    endloop
  endfacet
  facet normal 9.154080e-01 -4.025272e-01 0.000000e+00
    outer loop
      vertex   4.594941e+01 -2.212807e+01 9.500000e+01
      vertex   4.594941e+01 -2.212807e+01 4.500000e+01
      vertex   4.736657e+01 -1.890524e+01 9.500000e+01
    endloop
  endfacet
  facet normal 9.154080e-01 -4.025272e-01 0.000000e+00
    outer loop
      vertex   4.736657e+01 -1.890524e+01 9.500000e+01
      vertex   4.594941e+01 -2.212807e+01 4.500000e+01
      vertex   4.736657e+01 -1.890524e+01 4.500000e+01
    endloop
  endfacet
  facet normal 9.409977e-01 -3.384131e-01 0.000000e+00
    outer loop
      vertex   4.736657e+01 -1.890524e+01 9.500000e+01
      vertex   4.736657e+01 -1.890524e+01 4.500000e+01
      vertex   4.855800e+01 -1.559232e+01 9.500000e+01
    endloop
  endfacet
  facet normal 9.409977e-01 -3.384131e-01 0.000000e+00
    outer loop
      vertex   4.855800e+01 -1.559232e+01 9.500000e+01
      vertex   4.736657e+01 -1.890524e+01 4.500000e+01
      vertex   4.855800e+01 -1.559232e+01 4.500000e+01
    endloop
  endfacet
  facet normal 9.621030e-01 -2.726862e-01 0.000000e+00
    outer loop
      vertex   4.855800e+01 -1.559232e+01 9.500000e+01
      vertex   4.855800e+01 -1.559232e+01 4.500000e+01
      vertex   4.951803e+01 -1.220510e+01 9.500000e+01
    endloop
  endfacet
  facet normal 9.621030e-01 -2.726862e-01 0.000000e+00
    outer loop
      vertex   4.951803e+01 -1.220510e+01 9.500000e+01
      vertex   4.855800e+01 -1.559232e+01 4.500000e+01
      vertex   4.951803e+01 -1.220510e+01 4.500000e+01
    endloop
  endfacet
  facet normal 9.786235e-01 -2.056599e-01 0.000000e+00
    outer loop
      vertex   4.951803e+01 -1.220510e+01 9.500000e+01
      vertex   4.951803e+01 -1.220510e+01 4.500000e+01
      vertex   5.024209e+01 -8.759712e+00 9.500000e+01
    endloop
  endfacet
  facet normal 9.786235e-01 -2.056599e-01 -7.306508e-18
    outer loop
      vertex   5.024209e+01 -8.759712e+00 9.500000e+01
      vertex   4.951803e+01 -1.220510e+01 4.500000e+01
      vertex   5.024209e+01 -8.759712e+00 4.500000e+01
    endloop
  endfacet
  facet normal 9.904804e-01 -1.376535e-01 -4.890435e-18
    outer loop
      vertex   5.024209e+01 -8.759712e+00 9.500000e+01
      vertex   5.024209e+01 -8.759712e+00 4.500000e+01
      vertex   5.072672e+01 -5.272581e+00 9.500000e+01
    endloop
  endfacet
  facet normal 9.904804e-01 -1.376535e-01 0.000000e+00
    outer loop
      vertex   5.072672e+01 -5.272581e+00 9.500000e+01
      vertex   5.024209e+01 -8.759712e+00 4.500000e+01
      vertex   5.072672e+01 -5.272581e+00 4.500000e+01
    endloop
  endfacet
  facet normal 9.976173e-01 -6.899114e-02 0.000000e+00
    outer loop
      vertex   5.072672e+01 -5.272581e+00 9.500000e+01
      vertex   5.072672e+01 -5.272581e+00 4.500000e+01
      vertex   5.096961e+01 -1.760323e+00 9.500000e+01
    endloop
  endfacet
  facet normal 9.976173e-01 -6.899114e-02 3.063822e-19
    outer loop
      vertex   5.096961e+01 -1.760323e+00 9.500000e+01
      vertex   5.072672e+01 -5.272581e+00 4.500000e+01
      vertex   5.096961e+01 -1.760323e+00 4.500000e+01
    endloop
  endfacet
  facet normal 1.000000e+00 -0.000000e+00 0.000000e+00
    outer loop
      vertex   5.096961e+01 -1.760323e+00 9.500000e+01
      vertex   5.096961e+01 -1.760323e+00 4.500000e+01
      vertex   5.096961e+01 1.760323e+00 9.500000e+01
    endloop
  endfacet
  facet normal 1.000000e+00 0.000000e+00 0.000000e+00
    outer loop
      vertex   5.096961e+01 1.760323e+00 9.500000e+01
      vertex   5.096961e+01 -1.760323e+00 4.500000e+01
      vertex   5.096961e+01 1.760323e+00 4.500000e+01
    endloop
  endfacet
  facet normal 9.976173e-01 6.899114e-02 3.063822e-19
    outer loop
      vertex   5.096961e+01 1.760323e+00 9.500000e+01
      vertex   5.096961e+01 1.760323e+00 4.500000e+01
      vertex   5.072672e+01 5.272581e+00 9.500000e+01
    endloop
  endfacet
  facet normal 9.976173e-01 6.899114e-02 0.000000e+00
    outer loop
      vertex   5.072672e+01 5.272581e+00 9.500000e+01
      vertex   5.096961e+01 1.760323e+00 4.500000e+01
      vertex   5.072672e+01 5.272581e+00 4.500000e+01
    endloop
  endfacet
  facet normal 9.904804e-01 1.376535e-01 0.000000e+00
    outer loop
      vertex   5.072672e+01 5.272581e+00 9.500000e+01
      vertex   5.072672e+01 5.272581e+00 4.500000e+01
      vertex   5.024209e+01 8.759712e+00 9.500000e+01
    endloop
  endfacet
  facet normal 9.904804e-01 1.376535e-01 0.000000e+00
    outer loop
      vertex   5.024209e+01 8.759712e+00 9.500000e+01
      vertex   5.072672e+01 5.272581e+00 4.500000e+01
      vertex   5.024209e+01 8.759712e+00 4.500000e+01
    endloop
  endfacet
  facet normal 9.786235e-01 2.056599e-01 0.000000e+00
    outer loop
      vertex   5.024209e+01 8.759712e+00 9.500000e+01
      vertex   5.024209e+01 8.759712e+00 4.500000e+01
      vertex   4.951803e+01 1.220510e+01 9.500000e+01
    endloop
  endfacet
  facet normal 9.786235e-01 2.056599e-01 -1.461302e-17
    outer loop
      vertex   4.951803e+01 1.220510e+01 9.500000e+01
      vertex   5.024209e+01 8.759712e+00 4.500000e+01
      vertex   4.951803e+01 1.220510e+01 4.500000e+01
    endloop
  endfacet
  facet normal 9.621030e-01 2.726862e-01 -1.937552e-17
    outer loop
      vertex   4.951803e+01 1.220510e+01 9.500000e+01
      vertex   4.951803e+01 1.220510e+01 4.500000e+01
      vertex   4.855800e+01 1.559232e+01 9.500000e+01
    endloop
  endfacet
  facet normal 9.621030e-01 2.726862e-01 0.000000e+00
    outer loop
      vertex   4.855800e+01 1.559232e+01 9.500000e+01
      vertex   4.951803e+01 1.220510e+01 4.500000e+01
      vertex   4.855800e+01 1.559232e+01 4.500000e+01
    endloop
  endfacet
  facet normal 9.409977e-01 3.384131e-01 0.000000e+00
    outer loop
      vertex   4.855800e+01 1.559232e+01 9.500000e+01
      vertex   4.855800e+01 1.559232e+01 4.500000e+01
      vertex   4.736657e+01 1.890524e+01 9.500000e+01
    endloop
  endfacet
  facet normal 9.409977e-01 3.384131e-01 0.000000e+00
    outer loop
      vertex   4.736657e+01 1.890524e+01 9.500000e+01
      vertex   4.855800e+01 1.559232e+01 4.500000e+01
      vertex   4.736657e+01 1.890524e+01 4.500000e+01
    endloop
  endfacet
  facet normal 9.154080e-01 4.025272e-01 0.000000e+00
    outer loop
      vertex   4.736657e+01 1.890524e+01 9.500000e+01
      vertex   4.736657e+01 1.890524e+01 4.500000e+01
      vertex   4.594941e+01 2.212807e+01 9.500000e+01
    endloop
  endfacet
  facet normal 9.154080e-01 4.025272e-01 0.000000e+00
    outer loop
      vertex   4.594941e+01 2.212807e+01 9.500000e+01
      vertex   4.736657e+01 1.890524e+01 4.500000e+01
      vertex   4.594941e+01 2.212807e+01 4.500000e+01
    endloop
  endfacet
  facet normal 8.854560e-01 4.647232e-01 0.000000e+00
    outer loop
      vertex   4.594941e+01 2.212807e+01 9.500000e+01
      vertex   4.594941e+01 2.212807e+01 4.500000e+01
      vertex   4.431329e+01 2.524545e+01 9.500000e+01
    endloop
  endfacet
  facet normal 8.854560e-01 4.647232e-01 0.000000e+00
    outer loop
      vertex   4.431329e+01 2.524545e+01 9.500000e+01
      vertex   4.594941e+01 2.212807e+01 4.500000e+01
      vertex   4.431329e+01 2.524545e+01 4.500000e+01
    endloop
  endfacet
  facet normal 8.512844e-01 5.247045e-01 0.000000e+00
    outer loop
      vertex   4.431329e+01 2.524545e+01 9.500000e+01
      vertex   4.431329e+01 2.524545e+01 4.500000e+01
      vertex   4.246599e+01 2.824252e+01 9.500000e+01
    endloop
  endfacet
  facet normal 8.512844e-01 5.247045e-01 0.000000e+00
    outer loop
      vertex   4.246599e+01 2.824252e+01 9.500000e+01
      vertex   4.431329e+01 2.524545e+01 4.500000e+01
      vertex   4.246599e+01 2.824252e+01 4.500000e+01
    endloop
  endfacet
  facet normal 8.130561e-01 5.821853e-01 0.000000e+00
    outer loop
      vertex   4.246599e+01 2.824252e+01 9.500000e+01
      vertex   4.246599e+01 2.824252e+01 4.500000e+01
      vertex   4.041632e+01 3.110500e+01 9.500000e+01
    endloop
  endfacet
  facet normal 8.130561e-01 5.821853e-01 0.000000e+00
    outer loop
      vertex   4.041632e+01 3.110500e+01 9.500000e+01
      vertex   4.246599e+01 2.824252e+01 4.500000e+01
      vertex   4.041632e+01 3.110500e+01 4.500000e+01
    endloop
  endfacet
  facet normal 7.709532e-01 6.368918e-01 0.000000e+00
    outer loop
      vertex   4.041632e+01 3.110500e+01 9.500000e+01
      vertex   4.041632e+01 3.110500e+01 4.500000e+01
      vertex   3.817405e+01 3.381926e+01 9.500000e+01
    endloop
  endfacet
  facet normal 7.709532e-01 6.368918e-01 0.000000e+00
    outer loop
      vertex   3.817405e+01 3.381926e+01 9.500000e+01
      vertex   4.041632e+01 3.110500e+01 4.500000e+01
      vertex   3.817405e+01 3.381926e+01 4.500000e+01
    endloop
  endfacet
  facet normal 7.251763e-01 6.885632e-01 0.000000e+00
    outer loop
      vertex   3.817405e+01 3.381926e+01 9.500000e+01
      vertex   3.817405e+01 3.381926e+01 4.500000e+01
      vertex   3.574986e+01 3.637234e+01 9.500000e+01
    endloop
  endfacet
  facet normal 7.251763e-01 6.885632e-01 9.785072e-17
    outer loop
      vertex   3.574986e+01 3.637234e+01 9.500000e+01
      vertex   3.817405e+01 3.381926e+01 4.500000e+01
      vertex   3.574986e+01 3.637234e+01 4.500000e+01
    endloop
  endfacet
  facet normal 6.759436e-01 7.369533e-01 1.047274e-16
    outer loop
      vertex   3.574986e+01 3.637234e+01 9.500000e+01
      vertex   3.574986e+01 3.637234e+01 4.500000e+01
      vertex   3.315531e+01 3.875210e+01 9.500000e+01
    endloop
  endfacet
  facet normal 6.759436e-01 7.369533e-01 0.000000e+00
    outer loop
      vertex   3.315531e+01 3.875210e+01 9.500000e+01
      vertex   3.574986e+01 3.637234e+01 4.500000e+01
      vertex   3.315531e+01 3.875210e+01 4.500000e+01
    endloop
  endfacet
  facet normal 6.234898e-01 7.818315e-01 0.000000e+00
    outer loop
      vertex   3.315531e+01 3.875210e+01 9.500000e+01
      vertex   3.315531e+01 3.875210e+01 4.500000e+01
      vertex   3.040276e+01 4.094719e+01 9.500000e+01
    endloop
  endfacet
  facet normal 6.234898e-01 7.818315e-01 0.000000e+00
    outer loop
      vertex   3.040276e+01 4.094719e+01 9.500000e+01
      vertex   3.315531e+01 3.875210e+01 4.500000e+01
      vertex   3.040276e+01 4.094719e+01 4.500000e+01
    endloop
  endfacet
  facet normal 5.680647e-01 8.229839e-01 0.000000e+00
    outer loop
      vertex   3.040276e+01 4.094719e+01 9.500000e+01
      vertex   3.040276e+01 4.094719e+01 4.500000e+01
      vertex   2.750532e+01 4.294715e+01 9.500000e+01
    endloop
  endfacet
  facet normal 5.680647e-01 8.229839e-01 0.000000e+00
    outer loop
      vertex   2.750532e+01 4.294715e+01 9.500000e+01
      vertex   3.040276e+01 4.094719e+01 4.500000e+01
      vertex   2.750532e+01 4.294715e+01 4.500000e+01
    endloop
  endfacet
  facet normal 5.099326e-01 8.602144e-01 0.000000e+00
    outer loop
      vertex   2.750532e+01 4.294715e+01 9.500000e+01
      vertex   2.750532e+01 4.294715e+01 4.500000e+01
      vertex   2.447681e+01 4.474244e+01 9.500000e+01
    endloop
  endfacet
  facet normal 5.099326e-01 8.602144e-01 0.000000e+00
    outer loop
      vertex   2.447681e+01 4.474244e+01 9.500000e+01
      vertex   2.750532e+01 4.294715e+01 4.500000e+01
      vertex   2.447681e+01 4.474244e+01 4.500000e+01
    endloop
  endfacet
  facet normal 4.493704e-01 8.933455e-01 0.000000e+00
    outer loop
      vertex   2.447681e+01 4.474244e+01 9.500000e+01
      vertex   2.447681e+01 4.474244e+01 4.500000e+01
      vertex   2.133166e+01 4.632451e+01 9.500000e+01
    endloop
  endfacet
  facet normal 4.493704e-01 8.933455e-01 0.000000e+00
    outer loop
      vertex   2.133166e+01 4.632451e+01 9.500000e+01
      vertex   2.447681e+01 4.474244e+01 4.500000e+01
      vertex   2.133166e+01 4.632451e+01 4.500000e+01
    endloop
  endfacet
  facet normal 3.866667e-01 9.222195e-01 0.000000e+00
    outer loop
      vertex   2.133166e+01 4.632451e+01 9.500000e+01
      vertex   2.133166e+01 4.632451e+01 4.500000e+01
      vertex   1.808485e+01 4.768583e+01 9.500000e+01
    endloop
  endfacet
  facet normal 3.866667e-01 9.222195e-01 0.000000e+00
    outer loop
      vertex   1.808485e+01 4.768583e+01 9.500000e+01
      vertex   2.133166e+01 4.632451e+01 4.500000e+01
      vertex   1.808485e+01 4.768583e+01 4.500000e+01
    endloop
  endfacet
  facet normal 3.221204e-01 9.466987e-01 0.000000e+00
    outer loop
      vertex   1.808485e+01 4.768583e+01 9.500000e+01
      vertex   1.808485e+01 4.768583e+01 4.500000e+01
      vertex   1.475186e+01 4.881990e+01 9.500000e+01
    endloop
  endfacet
  facet normal 3.221204e-01 9.466987e-01 0.000000e+00
    outer loop
      vertex   1.475186e+01 4.881990e+01 9.500000e+01
      vertex   1.808485e+01 4.768583e+01 4.500000e+01
      vertex   1.475186e+01 4.881990e+01 4.500000e+01
    endloop
  endfacet
  facet normal 2.560391e-01 9.666664e-01 0.000000e+00
    outer loop
      vertex   1.475186e+01 4.881990e+01 9.500000e+01
      vertex   1.475186e+01 4.881990e+01 4.500000e+01
      vertex   1.134857e+01 4.972132e+01 9.500000e+01
    endloop
  endfacet
  facet normal 2.560391e-01 9.666664e-01 0.000000e+00
    outer loop
      vertex   1.134857e+01 4.972132e+01 9.500000e+01
      vertex   1.475186e+01 4.881990e+01 4.500000e+01
      vertex   1.134857e+01 4.972132e+01 4.500000e+01
    endloop
  endfacet
  facet normal 1.887376e-01 9.820276e-01 0.000000e+00
    outer loop
      vertex   1.134857e+01 4.972132e+01 9.500000e+01
      vertex   1.134857e+01 4.972132e+01 4.500000e+01
      vertex   7.891196e+00 5.038580e+01 9.500000e+01
    endloop
  endfacet
  facet normal 1.887376e-01 9.820276e-01 0.000000e+00
    outer loop
      vertex   7.891196e+00 5.038580e+01 9.500000e+01
      vertex   1.134857e+01 4.972132e+01 4.500000e+01
      vertex   7.891196e+00 5.038580e+01 4.500000e+01
    endloop
  endfacet
  facet normal 1.205367e-01 9.927089e-01 0.000000e+00
    outer loop
      vertex   7.891196e+00 5.038580e+01 9.500000e+01
      vertex   7.891196e+00 5.038580e+01 4.500000e+01
      vertex   4.396219e+00 5.081017e+01 9.500000e+01
    endloop
  endfacet
  facet normal 1.205367e-01 9.927089e-01 0.000000e+00
    outer loop
      vertex   4.396219e+00 5.081017e+01 9.500000e+01
      vertex   7.891196e+00 5.038580e+01 4.500000e+01
      vertex   4.396219e+00 5.081017e+01 4.500000e+01
    endloop
  endfacet
  facet normal 5.176135e-02 9.986595e-01 0.000000e+00
    outer loop
      vertex   4.396219e+00 5.081017e+01 9.500000e+01
      vertex   4.396219e+00 5.081017e+01 4.500000e+01
      vertex   8.802927e-01 5.099240e+01 9.500000e+01
    endloop
  endfacet
  facet normal 5.176135e-02 9.986595e-01 0.000000e+00
    outer loop
      vertex   8.802927e-01 5.099240e+01 9.500000e+01
      vertex   4.396219e+00 5.081017e+01 4.500000e+01
      vertex   8.802927e-01 5.099240e+01 4.500000e+01
    endloop
  endfacet
  facet normal -1.726064e-02 9.998510e-01 0.000000e+00
    outer loop
      vertex   8.802927e-01 5.099240e+01 9.500000e+01
      vertex   8.802927e-01 5.099240e+01 4.500000e+01
      vertex   -2.639829e+00 5.093163e+01 9.500000e+01
    endloop
  endfacet
  facet normal -1.726064e-02 9.998510e-01 0.000000e+00
    outer loop
      vertex   -2.639829e+00 5.093163e+01 9.500000e+01
      vertex   8.802927e-01 5.099240e+01 4.500000e+01
      vertex   -2.639829e+00 5.093163e+01 4.500000e+01
    endloop
  endfacet
  facet normal -8.620038e-02 9.962778e-01 0.000000e+00
    outer loop
      vertex   -2.639829e+00 5.093163e+01 9.500000e+01
      vertex   -2.639829e+00 5.093163e+01 4.500000e+01
      vertex   -6.147371e+00 5.062815e+01 9.500000e+01
    endloop
  endfacet
  facet normal -8.620038e-02 9.962778e-01 0.000000e+00
    outer loop
      vertex   -6.147371e+00 5.062815e+01 9.500000e+01
      vertex   -2.639829e+00 5.093163e+01 4.500000e+01
      vertex   -6.147371e+00 5.062815e+01 4.500000e+01
    endloop
  endfacet
  facet normal -1.547293e-01 9.879569e-01 0.000000e+00
    outer loop
      vertex   -6.147371e+00 5.062815e+01 9.500000e+01
      vertex   -6.147371e+00 5.062815e+01 4.500000e+01
      vertex   -9.625617e+00 5.008341e+01 9.500000e+01
    endloop
  endfacet
  facet normal -1.547293e-01 9.879569e-01 0.000000e+00
    outer loop
      vertex   -9.625617e+00 5.008341e+01 9.500000e+01
      vertex   -6.147371e+00 5.062815e+01 4.500000e+01
      vertex   -9.625617e+00 5.008341e+01 4.500000e+01
    endloop
  endfacet
  facet normal -2.225209e-01 9.749279e-01 0.000000e+00
    outer loop
      vertex   -9.625617e+00 5.008341e+01 9.500000e+01
      vertex   -9.625617e+00 5.008341e+01 4.500000e+01
      vertex   -1.305799e+01 4.929999e+01 9.500000e+01
    endloop
  endfacet
  facet normal -2.225209e-01 9.749279e-01 0.000000e+00
    outer loop
      vertex   -1.305799e+01 4.929999e+01 9.500000e+01
      vertex   -9.625617e+00 5.008341e+01 4.500000e+01
      vertex   -1.305799e+01 4.929999e+01 4.500000e+01
    endloop
  endfacet
  facet normal -2.892521e-01 9.572530e-01 0.000000e+00
    outer loop
      vertex   -1.305799e+01 4.929999e+01 9.500000e+01
      vertex   -1.305799e+01 4.929999e+01 4.500000e+01
      vertex   -1.642814e+01 4.828163e+01 9.500000e+01
    endloop
  endfacet
  facet normal -2.892521e-01 9.572530e-01 0.000000e+00
    outer loop
      vertex   -1.642814e+01 4.828163e+01 9.500000e+01
      vertex   -1.305799e+01 4.929999e+01 4.500000e+01
      vertex   -1.642814e+01 4.828163e+01 4.500000e+01
    endloop
  endfacet
  facet normal -3.546049e-01 9.350162e-01 0.000000e+00
    outer loop
      vertex   -1.642814e+01 4.828163e+01 9.500000e+01
      vertex   -1.642814e+01 4.828163e+01 4.500000e+01
      vertex   -1.972000e+01 4.703320e+01 9.500000e+01
    endloop
  endfacet
  facet normal -3.546049e-01 9.350162e-01 0.000000e+00
    outer loop
      vertex   -1.972000e+01 4.703320e+01 9.500000e+01
      vertex   -1.642814e+01 4.828163e+01 4.500000e+01
      vertex   -1.972000e+01 4.703320e+01 4.500000e+01
    endloop
  endfacet
  facet normal -4.182678e-01 9.083238e-01 0.000000e+00
    outer loop
      vertex   -1.972000e+01 4.703320e+01 9.500000e+01
      vertex   -1.972000e+01 4.703320e+01 4.500000e+01
      vertex   -2.291789e+01 4.556062e+01 9.500000e+01
    endloop
  endfacet
  facet normal -4.182678e-01 9.083238e-01 0.000000e+00
    outer loop
      vertex   -2.291789e+01 4.556062e+01 9.500000e+01
      vertex   -1.972000e+01 4.703320e+01 4.500000e+01
      vertex   -2.291789e+01 4.556062e+01 4.500000e+01
    endloop
  endfacet
  facet normal -4.799375e-01 8.773027e-01 0.000000e+00
    outer loop
      vertex   -2.291789e+01 4.556062e+01 9.500000e+01
      vertex   -2.291789e+01 4.556062e+01 4.500000e+01
      vertex   -2.600656e+01 4.387093e+01 9.500000e+01
    endloop
  endfacet
  facet normal -4.799375e-01 8.773027e-01 0.000000e+00
    outer loop
      vertex   -2.600656e+01 4.387093e+01 9.500000e+01
      vertex   -2.291789e+01 4.556062e+01 4.500000e+01
      vertex   -2.600656e+01 4.387093e+01 4.500000e+01
    endloop
  endfacet
  facet normal -5.393200e-01 8.421009e-01 0.000000e+00
    outer loop
      vertex   -2.600656e+01 4.387093e+01 9.500000e+01
      vertex   -2.600656e+01 4.387093e+01 4.500000e+01
      vertex   -2.897130e+01 4.197218e+01 9.500000e+01
    endloop
  endfacet
  facet normal -5.393200e-01 8.421009e-01 0.000000e+00
    outer loop
      vertex   -2.897130e+01 4.197218e+01 9.500000e+01
      vertex   -2.600656e+01 4.387093e+01 4.500000e+01
      vertex   -2.897130e+01 4.197218e+01 4.500000e+01
    endloop
  endfacet
  facet normal -5.961325e-01 8.028861e-01 0.000000e+00
    outer loop
      vertex   -2.897130e+01 4.197218e+01 9.500000e+01
      vertex   -2.897130e+01 4.197218e+01 4.500000e+01
      vertex   -3.179798e+01 3.987341e+01 9.500000e+01
    endloop
  endfacet
  facet normal -5.961325e-01 8.028861e-01 0.000000e+00
    outer loop
      vertex   -3.179798e+01 3.987341e+01 9.500000e+01
      vertex   -2.897130e+01 4.197218e+01 4.500000e+01
      vertex   -3.179798e+01 3.987341e+01 4.500000e+01
    endloop
  endfacet
  facet normal -6.501041e-01 7.598452e-01 0.000000e+00
    outer loop
      vertex   -3.179798e+01 3.987341e+01 9.500000e+01
      vertex   -3.179798e+01 3.987341e+01 4.500000e+01
      vertex   -3.447313e+01 3.758462e+01 9.500000e+01
    endloop
  endfacet
  facet normal -6.501041e-01 7.598452e-01 0.000000e+00
    outer loop
      vertex   -3.447313e+01 3.758462e+01 9.500000e+01
      vertex   -3.179798e+01 3.987341e+01 4.500000e+01
      vertex   -3.447313e+01 3.758462e+01 4.500000e+01
    endloop
  endfacet
  facet normal -7.009777e-01 7.131832e-01 0.000000e+00
    outer loop
      vertex   -3.447313e+01 3.758462e+01 9.500000e+01
      vertex   -3.447313e+01 3.758462e+01 4.500000e+01
      vertex   -3.698399e+01 3.511672e+01 9.500000e+01
    endloop
  endfacet
  facet normal -7.009777e-01 7.131832e-01 0.000000e+00
    outer loop
      vertex   -3.698399e+01 3.511672e+01 9.500000e+01
      vertex   -3.447313e+01 3.758462e+01 4.500000e+01
      vertex   -3.698399e+01 3.511672e+01 4.500000e+01
    endloop
  endfacet
  facet normal -7.485107e-01 6.631227e-01 0.000000e+00
    outer loop
      vertex   -3.698399e+01 3.511672e+01 9.500000e+01
      vertex   -3.698399e+01 3.511672e+01 4.500000e+01
      vertex   -3.931861e+01 3.248148e+01 9.500000e+01
    endloop
  endfacet
  facet normal -7.485107e-01 6.631227e-01 0.000000e+00
    outer loop
      vertex   -3.931861e+01 3.248148e+01 9.500000e+01
      vertex   -3.698399e+01 3.511672e+01 4.500000e+01
      vertex   -3.931861e+01 3.248148e+01 4.500000e+01
    endloop
  endfacet
  facet normal -7.924768e-01 6.099020e-01 0.000000e+00
    outer loop
      vertex   -3.931861e+01 3.248148e+01 9.500000e+01
      vertex   -3.931861e+01 3.248148e+01 4.500000e+01
      vertex   -4.146586e+01 2.969145e+01 9.500000e+01
    endloop
  endfacet
  facet normal -7.924768e-01 6.099020e-01 0.000000e+00
    outer loop
      vertex   -4.146586e+01 2.969145e+01 9.500000e+01
      vertex   -3.931861e+01 3.248148e+01 4.500000e+01
      vertex   -4.146586e+01 2.969145e+01 4.500000e+01
    endloop
  endfacet
  facet normal -8.326664e-01 5.537749e-01 0.000000e+00
    outer loop
      vertex   -4.146586e+01 2.969145e+01 9.500000e+01
      vertex   -4.146586e+01 2.969145e+01 4.500000e+01
      vertex   -4.341551e+01 2.675993e+01 9.500000e+01
    endloop
  endfacet
  facet normal -8.326664e-01 5.537749e-01 0.000000e+00
    outer loop
      vertex   -4.341551e+01 2.675993e+01 9.500000e+01
      vertex   -4.146586e+01 2.969145e+01 4.500000e+01
      vertex   -4.341551e+01 2.675993e+01 4.500000e+01
    endloop
  endfacet
  facet normal -8.688880e-01 4.950088e-01 0.000000e+00
    outer loop
      vertex   -4.341551e+01 2.675993e+01 9.500000e+01
      vertex   -4.341551e+01 2.675993e+01 4.500000e+01
      vertex   -4.515826e+01 2.370088e+01 9.500000e+01
    endloop
  endfacet
  facet normal -8.688880e-01 4.950088e-01 0.000000e+00
    outer loop
      vertex   -4.515826e+01 2.370088e+01 9.500000e+01
      vertex   -4.341551e+01 2.675993e+01 4.500000e+01
      vertex   -4.515826e+01 2.370088e+01 4.500000e+01
    endloop
  endfacet
  facet normal -9.009689e-01 4.338837e-01 0.000000e+00
    outer loop
      vertex   -4.515826e+01 2.370088e+01 9.500000e+01
      vertex   -4.515826e+01 2.370088e+01 4.500000e+01
      vertex   -4.668581e+01 2.052889e+01 9.500000e+01
    endloop
  endfacet
  facet normal -9.009689e-01 4.338837e-01 0.000000e+00
    outer loop
      vertex   -4.668581e+01 2.052889e+01 9.500000e+01
      vertex   -4.515826e+01 2.370088e+01 4.500000e+01
      vertex   -4.668581e+01 2.052889e+01 4.500000e+01
    endloop
  endfacet
  facet normal -9.287562e-01 3.706910e-01 0.000000e+00
    outer loop
      vertex   -4.668581e+01 2.052889e+01 9.500000e+01
      vertex   -4.668581e+01 2.052889e+01 4.500000e+01
      vertex   -4.799088e+01 1.725907e+01 9.500000e+01
    endloop
  endfacet
  facet normal -9.287562e-01 3.706910e-01 0.000000e+00
    outer loop
      vertex   -4.799088e+01 1.725907e+01 9.500000e+01
      vertex   -4.668581e+01 2.052889e+01 4.500000e+01
      vertex   -4.799088e+01 1.725907e+01 4.500000e+01
    endloop
  endfacet
  facet normal -9.521177e-01 3.057318e-01 0.000000e+00
    outer loop
      vertex   -4.799088e+01 1.725907e+01 9.500000e+01
      vertex   -4.799088e+01 1.725907e+01 4.500000e+01
      vertex   -4.906725e+01 1.390700e+01 9.500000e+01
    endloop
  endfacet
  facet normal -9.521177e-01 3.057318e-01 0.000000e+00
    outer loop
      vertex   -4.906725e+01 1.390700e+01 9.500000e+01
      vertex   -4.799088e+01 1.725907e+01 4.500000e+01
      vertex   -4.906725e+01 1.390700e+01 4.500000e+01
    endloop
  endfacet
  facet normal -9.709418e-01 2.393157e-01 0.000000e+00
    outer loop
      vertex   -4.906725e+01 1.390700e+01 9.500000e+01
      vertex   -4.906725e+01 1.390700e+01 4.500000e+01
      vertex   -4.990980e+01 1.048866e+01 9.500000e+01
    endloop
  endfacet
  facet normal -9.709418e-01 2.393157e-01 0.000000e+00
    outer loop
      vertex   -4.990980e+01 1.048866e+01 9.500000e+01
      vertex   -4.906725e+01 1.390700e+01 4.500000e+01
      vertex   -4.990980e+01 1.048866e+01 4.500000e+01
    endloop
  endfacet
  facet normal -9.851390e-01 1.717591e-01 0.000000e+00
    outer loop
      vertex   -4.990980e+01 1.048866e+01 9.500000e+01
      vertex   -4.990980e+01 1.048866e+01 4.500000e+01
      vertex   -5.051450e+01 7.020329e+00 9.500000e+01
    endloop
  endfacet
  facet normal -9.851390e-01 1.717591e-01 0.000000e+00
    outer loop
      vertex   -5.051450e+01 7.020329e+00 9.500000e+01
      vertex   -4.990980e+01 1.048866e+01 4.500000e+01
      vertex   -5.051450e+01 7.020329e+00 4.500000e+01
    endloop
  endfacet
  facet normal -9.946415e-01 1.033839e-01 0.000000e+00
    outer loop
      vertex   -5.051450e+01 7.020329e+00 9.500000e+01
      vertex   -5.051450e+01 7.020329e+00 4.500000e+01
      vertex   -5.087848e+01 3.518548e+00 9.500000e+01
    endloop
  endfacet
  facet normal -9.946415e-01 1.033839e-01 0.000000e+00
    outer loop
      vertex   -5.087848e+01 3.518548e+00 9.500000e+01
      vertex   -5.051450e+01 7.020329e+00 4.500000e+01
      vertex   -5.087848e+01 3.518548e+00 4.500000e+01
    endloop
  endfacet
  facet normal -9.994041e-01 -3.451614e-02 0.000000e+00
    outer loop
      vertex   -5.087848e+01 -3.518548e+00 -5.000000e+00
      vertex   -5.087848e+01 -3.518548e+00 4.500000e+01
      vertex   -5.100000e+01 -6.245699e-15 -5.000000e+00
    endloop
  endfacet
  facet normal -9.994041e-01 -3.451614e-02 0.000000e+00
    outer loop
      vertex   -5.100000e+01 -6.245699e-15 -5.000000e+00
      vertex   -5.087848e+01 -3.518548e+00 4.500000e+01
      vertex   -5.100000e+01 -6.245699e-15 4.500000e+01
    endloop
  endfacet
  facet normal -9.994041e-01 3.451614e-02 0.000000e+00
    outer loop
      vertex   -5.100000e+01 -6.245699e-15 -5.000000e+00
      vertex   -5.100000e+01 -6.245699e-15 4.500000e+01
      vertex   -5.087848e+01 3.518548e+00 -5.000000e+00
    endloop
  endfacet
  facet normal -9.994041e-01 3.451614e-02 0.000000e+00
    outer loop
      vertex   -5.087848e+01 3.518548e+00 -5.000000e+00
      vertex   -5.100000e+01 -6.245699e-15 4.500000e+01
      vertex   -5.087848e+01 3.518548e+00 4.500000e+01
    endloop
  endfacet
  facet normal -9.946415e-01 1.033839e-01 0.000000e+00
    outer loop
      vertex   -5.087848e+01 3.518548e+00 -5.000000e+00
      vertex   -5.087848e+01 3.518548e+00 4.500000e+01
      vertex   -5.051450e+01 7.020329e+00 -5.000000e+00
    endloop
  endfacet
  facet normal -9.946415e-01 1.033839e-01 0.000000e+00
    outer loop
      vertex   -5.051450e+01 7.020329e+00 -5.000000e+00
      vertex   -5.087848e+01 3.518548e+00 4.500000e+01
      vertex   -5.051450e+01 7.020329e+00 4.500000e+01
    endloop
  endfacet
  facet normal -9.851390e-01 1.717591e-01 0.000000e+00
    outer loop
      vertex   -5.051450e+01 7.020329e+00 -5.000000e+00
      vertex   -5.051450e+01 7.020329e+00 4.500000e+01
      vertex   -4.990980e+01 1.048866e+01 -5.000000e+00
    endloop
  endfacet
  facet normal -9.851390e-01 1.717591e-01 0.000000e+00
    outer loop
      vertex   -4.990980e+01 1.048866e+01 -5.000000e+00
      vertex   -5.051450e+01 7.020329e+00 4.500000e+01
      vertex   -4.990980e+01 1.048866e+01 4.500000e+01
    endloop
  endfacet
  facet normal -9.709418e-01 2.393157e-01 0.000000e+00
    outer loop
      vertex   -4.990980e+01 1.048866e+01 -5.000000e+00
      vertex   -4.990980e+01 1.048866e+01 4.500000e+01
      vertex   -4.906725e+01 1.390700e+01 -5.000000e+00
    endloop
  endfacet
  facet normal -9.709418e-01 2.393157e-01 0.000000e+00
    outer loop
      vertex   -4.906725e+01 1.390700e+01 -5.000000e+00
      vertex   -4.990980e+01 1.048866e+01 4.500000e+01
      vertex   -4.906725e+01 1.390700e+01 4.500000e+01
    endloop
  endfacet
  facet normal -9.521177e-01 3.057318e-01 0.000000e+00
    outer loop
      vertex   -4.906725e+01 1.390700e+01 -5.000000e+00
      vertex   -4.906725e+01 1.390700e+01 4.500000e+01
      vertex   -4.799088e+01 1.725907e+01 -5.000000e+00
    endloop
  endfacet
  facet normal -9.521177e-01 3.057318e-01 0.000000e+00
    outer loop
      vertex   -4.799088e+01 1.725907e+01 -5.000000e+00
      vertex   -4.906725e+01 1.390700e+01 4.500000e+01
      vertex   -4.799088e+01 1.725907e+01 4.500000e+01
    endloop
  endfacet
  facet normal -9.287562e-01 3.706910e-01 0.000000e+00
    outer loop
      vertex   -4.799088e+01 1.725907e+01 -5.000000e+00
      vertex   -4.799088e+01 1.725907e+01 4.500000e+01
      vertex   -4.668581e+01 2.052889e+01 -5.000000e+00
    endloop
  endfacet
  facet normal -9.287562e-01 3.706910e-01 0.000000e+00
    outer loop
      vertex   -4.668581e+01 2.052889e+01 -5.000000e+00
      vertex   -4.799088e+01 1.725907e+01 4.500000e+01
      vertex   -4.668581e+01 2.052889e+01 4.500000e+01
    endloop
  endfacet
  facet normal -9.009689e-01 4.338837e-01 0.000000e+00
    outer loop
      vertex   -4.668581e+01 2.052889e+01 -5.000000e+00
      vertex   -4.668581e+01 2.052889e+01 4.500000e+01
      vertex   -4.515826e+01 2.370088e+01 -5.000000e+00
    endloop
  endfacet
  facet normal -9.009689e-01 4.338837e-01 0.000000e+00
    outer loop
      vertex   -4.515826e+01 2.370088e+01 -5.000000e+00
      vertex   -4.668581e+01 2.052889e+01 4.500000e+01
      vertex   -4.515826e+01 2.370088e+01 4.500000e+01
    endloop
  endfacet
  facet normal -8.688880e-01 4.950088e-01 0.000000e+00
    outer loop
      vertex   -4.515826e+01 2.370088e+01 -5.000000e+00
      vertex   -4.515826e+01 2.370088e+01 4.500000e+01
      vertex   -4.341551e+01 2.675993e+01 -5.000000e+00
    endloop
  endfacet
  facet normal -8.688880e-01 4.950088e-01 0.000000e+00
    outer loop
      vertex   -4.341551e+01 2.675993e+01 -5.000000e+00
      vertex   -4.515826e+01 2.370088e+01 4.500000e+01
      vertex   -4.341551e+01 2.675993e+01 4.500000e+01
    endloop
  endfacet
  facet normal -8.326664e-01 5.537749e-01 0.000000e+00
    outer loop
      vertex   -4.341551e+01 2.675993e+01 -5.000000e+00
      vertex   -4.341551e+01 2.675993e+01 4.500000e+01
      vertex   -4.146586e+01 2.969145e+01 -5.000000e+00
    endloop
  endfacet
  facet normal -8.326664e-01 5.537749e-01 0.000000e+00
    outer loop
      vertex   -4.146586e+01 2.969145e+01 -5.000000e+00
      vertex   -4.341551e+01 2.675993e+01 4.500000e+01
      vertex   -4.146586e+01 2.969145e+01 4.500000e+01
    endloop
  endfacet
  facet normal -7.924768e-01 6.099020e-01 0.000000e+00
    outer loop
      vertex   -4.146586e+01 2.969145e+01 -5.000000e+00
      vertex   -4.146586e+01 2.969145e+01 4.500000e+01
      vertex   -3.931861e+01 3.248148e+01 -5.000000e+00
    endloop
  endfacet
  facet normal -7.924768e-01 6.099020e-01 0.000000e+00
    outer loop
      vertex   -3.931861e+01 3.248148e+01 -5.000000e+00
      vertex   -4.146586e+01 2.969145e+01 4.500000e+01
      vertex   -3.931861e+01 3.248148e+01 4.500000e+01
    endloop
  endfacet
  facet normal -7.485107e-01 6.631227e-01 0.000000e+00
    outer loop
      vertex   -3.931861e+01 3.248148e+01 -5.000000e+00
      vertex   -3.931861e+01 3.248148e+01 4.500000e+01
      vertex   -3.698399e+01 3.511672e+01 -5.000000e+00
    endloop
  endfacet
  facet normal -7.485107e-01 6.631227e-01 0.000000e+00
    outer loop
      vertex   -3.698399e+01 3.511672e+01 -5.000000e+00
      vertex   -3.931861e+01 3.248148e+01 4.500000e+01
      vertex   -3.698399e+01 3.511672e+01 4.500000e+01
    endloop
  endfacet
  facet normal -7.009777e-01 7.131832e-01 0.000000e+00
    outer loop
      vertex   -3.698399e+01 3.511672e+01 -5.000000e+00
      vertex   -3.698399e+01 3.511672e+01 4.500000e+01
      vertex   -3.447313e+01 3.758462e+01 -5.000000e+00
    endloop
  endfacet
  facet normal -7.009777e-01 7.131832e-01 0.000000e+00
    outer loop
      vertex   -3.447313e+01 3.758462e+01 -5.000000e+00
      vertex   -3.698399e+01 3.511672e+01 4.500000e+01
      vertex   -3.447313e+01 3.758462e+01 4.500000e+01
    endloop
  endfacet
  facet normal -6.501041e-01 7.598452e-01 0.000000e+00
    outer loop
      vertex   -3.447313e+01 3.758462e+01 -5.000000e+00
      vertex   -3.447313e+01 3.758462e+01 4.500000e+01
      vertex   -3.179798e+01 3.987341e+01 -5.000000e+00
    endloop
  endfacet
  facet normal -6.501041e-01 7.598452e-01 0.000000e+00
    outer loop
      vertex   -3.179798e+01 3.987341e+01 -5.000000e+00
      vertex   -3.447313e+01 3.758462e+01 4.500000e+01
      vertex   -3.179798e+01 3.987341e+01 4.500000e+01
    endloop
  endfacet
  facet normal -5.961325e-01 8.028861e-01 0.000000e+00
    outer loop
      vertex   -3.179798e+01 3.987341e+01 -5.000000e+00
      vertex   -3.179798e+01 3.987341e+01 4.500000e+01
      vertex   -2.897130e+01 4.197218e+01 -5.000000e+00
    endloop
  endfacet
  facet normal -5.961325e-01 8.028861e-01 0.000000e+00
    outer loop
      vertex   -2.897130e+01 4.197218e+01 -5.000000e+00
      vertex   -3.179798e+01 3.987341e+01 4.500000e+01
      vertex   -2.897130e+01 4.197218e+01 4.500000e+01
    endloop
  endfacet
  facet normal -5.393200e-01 8.421009e-01 0.000000e+00
    outer loop
      vertex   -2.897130e+01 4.197218e+01 -5.000000e+00
      vertex   -2.897130e+01 4.197218e+01 4.500000e+01
      vertex   -2.600656e+01 4.387093e+01 -5.000000e+00
    endloop
  endfacet
  facet normal -5.393200e-01 8.421009e-01 0.000000e+00
    outer loop
      vertex   -2.600656e+01 4.387093e+01 -5.000000e+00
      vertex   -2.897130e+01 4.197218e+01 4.500000e+01
      vertex   -2.600656e+01 4.387093e+01 4.500000e+01
    endloop
  endfacet
  facet normal -4.799375e-01 8.773027e-01 0.000000e+00
    outer loop
      vertex   -2.600656e+01 4.387093e+01 -5.000000e+00
      vertex   -2.600656e+01 4.387093e+01 4.500000e+01
      vertex   -2.291789e+01 4.556062e+01 -5.000000e+00
    endloop
  endfacet
  facet normal -4.799375e-01 8.773027e-01 0.000000e+00
    outer loop
      vertex   -2.291789e+01 4.556062e+01 -5.000000e+00
      vertex   -2.600656e+01 4.387093e+01 4.500000e+01
      vertex   -2.291789e+01 4.556062e+01 4.500000e+01
    endloop
  endfacet
  facet normal -4.182678e-01 9.083238e-01 0.000000e+00
    outer loop
      vertex   -2.291789e+01 4.556062e+01 -5.000000e+00
      vertex   -2.291789e+01 4.556062e+01 4.500000e+01
      vertex   -1.972000e+01 4.703320e+01 -5.000000e+00
    endloop
  endfacet
  facet normal -4.182678e-01 9.083238e-01 0.000000e+00
    outer loop
      vertex   -1.972000e+01 4.703320e+01 -5.000000e+00
      vertex   -2.291789e+01 4.556062e+01 4.500000e+01
      vertex   -1.972000e+01 4.703320e+01 4.500000e+01
    endloop
  endfacet
  facet normal -3.546049e-01 9.350162e-01 0.000000e+00
    outer loop
      vertex   -1.972000e+01 4.703320e+01 -5.000000e+00
      vertex   -1.972000e+01 4.703320e+01 4.500000e+01
      vertex   -1.642814e+01 4.828163e+01 -5.000000e+00
    endloop
  endfacet
  facet normal -3.546049e-01 9.350162e-01 0.000000e+00
    outer loop
      vertex   -1.642814e+01 4.828163e+01 -5.000000e+00
      vertex   -1.972000e+01 4.703320e+01 4.500000e+01
      vertex   -1.642814e+01 4.828163e+01 4.500000e+01
    endloop
  endfacet
  facet normal -2.892521e-01 9.572530e-01 0.000000e+00
    outer loop
      vertex   -1.642814e+01 4.828163e+01 -5.000000e+00
      vertex   -1.642814e+01 4.828163e+01 4.500000e+01
      vertex   -1.305799e+01 4.929999e+01 -5.000000e+00
    endloop
  endfacet
  facet normal -2.892521e-01 9.572530e-01 0.000000e+00
    outer loop
      vertex   -1.305799e+01 4.929999e+01 -5.000000e+00
      vertex   -1.642814e+01 4.828163e+01 4.500000e+01
      vertex   -1.305799e+01 4.929999e+01 4.500000e+01
    endloop
  endfacet
  facet normal -2.225209e-01 9.749279e-01 0.000000e+00
    outer loop
      vertex   -1.305799e+01 4.929999e+01 -5.000000e+00
      vertex   -1.305799e+01 4.929999e+01 4.500000e+01
      vertex   -9.625617e+00 5.008341e+01 -5.000000e+00
    endloop
  endfacet
  facet normal -2.225209e-01 9.749279e-01 0.000000e+00
    outer loop
      vertex   -9.625617e+00 5.008341e+01 -5.000000e+00
      vertex   -1.305799e+01 4.929999e+01 4.500000e+01
      vertex   -9.625617e+00 5.008341e+01 4.500000e+01
    endloop
  endfacet
  facet normal -1.547293e-01 9.879569e-01 0.000000e+00
    outer loop
      vertex   -9.625617e+00 5.008341e+01 -5.000000e+00
      vertex   -9.625617e+00 5.008341e+01 4.500000e+01
      vertex   -6.147371e+00 5.062815e+01 -5.000000e+00
    endloop
  endfacet
  facet normal -1.547293e-01 9.879569e-01 0.000000e+00
    outer loop
      vertex   -6.147371e+00 5.062815e+01 -5.000000e+00
      vertex   -9.625617e+00 5.008341e+01 4.500000e+01
      vertex   -6.147371e+00 5.062815e+01 4.500000e+01
    endloop
  endfacet
  facet normal -8.620038e-02 9.962778e-01 0.000000e+00
    outer loop
      vertex   -6.147371e+00 5.062815e+01 -5.000000e+00
      vertex   -6.147371e+00 5.062815e+01 4.500000e+01
      vertex   -2.639829e+00 5.093163e+01 -5.000000e+00
    endloop
  endfacet
  facet normal -8.620038e-02 9.962778e-01 0.000000e+00
    outer loop
      vertex   -2.639829e+00 5.093163e+01 -5.000000e+00
      vertex   -6.147371e+00 5.062815e+01 4.500000e+01
      vertex   -2.639829e+00 5.093163e+01 4.500000e+01
    endloop
  endfacet
  facet normal -1.726064e-02 9.998510e-01 0.000000e+00
    outer loop
      vertex   -2.639829e+00 5.093163e+01 -5.000000e+00
      vertex   -2.639829e+00 5.093163e+01 4.500000e+01
      vertex   8.802927e-01 5.099240e+01 -5.000000e+00
    endloop
  endfacet
  facet normal -1.726064e-02 9.998510e-01 0.000000e+00
    outer loop
      vertex   8.802927e-01 5.099240e+01 -5.000000e+00
      vertex   -2.639829e+00 5.093163e+01 4.500000e+01
      vertex   8.802927e-01 5.099240e+01 4.500000e+01
    endloop
  endfacet
  facet normal 5.176135e-02 9.986595e-01 -0.000000e+00
    outer loop
      vertex   8.802927e-01 5.099240e+01 -5.000000e+00
      vertex   8.802927e-01 5.099240e+01 4.500000e+01
      vertex   4.396219e+00 5.081017e+01 -5.000000e+00
    endloop
  endfacet
  facet normal 5.176135e-02 9.986595e-01 -0.000000e+00
    outer loop
      vertex   4.396219e+00 5.081017e+01 -5.000000e+00
      vertex   8.802927e-01 5.099240e+01 4.500000e+01
      vertex   4.396219e+00 5.081017e+01 4.500000e+01
    endloop
  endfacet
  facet normal 1.205367e-01 9.927089e-01 -0.000000e+00
    outer loop
      vertex   4.396219e+00 5.081017e+01 -5.000000e+00
      vertex   4.396219e+00 5.081017e+01 4.500000e+01
      vertex   7.891196e+00 5.038580e+01 -5.000000e+00
    endloop
  endfacet
  facet normal 1.205367e-01 9.927089e-01 -0.000000e+00
    outer loop
      vertex   7.891196e+00 5.038580e+01 -5.000000e+00
      vertex   4.396219e+00 5.081017e+01 4.500000e+01
      vertex   7.891196e+00 5.038580e+01 4.500000e+01
    endloop
  endfacet
  facet normal 1.887376e-01 9.820276e-01 -0.000000e+00
    outer loop
      vertex   7.891196e+00 5.038580e+01 -5.000000e+00
      vertex   7.891196e+00 5.038580e+01 4.500000e+01
      vertex   1.134857e+01 4.972132e+01 -5.000000e+00
    endloop
  endfacet
  facet normal 1.887376e-01 9.820276e-01 -0.000000e+00
    outer loop
      vertex   1.134857e+01 4.972132e+01 -5.000000e+00
      vertex   7.891196e+00 5.038580e+01 4.500000e+01
      vertex   1.134857e+01 4.972132e+01 4.500000e+01
    endloop
  endfacet
  facet normal 2.560391e-01 9.666664e-01 -0.000000e+00
    outer loop
      vertex   1.134857e+01 4.972132e+01 -5.000000e+00
      vertex   1.134857e+01 4.972132e+01 4.500000e+01
      vertex   1.475186e+01 4.881990e+01 -5.000000e+00
    endloop
  endfacet
  facet normal 2.560391e-01 9.666664e-01 -0.000000e+00
    outer loop
      vertex   1.475186e+01 4.881990e+01 -5.000000e+00
      vertex   1.134857e+01 4.972132e+01 4.500000e+01
      vertex   1.475186e+01 4.881990e+01 4.500000e+01
    endloop
  endfacet
  facet normal 3.221204e-01 9.466987e-01 -0.000000e+00
    outer loop
      vertex   1.475186e+01 4.881990e+01 -5.000000e+00
      vertex   1.475186e+01 4.881990e+01 4.500000e+01
      vertex   1.808485e+01 4.768583e+01 -5.000000e+00
    endloop
  endfacet
  facet normal 3.221204e-01 9.466987e-01 -0.000000e+00
    outer loop
      vertex   1.808485e+01 4.768583e+01 -5.000000e+00
      vertex   1.475186e+01 4.881990e+01 4.500000e+01
      vertex   1.808485e+01 4.768583e+01 4.500000e+01
    endloop
  endfacet
  facet normal 3.866667e-01 9.222195e-01 -0.000000e+00
    outer loop
      vertex   1.808485e+01 4.768583e+01 -5.000000e+00
      vertex   1.808485e+01 4.768583e+01 4.500000e+01
      vertex   2.133166e+01 4.632451e+01 -5.000000e+00
    endloop
  endfacet
  facet normal 3.866667e-01 9.222195e-01 -0.000000e+00
    outer loop
      vertex   2.133166e+01 4.632451e+01 -5.000000e+00
      vertex   1.808485e+01 4.768583e+01 4.500000e+01
      vertex   2.133166e+01 4.632451e+01 4.500000e+01
    endloop
  endfacet
  facet normal 4.493704e-01 8.933455e-01 -0.000000e+00
    outer loop
      vertex   2.133166e+01 4.632451e+01 -5.000000e+00
      vertex   2.133166e+01 4.632451e+01 4.500000e+01
      vertex   2.447681e+01 4.474244e+01 -5.000000e+00
    endloop
  endfacet
  facet normal 4.493704e-01 8.933455e-01 -0.000000e+00
    outer loop
      vertex   2.447681e+01 4.474244e+01 -5.000000e+00
      vertex   2.133166e+01 4.632451e+01 4.500000e+01
      vertex   2.447681e+01 4.474244e+01 4.500000e+01
    endloop
  endfacet
  facet normal 5.099326e-01 8.602144e-01 -0.000000e+00
    outer loop
      vertex   2.447681e+01 4.474244e+01 -5.000000e+00
      vertex   2.447681e+01 4.474244e+01 4.500000e+01
      vertex   2.750532e+01 4.294715e+01 -5.000000e+00
    endloop
  endfacet
  facet normal 5.099326e-01 8.602144e-01 -0.000000e+00
    outer loop
      vertex   2.750532e+01 4.294715e+01 -5.000000e+00
      vertex   2.447681e+01 4.474244e+01 4.500000e+01
      vertex   2.750532e+01 4.294715e+01 4.500000e+01
    endloop
  endfacet
  facet normal 5.680647e-01 8.229839e-01 -0.000000e+00
    outer loop
      vertex   2.750532e+01 4.294715e+01 -5.000000e+00
      vertex   2.750532e+01 4.294715e+01 4.500000e+01
      vertex   3.040276e+01 4.094719e+01 -5.000000e+00
    endloop
  endfacet
  facet normal 5.680647e-01 8.229839e-01 -0.000000e+00
    outer loop
      vertex   3.040276e+01 4.094719e+01 -5.000000e+00
      vertex   2.750532e+01 4.294715e+01 4.500000e+01
      vertex   3.040276e+01 4.094719e+01 4.500000e+01
    endloop
  endfacet
  facet normal 6.234898e-01 7.818315e-01 -0.000000e+00
    outer loop
      vertex   3.040276e+01 4.094719e+01 -5.000000e+00
      vertex   3.040276e+01 4.094719e+01 4.500000e+01
      vertex   3.315531e+01 3.875210e+01 -5.000000e+00
    endloop
  endfacet
  facet normal 6.234898e-01 7.818315e-01 -0.000000e+00
    outer loop
      vertex   3.315531e+01 3.875210e+01 -5.000000e+00
      vertex   3.040276e+01 4.094719e+01 4.500000e+01
      vertex   3.315531e+01 3.875210e+01 4.500000e+01
    endloop
  endfacet
  facet normal 6.759436e-01 7.369533e-01 -0.000000e+00
    outer loop
      vertex   3.315531e+01 3.875210e+01 -5.000000e+00
      vertex   3.315531e+01 3.875210e+01 4.500000e+01
      vertex   3.574986e+01 3.637234e+01 -5.000000e+00
    endloop
  endfacet
  facet normal 6.759436e-01 7.369533e-01 -1.047274e-16
    outer loop
      vertex   3.574986e+01 3.637234e+01 -5.000000e+00
      vertex   3.315531e+01 3.875210e+01 4.500000e+01
      vertex   3.574986e+01 3.637234e+01 4.500000e+01
    endloop
  endfacet
  facet normal 7.251763e-01 6.885632e-01 -9.785072e-17
    outer loop
      vertex   3.574986e+01 3.637234e+01 -5.000000e+00
      vertex   3.574986e+01 3.637234e+01 4.500000e+01
      vertex   3.817405e+01 3.381926e+01 -5.000000e+00
    endloop
  endfacet
  facet normal 7.251763e-01 6.885632e-01 -0.000000e+00
    outer loop
      vertex   3.817405e+01 3.381926e+01 -5.000000e+00
      vertex   3.574986e+01 3.637234e+01 4.500000e+01
      vertex   3.817405e+01 3.381926e+01 4.500000e+01
    endloop
  endfacet
  facet normal 7.709532e-01 6.368918e-01 -0.000000e+00
    outer loop
      vertex   3.817405e+01 3.381926e+01 -5.000000e+00
      vertex   3.817405e+01 3.381926e+01 4.500000e+01
      vertex   4.041632e+01 3.110500e+01 -5.000000e+00
    endloop
  endfacet
  facet normal 7.709532e-01 6.368918e-01 -0.000000e+00
    outer loop
      vertex   4.041632e+01 3.110500e+01 -5.000000e+00
      vertex   3.817405e+01 3.381926e+01 4.500000e+01
      vertex   4.041632e+01 3.110500e+01 4.500000e+01
    endloop
  endfacet
  facet normal 8.130561e-01 5.821853e-01 -0.000000e+00
    outer loop
      vertex   4.041632e+01 3.110500e+01 -5.000000e+00
      vertex   4.041632e+01 3.110500e+01 4.500000e+01
      vertex   4.246599e+01 2.824252e+01 -5.000000e+00
    endloop
  endfacet
  facet normal 8.130561e-01 5.821853e-01 -0.000000e+00
    outer loop
      vertex   4.246599e+01 2.824252e+01 -5.000000e+00
      vertex   4.041632e+01 3.110500e+01 4.500000e+01
      vertex   4.246599e+01 2.824252e+01 4.500000e+01
    endloop
  endfacet
  facet normal 8.512844e-01 5.247045e-01 -0.000000e+00
    outer loop
      vertex   4.246599e+01 2.824252e+01 -5.000000e+00
      vertex   4.246599e+01 2.824252e+01 4.500000e+01
      vertex   4.431329e+01 2.524545e+01 -5.000000e+00
    endloop
  endfacet
  facet normal 8.512844e-01 5.247045e-01 -0.000000e+00
    outer loop
      vertex   4.431329e+01 2.524545e+01 -5.000000e+00
      vertex   4.246599e+01 2.824252e+01 4.500000e+01
      vertex   4.431329e+01 2.524545e+01 4.500000e+01
    endloop
  endfacet
  facet normal 8.854560e-01 4.647232e-01 -0.000000e+00
    outer loop
      vertex   4.431329e+01 2.524545e+01 -5.000000e+00
      vertex   4.431329e+01 2.524545e+01 4.500000e+01
      vertex   4.594941e+01 2.212807e+01 -5.000000e+00
    endloop
  endfacet
  facet normal 8.854560e-01 4.647232e-01 -0.000000e+00
    outer loop
      vertex   4.594941e+01 2.212807e+01 -5.000000e+00
      vertex   4.431329e+01 2.524545e+01 4.500000e+01
      vertex   4.594941e+01 2.212807e+01 4.500000e+01
    endloop
  endfacet
  facet normal 9.154080e-01 4.025272e-01 -0.000000e+00
    outer loop
      vertex   4.594941e+01 2.212807e+01 -5.000000e+00
      vertex   4.594941e+01 2.212807e+01 4.500000e+01
      vertex   4.736657e+01 1.890524e+01 -5.000000e+00
    endloop
  endfacet
  facet normal 9.154080e-01 4.025272e-01 -0.000000e+00
    outer loop
      vertex   4.736657e+01 1.890524e+01 -5.000000e+00
      vertex   4.594941e+01 2.212807e+01 4.500000e+01
      vertex   4.736657e+01 1.890524e+01 4.500000e+01
    endloop
  endfacet
  facet normal 9.409977e-01 3.384131e-01 -0.000000e+00
    outer loop
      vertex   4.736657e+01 1.890524e+01 -5.000000e+00
      vertex   4.736657e+01 1.890524e+01 4.500000e+01
      vertex   4.855800e+01 1.559232e+01 -5.000000e+00
    endloop
  endfacet
  facet normal 9.409977e-01 3.384131e-01 -0.000000e+00
    outer loop
      vertex   4.855800e+01 1.559232e+01 -5.000000e+00
      vertex   4.736657e+01 1.890524e+01 4.500000e+01
      vertex   4.855800e+01 1.559232e+01 4.500000e+01
    endloop
  endfacet
  facet normal 9.621030e-01 2.726862e-01 -0.000000e+00
    outer loop
      vertex   4.855800e+01 1.559232e+01 -5.000000e+00
      vertex   4.855800e+01 1.559232e+01 4.500000e+01
      vertex   4.951803e+01 1.220510e+01 -5.000000e+00
    endloop
  endfacet
  facet normal 9.621030e-01 2.726862e-01 1.937552e-17
    outer loop
      vertex   4.951803e+01 1.220510e+01 -5.000000e+00
      vertex   4.855800e+01 1.559232e+01 4.500000e+01
      vertex   4.951803e+01 1.220510e+01 4.500000e+01
    endloop
  endfacet
  facet normal 9.786235e-01 2.056599e-01 1.461302e-17
    outer loop
      vertex   4.951803e+01 1.220510e+01 -5.000000e+00
      vertex   4.951803e+01 1.220510e+01 4.500000e+01
      vertex   5.024209e+01 8.759712e+00 -5.000000e+00
    endloop
  endfacet
  facet normal 9.786235e-01 2.056599e-01 -0.000000e+00
    outer loop
      vertex   5.024209e+01 8.759712e+00 -5.000000e+00
      vertex   4.951803e+01 1.220510e+01 4.500000e+01
      vertex   5.024209e+01 8.759712e+00 4.500000e+01
    endloop
  endfacet
  facet normal 9.904804e-01 1.376535e-01 -0.000000e+00
    outer loop
      vertex   5.024209e+01 8.759712e+00 -5.000000e+00
      vertex   5.024209e+01 8.759712e+00 4.500000e+01
      vertex   5.072672e+01 5.272581e+00 -5.000000e+00
    endloop
  endfacet
  facet normal 9.904804e-01 1.376535e-01 -0.000000e+00
    outer loop
      vertex   5.072672e+01 5.272581e+00 -5.000000e+00
      vertex   5.024209e+01 8.759712e+00 4.500000e+01
      vertex   5.072672e+01 5.272581e+00 4.500000e+01
    endloop
  endfacet
  facet normal 9.976173e-01 6.899114e-02 -0.000000e+00
    outer loop
      vertex   5.072672e+01 5.272581e+00 -5.000000e+00
      vertex   5.072672e+01 5.272581e+00 4.500000e+01
      vertex   5.096961e+01 1.760323e+00 -5.000000e+00
    endloop
  endfacet
  facet normal 9.976173e-01 6.899114e-02 -3.063822e-19
    outer loop
      vertex   5.096961e+01 1.760323e+00 -5.000000e+00
      vertex   5.072672e+01 5.272581e+00 4.500000e+01
      vertex   5.096961e+01 1.760323e+00 4.500000e+01
    endloop
  endfacet
  facet normal 1.000000e+00 0.000000e+00 -0.000000e+00
    outer loop
      vertex   5.096961e+01 1.760323e+00 -5.000000e+00
      vertex   5.096961e+01 1.760323e+00 4.500000e+01
      vertex   5.096961e+01 -1.760323e+00 -5.000000e+00
    endloop
  endfacet
  facet normal 1.000000e+00 0.000000e+00 -0.000000e+00
    outer loop
      vertex   5.096961e+01 -1.760323e+00 -5.000000e+00
      vertex   5.096961e+01 1.760323e+00 4.500000e+01
      vertex   5.096961e+01 -1.760323e+00 4.500000e+01
    endloop
  endfacet
  facet normal 9.976173e-01 -6.899114e-02 -3.063822e-19
    outer loop
      vertex   5.096961e+01 -1.760323e+00 -5.000000e+00
      vertex   5.096961e+01 -1.760323e+00 4.500000e+01
      vertex   5.072672e+01 -5.272581e+00 -5.000000e+00
    endloop
  endfacet
  facet normal 9.976173e-01 -6.899114e-02 0.000000e+00
    outer loop
      vertex   5.072672e+01 -5.272581e+00 -5.000000e+00
      vertex   5.096961e+01 -1.760323e+00 4.500000e+01
      vertex   5.072672e+01 -5.272581e+00 4.500000e+01
    endloop
  endfacet
  facet normal 9.904804e-01 -1.376535e-01 0.000000e+00
    outer loop
      vertex   5.072672e+01 -5.272581e+00 -5.000000e+00
      vertex   5.072672e+01 -5.272581e+00 4.500000e+01
      vertex   5.024209e+01 -8.759712e+00 -5.000000e+00
    endloop
  endfacet
  facet normal 9.904804e-01 -1.376535e-01 4.890435e-18
    outer loop
      vertex   5.024209e+01 -8.759712e+00 -5.000000e+00
      vertex   5.072672e+01 -5.272581e+00 4.500000e+01
      vertex   5.024209e+01 -8.759712e+00 4.500000e+01
    endloop
  endfacet
  facet normal 9.786235e-01 -2.056599e-01 7.306508e-18
    outer loop
      vertex   5.024209e+01 -8.759712e+00 -5.000000e+00
      vertex   5.024209e+01 -8.759712e+00 4.500000e+01
      vertex   4.951803e+01 -1.220510e+01 -5.000000e+00
    endloop
  endfacet
  facet normal 9.786235e-01 -2.056599e-01 0.000000e+00
    outer loop
      vertex   4.951803e+01 -1.220510e+01 -5.000000e+00
      vertex   5.024209e+01 -8.759712e+00 4.500000e+01
      vertex   4.951803e+01 -1.220510e+01 4.500000e+01
    endloop
  endfacet
  facet normal 9.621030e-01 -2.726862e-01 0.000000e+00
    outer loop
      vertex   4.951803e+01 -1.220510e+01 -5.000000e+00
      vertex   4.951803e+01 -1.220510e+01 4.500000e+01
      vertex   4.855800e+01 -1.559232e+01 -5.000000e+00
    endloop
  endfacet
  facet normal 9.621030e-01 -2.726862e-01 0.000000e+00
    outer loop
      vertex   4.855800e+01 -1.559232e+01 -5.000000e+00
      vertex   4.951803e+01 -1.220510e+01 4.500000e+01
      vertex   4.855800e+01 -1.559232e+01 4.500000e+01
    endloop
  endfacet
  facet normal 9.409977e-01 -3.384131e-01 0.000000e+00
    outer loop
      vertex   4.855800e+01 -1.559232e+01 -5.000000e+00
      vertex   4.855800e+01 -1.559232e+01 4.500000e+01
      vertex   4.736657e+01 -1.890524e+01 -5.000000e+00
    endloop
  endfacet
  facet normal 9.409977e-01 -3.384131e-01 0.000000e+00
    outer loop
      vertex   4.736657e+01 -1.890524e+01 -5.000000e+00
      vertex   4.855800e+01 -1.559232e+01 4.500000e+01
      vertex   4.736657e+01 -1.890524e+01 4.500000e+01
    endloop
  endfacet
  facet normal 9.154080e-01 -4.025272e-01 0.000000e+00
    outer loop
      vertex   4.736657e+01 -1.890524e+01 -5.000000e+00
      vertex   4.736657e+01 -1.890524e+01 4.500000e+01
      vertex   4.594941e+01 -2.212807e+01 -5.000000e+00
    endloop
  endfacet
  facet normal 9.154080e-01 -4.025272e-01 0.000000e+00
    outer loop
      vertex   4.594941e+01 -2.212807e+01 -5.000000e+00
      vertex   4.736657e+01 -1.890524e+01 4.500000e+01
      vertex   4.594941e+01 -2.212807e+01 4.500000e+01
    endloop
  endfacet
  facet normal 8.854560e-01 -4.647232e-01 0.000000e+00
    outer loop
      vertex   4.594941e+01 -2.212807e+01 -5.000000e+00
      vertex   4.594941e+01 -2.212807e+01 4.500000e+01
      vertex   4.431329e+01 -2.524545e+01 -5.000000e+00
    endloop
  endfacet
  facet normal 8.854560e-01 -4.647232e-01 0.000000e+00
    outer loop
      vertex   4.431329e+01 -2.524545e+01 -5.000000e+00
      vertex   4.594941e+01 -2.212807e+01 4.500000e+01
      vertex   4.431329e+01 -2.524545e+01 4.500000e+01
    endloop
  endfacet
  facet normal 8.512844e-01 -5.247045e-01 0.000000e+00
    outer loop
      vertex   4.431329e+01 -2.524545e+01 -5.000000e+00
      vertex   4.431329e+01 -2.524545e+01 4.500000e+01
      vertex   4.246599e+01 -2.824252e+01 -5.000000e+00
    endloop
  endfacet
  facet normal 8.512844e-01 -5.247045e-01 0.000000e+00
    outer loop
      vertex   4.246599e+01 -2.824252e+01 -5.000000e+00
      vertex   4.431329e+01 -2.524545e+01 4.500000e+01
      vertex   4.246599e+01 -2.824252e+01 4.500000e+01
    endloop
  endfacet
  facet normal 8.130561e-01 -5.821853e-01 0.000000e+00
    outer loop
      vertex   4.246599e+01 -2.824252e+01 -5.000000e+00
      vertex   4.246599e+01 -2.824252e+01 4.500000e+01
      vertex   4.041632e+01 -3.110500e+01 -5.000000e+00
    endloop
  endfacet
  facet normal 8.130561e-01 -5.821853e-01 0.000000e+00
    outer loop
      vertex   4.041632e+01 -3.110500e+01 -5.000000e+00
      vertex   4.246599e+01 -2.824252e+01 4.500000e+01
      vertex   4.041632e+01 -3.110500e+01 4.500000e+01
    endloop
  endfacet
  facet normal 7.709532e-01 -6.368918e-01 0.000000e+00
    outer loop
      vertex   4.041632e+01 -3.110500e+01 -5.000000e+00
      vertex   4.041632e+01 -3.110500e+01 4.500000e+01
      vertex   3.817405e+01 -3.381926e+01 -5.000000e+00
    endloop
  endfacet
  facet normal 7.709532e-01 -6.368918e-01 0.000000e+00
    outer loop
      vertex   3.817405e+01 -3.381926e+01 -5.000000e+00
      vertex   4.041632e+01 -3.110500e+01 4.500000e+01
      vertex   3.817405e+01 -3.381926e+01 4.500000e+01
    endloop
  endfacet
  facet normal 7.251763e-01 -6.885632e-01 0.000000e+00
    outer loop
      vertex   3.817405e+01 -3.381926e+01 -5.000000e+00
      vertex   3.817405e+01 -3.381926e+01 4.500000e+01
      vertex   3.574986e+01 -3.637234e+01 -5.000000e+00
    endloop
  endfacet
  facet normal 7.251763e-01 -6.885632e-01 -9.785072e-17
    outer loop
      vertex   3.574986e+01 -3.637234e+01 -5.000000e+00
      vertex   3.817405e+01 -3.381926e+01 4.500000e+01
      vertex   3.574986e+01 -3.637234e+01 4.500000e+01
    endloop
  endfacet
  facet normal 6.759436e-01 -7.369533e-01 -1.047274e-16
    outer loop
      vertex   3.574986e+01 -3.637234e+01 -5.000000e+00
      vertex   3.574986e+01 -3.637234e+01 4.500000e+01
      vertex   3.315531e+01 -3.875210e+01 -5.000000e+00
    endloop
  endfacet
  facet normal 6.759436e-01 -7.369533e-01 0.000000e+00
    outer loop
      vertex   3.315531e+01 -3.875210e+01 -5.000000e+00
      vertex   3.574986e+01 -3.637234e+01 4.500000e+01
      vertex   3.315531e+01 -3.875210e+01 4.500000e+01
    endloop
  endfacet
  facet normal 6.234898e-01 -7.818315e-01 0.000000e+00
    outer loop
      vertex   3.315531e+01 -3.875210e+01 -5.000000e+00
      vertex   3.315531e+01 -3.875210e+01 4.500000e+01
      vertex   3.040276e+01 -4.094719e+01 -5.000000e+00
    endloop
  endfacet
  facet normal 6.234898e-01 -7.818315e-01 0.000000e+00
    outer loop
      vertex   3.040276e+01 -4.094719e+01 -5.000000e+00
      vertex   3.315531e+01 -3.875210e+01 4.500000e+01
      vertex   3.040276e+01 -4.094719e+01 4.500000e+01
    endloop
  endfacet
  facet normal 5.680647e-01 -8.229839e-01 0.000000e+00
    outer loop
      vertex   3.040276e+01 -4.094719e+01 -5.000000e+00
      vertex   3.040276e+01 -4.094719e+01 4.500000e+01
      vertex   2.750532e+01 -4.294715e+01 -5.000000e+00
    endloop
  endfacet
  facet normal 5.680647e-01 -8.229839e-01 0.000000e+00
    outer loop
      vertex   2.750532e+01 -4.294715e+01 -5.000000e+00
      vertex   3.040276e+01 -4.094719e+01 4.500000e+01
      vertex   2.750532e+01 -4.294715e+01 4.500000e+01
    endloop
  endfacet
  facet normal 5.099326e-01 -8.602144e-01 0.000000e+00
    outer loop
      vertex   2.750532e+01 -4.294715e+01 -5.000000e+00
      vertex   2.750532e+01 -4.294715e+01 4.500000e+01
      vertex   2.447681e+01 -4.474244e+01 -5.000000e+00
    endloop
  endfacet
  facet normal 5.099326e-01 -8.602144e-01 0.000000e+00
    outer loop
      vertex   2.447681e+01 -4.474244e+01 -5.000000e+00
      vertex   2.750532e+01 -4.294715e+01 4.500000e+01
      vertex   2.447681e+01 -4.474244e+01 4.500000e+01
    endloop
  endfacet
  facet normal 4.493704e-01 -8.933455e-01 0.000000e+00
    outer loop
      vertex   2.447681e+01 -4.474244e+01 -5.000000e+00
      vertex   2.447681e+01 -4.474244e+01 4.500000e+01
      vertex   2.133166e+01 -4.632451e+01 -5.000000e+00
    endloop
  endfacet
  facet normal 4.493704e-01 -8.933455e-01 0.000000e+00
    outer loop
      vertex   2.133166e+01 -4.632451e+01 -5.000000e+00
      vertex   2.447681e+01 -4.474244e+01 4.500000e+01
      vertex   2.133166e+01 -4.632451e+01 4.500000e+01
    endloop
  endfacet
  facet normal 3.866667e-01 -9.222195e-01 0.000000e+00
    outer loop
      vertex   2.133166e+01 -4.632451e+01 -5.000000e+00
      vertex   2.133166e+01 -4.632451e+01 4.500000e+01
      vertex   1.808485e+01 -4.768583e+01 -5.000000e+00
    endloop
  endfacet
  facet normal 3.866667e-01 -9.222195e-01 0.000000e+00
    outer loop
      vertex   1.808485e+01 -4.768583e+01 -5.000000e+00
      vertex   2.133166e+01 -4.632451e+01 4.500000e+01
      vertex   1.808485e+01 -4.768583e+01 4.500000e+01
    endloop
  endfacet
  facet normal 3.221204e-01 -9.466987e-01 0.000000e+00
    outer loop
      vertex   1.808485e+01 -4.768583e+01 -5.000000e+00
      vertex   1.808485e+01 -4.768583e+01 4.500000e+01
      vertex   1.475186e+01 -4.881990e+01 -5.000000e+00
    endloop
  endfacet
  facet normal 3.221204e-01 -9.466987e-01 0.000000e+00
    outer loop
      vertex   1.475186e+01 -4.881990e+01 -5.000000e+00
      vertex   1.808485e+01 -4.768583e+01 4.500000e+01
      vertex   1.475186e+01 -4.881990e+01 4.500000e+01
    endloop
  endfacet
  facet normal 2.560391e-01 -9.666664e-01 0.000000e+00
    outer loop
      vertex   1.475186e+01 -4.881990e+01 -5.000000e+00
      vertex   1.475186e+01 -4.881990e+01 4.500000e+01
      vertex   1.134857e+01 -4.972132e+01 -5.000000e+00
    endloop
  endfacet
  facet normal 2.560391e-01 -9.666664e-01 0.000000e+00
    outer loop
      vertex   1.134857e+01 -4.972132e+01 -5.000000e+00
      vertex   1.475186e+01 -4.881990e+01 4.500000e+01
      vertex   1.134857e+01 -4.972132e+01 4.500000e+01
    endloop
  endfacet
  facet normal 1.887376e-01 -9.820276e-01 0.000000e+00
    outer loop
      vertex   1.134857e+01 -4.972132e+01 -5.000000e+00
      vertex   1.134857e+01 -4.972132e+01 4.500000e+01
      vertex   7.891196e+00 -5.038580e+01 -5.000000e+00
    endloop
  endfacet
  facet normal 1.887376e-01 -9.820276e-01 0.000000e+00
    outer loop
      vertex   7.891196e+00 -5.038580e+01 -5.000000e+00
      vertex   1.134857e+01 -4.972132e+01 4.500000e+01
      vertex   7.891196e+00 -5.038580e+01 4.500000e+01
    endloop
  endfacet
  facet normal 1.205367e-01 -9.927089e-01 0.000000e+00
    outer loop
      vertex   7.891196e+00 -5.038580e+01 -5.000000e+00
      vertex   7.891196e+00 -5.038580e+01 4.500000e+01
      vertex   4.396219e+00 -5.081017e+01 -5.000000e+00
    endloop
  endfacet
  facet normal 1.205367e-01 -9.927089e-01 0.000000e+00
    outer loop
      vertex   4.396219e+00 -5.081017e+01 -5.000000e+00
      vertex   7.891196e+00 -5.038580e+01 4.500000e+01
      vertex   4.396219e+00 -5.081017e+01 4.500000e+01
    endloop
  endfacet
  facet normal 5.176135e-02 -9.986595e-01 0.000000e+00
    outer loop
      vertex   4.396219e+00 -5.081017e+01 -5.000000e+00
      vertex   4.396219e+00 -5.081017e+01 4.500000e+01
      vertex   8.802927e-01 -5.099240e+01 -5.000000e+00
    endloop
  endfacet
  facet normal 5.176135e-02 -9.986595e-01 0.000000e+00
    outer loop
      vertex   8.802927e-01 -5.099240e+01 -5.000000e+00
      vertex   4.396219e+00 -5.081017e+01 4.500000e+01
      vertex   8.802927e-01 -5.099240e+01 4.500000e+01
    endloop
  endfacet
  facet normal -1.726064e-02 -9.998510e-01 0.000000e+00
    outer loop
      vertex   8.802927e-01 -5.099240e+01 -5.000000e+00
      vertex   8.802927e-01 -5.099240e+01 4.500000e+01
      vertex   -2.639829e+00 -5.093163e+01 -5.000000e+00
    endloop
  endfacet
  facet normal -1.726064e-02 -9.998510e-01 0.000000e+00
    outer loop
      vertex   -2.639829e+00 -5.093163e+01 -5.000000e+00
      vertex   8.802927e-01 -5.099240e+01 4.500000e+01
      vertex   -2.639829e+00 -5.093163e+01 4.500000e+01
    endloop
  endfacet
  facet normal -8.620038e-02 -9.962778e-01 0.000000e+00
    outer loop
      vertex   -2.639829e+00 -5.093163e+01 -5.000000e+00
      vertex   -2.639829e+00 -5.093163e+01 4.500000e+01
      vertex   -6.147371e+00 -5.062815e+01 -5.000000e+00
    endloop
  endfacet
  facet normal -8.620038e-02 -9.962778e-01 0.000000e+00
    outer loop
      vertex   -6.147371e+00 -5.062815e+01 -5.000000e+00
      vertex   -2.639829e+00 -5.093163e+01 4.500000e+01
      vertex   -6.147371e+00 -5.062815e+01 4.500000e+01
    endloop
  endfacet
  facet normal -1.547293e-01 -9.879569e-01 0.000000e+00
    outer loop
      vertex   -6.147371e+00 -5.062815e+01 -5.000000e+00
      vertex   -6.147371e+00 -5.062815e+01 4.500000e+01
      vertex   -9.625617e+00 -5.008341e+01 -5.000000e+00
    endloop
  endfacet
  facet normal -1.547293e-01 -9.879569e-01 0.000000e+00
    outer loop
      vertex   -9.625617e+00 -5.008341e+01 -5.000000e+00
      vertex   -6.147371e+00 -5.062815e+01 4.500000e+01
      vertex   -9.625617e+00 -5.008341e+01 4.500000e+01
    endloop
  endfacet
  facet normal -2.225209e-01 -9.749279e-01 0.000000e+00
    outer loop
      vertex   -9.625617e+00 -5.008341e+01 -5.000000e+00
      vertex   -9.625617e+00 -5.008341e+01 4.500000e+01
      vertex   -1.305799e+01 -4.929999e+01 -5.000000e+00
    endloop
  endfacet
  facet normal -2.225209e-01 -9.749279e-01 0.000000e+00
    outer loop
      vertex   -1.305799e+01 -4.929999e+01 -5.000000e+00
      vertex   -9.625617e+00 -5.008341e+01 4.500000e+01
      vertex   -1.305799e+01 -4.929999e+01 4.500000e+01
    endloop
  endfacet
  facet normal -2.892521e-01 -9.572530e-01 0.000000e+00
    outer loop
      vertex   -1.305799e+01 -4.929999e+01 -5.000000e+00
      vertex   -1.305799e+01 -4.929999e+01 4.500000e+01
      vertex   -1.642814e+01 -4.828163e+01 -5.000000e+00
    endloop
  endfacet
  facet normal -2.892521e-01 -9.572530e-01 0.000000e+00
    outer loop
      vertex   -1.642814e+01 -4.828163e+01 -5.000000e+00
      vertex   -1.305799e+01 -4.929999e+01 4.500000e+01
      vertex   -1.642814e+01 -4.828163e+01 4.500000e+01
    endloop
  endfacet
  facet normal -3.546049e-01 -9.350162e-01 0.000000e+00
    outer loop
      vertex   -1.642814e+01 -4.828163e+01 -5.000000e+00
      vertex   -1.642814e+01 -4.828163e+01 4.500000e+01
      vertex   -1.972000e+01 -4.703320e+01 -5.000000e+00
    endloop
  endfacet
  facet normal -3.546049e-01 -9.350162e-01 0.000000e+00
    outer loop
      vertex   -1.972000e+01 -4.703320e+01 -5.000000e+00
      vertex   -1.642814e+01 -4.828163e+01 4.500000e+01
      vertex   -1.972000e+01 -4.703320e+01 4.500000e+01
    endloop
  endfacet
  facet normal -4.182678e-01 -9.083238e-01 0.000000e+00
    outer loop
      vertex   -1.972000e+01 -4.703320e+01 -5.000000e+00
      vertex   -1.972000e+01 -4.703320e+01 4.500000e+01
      vertex   -2.291789e+01 -4.556062e+01 -5.000000e+00
    endloop
  endfacet
  facet normal -4.182678e-01 -9.083238e-01 0.000000e+00
    outer loop
      vertex   -2.291789e+01 -4.556062e+01 -5.000000e+00
      vertex   -1.972000e+01 -4.703320e+01 4.500000e+01
      vertex   -2.291789e+01 -4.556062e+01 4.500000e+01
    endloop
  endfacet
  facet normal -4.799375e-01 -8.773027e-01 0.000000e+00
    outer loop
      vertex   -2.291789e+01 -4.556062e+01 -5.000000e+00
      vertex   -2.291789e+01 -4.556062e+01 4.500000e+01
      vertex   -2.600656e+01 -4.387093e+01 -5.000000e+00
    endloop
  endfacet
  facet normal -4.799375e-01 -8.773027e-01 0.000000e+00
    outer loop
      vertex   -2.600656e+01 -4.387093e+01 -5.000000e+00
      vertex   -2.291789e+01 -4.556062e+01 4.500000e+01
      vertex   -2.600656e+01 -4.387093e+01 4.500000e+01
    endloop
  endfacet
  facet normal -5.393200e-01 -8.421009e-01 0.000000e+00
    outer loop
      vertex   -2.600656e+01 -4.387093e+01 -5.000000e+00
      vertex   -2.600656e+01 -4.387093e+01 4.500000e+01
      vertex   -2.897130e+01 -4.197218e+01 -5.000000e+00
    endloop
  endfacet
  facet normal -5.393200e-01 -8.421009e-01 0.000000e+00
    outer loop
      vertex   -2.897130e+01 -4.197218e+01 -5.000000e+00
      vertex   -2.600656e+01 -4.387093e+01 4.500000e+01
      vertex   -2.897130e+01 -4.197218e+01 4.500000e+01
    endloop
  endfacet
  facet normal -5.961325e-01 -8.028861e-01 0.000000e+00
    outer loop
      vertex   -2.897130e+01 -4.197218e+01 -5.000000e+00
      vertex   -2.897130e+01 -4.197218e+01 4.500000e+01
      vertex   -3.179798e+01 -3.987341e+01 -5.000000e+00
    endloop
  endfacet
  facet normal -5.961325e-01 -8.028861e-01 0.000000e+00
    outer loop
      vertex   -3.179798e+01 -3.987341e+01 -5.000000e+00
      vertex   -2.897130e+01 -4.197218e+01 4.500000e+01
      vertex   -3.179798e+01 -3.987341e+01 4.500000e+01
    endloop
  endfacet
  facet normal -6.501041e-01 -7.598452e-01 0.000000e+00
    outer loop
      vertex   -3.179798e+01 -3.987341e+01 -5.000000e+00
      vertex   -3.179798e+01 -3.987341e+01 4.500000e+01
      vertex   -3.447313e+01 -3.758462e+01 -5.000000e+00
    endloop
  endfacet
  facet normal -6.501041e-01 -7.598452e-01 0.000000e+00
    outer loop
      vertex   -3.447313e+01 -3.758462e+01 -5.000000e+00
      vertex   -3.179798e+01 -3.987341e+01 4.500000e+01
      vertex   -3.447313e+01 -3.758462e+01 4.500000e+01
    endloop
  endfacet
  facet normal -7.009777e-01 -7.131832e-01 0.000000e+00
    outer loop
      vertex   -3.447313e+01 -3.758462e+01 -5.000000e+00
      vertex   -3.447313e+01 -3.758462e+01 4.500000e+01
      vertex   -3.698399e+01 -3.511672e+01 -5.000000e+00
    endloop
  endfacet
  facet normal -7.009777e-01 -7.131832e-01 0.000000e+00
    outer loop
      vertex   -3.698399e+01 -3.511672e+01 -5.000000e+00
      vertex   -3.447313e+01 -3.758462e+01 4.500000e+01
      vertex   -3.698399e+01 -3.511672e+01 4.500000e+01
    endloop
  endfacet
  facet normal -7.485107e-01 -6.631227e-01 0.000000e+00
    outer loop
      vertex   -3.698399e+01 -3.511672e+01 -5.000000e+00
      vertex   -3.698399e+01 -3.511672e+01 4.500000e+01
      vertex   -3.931861e+01 -3.248148e+01 -5.000000e+00
    endloop
  endfacet
  facet normal -7.485107e-01 -6.631227e-01 0.000000e+00
    outer loop
      vertex   -3.931861e+01 -3.248148e+01 -5.000000e+00
      vertex   -3.698399e+01 -3.511672e+01 4.500000e+01
      vertex   -3.931861e+01 -3.248148e+01 4.500000e+01
    endloop
  endfacet
  facet normal -7.924768e-01 -6.099020e-01 0.000000e+00
    outer loop
      vertex   -3.931861e+01 -3.248148e+01 -5.000000e+00
      vertex   -3.931861e+01 -3.248148e+01 4.500000e+01
      vertex   -4.146586e+01 -2.969145e+01 -5.000000e+00
    endloop
  endfacet
  facet normal -7.924768e-01 -6.099020e-01 0.000000e+00
    outer loop
      vertex   -4.146586e+01 -2.969145e+01 -5.000000e+00
      vertex   -3.931861e+01 -3.248148e+01 4.500000e+01
      vertex   -4.146586e+01 -2.969145e+01 4.500000e+01
    endloop
  endfacet
  facet normal -8.326664e-01 -5.537749e-01 0.000000e+00
    outer loop
      vertex   -4.146586e+01 -2.969145e+01 -5.000000e+00
      vertex   -4.146586e+01 -2.969145e+01 4.500000e+01
      vertex   -4.341551e+01 -2.675993e+01 -5.000000e+00
    endloop
  endfacet
  facet normal -8.326664e-01 -5.537749e-01 0.000000e+00
    outer loop
      vertex   -4.341551e+01 -2.675993e+01 -5.000000e+00
      vertex   -4.146586e+01 -2.969145e+01 4.500000e+01
      vertex   -4.341551e+01 -2.675993e+01 4.500000e+01
    endloop
  endfacet
  facet normal -8.688880e-01 -4.950088e-01 0.000000e+00
    outer loop
      vertex   -4.341551e+01 -2.675993e+01 -5.000000e+00
      vertex   -4.341551e+01 -2.675993e+01 4.500000e+01
      vertex   -4.515826e+01 -2.370088e+01 -5.000000e+00
    endloop
  endfacet
  facet normal -8.688880e-01 -4.950088e-01 0.000000e+00
    outer loop
      vertex   -4.515826e+01 -2.370088e+01 -5.000000e+00
      vertex   -4.341551e+01 -2.675993e+01 4.500000e+01
      vertex   -4.515826e+01 -2.370088e+01 4.500000e+01
    endloop
  endfacet
  facet normal -9.009689e-01 -4.338837e-01 0.000000e+00
    outer loop
      vertex   -4.515826e+01 -2.370088e+01 -5.000000e+00
      vertex   -4.515826e+01 -2.370088e+01 4.500000e+01
      vertex   -4.668581e+01 -2.052889e+01 -5.000000e+00
    endloop
  endfacet
  facet normal -9.009689e-01 -4.338837e-01 0.000000e+00
    outer loop
      vertex   -4.668581e+01 -2.052889e+01 -5.000000e+00
      vertex   -4.515826e+01 -2.370088e+01 4.500000e+01
      vertex   -4.668581e+01 -2.052889e+01 4.500000e+01
    endloop
  endfacet
  facet normal -9.287562e-01 -3.706910e-01 0.000000e+00
    outer loop
      vertex   -4.668581e+01 -2.052889e+01 -5.000000e+00
      vertex   -4.668581e+01 -2.052889e+01 4.500000e+01
      vertex   -4.799088e+01 -1.725907e+01 -5.000000e+00
    endloop
  endfacet
  facet normal -9.287562e-01 -3.706910e-01 0.000000e+00
    outer loop
      vertex   -4.799088e+01 -1.725907e+01 -5.000000e+00
      vertex   -4.668581e+01 -2.052889e+01 4.500000e+01
      vertex   -4.799088e+01 -1.725907e+01 4.500000e+01
    endloop
  endfacet
  facet normal -9.521177e-01 -3.057318e-01 0.000000e+00
    outer loop
      vertex   -4.799088e+01 -1.725907e+01 -5.000000e+00
      vertex   -4.799088e+01 -1.725907e+01 4.500000e+01
      vertex   -4.906725e+01 -1.390700e+01 -5.000000e+00
    endloop
  endfacet
  facet normal -9.521177e-01 -3.057318e-01 0.000000e+00
    outer loop
      vertex   -4.906725e+01 -1.390700e+01 -5.000000e+00
      vertex   -4.799088e+01 -1.725907e+01 4.500000e+01
      vertex   -4.906725e+01 -1.390700e+01 4.500000e+01
    endloop
  endfacet
  facet normal -9.709418e-01 -2.393157e-01 0.000000e+00
    outer loop
      vertex   -4.906725e+01 -1.390700e+01 -5.000000e+00
      vertex   -4.906725e+01 -1.390700e+01 4.500000e+01
      vertex   -4.990980e+01 -1.048866e+01 -5.000000e+00
    endloop
  endfacet
  facet normal -9.709418e-01 -2.393157e-01 0.000000e+00
    outer loop
      vertex   -4.990980e+01 -1.048866e+01 -5.000000e+00
      vertex   -4.906725e+01 -1.390700e+01 4.500000e+01
      vertex   -4.990980e+01 -1.048866e+01 4.500000e+01
    endloop
  endfacet
  facet normal -9.851390e-01 -1.717591e-01 0.000000e+00
    outer loop
      vertex   -4.990980e+01 -1.048866e+01 -5.000000e+00
      vertex   -4.990980e+01 -1.048866e+01 4.500000e+01
      vertex   -5.051450e+01 -7.020329e+00 -5.000000e+00
    endloop
  endfacet
  facet normal -9.851390e-01 -1.717591e-01 0.000000e+00
    outer loop
      vertex   -5.051450e+01 -7.020329e+00 -5.000000e+00
      vertex   -4.990980e+01 -1.048866e+01 4.500000e+01
      vertex   -5.051450e+01 -7.020329e+00 4.500000e+01
    endloop
  endfacet
  facet normal -9.946415e-01 -1.033839e-01 0.000000e+00
    outer loop
      vertex   -5.051450e+01 -7.020329e+00 -5.000000e+00
      vertex   -5.051450e+01 -7.020329e+00 4.500000e+01
      vertex   -5.087848e+01 -3.518548e+00 -5.000000e+00
    endloop
  endfacet
  facet normal -9.946415e-01 -1.033839e-01 0.000000e+00
    outer loop
      vertex   -5.087848e+01 -3.518548e+00 -5.000000e+00
      vertex   -5.051450e+01 -7.020329e+00 4.500000e+01
      vertex   -5.087848e+01 -3.518548e+00 4.500000e+01
    endloop
  endfacet
  facet normal 9.993908e-01 3.489950e-02 0.000000e+00
    outer loop
      vertex   -4.987820e+01 -3.487824e+00 1.000000e+02
      vertex   -4.987820e+01 -3.487824e+00 5.000000e+01
      vertex   -5.000000e+01 -6.123234e-15 1.000000e+02
    endloop
  endfacet
  facet normal 9.993908e-01 3.489950e-02 8.547911e-18
    outer loop
      vertex   -5.000000e+01 -6.123234e-15 1.000000e+02
      vertex   -4.987820e+01 -3.487824e+00 5.000000e+01
      vertex   -5.000000e+01 6.123234e-15 5.000000e+01
    endloop
  endfacet
  facet normal 9.993908e-01 -3.489950e-02 -8.547911e-18
    outer loop
      vertex   -5.000000e+01 -6.123234e-15 1.000000e+02
      vertex   -5.000000e+01 6.123234e-15 5.000000e+01
      vertex   -4.987820e+01 3.487824e+00 1.000000e+02
    endloop
  endfacet
  facet normal 9.993908e-01 -3.489950e-02 0.000000e+00
    outer loop
      vertex   -4.987820e+01 3.487824e+00 1.000000e+02
      vertex   -5.000000e+01 6.123234e-15 5.000000e+01
      vertex   -4.987820e+01 3.487824e+00 5.000000e+01
    endloop
  endfacet
  facet normal 9.945219e-01 -1.045285e-01 0.000000e+00
    outer loop
      vertex   -4.987820e+01 3.487824e+00 1.000000e+02
      vertex   -4.987820e+01 3.487824e+00 5.000000e+01
      vertex   -4.951340e+01 6.958655e+00 1.000000e+02
    endloop
  endfacet
  facet normal 9.945219e-01 -1.045285e-01 0.000000e+00
    outer loop
      vertex   -4.951340e+01 6.958655e+00 1.000000e+02
      vertex   -4.987820e+01 3.487824e+00 5.000000e+01
      vertex   -4.951340e+01 6.958655e+00 5.000000e+01
    endloop
  endfacet
  facet normal 9.848078e-01 -1.736482e-01 0.000000e+00
    outer loop
      vertex   -4.951340e+01 6.958655e+00 1.000000e+02
      vertex   -4.951340e+01 6.958655e+00 5.000000e+01
      vertex   -4.890738e+01 1.039558e+01 1.000000e+02
    endloop
  endfacet
  facet normal 9.848078e-01 -1.736482e-01 6.591893e-17
    outer loop
      vertex   -4.890738e+01 1.039558e+01 1.000000e+02
      vertex   -4.951340e+01 6.958655e+00 5.000000e+01
      vertex   -4.890738e+01 1.039558e+01 5.000000e+01
    endloop
  endfacet
  facet normal 9.702957e-01 -2.419219e-01 3.474981e-17
    outer loop
      vertex   -4.890738e+01 1.039558e+01 1.000000e+02
      vertex   -4.890738e+01 1.039558e+01 5.000000e+01
      vertex   -4.806308e+01 1.378187e+01 1.000000e+02
    endloop
  endfacet
  facet normal 9.702957e-01 -2.419219e-01 -3.474981e-17
    outer loop
      vertex   -4.806308e+01 1.378187e+01 1.000000e+02
      vertex   -4.890738e+01 1.039558e+01 5.000000e+01
      vertex   -4.806308e+01 1.378187e+01 5.000000e+01
    endloop
  endfacet
  facet normal 9.510565e-01 -3.090170e-01 -3.411391e-18
    outer loop
      vertex   -4.806308e+01 1.378187e+01 1.000000e+02
      vertex   -4.806308e+01 1.378187e+01 5.000000e+01
      vertex   -4.698463e+01 1.710101e+01 1.000000e+02
    endloop
  endfacet
  facet normal 9.510565e-01 -3.090170e-01 1.097849e-16
    outer loop
      vertex   -4.698463e+01 1.710101e+01 1.000000e+02
      vertex   -4.806308e+01 1.378187e+01 5.000000e+01
      vertex   -4.698463e+01 1.710101e+01 5.000000e+01
    endloop
  endfacet
  facet normal 9.271839e-01 -3.746066e-01 1.330870e-16
    outer loop
      vertex   -4.698463e+01 1.710101e+01 1.000000e+02
      vertex   -4.698463e+01 1.710101e+01 5.000000e+01
      vertex   -4.567727e+01 2.033683e+01 1.000000e+02
    endloop
  endfacet
  facet normal 9.271839e-01 -3.746066e-01 -2.355779e-16
    outer loop
      vertex   -4.567727e+01 2.033683e+01 1.000000e+02
      vertex   -4.698463e+01 1.710101e+01 5.000000e+01
      vertex   -4.567727e+01 2.033683e+01 5.000000e+01
    endloop
  endfacet
  facet normal 8.987940e-01 -4.383711e-01 -1.962901e-16
    outer loop
      vertex   -4.567727e+01 2.033683e+01 1.000000e+02
      vertex   -4.567727e+01 2.033683e+01 5.000000e+01
      vertex   -4.414738e+01 2.347358e+01 1.000000e+02
    endloop
  endfacet
  facet normal 8.987940e-01 -4.383711e-01 0.000000e+00
    outer loop
      vertex   -4.414738e+01 2.347358e+01 1.000000e+02
      vertex   -4.567727e+01 2.033683e+01 5.000000e+01
      vertex   -4.414738e+01 2.347358e+01 5.000000e+01
    endloop
  endfacet
  facet normal 8.660254e-01 -5.000000e-01 0.000000e+00
    outer loop
      vertex   -4.414738e+01 2.347358e+01 1.000000e+02
      vertex   -4.414738e+01 2.347358e+01 5.000000e+01
      vertex   -4.240240e+01 2.649596e+01 1.000000e+02
    endloop
  endfacet
  facet normal 8.660254e-01 -5.000000e-01 0.000000e+00
    outer loop
      vertex   -4.240240e+01 2.649596e+01 1.000000e+02
      vertex   -4.414738e+01 2.347358e+01 5.000000e+01
      vertex   -4.240240e+01 2.649596e+01 5.000000e+01
    endloop
  endfacet
  facet normal 8.290376e-01 -5.591929e-01 0.000000e+00
    outer loop
      vertex   -4.240240e+01 2.649596e+01 1.000000e+02
      vertex   -4.240240e+01 2.649596e+01 5.000000e+01
      vertex   -4.045085e+01 2.938926e+01 1.000000e+02
    endloop
  endfacet
  facet normal 8.290376e-01 -5.591929e-01 0.000000e+00
    outer loop
      vertex   -4.045085e+01 2.938926e+01 1.000000e+02
      vertex   -4.240240e+01 2.649596e+01 5.000000e+01
      vertex   -4.045085e+01 2.938926e+01 5.000000e+01
    endloop
  endfacet
  facet normal 7.880108e-01 -6.156615e-01 0.000000e+00
    outer loop
      vertex   -4.045085e+01 2.938926e+01 1.000000e+02
      vertex   -4.045085e+01 2.938926e+01 5.000000e+01
      vertex   -3.830222e+01 3.213938e+01 1.000000e+02
    endloop
  endfacet
  facet normal 7.880108e-01 -6.156615e-01 0.000000e+00
    outer loop
      vertex   -3.830222e+01 3.213938e+01 1.000000e+02
      vertex   -4.045085e+01 2.938926e+01 5.000000e+01
      vertex   -3.830222e+01 3.213938e+01 5.000000e+01
    endloop
  endfacet
  facet normal 7.431448e-01 -6.691306e-01 0.000000e+00
    outer loop
      vertex   -3.830222e+01 3.213938e+01 1.000000e+02
      vertex   -3.830222e+01 3.213938e+01 5.000000e+01
      vertex   -3.596699e+01 3.473292e+01 1.000000e+02
    endloop
  endfacet
  facet normal 7.431448e-01 -6.691306e-01 0.000000e+00
    outer loop
      vertex   -3.596699e+01 3.473292e+01 1.000000e+02
      vertex   -3.830222e+01 3.213938e+01 5.000000e+01
      vertex   -3.596699e+01 3.473292e+01 5.000000e+01
    endloop
  endfacet
  facet normal 6.946584e-01 -7.193398e-01 0.000000e+00
    outer loop
      vertex   -3.596699e+01 3.473292e+01 1.000000e+02
      vertex   -3.596699e+01 3.473292e+01 5.000000e+01
      vertex   -3.345653e+01 3.715724e+01 1.000000e+02
    endloop
  endfacet
  facet normal 6.946584e-01 -7.193398e-01 0.000000e+00
    outer loop
      vertex   -3.345653e+01 3.715724e+01 1.000000e+02
      vertex   -3.596699e+01 3.473292e+01 5.000000e+01
      vertex   -3.345653e+01 3.715724e+01 5.000000e+01
    endloop
  endfacet
  facet normal 6.427876e-01 -7.660444e-01 0.000000e+00
    outer loop
      vertex   -3.345653e+01 3.715724e+01 1.000000e+02
      vertex   -3.345653e+01 3.715724e+01 5.000000e+01
      vertex   -3.078307e+01 3.940054e+01 1.000000e+02
    endloop
  endfacet
  facet normal 6.427876e-01 -7.660444e-01 9.822036e-17
    outer loop
      vertex   -3.078307e+01 3.940054e+01 1.000000e+02
      vertex   -3.345653e+01 3.715724e+01 5.000000e+01
      vertex   -3.078307e+01 3.940054e+01 5.000000e+01
    endloop
  endfacet
  facet normal 5.877853e-01 -8.090170e-01 1.360814e-16
    outer loop
      vertex   -3.078307e+01 3.940054e+01 1.000000e+02
      vertex   -3.078307e+01 3.940054e+01 5.000000e+01
      vertex   -2.795965e+01 4.145188e+01 1.000000e+02
    endloop
  endfacet
  facet normal 5.877853e-01 -8.090170e-01 -1.356197e-16
    outer loop
      vertex   -2.795965e+01 4.145188e+01 1.000000e+02
      vertex   -3.078307e+01 3.940054e+01 5.000000e+01
      vertex   -2.795965e+01 4.145188e+01 5.000000e+01
    endloop
  endfacet
  facet normal 5.299193e-01 -8.480481e-01 -1.054033e-16
    outer loop
      vertex   -2.795965e+01 4.145188e+01 1.000000e+02
      vertex   -2.795965e+01 4.145188e+01 5.000000e+01
      vertex   -2.500000e+01 4.330127e+01 1.000000e+02
    endloop
  endfacet
  facet normal 5.299193e-01 -8.480481e-01 0.000000e+00
    outer loop
      vertex   -2.500000e+01 4.330127e+01 1.000000e+02
      vertex   -2.795965e+01 4.145188e+01 5.000000e+01
      vertex   -2.500000e+01 4.330127e+01 5.000000e+01
    endloop
  endfacet
  facet normal 4.694716e-01 -8.829476e-01 0.000000e+00
    outer loop
      vertex   -2.500000e+01 4.330127e+01 1.000000e+02
      vertex   -2.500000e+01 4.330127e+01 5.000000e+01
      vertex   -2.191856e+01 4.493970e+01 1.000000e+02
    endloop
  endfacet
  facet normal 4.694716e-01 -8.829476e-01 0.000000e+00
    outer loop
      vertex   -2.191856e+01 4.493970e+01 1.000000e+02
      vertex   -2.500000e+01 4.330127e+01 5.000000e+01
      vertex   -2.191856e+01 4.493970e+01 5.000000e+01
    endloop
  endfacet
  facet normal 4.067366e-01 -9.135455e-01 0.000000e+00
    outer loop
      vertex   -2.191856e+01 4.493970e+01 1.000000e+02
      vertex   -2.191856e+01 4.493970e+01 5.000000e+01
      vertex   -1.873033e+01 4.635919e+01 1.000000e+02
    endloop
  endfacet
  facet normal 4.067366e-01 -9.135455e-01 -8.670113e-17
    outer loop
      vertex   -1.873033e+01 4.635919e+01 1.000000e+02
      vertex   -2.191856e+01 4.493970e+01 5.000000e+01
      vertex   -1.873033e+01 4.635919e+01 5.000000e+01
    endloop
  endfacet
  facet normal 3.420201e-01 -9.396926e-01 -7.290598e-17
    outer loop
      vertex   -1.873033e+01 4.635919e+01 1.000000e+02
      vertex   -1.873033e+01 4.635919e+01 5.000000e+01
      vertex   -1.545085e+01 4.755283e+01 1.000000e+02
    endloop
  endfacet
  facet normal 3.420201e-01 -9.396926e-01 0.000000e+00
    outer loop
      vertex   -1.545085e+01 4.755283e+01 1.000000e+02
      vertex   -1.873033e+01 4.635919e+01 5.000000e+01
      vertex   -1.545085e+01 4.755283e+01 5.000000e+01
    endloop
  endfacet
  facet normal 2.756374e-01 -9.612617e-01 0.000000e+00
    outer loop
      vertex   -1.545085e+01 4.755283e+01 1.000000e+02
      vertex   -1.545085e+01 4.755283e+01 5.000000e+01
      vertex   -1.209609e+01 4.851479e+01 1.000000e+02
    endloop
  endfacet
  facet normal 2.756374e-01 -9.612617e-01 0.000000e+00
    outer loop
      vertex   -1.209609e+01 4.851479e+01 1.000000e+02
      vertex   -1.545085e+01 4.755283e+01 5.000000e+01
      vertex   -1.209609e+01 4.851479e+01 5.000000e+01
    endloop
  endfacet
  facet normal 2.079117e-01 -9.781476e-01 0.000000e+00
    outer loop
      vertex   -1.209609e+01 4.851479e+01 1.000000e+02
      vertex   -1.209609e+01 4.851479e+01 5.000000e+01
      vertex   -8.682409e+00 4.924039e+01 1.000000e+02
    endloop
  endfacet
  facet normal 2.079117e-01 -9.781476e-01 -9.468409e-17
    outer loop
      vertex   -8.682409e+00 4.924039e+01 1.000000e+02
      vertex   -1.209609e+01 4.851479e+01 5.000000e+01
      vertex   -8.682409e+00 4.924039e+01 5.000000e+01
    endloop
  endfacet
  facet normal 1.391731e-01 -9.902681e-01 -1.110590e-16
    outer loop
      vertex   -8.682409e+00 4.924039e+01 1.000000e+02
      vertex   -8.682409e+00 4.924039e+01 5.000000e+01
      vertex   -5.226423e+00 4.972609e+01 1.000000e+02
    endloop
  endfacet
  facet normal 1.391731e-01 -9.902681e-01 3.213874e-17
    outer loop
      vertex   -5.226423e+00 4.972609e+01 1.000000e+02
      vertex   -8.682409e+00 4.924039e+01 5.000000e+01
      vertex   -5.226423e+00 4.972609e+01 5.000000e+01
    endloop
  endfacet
  facet normal 6.975647e-02 -9.975641e-01 1.610861e-17
    outer loop
      vertex   -5.226423e+00 4.972609e+01 1.000000e+02
      vertex   -5.226423e+00 4.972609e+01 5.000000e+01
      vertex   -1.744975e+00 4.996954e+01 1.000000e+02
    endloop
  endfacet
  facet normal 6.975647e-02 -9.975641e-01 -1.548905e-17
    outer loop
      vertex   -1.744975e+00 4.996954e+01 1.000000e+02
      vertex   -5.226423e+00 4.972609e+01 5.000000e+01
      vertex   -1.744975e+00 4.996954e+01 5.000000e+01
    endloop
  endfacet
  facet normal 0.000000e+00 -1.000000e+00 -0.000000e+00
    outer loop
      vertex   -1.744975e+00 4.996954e+01 1.000000e+02
      vertex   -1.744975e+00 4.996954e+01 5.000000e+01
      vertex   1.744975e+00 4.996954e+01 1.000000e+02
    endloop
  endfacet
  facet normal 0.000000e+00 -1.000000e+00 0.000000e+00
    outer loop
      vertex   1.744975e+00 4.996954e+01 1.000000e+02
      vertex   -1.744975e+00 4.996954e+01 5.000000e+01
      vertex   1.744975e+00 4.996954e+01 5.000000e+01
    endloop
  endfacet
  facet normal -6.975647e-02 -9.975641e-01 1.548905e-17
    outer loop
      vertex   1.744975e+00 4.996954e+01 1.000000e+02
      vertex   1.744975e+00 4.996954e+01 5.000000e+01
      vertex   5.226423e+00 4.972609e+01 1.000000e+02
    endloop
  endfacet
  facet normal -6.975647e-02 -9.975641e-01 1.610861e-17
    outer loop
      vertex   5.226423e+00 4.972609e+01 1.000000e+02
      vertex   1.744975e+00 4.996954e+01 5.000000e+01
      vertex   5.226423e+00 4.972609e+01 5.000000e+01
    endloop
  endfacet
  facet normal -1.391731e-01 -9.902681e-01 3.213874e-17
    outer loop
      vertex   5.226423e+00 4.972609e+01 1.000000e+02
      vertex   5.226423e+00 4.972609e+01 5.000000e+01
      vertex   8.682409e+00 4.924039e+01 1.000000e+02
    endloop
  endfacet
  facet normal -1.391731e-01 -9.902681e-01 -1.160034e-16
    outer loop
      vertex   8.682409e+00 4.924039e+01 1.000000e+02
      vertex   5.226423e+00 4.972609e+01 5.000000e+01
      vertex   8.682409e+00 4.924039e+01 5.000000e+01
    endloop
  endfacet
  facet normal -2.079117e-01 -9.781476e-01 -1.020706e-16
    outer loop
      vertex   8.682409e+00 4.924039e+01 1.000000e+02
      vertex   8.682409e+00 4.924039e+01 5.000000e+01
      vertex   1.209609e+01 4.851479e+01 1.000000e+02
    endloop
  endfacet
  facet normal -2.079117e-01 -9.781476e-01 5.170555e-17
    outer loop
      vertex   1.209609e+01 4.851479e+01 1.000000e+02
      vertex   8.682409e+00 4.924039e+01 5.000000e+01
      vertex   1.209609e+01 4.851479e+01 5.000000e+01
    endloop
  endfacet
  facet normal -2.756374e-01 -9.612617e-01 6.854824e-17
    outer loop
      vertex   1.209609e+01 4.851479e+01 1.000000e+02
      vertex   1.209609e+01 4.851479e+01 5.000000e+01
      vertex   1.545085e+01 4.755283e+01 1.000000e+02
    endloop
  endfacet
  facet normal -2.756374e-01 -9.612617e-01 -0.000000e+00
    outer loop
      vertex   1.545085e+01 4.755283e+01 1.000000e+02
      vertex   1.209609e+01 4.851479e+01 5.000000e+01
      vertex   1.545085e+01 4.755283e+01 5.000000e+01
    endloop
  endfacet
  facet normal -3.420201e-01 -9.396926e-01 -0.000000e+00
    outer loop
      vertex   1.545085e+01 4.755283e+01 1.000000e+02
      vertex   1.545085e+01 4.755283e+01 5.000000e+01
      vertex   1.873033e+01 4.635919e+01 1.000000e+02
    endloop
  endfacet
  facet normal -3.420201e-01 -9.396926e-01 -0.000000e+00
    outer loop
      vertex   1.873033e+01 4.635919e+01 1.000000e+02
      vertex   1.545085e+01 4.755283e+01 5.000000e+01
      vertex   1.873033e+01 4.635919e+01 5.000000e+01
    endloop
  endfacet
  facet normal -4.067366e-01 -9.135455e-01 -0.000000e+00
    outer loop
      vertex   1.873033e+01 4.635919e+01 1.000000e+02
      vertex   1.873033e+01 4.635919e+01 5.000000e+01
      vertex   2.191856e+01 4.493970e+01 1.000000e+02
    endloop
  endfacet
  facet normal -4.067366e-01 -9.135455e-01 -0.000000e+00
    outer loop
      vertex   2.191856e+01 4.493970e+01 1.000000e+02
      vertex   1.873033e+01 4.635919e+01 5.000000e+01
      vertex   2.191856e+01 4.493970e+01 5.000000e+01
    endloop
  endfacet
  facet normal -4.694716e-01 -8.829476e-01 -0.000000e+00
    outer loop
      vertex   2.191856e+01 4.493970e+01 1.000000e+02
      vertex   2.191856e+01 4.493970e+01 5.000000e+01
      vertex   2.500000e+01 4.330127e+01 1.000000e+02
    endloop
  endfacet
  facet normal -4.694716e-01 -8.829476e-01 5.875848e-17
    outer loop
      vertex   2.500000e+01 4.330127e+01 1.000000e+02
      vertex   2.191856e+01 4.493970e+01 5.000000e+01
      vertex   2.500000e+01 4.330127e+01 5.000000e+01
    endloop
  endfacet
  facet normal -5.299193e-01 -8.480481e-01 4.520883e-17
    outer loop
      vertex   2.500000e+01 4.330127e+01 1.000000e+02
      vertex   2.500000e+01 4.330127e+01 5.000000e+01
      vertex   2.795965e+01 4.145188e+01 1.000000e+02
    endloop
  endfacet
  facet normal -5.299193e-01 -8.480481e-01 3.009723e-17
    outer loop
      vertex   2.795965e+01 4.145188e+01 1.000000e+02
      vertex   2.500000e+01 4.330127e+01 5.000000e+01
      vertex   2.795965e+01 4.145188e+01 5.000000e+01
    endloop
  endfacet
  facet normal -5.877853e-01 -8.090170e-01 5.209039e-17
    outer loop
      vertex   2.795965e+01 4.145188e+01 1.000000e+02
      vertex   2.795965e+01 4.145188e+01 5.000000e+01
      vertex   3.078307e+01 3.940054e+01 1.000000e+02
    endloop
  endfacet
  facet normal -5.877853e-01 -8.090170e-01 1.032573e-17
    outer loop
      vertex   3.078307e+01 3.940054e+01 1.000000e+02
      vertex   2.795965e+01 4.145188e+01 5.000000e+01
      vertex   3.078307e+01 3.940054e+01 5.000000e+01
    endloop
  endfacet
  facet normal -6.427876e-01 -7.660444e-01 2.815696e-17
    outer loop
      vertex   3.078307e+01 3.940054e+01 1.000000e+02
      vertex   3.078307e+01 3.940054e+01 5.000000e+01
      vertex   3.345653e+01 3.715724e+01 1.000000e+02
    endloop
  endfacet
  facet normal -6.427876e-01 -7.660444e-01 1.826912e-16
    outer loop
      vertex   3.345653e+01 3.715724e+01 1.000000e+02
      vertex   3.078307e+01 3.940054e+01 5.000000e+01
      vertex   3.345653e+01 3.715724e+01 5.000000e+01
    endloop
  endfacet
  facet normal -6.946584e-01 -7.193398e-01 1.974338e-16
    outer loop
      vertex   3.345653e+01 3.715724e+01 1.000000e+02
      vertex   3.345653e+01 3.715724e+01 5.000000e+01
      vertex   3.596699e+01 3.473292e+01 1.000000e+02
    endloop
  endfacet
  facet normal -6.946584e-01 -7.193398e-01 -1.022243e-16
    outer loop
      vertex   3.596699e+01 3.473292e+01 1.000000e+02
      vertex   3.345653e+01 3.715724e+01 5.000000e+01
      vertex   3.596699e+01 3.473292e+01 5.000000e+01
    endloop
  endfacet
  facet normal -7.431448e-01 -6.691306e-01 -9.508918e-17
    outer loop
      vertex   3.596699e+01 3.473292e+01 1.000000e+02
      vertex   3.596699e+01 3.473292e+01 5.000000e+01
      vertex   3.830222e+01 3.213938e+01 1.000000e+02
    endloop
  endfacet
  facet normal -7.431448e-01 -6.691306e-01 -0.000000e+00
    outer loop
      vertex   3.830222e+01 3.213938e+01 1.000000e+02
      vertex   3.596699e+01 3.473292e+01 5.000000e+01
      vertex   3.830222e+01 3.213938e+01 5.000000e+01
    endloop
  endfacet
  facet normal -7.880108e-01 -6.156615e-01 -0.000000e+00
    outer loop
      vertex   3.830222e+01 3.213938e+01 1.000000e+02
      vertex   3.830222e+01 3.213938e+01 5.000000e+01
      vertex   4.045085e+01 2.938926e+01 1.000000e+02
    endloop
  endfacet
  facet normal -7.880108e-01 -6.156615e-01 -0.000000e+00
    outer loop
      vertex   4.045085e+01 2.938926e+01 1.000000e+02
      vertex   3.830222e+01 3.213938e+01 5.000000e+01
      vertex   4.045085e+01 2.938926e+01 5.000000e+01
    endloop
  endfacet
  facet normal -8.290376e-01 -5.591929e-01 -0.000000e+00
    outer loop
      vertex   4.045085e+01 2.938926e+01 1.000000e+02
      vertex   4.045085e+01 2.938926e+01 5.000000e+01
      vertex   4.240240e+01 2.649596e+01 1.000000e+02
    endloop
  endfacet
  facet normal -8.290376e-01 -5.591929e-01 -0.000000e+00
    outer loop
      vertex   4.240240e+01 2.649596e+01 1.000000e+02
      vertex   4.045085e+01 2.938926e+01 5.000000e+01
      vertex   4.240240e+01 2.649596e+01 5.000000e+01
    endloop
  endfacet
  facet normal -8.660254e-01 -5.000000e-01 -0.000000e+00
    outer loop
      vertex   4.240240e+01 2.649596e+01 1.000000e+02
      vertex   4.240240e+01 2.649596e+01 5.000000e+01
      vertex   4.414738e+01 2.347358e+01 1.000000e+02
    endloop
  endfacet
  facet normal -8.660254e-01 -5.000000e-01 -1.421085e-16
    outer loop
      vertex   4.414738e+01 2.347358e+01 1.000000e+02
      vertex   4.240240e+01 2.649596e+01 5.000000e+01
      vertex   4.414738e+01 2.347358e+01 5.000000e+01
    endloop
  endfacet
  facet normal -8.987940e-01 -4.383711e-01 -1.245926e-16
    outer loop
      vertex   4.414738e+01 2.347358e+01 1.000000e+02
      vertex   4.414738e+01 2.347358e+01 5.000000e+01
      vertex   4.567727e+01 2.033683e+01 1.000000e+02
    endloop
  endfacet
  facet normal -8.987940e-01 -4.383711e-01 -0.000000e+00
    outer loop
      vertex   4.567727e+01 2.033683e+01 1.000000e+02
      vertex   4.414738e+01 2.347358e+01 5.000000e+01
      vertex   4.567727e+01 2.033683e+01 5.000000e+01
    endloop
  endfacet
  facet normal -9.271839e-01 -3.746066e-01 -0.000000e+00
    outer loop
      vertex   4.567727e+01 2.033683e+01 1.000000e+02
      vertex   4.567727e+01 2.033683e+01 5.000000e+01
      vertex   4.698463e+01 1.710101e+01 1.000000e+02
    endloop
  endfacet
  facet normal -9.271839e-01 -3.746066e-01 -0.000000e+00
    outer loop
      vertex   4.698463e+01 1.710101e+01 1.000000e+02
      vertex   4.567727e+01 2.033683e+01 5.000000e+01
      vertex   4.698463e+01 1.710101e+01 5.000000e+01
    endloop
  endfacet
  facet normal -9.510565e-01 -3.090170e-01 -0.000000e+00
    outer loop
      vertex   4.698463e+01 1.710101e+01 1.000000e+02
      vertex   4.698463e+01 1.710101e+01 5.000000e+01
      vertex   4.806308e+01 1.378187e+01 1.000000e+02
    endloop
  endfacet
  facet normal -9.510565e-01 -3.090170e-01 2.195698e-17
    outer loop
      vertex   4.806308e+01 1.378187e+01 1.000000e+02
      vertex   4.698463e+01 1.710101e+01 5.000000e+01
      vertex   4.806308e+01 1.378187e+01 5.000000e+01
    endloop
  endfacet
  facet normal -9.702957e-01 -2.419219e-01 1.718958e-17
    outer loop
      vertex   4.806308e+01 1.378187e+01 1.000000e+02
      vertex   4.806308e+01 1.378187e+01 5.000000e+01
      vertex   4.890738e+01 1.039558e+01 1.000000e+02
    endloop
  endfacet
  facet normal -9.702957e-01 -2.419219e-01 8.631856e-17
    outer loop
      vertex   4.890738e+01 1.039558e+01 1.000000e+02
      vertex   4.806308e+01 1.378187e+01 5.000000e+01
      vertex   4.890738e+01 1.039558e+01 5.000000e+01
    endloop
  endfacet
  facet normal -9.848078e-01 -1.736482e-01 1.029343e-16
    outer loop
      vertex   4.890738e+01 1.039558e+01 1.000000e+02
      vertex   4.890738e+01 1.039558e+01 5.000000e+01
      vertex   4.951340e+01 6.958655e+00 1.000000e+02
    endloop
  endfacet
  facet normal -9.848078e-01 -1.736482e-01 -4.009995e-17
    outer loop
      vertex   4.951340e+01 6.958655e+00 1.000000e+02
      vertex   4.890738e+01 1.039558e+01 5.000000e+01
      vertex   4.951340e+01 6.958655e+00 5.000000e+01
    endloop
  endfacet
  facet normal -9.945219e-01 -1.045285e-01 -2.413838e-17
    outer loop
      vertex   4.951340e+01 6.958655e+00 1.000000e+02
      vertex   4.951340e+01 6.958655e+00 5.000000e+01
      vertex   4.987820e+01 3.487824e+00 1.000000e+02
    endloop
  endfacet
  facet normal -9.945219e-01 -1.045285e-01 -0.000000e+00
    outer loop
      vertex   4.987820e+01 3.487824e+00 1.000000e+02
      vertex   4.951340e+01 6.958655e+00 5.000000e+01
      vertex   4.987820e+01 3.487824e+00 5.000000e+01
    endloop
  endfacet
  facet normal -9.993908e-01 -3.489950e-02 -0.000000e+00
    outer loop
      vertex   4.987820e+01 3.487824e+00 1.000000e+02
      vertex   4.987820e+01 3.487824e+00 5.000000e+01
      vertex   5.000000e+01 0.000000e+00 1.000000e+02
    endloop
  endfacet
  facet normal -9.993908e-01 -3.489950e-02 -0.000000e+00
    outer loop
      vertex   5.000000e+01 0.000000e+00 1.000000e+02
      vertex   4.987820e+01 3.487824e+00 5.000000e+01
      vertex   5.000000e+01 0.000000e+00 5.000000e+01
    endloop
  endfacet
  facet normal -9.993908e-01 3.489950e-02 0.000000e+00
    outer loop
      vertex   5.000000e+01 0.000000e+00 1.000000e+02
      vertex   5.000000e+01 0.000000e+00 5.000000e+01
      vertex   4.987820e+01 -3.487824e+00 1.000000e+02
    endloop
  endfacet
  facet normal -9.993908e-01 3.489950e-02 0.000000e+00
    outer loop
      vertex   4.987820e+01 -3.487824e+00 1.000000e+02
      vertex   5.000000e+01 0.000000e+00 5.000000e+01
      vertex   4.987820e+01 -3.487824e+00 5.000000e+01
    endloop
  endfacet
  facet normal -9.945219e-01 1.045285e-01 0.000000e+00
    outer loop
      vertex   4.987820e+01 -3.487824e+00 1.000000e+02
      vertex   4.987820e+01 -3.487824e+00 5.000000e+01
      vertex   4.951340e+01 -6.958655e+00 1.000000e+02
    endloop
  endfacet
  facet normal -9.945219e-01 1.045285e-01 2.228158e-17
    outer loop
      vertex   4.951340e+01 -6.958655e+00 1.000000e+02
      vertex   4.987820e+01 -3.487824e+00 5.000000e+01
      vertex   4.951340e+01 -6.958655e+00 5.000000e+01
    endloop
  endfacet
  facet normal -9.848078e-01 1.736482e-01 3.701534e-17
    outer loop
      vertex   4.951340e+01 -6.958655e+00 1.000000e+02
      vertex   4.951340e+01 -6.958655e+00 5.000000e+01
      vertex   4.890738e+01 -1.039558e+01 1.000000e+02
    endloop
  endfacet
  facet normal -9.848078e-01 1.736482e-01 3.701534e-17
    outer loop
      vertex   4.890738e+01 -1.039558e+01 1.000000e+02
      vertex   4.951340e+01 -6.958655e+00 5.000000e+01
      vertex   4.890738e+01 -1.039558e+01 5.000000e+01
    endloop
  endfacet
  facet normal -9.702957e-01 2.419219e-01 5.156875e-17
    outer loop
      vertex   4.890738e+01 -1.039558e+01 1.000000e+02
      vertex   4.890738e+01 -1.039558e+01 5.000000e+01
      vertex   4.806308e+01 -1.378187e+01 1.000000e+02
    endloop
  endfacet
  facet normal -9.702957e-01 2.419219e-01 1.718958e-17
    outer loop
      vertex   4.806308e+01 -1.378187e+01 1.000000e+02
      vertex   4.890738e+01 -1.039558e+01 5.000000e+01
      vertex   4.806308e+01 -1.378187e+01 5.000000e+01
    endloop
  endfacet
  facet normal -9.510565e-01 3.090170e-01 2.195698e-17
    outer loop
      vertex   4.806308e+01 -1.378187e+01 1.000000e+02
      vertex   4.806308e+01 -1.378187e+01 5.000000e+01
      vertex   4.698463e+01 -1.710101e+01 1.000000e+02
    endloop
  endfacet
  facet normal -9.510565e-01 3.090170e-01 0.000000e+00
    outer loop
      vertex   4.698463e+01 -1.710101e+01 1.000000e+02
      vertex   4.806308e+01 -1.378187e+01 5.000000e+01
      vertex   4.698463e+01 -1.710101e+01 5.000000e+01
    endloop
  endfacet
  facet normal -9.271839e-01 3.746066e-01 0.000000e+00
    outer loop
      vertex   4.698463e+01 -1.710101e+01 1.000000e+02
      vertex   4.698463e+01 -1.710101e+01 5.000000e+01
      vertex   4.567727e+01 -2.033683e+01 1.000000e+02
    endloop
  endfacet
  facet normal -9.271839e-01 3.746066e-01 0.000000e+00
    outer loop
      vertex   4.567727e+01 -2.033683e+01 1.000000e+02
      vertex   4.698463e+01 -1.710101e+01 5.000000e+01
      vertex   4.567727e+01 -2.033683e+01 5.000000e+01
    endloop
  endfacet
  facet normal -8.987940e-01 4.383711e-01 0.000000e+00
    outer loop
      vertex   4.567727e+01 -2.033683e+01 1.000000e+02
      vertex   4.567727e+01 -2.033683e+01 5.000000e+01
      vertex   4.414738e+01 -2.347358e+01 1.000000e+02
    endloop
  endfacet
  facet normal -8.987940e-01 4.383711e-01 -1.931563e-16
    outer loop
      vertex   4.414738e+01 -2.347358e+01 1.000000e+02
      vertex   4.567727e+01 -2.033683e+01 5.000000e+01
      vertex   4.414738e+01 -2.347358e+01 5.000000e+01
    endloop
  endfacet
  facet normal -8.660254e-01 5.000000e-01 -1.750850e-16
    outer loop
      vertex   4.414738e+01 -2.347358e+01 1.000000e+02
      vertex   4.414738e+01 -2.347358e+01 5.000000e+01
      vertex   4.240240e+01 -2.649596e+01 1.000000e+02
    endloop
  endfacet
  facet normal -8.660254e-01 5.000000e-01 0.000000e+00
    outer loop
      vertex   4.240240e+01 -2.649596e+01 1.000000e+02
      vertex   4.414738e+01 -2.347358e+01 5.000000e+01
      vertex   4.240240e+01 -2.649596e+01 5.000000e+01
    endloop
  endfacet
  facet normal -8.290376e-01 5.591929e-01 0.000000e+00
    outer loop
      vertex   4.240240e+01 -2.649596e+01 1.000000e+02
      vertex   4.240240e+01 -2.649596e+01 5.000000e+01
      vertex   4.045085e+01 -2.938926e+01 1.000000e+02
    endloop
  endfacet
  facet normal -8.290376e-01 5.591929e-01 0.000000e+00
    outer loop
      vertex   4.045085e+01 -2.938926e+01 1.000000e+02
      vertex   4.240240e+01 -2.649596e+01 5.000000e+01
      vertex   4.045085e+01 -2.938926e+01 5.000000e+01
    endloop
  endfacet
  facet normal -7.880108e-01 6.156615e-01 0.000000e+00
    outer loop
      vertex   4.045085e+01 -2.938926e+01 1.000000e+02
      vertex   4.045085e+01 -2.938926e+01 5.000000e+01
      vertex   3.830222e+01 -3.213938e+01 1.000000e+02
    endloop
  endfacet
  facet normal -7.880108e-01 6.156615e-01 0.000000e+00
    outer loop
      vertex   3.830222e+01 -3.213938e+01 1.000000e+02
      vertex   4.045085e+01 -2.938926e+01 5.000000e+01
      vertex   3.830222e+01 -3.213938e+01 5.000000e+01
    endloop
  endfacet
  facet normal -7.431448e-01 6.691306e-01 0.000000e+00
    outer loop
      vertex   3.830222e+01 -3.213938e+01 1.000000e+02
      vertex   3.830222e+01 -3.213938e+01 5.000000e+01
      vertex   3.596699e+01 -3.473292e+01 1.000000e+02
    endloop
  endfacet
  facet normal -7.431448e-01 6.691306e-01 -1.161253e-16
    outer loop
      vertex   3.596699e+01 -3.473292e+01 1.000000e+02
      vertex   3.830222e+01 -3.213938e+01 5.000000e+01
      vertex   3.596699e+01 -3.473292e+01 5.000000e+01
    endloop
  endfacet
  facet normal -6.946584e-01 7.193398e-01 -9.520945e-17
    outer loop
      vertex   3.596699e+01 -3.473292e+01 1.000000e+02
      vertex   3.596699e+01 -3.473292e+01 5.000000e+01
      vertex   3.345653e+01 -3.715724e+01 1.000000e+02
    endloop
  endfacet
  facet normal -6.946584e-01 7.193398e-01 3.507442e-18
    outer loop
      vertex   3.345653e+01 -3.715724e+01 1.000000e+02
      vertex   3.596699e+01 -3.473292e+01 5.000000e+01
      vertex   3.345653e+01 -3.715724e+01 5.000000e+01
    endloop
  endfacet
  facet normal -6.427876e-01 7.660444e-01 1.751585e-17
    outer loop
      vertex   3.345653e+01 -3.715724e+01 1.000000e+02
      vertex   3.345653e+01 -3.715724e+01 5.000000e+01
      vertex   3.078307e+01 -3.940054e+01 1.000000e+02
    endloop
  endfacet
  facet normal -6.427876e-01 7.660444e-01 8.070451e-17
    outer loop
      vertex   3.078307e+01 -3.940054e+01 1.000000e+02
      vertex   3.345653e+01 -3.715724e+01 5.000000e+01
      vertex   3.078307e+01 -3.940054e+01 5.000000e+01
    endloop
  endfacet
  facet normal -5.877853e-01 8.090170e-01 1.046425e-16
    outer loop
      vertex   3.078307e+01 -3.940054e+01 1.000000e+02
      vertex   3.078307e+01 -3.940054e+01 5.000000e+01
      vertex   2.795965e+01 -4.145188e+01 1.000000e+02
    endloop
  endfacet
  facet normal -5.877853e-01 8.090170e-01 -4.176465e-17
    outer loop
      vertex   2.795965e+01 -4.145188e+01 1.000000e+02
      vertex   3.078307e+01 -3.940054e+01 5.000000e+01
      vertex   2.795965e+01 -4.145188e+01 5.000000e+01
    endloop
  endfacet
  facet normal -5.299193e-01 8.480481e-01 -3.765303e-17
    outer loop
      vertex   2.795965e+01 -4.145188e+01 1.000000e+02
      vertex   2.795965e+01 -4.145188e+01 5.000000e+01
      vertex   2.500000e+01 -4.330127e+01 1.000000e+02
    endloop
  endfacet
  facet normal -5.299193e-01 8.480481e-01 -9.041765e-17
    outer loop
      vertex   2.500000e+01 -4.330127e+01 1.000000e+02
      vertex   2.795965e+01 -4.145188e+01 5.000000e+01
      vertex   2.500000e+01 -4.330127e+01 5.000000e+01
    endloop
  endfacet
  facet normal -4.694716e-01 8.829476e-01 -1.175170e-16
    outer loop
      vertex   2.500000e+01 -4.330127e+01 1.000000e+02
      vertex   2.500000e+01 -4.330127e+01 5.000000e+01
      vertex   2.191856e+01 -4.493970e+01 1.000000e+02
    endloop
  endfacet
  facet normal -4.694716e-01 8.829476e-01 0.000000e+00
    outer loop
      vertex   2.191856e+01 -4.493970e+01 1.000000e+02
      vertex   2.500000e+01 -4.330127e+01 5.000000e+01
      vertex   2.191856e+01 -4.493970e+01 5.000000e+01
    endloop
  endfacet
  facet normal -4.067366e-01 9.135455e-01 0.000000e+00
    outer loop
      vertex   2.191856e+01 -4.493970e+01 1.000000e+02
      vertex   2.191856e+01 -4.493970e+01 5.000000e+01
      vertex   1.873033e+01 -4.635919e+01 1.000000e+02
    endloop
  endfacet
  facet normal -4.067366e-01 9.135455e-01 0.000000e+00
    outer loop
      vertex   1.873033e+01 -4.635919e+01 1.000000e+02
      vertex   2.191856e+01 -4.493970e+01 5.000000e+01
      vertex   1.873033e+01 -4.635919e+01 5.000000e+01
    endloop
  endfacet
  facet normal -3.420201e-01 9.396926e-01 0.000000e+00
    outer loop
      vertex   1.873033e+01 -4.635919e+01 1.000000e+02
      vertex   1.873033e+01 -4.635919e+01 5.000000e+01
      vertex   1.545085e+01 -4.755283e+01 1.000000e+02
    endloop
  endfacet
  facet normal -3.420201e-01 9.396926e-01 0.000000e+00
    outer loop
      vertex   1.545085e+01 -4.755283e+01 1.000000e+02
      vertex   1.873033e+01 -4.635919e+01 5.000000e+01
      vertex   1.545085e+01 -4.755283e+01 5.000000e+01
    endloop
  endfacet
  facet normal -2.756374e-01 9.612617e-01 0.000000e+00
    outer loop
      vertex   1.545085e+01 -4.755283e+01 1.000000e+02
      vertex   1.545085e+01 -4.755283e+01 5.000000e+01
      vertex   1.209609e+01 -4.851479e+01 1.000000e+02
    endloop
  endfacet
  facet normal -2.756374e-01 9.612617e-01 0.000000e+00
    outer loop
      vertex   1.209609e+01 -4.851479e+01 1.000000e+02
      vertex   1.545085e+01 -4.755283e+01 5.000000e+01
      vertex   1.209609e+01 -4.851479e+01 5.000000e+01
    endloop
  endfacet
  facet normal -2.079117e-01 9.781476e-01 0.000000e+00
    outer loop
      vertex   1.209609e+01 -4.851479e+01 1.000000e+02
      vertex   1.209609e+01 -4.851479e+01 5.000000e+01
      vertex   8.682409e+00 -4.924039e+01 1.000000e+02
    endloop
  endfacet
  facet normal -2.079117e-01 9.781476e-01 0.000000e+00
    outer loop
      vertex   8.682409e+00 -4.924039e+01 1.000000e+02
      vertex   1.209609e+01 -4.851479e+01 5.000000e+01
      vertex   8.682409e+00 -4.924039e+01 5.000000e+01
    endloop
  endfacet
  facet normal -1.391731e-01 9.902681e-01 0.000000e+00
    outer loop
      vertex   8.682409e+00 -4.924039e+01 1.000000e+02
      vertex   8.682409e+00 -4.924039e+01 5.000000e+01
      vertex   5.226423e+00 -4.972609e+01 1.000000e+02
    endloop
  endfacet
  facet normal -1.391731e-01 9.902681e-01 -3.213874e-17
    outer loop
      vertex   5.226423e+00 -4.972609e+01 1.000000e+02
      vertex   8.682409e+00 -4.924039e+01 5.000000e+01
      vertex   5.226423e+00 -4.972609e+01 5.000000e+01
    endloop
  endfacet
  facet normal -6.975647e-02 9.975641e-01 -1.610861e-17
    outer loop
      vertex   5.226423e+00 -4.972609e+01 1.000000e+02
      vertex   5.226423e+00 -4.972609e+01 5.000000e+01
      vertex   1.744975e+00 -4.996954e+01 1.000000e+02
    endloop
  endfacet
  facet normal -6.975647e-02 9.975641e-01 -1.548905e-17
    outer loop
      vertex   1.744975e+00 -4.996954e+01 1.000000e+02
      vertex   5.226423e+00 -4.972609e+01 5.000000e+01
      vertex   1.744975e+00 -4.996954e+01 5.000000e+01
    endloop
  endfacet
  facet normal 0.000000e+00 1.000000e+00 0.000000e+00
    outer loop
      vertex   1.744975e+00 -4.996954e+01 1.000000e+02
      vertex   1.744975e+00 -4.996954e+01 5.000000e+01
      vertex   -1.744975e+00 -4.996954e+01 1.000000e+02
    endloop
  endfacet
  facet normal 0.000000e+00 1.000000e+00 0.000000e+00
    outer loop
      vertex   -1.744975e+00 -4.996954e+01 1.000000e+02
      vertex   1.744975e+00 -4.996954e+01 5.000000e+01
      vertex   -1.744975e+00 -4.996954e+01 5.000000e+01
    endloop
  endfacet
  facet normal 6.975647e-02 9.975641e-01 1.548905e-17
    outer loop
      vertex   -1.744975e+00 -4.996954e+01 1.000000e+02
      vertex   -1.744975e+00 -4.996954e+01 5.000000e+01
      vertex   -5.226423e+00 -4.972609e+01 1.000000e+02
    endloop
  endfacet
  facet normal 6.975647e-02 9.975641e-01 0.000000e+00
    outer loop
      vertex   -5.226423e+00 -4.972609e+01 1.000000e+02
      vertex   -1.744975e+00 -4.996954e+01 5.000000e+01
      vertex   -5.226423e+00 -4.972609e+01 5.000000e+01
    endloop
  endfacet
  facet normal 1.391731e-01 9.902681e-01 0.000000e+00
    outer loop
      vertex   -5.226423e+00 -4.972609e+01 1.000000e+02
      vertex   -5.226423e+00 -4.972609e+01 5.000000e+01
      vertex   -8.682409e+00 -4.924039e+01 1.000000e+02
    endloop
  endfacet
  facet normal 1.391731e-01 9.902681e-01 0.000000e+00
    outer loop
      vertex   -8.682409e+00 -4.924039e+01 1.000000e+02
      vertex   -5.226423e+00 -4.972609e+01 5.000000e+01
      vertex   -8.682409e+00 -4.924039e+01 5.000000e+01
    endloop
  endfacet
  facet normal 2.079117e-01 9.781476e-01 0.000000e+00
    outer loop
      vertex   -8.682409e+00 -4.924039e+01 1.000000e+02
      vertex   -8.682409e+00 -4.924039e+01 5.000000e+01
      vertex   -1.209609e+01 -4.851479e+01 1.000000e+02
    endloop
  endfacet
  facet normal 2.079117e-01 9.781476e-01 0.000000e+00
    outer loop
      vertex   -1.209609e+01 -4.851479e+01 1.000000e+02
      vertex   -8.682409e+00 -4.924039e+01 5.000000e+01
      vertex   -1.209609e+01 -4.851479e+01 5.000000e+01
    endloop
  endfacet
  facet normal 2.756374e-01 9.612617e-01 0.000000e+00
    outer loop
      vertex   -1.209609e+01 -4.851479e+01 1.000000e+02
      vertex   -1.209609e+01 -4.851479e+01 5.000000e+01
      vertex   -1.545085e+01 -4.755283e+01 1.000000e+02
    endloop
  endfacet
  facet normal 2.756374e-01 9.612617e-01 0.000000e+00
    outer loop
      vertex   -1.545085e+01 -4.755283e+01 1.000000e+02
      vertex   -1.209609e+01 -4.851479e+01 5.000000e+01
      vertex   -1.545085e+01 -4.755283e+01 5.000000e+01
    endloop
  endfacet
  facet normal 3.420201e-01 9.396926e-01 0.000000e+00
    outer loop
      vertex   -1.545085e+01 -4.755283e+01 1.000000e+02
      vertex   -1.545085e+01 -4.755283e+01 5.000000e+01
      vertex   -1.873033e+01 -4.635919e+01 1.000000e+02
    endloop
  endfacet
  facet normal 3.420201e-01 9.396926e-01 0.000000e+00
    outer loop
      vertex   -1.873033e+01 -4.635919e+01 1.000000e+02
      vertex   -1.545085e+01 -4.755283e+01 5.000000e+01
      vertex   -1.873033e+01 -4.635919e+01 5.000000e+01
    endloop
  endfacet
  facet normal 4.067366e-01 9.135455e-01 0.000000e+00
    outer loop
      vertex   -1.873033e+01 -4.635919e+01 1.000000e+02
      vertex   -1.873033e+01 -4.635919e+01 5.000000e+01
      vertex   -2.191856e+01 -4.493970e+01 1.000000e+02
    endloop
  endfacet
  facet normal 4.067366e-01 9.135455e-01 0.000000e+00
    outer loop
      vertex   -2.191856e+01 -4.493970e+01 1.000000e+02
      vertex   -1.873033e+01 -4.635919e+01 5.000000e+01
      vertex   -2.191856e+01 -4.493970e+01 5.000000e+01
    endloop
  endfacet
  facet normal 4.694716e-01 8.829476e-01 0.000000e+00
    outer loop
      vertex   -2.191856e+01 -4.493970e+01 1.000000e+02
      vertex   -2.191856e+01 -4.493970e+01 5.000000e+01
      vertex   -2.500000e+01 -4.330127e+01 1.000000e+02
    endloop
  endfacet
  facet normal 4.694716e-01 8.829476e-01 0.000000e+00
    outer loop
      vertex   -2.500000e+01 -4.330127e+01 1.000000e+02
      vertex   -2.191856e+01 -4.493970e+01 5.000000e+01
      vertex   -2.500000e+01 -4.330127e+01 5.000000e+01
    endloop
  endfacet
  facet normal 5.299193e-01 8.480481e-01 0.000000e+00
    outer loop
      vertex   -2.500000e+01 -4.330127e+01 1.000000e+02
      vertex   -2.500000e+01 -4.330127e+01 5.000000e+01
      vertex   -2.795965e+01 -4.145188e+01 1.000000e+02
    endloop
  endfacet
  facet normal 5.299193e-01 8.480481e-01 0.000000e+00
    outer loop
      vertex   -2.795965e+01 -4.145188e+01 1.000000e+02
      vertex   -2.500000e+01 -4.330127e+01 5.000000e+01
      vertex   -2.795965e+01 -4.145188e+01 5.000000e+01
    endloop
  endfacet
  facet normal 5.877853e-01 8.090170e-01 0.000000e+00
    outer loop
      vertex   -2.795965e+01 -4.145188e+01 1.000000e+02
      vertex   -2.795965e+01 -4.145188e+01 5.000000e+01
      vertex   -3.078307e+01 -3.940054e+01 1.000000e+02
    endloop
  endfacet
  facet normal 5.877853e-01 8.090170e-01 0.000000e+00
    outer loop
      vertex   -3.078307e+01 -3.940054e+01 1.000000e+02
      vertex   -2.795965e+01 -4.145188e+01 5.000000e+01
      vertex   -3.078307e+01 -3.940054e+01 5.000000e+01
    endloop
  endfacet
  facet normal 6.427876e-01 7.660444e-01 0.000000e+00
    outer loop
      vertex   -3.078307e+01 -3.940054e+01 1.000000e+02
      vertex   -3.078307e+01 -3.940054e+01 5.000000e+01
      vertex   -3.345653e+01 -3.715724e+01 1.000000e+02
    endloop
  endfacet
  facet normal 6.427876e-01 7.660444e-01 0.000000e+00
    outer loop
      vertex   -3.345653e+01 -3.715724e+01 1.000000e+02
      vertex   -3.078307e+01 -3.940054e+01 5.000000e+01
      vertex   -3.345653e+01 -3.715724e+01 5.000000e+01
    endloop
  endfacet
  facet normal 6.946584e-01 7.193398e-01 0.000000e+00
    outer loop
      vertex   -3.345653e+01 -3.715724e+01 1.000000e+02
      vertex   -3.345653e+01 -3.715724e+01 5.000000e+01
      vertex   -3.596699e+01 -3.473292e+01 1.000000e+02
    endloop
  endfacet
  facet normal 6.946584e-01 7.193398e-01 0.000000e+00
    outer loop
      vertex   -3.596699e+01 -3.473292e+01 1.000000e+02
      vertex   -3.345653e+01 -3.715724e+01 5.000000e+01
      vertex   -3.596699e+01 -3.473292e+01 5.000000e+01
    endloop
  endfacet
  facet normal 7.431448e-01 6.691306e-01 0.000000e+00
    outer loop
      vertex   -3.596699e+01 -3.473292e+01 1.000000e+02
      vertex   -3.596699e+01 -3.473292e+01 5.000000e+01
      vertex   -3.830222e+01 -3.213938e+01 1.000000e+02
    endloop
  endfacet
  facet normal 7.431448e-01 6.691306e-01 0.000000e+00
    outer loop
      vertex   -3.830222e+01 -3.213938e+01 1.000000e+02
      vertex   -3.596699e+01 -3.473292e+01 5.000000e+01
      vertex   -3.830222e+01 -3.213938e+01 5.000000e+01
    endloop
  endfacet
  facet normal 7.880108e-01 6.156615e-01 0.000000e+00
    outer loop
      vertex   -3.830222e+01 -3.213938e+01 1.000000e+02
      vertex   -3.830222e+01 -3.213938e+01 5.000000e+01
      vertex   -4.045085e+01 -2.938926e+01 1.000000e+02
    endloop
  endfacet
  facet normal 7.880108e-01 6.156615e-01 0.000000e+00
    outer loop
      vertex   -4.045085e+01 -2.938926e+01 1.000000e+02
      vertex   -3.830222e+01 -3.213938e+01 5.000000e+01
      vertex   -4.045085e+01 -2.938926e+01 5.000000e+01
    endloop
  endfacet
  facet normal 8.290376e-01 5.591929e-01 0.000000e+00
    outer loop
      vertex   -4.045085e+01 -2.938926e+01 1.000000e+02
      vertex   -4.045085e+01 -2.938926e+01 5.000000e+01
      vertex   -4.240240e+01 -2.649596e+01 1.000000e+02
    endloop
  endfacet
  facet normal 8.290376e-01 5.591929e-01 0.000000e+00
    outer loop
      vertex   -4.240240e+01 -2.649596e+01 1.000000e+02
      vertex   -4.045085e+01 -2.938926e+01 5.000000e+01
      vertex   -4.240240e+01 -2.649596e+01 5.000000e+01
    endloop
  endfacet
  facet normal 8.660254e-01 5.000000e-01 0.000000e+00
    outer loop
      vertex   -4.240240e+01 -2.649596e+01 1.000000e+02
      vertex   -4.240240e+01 -2.649596e+01 5.000000e+01
      vertex   -4.414738e+01 -2.347358e+01 1.000000e+02
    endloop
  endfacet
  facet normal 8.660254e-01 5.000000e-01 0.000000e+00
    outer loop
      vertex   -4.414738e+01 -2.347358e+01 1.000000e+02
      vertex   -4.240240e+01 -2.649596e+01 5.000000e+01
      vertex   -4.414738e+01 -2.347358e+01 5.000000e+01
    endloop
  endfacet
  facet normal 8.987940e-01 4.383711e-01 0.000000e+00
    outer loop
      vertex   -4.414738e+01 -2.347358e+01 1.000000e+02
      vertex   -4.414738e+01 -2.347358e+01 5.000000e+01
      vertex   -4.567727e+01 -2.033683e+01 1.000000e+02
    endloop
  endfacet
  facet normal 8.987940e-01 4.383711e-01 0.000000e+00
    outer loop
      vertex   -4.567727e+01 -2.033683e+01 1.000000e+02
      vertex   -4.414738e+01 -2.347358e+01 5.000000e+01
      vertex   -4.567727e+01 -2.033683e+01 5.000000e+01
    endloop
  endfacet
  facet normal 9.271839e-01 3.746066e-01 0.000000e+00
    outer loop
      vertex   -4.567727e+01 -2.033683e+01 1.000000e+02
      vertex   -4.567727e+01 -2.033683e+01 5.000000e+01
      vertex   -4.698463e+01 -1.710101e+01 1.000000e+02
    endloop
  endfacet
  facet normal 9.271839e-01 3.746066e-01 0.000000e+00
    outer loop
      vertex   -4.698463e+01 -1.710101e+01 1.000000e+02
      vertex   -4.567727e+01 -2.033683e+01 5.000000e+01
      vertex   -4.698463e+01 -1.710101e+01 5.000000e+01
    endloop
  endfacet
  facet normal 9.510565e-01 3.090170e-01 0.000000e+00
    outer loop
      vertex   -4.698463e+01 -1.710101e+01 1.000000e+02
      vertex   -4.698463e+01 -1.710101e+01 5.000000e+01
      vertex   -4.806308e+01 -1.378187e+01 1.000000e+02
    endloop
  endfacet
  facet normal 9.510565e-01 3.090170e-01 0.000000e+00
    outer loop
      vertex   -4.806308e+01 -1.378187e+01 1.000000e+02
      vertex   -4.698463e+01 -1.710101e+01 5.000000e+01
      vertex   -4.806308e+01 -1.378187e+01 5.000000e+01
    endloop
  endfacet
  facet normal 9.702957e-01 2.419219e-01 0.000000e+00
    outer loop
      vertex   -4.806308e+01 -1.378187e+01 1.000000e+02
      vertex   -4.806308e+01 -1.378187e+01 5.000000e+01
      vertex   -4.890738e+01 -1.039558e+01 1.000000e+02
    endloop
  endfacet
  facet normal 9.702957e-01 2.419219e-01 0.000000e+00
    outer loop
      vertex   -4.890738e+01 -1.039558e+01 1.000000e+02
      vertex   -4.806308e+01 -1.378187e+01 5.000000e+01
      vertex   -4.890738e+01 -1.039558e+01 5.000000e+01
    endloop
  endfacet
  facet normal 9.848078e-01 1.736482e-01 0.000000e+00
    outer loop
      vertex   -4.890738e+01 -1.039558e+01 1.000000e+02
      vertex   -4.890738e+01 -1.039558e+01 5.000000e+01
      vertex   -4.951340e+01 -6.958655e+00 1.000000e+02
    endloop
  endfacet
  facet normal 9.848078e-01 1.736482e-01 0.000000e+00
    outer loop
      vertex   -4.951340e+01 -6.958655e+00 1.000000e+02
      vertex   -4.890738e+01 -1.039558e+01 5.000000e+01
      vertex   -4.951340e+01 -6.958655e+00 5.000000e+01
    endloop
  endfacet
  facet normal 9.945219e-01 1.045285e-01 0.000000e+00
    outer loop
      vertex   -4.951340e+01 -6.958655e+00 1.000000e+02
      vertex   -4.951340e+01 -6.958655e+00 5.000000e+01
      vertex   -4.987820e+01 -3.487824e+00 1.000000e+02
    endloop
  endfacet
  facet normal 9.945219e-01 1.045285e-01 0.000000e+00
    outer loop
      vertex   -4.987820e+01 -3.487824e+00 1.000000e+02
      vertex   -4.951340e+01 -6.958655e+00 5.000000e+01
      vertex   -4.987820e+01 -3.487824e+00 5.000000e+01
    endloop
  endfacet
  facet normal 9.993908e-01 -3.489950e-02 0.000000e+00
    outer loop
      vertex   -4.987820e+01 3.487824e+00 0.000000e+00
      vertex   -4.987820e+01 3.487824e+00 5.000000e+01
      vertex   -5.000000e+01 -6.123234e-15 0.000000e+00
    endloop
  endfacet
  facet normal 9.993908e-01 -3.489950e-02 8.547911e-18
    outer loop
      vertex   -5.000000e+01 -6.123234e-15 0.000000e+00
      vertex   -4.987820e+01 3.487824e+00 5.000000e+01
      vertex   -5.000000e+01 6.123234e-15 5.000000e+01
    endloop
  endfacet
  facet normal 9.993908e-01 3.489950e-02 -8.547911e-18
    outer loop
      vertex   -5.000000e+01 -6.123234e-15 0.000000e+00
      vertex   -5.000000e+01 6.123234e-15 5.000000e+01
      vertex   -4.987820e+01 -3.487824e+00 0.000000e+00
    endloop
  endfacet
  facet normal 9.993908e-01 3.489950e-02 -0.000000e+00
    outer loop
      vertex   -4.987820e+01 -3.487824e+00 0.000000e+00
      vertex   -5.000000e+01 6.123234e-15 5.000000e+01
      vertex   -4.987820e+01 -3.487824e+00 5.000000e+01
    endloop
  endfacet
  facet normal 9.945219e-01 1.045285e-01 -0.000000e+00
    outer loop
      vertex   -4.987820e+01 -3.487824e+00 0.000000e+00
      vertex   -4.987820e+01 -3.487824e+00 5.000000e+01
      vertex   -4.951340e+01 -6.958655e+00 0.000000e+00
    endloop
  endfacet
  facet normal 9.945219e-01 1.045285e-01 -0.000000e+00
    outer loop
      vertex   -4.951340e+01 -6.958655e+00 0.000000e+00
      vertex   -4.987820e+01 -3.487824e+00 5.000000e+01
      vertex   -4.951340e+01 -6.958655e+00 5.000000e+01
    endloop
  endfacet
  facet normal 9.848078e-01 1.736482e-01 -0.000000e+00
    outer loop
      vertex   -4.951340e+01 -6.958655e+00 0.000000e+00
      vertex   -4.951340e+01 -6.958655e+00 5.000000e+01
      vertex   -4.890738e+01 -1.039558e+01 0.000000e+00
    endloop
  endfacet
  facet normal 9.848078e-01 1.736482e-01 -6.591893e-17
    outer loop
      vertex   -4.890738e+01 -1.039558e+01 0.000000e+00
      vertex   -4.951340e+01 -6.958655e+00 5.000000e+01
      vertex   -4.890738e+01 -1.039558e+01 5.000000e+01
    endloop
  endfacet
  facet normal 9.702957e-01 2.419219e-01 -3.474981e-17
    outer loop
      vertex   -4.890738e+01 -1.039558e+01 0.000000e+00
      vertex   -4.890738e+01 -1.039558e+01 5.000000e+01
      vertex   -4.806308e+01 -1.378187e+01 0.000000e+00
    endloop
  endfacet
  facet normal 9.702957e-01 2.419219e-01 3.474981e-17
    outer loop
      vertex   -4.806308e+01 -1.378187e+01 0.000000e+00
      vertex   -4.890738e+01 -1.039558e+01 5.000000e+01
      vertex   -4.806308e+01 -1.378187e+01 5.000000e+01
    endloop
  endfacet
  facet normal 9.510565e-01 3.090170e-01 3.411391e-18
    outer loop
      vertex   -4.806308e+01 -1.378187e+01 0.000000e+00
      vertex   -4.806308e+01 -1.378187e+01 5.000000e+01
      vertex   -4.698463e+01 -1.710101e+01 0.000000e+00
    endloop
  endfacet
  facet normal 9.510565e-01 3.090170e-01 -1.097849e-16
    outer loop
      vertex   -4.698463e+01 -1.710101e+01 0.000000e+00
      vertex   -4.806308e+01 -1.378187e+01 5.000000e+01
      vertex   -4.698463e+01 -1.710101e+01 5.000000e+01
    endloop
  endfacet
  facet normal 9.271839e-01 3.746066e-01 -1.330870e-16
    outer loop
      vertex   -4.698463e+01 -1.710101e+01 0.000000e+00
      vertex   -4.698463e+01 -1.710101e+01 5.000000e+01
      vertex   -4.567727e+01 -2.033683e+01 0.000000e+00
    endloop
  endfacet
  facet normal 9.271839e-01 3.746066e-01 2.355779e-16
    outer loop
      vertex   -4.567727e+01 -2.033683e+01 0.000000e+00
      vertex   -4.698463e+01 -1.710101e+01 5.000000e+01
      vertex   -4.567727e+01 -2.033683e+01 5.000000e+01
    endloop
  endfacet
  facet normal 8.987940e-01 4.383711e-01 1.962901e-16
    outer loop
      vertex   -4.567727e+01 -2.033683e+01 0.000000e+00
      vertex   -4.567727e+01 -2.033683e+01 5.000000e+01
      vertex   -4.414738e+01 -2.347358e+01 0.000000e+00
    endloop
  endfacet
  facet normal 8.987940e-01 4.383711e-01 -0.000000e+00
    outer loop
      vertex   -4.414738e+01 -2.347358e+01 0.000000e+00
      vertex   -4.567727e+01 -2.033683e+01 5.000000e+01
      vertex   -4.414738e+01 -2.347358e+01 5.000000e+01
    endloop
  endfacet
  facet normal 8.660254e-01 5.000000e-01 -0.000000e+00
    outer loop
      vertex   -4.414738e+01 -2.347358e+01 0.000000e+00
      vertex   -4.414738e+01 -2.347358e+01 5.000000e+01
      vertex   -4.240240e+01 -2.649596e+01 0.000000e+00
    endloop
  endfacet
  facet normal 8.660254e-01 5.000000e-01 -0.000000e+00
    outer loop
      vertex   -4.240240e+01 -2.649596e+01 0.000000e+00
      vertex   -4.414738e+01 -2.347358e+01 5.000000e+01
      vertex   -4.240240e+01 -2.649596e+01 5.000000e+01
    endloop
  endfacet
  facet normal 8.290376e-01 5.591929e-01 -0.000000e+00
    outer loop
      vertex   -4.240240e+01 -2.649596e+01 0.000000e+00
      vertex   -4.240240e+01 -2.649596e+01 5.000000e+01
      vertex   -4.045085e+01 -2.938926e+01 0.000000e+00
    endloop
  endfacet
  facet normal 8.290376e-01 5.591929e-01 -0.000000e+00
    outer loop
      vertex   -4.045085e+01 -2.938926e+01 0.000000e+00
      vertex   -4.240240e+01 -2.649596e+01 5.000000e+01
      vertex   -4.045085e+01 -2.938926e+01 5.000000e+01
    endloop
  endfacet
  facet normal 7.880108e-01 6.156615e-01 -0.000000e+00
    outer loop
      vertex   -4.045085e+01 -2.938926e+01 0.000000e+00
      vertex   -4.045085e+01 -2.938926e+01 5.000000e+01
      vertex   -3.830222e+01 -3.213938e+01 0.000000e+00
    endloop
  endfacet
  facet normal 7.880108e-01 6.156615e-01 -0.000000e+00
    outer loop
      vertex   -3.830222e+01 -3.213938e+01 0.000000e+00
      vertex   -4.045085e+01 -2.938926e+01 5.000000e+01
      vertex   -3.830222e+01 -3.213938e+01 5.000000e+01
    endloop
  endfacet
  facet normal 7.431448e-01 6.691306e-01 -0.000000e+00
    outer loop
      vertex   -3.830222e+01 -3.213938e+01 0.000000e+00
      vertex   -3.830222e+01 -3.213938e+01 5.000000e+01
      vertex   -3.596699e+01 -3.473292e+01 0.000000e+00
    endloop
  endfacet
  facet normal 7.431448e-01 6.691306e-01 -0.000000e+00
    outer loop
      vertex   -3.596699e+01 -3.473292e+01 0.000000e+00
      vertex   -3.830222e+01 -3.213938e+01 5.000000e+01
      vertex   -3.596699e+01 -3.473292e+01 5.000000e+01
    endloop
  endfacet
  facet normal 6.946584e-01 7.193398e-01 -0.000000e+00
    outer loop
      vertex   -3.596699e+01 -3.473292e+01 0.000000e+00
      vertex   -3.596699e+01 -3.473292e+01 5.000000e+01
      vertex   -3.345653e+01 -3.715724e+01 0.000000e+00
    endloop
  endfacet
  facet normal 6.946584e-01 7.193398e-01 -0.000000e+00
    outer loop
      vertex   -3.345653e+01 -3.715724e+01 0.000000e+00
      vertex   -3.596699e+01 -3.473292e+01 5.000000e+01
      vertex   -3.345653e+01 -3.715724e+01 5.000000e+01
    endloop
  endfacet
  facet normal 6.427876e-01 7.660444e-01 -0.000000e+00
    outer loop
      vertex   -3.345653e+01 -3.715724e+01 0.000000e+00
      vertex   -3.345653e+01 -3.715724e+01 5.000000e+01
      vertex   -3.078307e+01 -3.940054e+01 0.000000e+00
    endloop
  endfacet
  facet normal 6.427876e-01 7.660444e-01 -9.822036e-17
    outer loop
      vertex   -3.078307e+01 -3.940054e+01 0.000000e+00
      vertex   -3.345653e+01 -3.715724e+01 5.000000e+01
      vertex   -3.078307e+01 -3.940054e+01 5.000000e+01
    endloop
  endfacet
  facet normal 5.877853e-01 8.090170e-01 -1.360814e-16
    outer loop
      vertex   -3.078307e+01 -3.940054e+01 0.000000e+00
      vertex   -3.078307e+01 -3.940054e+01 5.000000e+01
      vertex   -2.795965e+01 -4.145188e+01 0.000000e+00
    endloop
  endfacet
  facet normal 5.877853e-01 8.090170e-01 1.356197e-16
    outer loop
      vertex   -2.795965e+01 -4.145188e+01 0.000000e+00
      vertex   -3.078307e+01 -3.940054e+01 5.000000e+01
      vertex   -2.795965e+01 -4.145188e+01 5.000000e+01
    endloop
  endfacet
  facet normal 5.299193e-01 8.480481e-01 1.054033e-16
    outer loop
      vertex   -2.795965e+01 -4.145188e+01 0.000000e+00
      vertex   -2.795965e+01 -4.145188e+01 5.000000e+01
      vertex   -2.500000e+01 -4.330127e+01 0.000000e+00
    endloop
  endfacet
  facet normal 5.299193e-01 8.480481e-01 -0.000000e+00
    outer loop
      vertex   -2.500000e+01 -4.330127e+01 0.000000e+00
      vertex   -2.795965e+01 -4.145188e+01 5.000000e+01
      vertex   -2.500000e+01 -4.330127e+01 5.000000e+01
    endloop
  endfacet
  facet normal 4.694716e-01 8.829476e-01 -0.000000e+00
    outer loop
      vertex   -2.500000e+01 -4.330127e+01 0.000000e+00
      vertex   -2.500000e+01 -4.330127e+01 5.000000e+01
      vertex   -2.191856e+01 -4.493970e+01 0.000000e+00
    endloop
  endfacet
  facet normal 4.694716e-01 8.829476e-01 -0.000000e+00
    outer loop
      vertex   -2.191856e+01 -4.493970e+01 0.000000e+00
      vertex   -2.500000e+01 -4.330127e+01 5.000000e+01
      vertex   -2.191856e+01 -4.493970e+01 5.000000e+01
    endloop
  endfacet
  facet normal 4.067366e-01 9.135455e-01 -0.000000e+00
    outer loop
      vertex   -2.191856e+01 -4.493970e+01 0.000000e+00
      vertex   -2.191856e+01 -4.493970e+01 5.000000e+01
      vertex   -1.873033e+01 -4.635919e+01 0.000000e+00
    endloop
  endfacet
  facet normal 4.067366e-01 9.135455e-01 8.670113e-17
    outer loop
      vertex   -1.873033e+01 -4.635919e+01 0.000000e+00
      vertex   -2.191856e+01 -4.493970e+01 5.000000e+01
      vertex   -1.873033e+01 -4.635919e+01 5.000000e+01
    endloop
  endfacet
  facet normal 3.420201e-01 9.396926e-01 7.290598e-17
    outer loop
      vertex   -1.873033e+01 -4.635919e+01 0.000000e+00
      vertex   -1.873033e+01 -4.635919e+01 5.000000e+01
      vertex   -1.545085e+01 -4.755283e+01 0.000000e+00
    endloop
  endfacet
  facet normal 3.420201e-01 9.396926e-01 -0.000000e+00
    outer loop
      vertex   -1.545085e+01 -4.755283e+01 0.000000e+00
      vertex   -1.873033e+01 -4.635919e+01 5.000000e+01
      vertex   -1.545085e+01 -4.755283e+01 5.000000e+01
    endloop
  endfacet
  facet normal 2.756374e-01 9.612617e-01 -0.000000e+00
    outer loop
      vertex   -1.545085e+01 -4.755283e+01 0.000000e+00
      vertex   -1.545085e+01 -4.755283e+01 5.000000e+01
      vertex   -1.209609e+01 -4.851479e+01 0.000000e+00
    endloop
  endfacet
  facet normal 2.756374e-01 9.612617e-01 -0.000000e+00
    outer loop
      vertex   -1.209609e+01 -4.851479e+01 0.000000e+00
      vertex   -1.545085e+01 -4.755283e+01 5.000000e+01
      vertex   -1.209609e+01 -4.851479e+01 5.000000e+01
    endloop
  endfacet
  facet normal 2.079117e-01 9.781476e-01 -0.000000e+00
    outer loop
      vertex   -1.209609e+01 -4.851479e+01 0.000000e+00
      vertex   -1.209609e+01 -4.851479e+01 5.000000e+01
      vertex   -8.682409e+00 -4.924039e+01 0.000000e+00
    endloop
  endfacet
  facet normal 2.079117e-01 9.781476e-01 9.468409e-17
    outer loop
      vertex   -8.682409e+00 -4.924039e+01 0.000000e+00
      vertex   -1.209609e+01 -4.851479e+01 5.000000e+01
      vertex   -8.682409e+00 -4.924039e+01 5.000000e+01
    endloop
  endfacet
  facet normal 1.391731e-01 9.902681e-01 1.110590e-16
    outer loop
      vertex   -8.682409e+00 -4.924039e+01 0.000000e+00
      vertex   -8.682409e+00 -4.924039e+01 5.000000e+01
      vertex   -5.226423e+00 -4.972609e+01 0.000000e+00
    endloop
  endfacet
  facet normal 1.391731e-01 9.902681e-01 -3.213874e-17
    outer loop
      vertex   -5.226423e+00 -4.972609e+01 0.000000e+00
      vertex   -8.682409e+00 -4.924039e+01 5.000000e+01
      vertex   -5.226423e+00 -4.972609e+01 5.000000e+01
    endloop
  endfacet
  facet normal 6.975647e-02 9.975641e-01 -1.610861e-17
    outer loop
      vertex   -5.226423e+00 -4.972609e+01 0.000000e+00
      vertex   -5.226423e+00 -4.972609e+01 5.000000e+01
      vertex   -1.744975e+00 -4.996954e+01 0.000000e+00
    endloop
  endfacet
  facet normal 6.975647e-02 9.975641e-01 1.548905e-17
    outer loop
      vertex   -1.744975e+00 -4.996954e+01 0.000000e+00
      vertex   -5.226423e+00 -4.972609e+01 5.000000e+01
      vertex   -1.744975e+00 -4.996954e+01 5.000000e+01
    endloop
  endfacet
  facet normal 0.000000e+00 1.000000e+00 -0.000000e+00
    outer loop
      vertex   -1.744975e+00 -4.996954e+01 0.000000e+00
      vertex   -1.744975e+00 -4.996954e+01 5.000000e+01
      vertex   1.744975e+00 -4.996954e+01 0.000000e+00
    endloop
  endfacet
  facet normal 0.000000e+00 1.000000e+00 0.000000e+00
    outer loop
      vertex   1.744975e+00 -4.996954e+01 0.000000e+00
      vertex   -1.744975e+00 -4.996954e+01 5.000000e+01
      vertex   1.744975e+00 -4.996954e+01 5.000000e+01
    endloop
  endfacet
  facet normal -6.975647e-02 9.975641e-01 -1.548905e-17
    outer loop
      vertex   1.744975e+00 -4.996954e+01 0.000000e+00
      vertex   1.744975e+00 -4.996954e+01 5.000000e+01
      vertex   5.226423e+00 -4.972609e+01 0.000000e+00
    endloop
  endfacet
  facet normal -6.975647e-02 9.975641e-01 -1.610861e-17
    outer loop
      vertex   5.226423e+00 -4.972609e+01 0.000000e+00
      vertex   1.744975e+00 -4.996954e+01 5.000000e+01
      vertex   5.226423e+00 -4.972609e+01 5.000000e+01
    endloop
  endfacet
  facet normal -1.391731e-01 9.902681e-01 -3.213874e-17
    outer loop
      vertex   5.226423e+00 -4.972609e+01 0.000000e+00
      vertex   5.226423e+00 -4.972609e+01 5.000000e+01
      vertex   8.682409e+00 -4.924039e+01 0.000000e+00
    endloop
  endfacet
  facet normal -1.391731e-01 9.902681e-01 1.160034e-16
    outer loop
      vertex   8.682409e+00 -4.924039e+01 0.000000e+00
      vertex   5.226423e+00 -4.972609e+01 5.000000e+01
      vertex   8.682409e+00 -4.924039e+01 5.000000e+01
    endloop
  endfacet
  facet normal -2.079117e-01 9.781476e-01 1.020706e-16
    outer loop
      vertex   8.682409e+00 -4.924039e+01 0.000000e+00
      vertex   8.682409e+00 -4.924039e+01 5.000000e+01
      vertex   1.209609e+01 -4.851479e+01 0.000000e+00
    endloop
  endfacet
  facet normal -2.079117e-01 9.781476e-01 -5.170555e-17
    outer loop
      vertex   1.209609e+01 -4.851479e+01 0.000000e+00
      vertex   8.682409e+00 -4.924039e+01 5.000000e+01
      vertex   1.209609e+01 -4.851479e+01 5.000000e+01
    endloop
  endfacet
  facet normal -2.756374e-01 9.612617e-01 -6.854824e-17
    outer loop
      vertex   1.209609e+01 -4.851479e+01 0.000000e+00
      vertex   1.209609e+01 -4.851479e+01 5.000000e+01
      vertex   1.545085e+01 -4.755283e+01 0.000000e+00
    endloop
  endfacet
  facet normal -2.756374e-01 9.612617e-01 0.000000e+00
    outer loop
      vertex   1.545085e+01 -4.755283e+01 0.000000e+00
      vertex   1.209609e+01 -4.851479e+01 5.000000e+01
      vertex   1.545085e+01 -4.755283e+01 5.000000e+01
    endloop
  endfacet
  facet normal -3.420201e-01 9.396926e-01 0.000000e+00
    outer loop
      vertex   1.545085e+01 -4.755283e+01 0.000000e+00
      vertex   1.545085e+01 -4.755283e+01 5.000000e+01
      vertex   1.873033e+01 -4.635919e+01 0.000000e+00
    endloop
  endfacet
  facet normal -3.420201e-01 9.396926e-01 0.000000e+00
    outer loop
      vertex   1.873033e+01 -4.635919e+01 0.000000e+00
      vertex   1.545085e+01 -4.755283e+01 5.000000e+01
      vertex   1.873033e+01 -4.635919e+01 5.000000e+01
    endloop
  endfacet
  facet normal -4.067366e-01 9.135455e-01 0.000000e+00
    outer loop
      vertex   1.873033e+01 -4.635919e+01 0.000000e+00
      vertex   1.873033e+01 -4.635919e+01 5.000000e+01
      vertex   2.191856e+01 -4.493970e+01 0.000000e+00
    endloop
  endfacet
  facet normal -4.067366e-01 9.135455e-01 0.000000e+00
    outer loop
      vertex   2.191856e+01 -4.493970e+01 0.000000e+00
      vertex   1.873033e+01 -4.635919e+01 5.000000e+01
      vertex   2.191856e+01 -4.493970e+01 5.000000e+01
    endloop
  endfacet
  facet normal -4.694716e-01 8.829476e-01 0.000000e+00
    outer loop
      vertex   2.191856e+01 -4.493970e+01 0.000000e+00
      vertex   2.191856e+01 -4.493970e+01 5.000000e+01
      vertex   2.500000e+01 -4.330127e+01 0.000000e+00
    endloop
  endfacet
  facet normal -4.694716e-01 8.829476e-01 -5.875848e-17
    outer loop
      vertex   2.500000e+01 -4.330127e+01 0.000000e+00
      vertex   2.191856e+01 -4.493970e+01 5.000000e+01
      vertex   2.500000e+01 -4.330127e+01 5.000000e+01
    endloop
  endfacet
  facet normal -5.299193e-01 8.480481e-01 -4.520883e-17
    outer loop
      vertex   2.500000e+01 -4.330127e+01 0.000000e+00
      vertex   2.500000e+01 -4.330127e+01 5.000000e+01
      vertex   2.795965e+01 -4.145188e+01 0.000000e+00
    endloop
  endfacet
  facet normal -5.299193e-01 8.480481e-01 -3.009723e-17
    outer loop
      vertex   2.795965e+01 -4.145188e+01 0.000000e+00
      vertex   2.500000e+01 -4.330127e+01 5.000000e+01
      vertex   2.795965e+01 -4.145188e+01 5.000000e+01
    endloop
  endfacet
  facet normal -5.877853e-01 8.090170e-01 -5.209039e-17
    outer loop
      vertex   2.795965e+01 -4.145188e+01 0.000000e+00
      vertex   2.795965e+01 -4.145188e+01 5.000000e+01
      vertex   3.078307e+01 -3.940054e+01 0.000000e+00
    endloop
  endfacet
  facet normal -5.877853e-01 8.090170e-01 -1.032573e-17
    outer loop
      vertex   3.078307e+01 -3.940054e+01 0.000000e+00
      vertex   2.795965e+01 -4.145188e+01 5.000000e+01
      vertex   3.078307e+01 -3.940054e+01 5.000000e+01
    endloop
  endfacet
  facet normal -6.427876e-01 7.660444e-01 -2.815696e-17
    outer loop
      vertex   3.078307e+01 -3.940054e+01 0.000000e+00
      vertex   3.078307e+01 -3.940054e+01 5.000000e+01
      vertex   3.345653e+01 -3.715724e+01 0.000000e+00
    endloop
  endfacet
  facet normal -6.427876e-01 7.660444e-01 -1.826912e-16
    outer loop
      vertex   3.345653e+01 -3.715724e+01 0.000000e+00
      vertex   3.078307e+01 -3.940054e+01 5.000000e+01
      vertex   3.345653e+01 -3.715724e+01 5.000000e+01
    endloop
  endfacet
  facet normal -6.946584e-01 7.193398e-01 -1.974338e-16
    outer loop
      vertex   3.345653e+01 -3.715724e+01 0.000000e+00
      vertex   3.345653e+01 -3.715724e+01 5.000000e+01
      vertex   3.596699e+01 -3.473292e+01 0.000000e+00
    endloop
  endfacet
  facet normal -6.946584e-01 7.193398e-01 1.022243e-16
    outer loop
      vertex   3.596699e+01 -3.473292e+01 0.000000e+00
      vertex   3.345653e+01 -3.715724e+01 5.000000e+01
      vertex   3.596699e+01 -3.473292e+01 5.000000e+01
    endloop
  endfacet
  facet normal -7.431448e-01 6.691306e-01 9.508918e-17
    outer loop
      vertex   3.596699e+01 -3.473292e+01 0.000000e+00
      vertex   3.596699e+01 -3.473292e+01 5.000000e+01
      vertex   3.830222e+01 -3.213938e+01 0.000000e+00
    endloop
  endfacet
  facet normal -7.431448e-01 6.691306e-01 0.000000e+00
    outer loop
      vertex   3.830222e+01 -3.213938e+01 0.000000e+00
      vertex   3.596699e+01 -3.473292e+01 5.000000e+01
      vertex   3.830222e+01 -3.213938e+01 5.000000e+01
    endloop
  endfacet
  facet normal -7.880108e-01 6.156615e-01 0.000000e+00
    outer loop
      vertex   3.830222e+01 -3.213938e+01 0.000000e+00
      vertex   3.830222e+01 -3.213938e+01 5.000000e+01
      vertex   4.045085e+01 -2.938926e+01 0.000000e+00
    endloop
  endfacet
  facet normal -7.880108e-01 6.156615e-01 0.000000e+00
    outer loop
      vertex   4.045085e+01 -2.938926e+01 0.000000e+00
      vertex   3.830222e+01 -3.213938e+01 5.000000e+01
      vertex   4.045085e+01 -2.938926e+01 5.000000e+01
    endloop
  endfacet
  facet normal -8.290376e-01 5.591929e-01 0.000000e+00
    outer loop
      vertex   4.045085e+01 -2.938926e+01 0.000000e+00
      vertex   4.045085e+01 -2.938926e+01 5.000000e+01
      vertex   4.240240e+01 -2.649596e+01 0.000000e+00
    endloop
  endfacet
  facet normal -8.290376e-01 5.591929e-01 0.000000e+00
    outer loop
      vertex   4.240240e+01 -2.649596e+01 0.000000e+00
      vertex   4.045085e+01 -2.938926e+01 5.000000e+01
      vertex   4.240240e+01 -2.649596e+01 5.000000e+01
    endloop
  endfacet
  facet normal -8.660254e-01 5.000000e-01 0.000000e+00
    outer loop
      vertex   4.240240e+01 -2.649596e+01 0.000000e+00
      vertex   4.240240e+01 -2.649596e+01 5.000000e+01
      vertex   4.414738e+01 -2.347358e+01 0.000000e+00
    endloop
  endfacet
  facet normal -8.660254e-01 5.000000e-01 1.421085e-16
    outer loop
      vertex   4.414738e+01 -2.347358e+01 0.000000e+00
      vertex   4.240240e+01 -2.649596e+01 5.000000e+01
      vertex   4.414738e+01 -2.347358e+01 5.000000e+01
    endloop
  endfacet
  facet normal -8.987940e-01 4.383711e-01 1.245926e-16
    outer loop
      vertex   4.414738e+01 -2.347358e+01 0.000000e+00
      vertex   4.414738e+01 -2.347358e+01 5.000000e+01
      vertex   4.567727e+01 -2.033683e+01 0.000000e+00
    endloop
  endfacet
  facet normal -8.987940e-01 4.383711e-01 0.000000e+00
    outer loop
      vertex   4.567727e+01 -2.033683e+01 0.000000e+00
      vertex   4.414738e+01 -2.347358e+01 5.000000e+01
      vertex   4.567727e+01 -2.033683e+01 5.000000e+01
    endloop
  endfacet
  facet normal -9.271839e-01 3.746066e-01 0.000000e+00
    outer loop
      vertex   4.567727e+01 -2.033683e+01 0.000000e+00
      vertex   4.567727e+01 -2.033683e+01 5.000000e+01
      vertex   4.698463e+01 -1.710101e+01 0.000000e+00
    endloop
  endfacet
  facet normal -9.271839e-01 3.746066e-01 0.000000e+00
    outer loop
      vertex   4.698463e+01 -1.710101e+01 0.000000e+00
      vertex   4.567727e+01 -2.033683e+01 5.000000e+01
      vertex   4.698463e+01 -1.710101e+01 5.000000e+01
    endloop
  endfacet
  facet normal -9.510565e-01 3.090170e-01 0.000000e+00
    outer loop
      vertex   4.698463e+01 -1.710101e+01 0.000000e+00
      vertex   4.698463e+01 -1.710101e+01 5.000000e+01
      vertex   4.806308e+01 -1.378187e+01 0.000000e+00
    endloop
  endfacet
  facet normal -9.510565e-01 3.090170e-01 -2.195698e-17
    outer loop
      vertex   4.806308e+01 -1.378187e+01 0.000000e+00
      vertex   4.698463e+01 -1.710101e+01 5.000000e+01
      vertex   4.806308e+01 -1.378187e+01 5.000000e+01
    endloop
  endfacet
  facet normal -9.702957e-01 2.419219e-01 -1.718958e-17
    outer loop
      vertex   4.806308e+01 -1.378187e+01 0.000000e+00
      vertex   4.806308e+01 -1.378187e+01 5.000000e+01
      vertex   4.890738e+01 -1.039558e+01 0.000000e+00
    endloop
  endfacet
  facet normal -9.702957e-01 2.419219e-01 -8.631856e-17
    outer loop
      vertex   4.890738e+01 -1.039558e+01 0.000000e+00
      vertex   4.806308e+01 -1.378187e+01 5.000000e+01
      vertex   4.890738e+01 -1.039558e+01 5.000000e+01
    endloop
  endfacet
  facet normal -9.848078e-01 1.736482e-01 -1.029343e-16
    outer loop
      vertex   4.890738e+01 -1.039558e+01 0.000000e+00
      vertex   4.890738e+01 -1.039558e+01 5.000000e+01
      vertex   4.951340e+01 -6.958655e+00 0.000000e+00
    endloop
  endfacet
  facet normal -9.848078e-01 1.736482e-01 4.009995e-17
    outer loop
      vertex   4.951340e+01 -6.958655e+00 0.000000e+00
      vertex   4.890738e+01 -1.039558e+01 5.000000e+01
      vertex   4.951340e+01 -6.958655e+00 5.000000e+01
    endloop
  endfacet
  facet normal -9.945219e-01 1.045285e-01 2.413838e-17
    outer loop
      vertex   4.951340e+01 -6.958655e+00 0.000000e+00
      vertex   4.951340e+01 -6.958655e+00 5.000000e+01
      vertex   4.987820e+01 -3.487824e+00 0.000000e+00
    endloop
  endfacet
  facet normal -9.945219e-01 1.045285e-01 0.000000e+00
    outer loop
      vertex   4.987820e+01 -3.487824e+00 0.000000e+00
      vertex   4.951340e+01 -6.958655e+00 5.000000e+01
      vertex   4.987820e+01 -3.487824e+00 5.000000e+01
    endloop
  endfacet
  facet normal -9.993908e-01 3.489950e-02 0.000000e+00
    outer loop
      vertex   4.987820e+01 -3.487824e+00 0.000000e+00
      vertex   4.987820e+01 -3.487824e+00 5.000000e+01
      vertex   5.000000e+01 0.000000e+00 0.000000e+00
    endloop
  endfacet
  facet normal -9.993908e-01 3.489950e-02 0.000000e+00
    outer loop
      vertex   5.000000e+01 0.000000e+00 0.000000e+00
      vertex   4.987820e+01 -3.487824e+00 5.000000e+01
      vertex   5.000000e+01 0.000000e+00 5.000000e+01
    endloop
  endfacet
  facet normal -9.993908e-01 -3.489950e-02 0.000000e+00
    outer loop
      vertex   5.000000e+01 0.000000e+00 0.000000e+00
      vertex   5.000000e+01 0.000000e+00 5.000000e+01
      vertex   4.987820e+01 3.487824e+00 0.000000e+00
    endloop
  endfacet
  facet normal -9.993908e-01 -3.489950e-02 0.000000e+00
    outer loop
      vertex   4.987820e+01 3.487824e+00 0.000000e+00
      vertex   5.000000e+01 0.000000e+00 5.000000e+01
      vertex   4.987820e+01 3.487824e+00 5.000000e+01
    endloop
  endfacet
  facet normal -9.945219e-01 -1.045285e-01 0.000000e+00
    outer loop
      vertex   4.987820e+01 3.487824e+00 0.000000e+00
      vertex   4.987820e+01 3.487824e+00 5.000000e+01
      vertex   4.951340e+01 6.958655e+00 0.000000e+00
    endloop
  endfacet
  facet normal -9.945219e-01 -1.045285e-01 -2.228158e-17
    outer loop
      vertex   4.951340e+01 6.958655e+00 0.000000e+00
      vertex   4.987820e+01 3.487824e+00 5.000000e+01
      vertex   4.951340e+01 6.958655e+00 5.000000e+01
    endloop
  endfacet
  facet normal -9.848078e-01 -1.736482e-01 -3.701534e-17
    outer loop
      vertex   4.951340e+01 6.958655e+00 0.000000e+00
      vertex   4.951340e+01 6.958655e+00 5.000000e+01
      vertex   4.890738e+01 1.039558e+01 0.000000e+00
    endloop
  endfacet
  facet normal -9.848078e-01 -1.736482e-01 -3.701534e-17
    outer loop
      vertex   4.890738e+01 1.039558e+01 0.000000e+00
      vertex   4.951340e+01 6.958655e+00 5.000000e+01
      vertex   4.890738e+01 1.039558e+01 5.000000e+01
    endloop
  endfacet
  facet normal -9.702957e-01 -2.419219e-01 -5.156875e-17
    outer loop
      vertex   4.890738e+01 1.039558e+01 0.000000e+00
      vertex   4.890738e+01 1.039558e+01 5.000000e+01
      vertex   4.806308e+01 1.378187e+01 0.000000e+00
    endloop
  endfacet
  facet normal -9.702957e-01 -2.419219e-01 -1.718958e-17
    outer loop
      vertex   4.806308e+01 1.378187e+01 0.000000e+00
      vertex   4.890738e+01 1.039558e+01 5.000000e+01
      vertex   4.806308e+01 1.378187e+01 5.000000e+01
    endloop
  endfacet
  facet normal -9.510565e-01 -3.090170e-01 -2.195698e-17
    outer loop
      vertex   4.806308e+01 1.378187e+01 0.000000e+00
      vertex   4.806308e+01 1.378187e+01 5.000000e+01
      vertex   4.698463e+01 1.710101e+01 0.000000e+00
    endloop
  endfacet
  facet normal -9.510565e-01 -3.090170e-01 0.000000e+00
    outer loop
      vertex   4.698463e+01 1.710101e+01 0.000000e+00
      vertex   4.806308e+01 1.378187e+01 5.000000e+01
      vertex   4.698463e+01 1.710101e+01 5.000000e+01
    endloop
  endfacet
  facet normal -9.271839e-01 -3.746066e-01 0.000000e+00
    outer loop
      vertex   4.698463e+01 1.710101e+01 0.000000e+00
      vertex   4.698463e+01 1.710101e+01 5.000000e+01
      vertex   4.567727e+01 2.033683e+01 0.000000e+00
    endloop
  endfacet
  facet normal -9.271839e-01 -3.746066e-01 0.000000e+00
    outer loop
      vertex   4.567727e+01 2.033683e+01 0.000000e+00
      vertex   4.698463e+01 1.710101e+01 5.000000e+01
      vertex   4.567727e+01 2.033683e+01 5.000000e+01
    endloop
  endfacet
  facet normal -8.987940e-01 -4.383711e-01 0.000000e+00
    outer loop
      vertex   4.567727e+01 2.033683e+01 0.000000e+00
      vertex   4.567727e+01 2.033683e+01 5.000000e+01
      vertex   4.414738e+01 2.347358e+01 0.000000e+00
    endloop
  endfacet
  facet normal -8.987940e-01 -4.383711e-01 1.931563e-16
    outer loop
      vertex   4.414738e+01 2.347358e+01 0.000000e+00
      vertex   4.567727e+01 2.033683e+01 5.000000e+01
      vertex   4.414738e+01 2.347358e+01 5.000000e+01
    endloop
  endfacet
  facet normal -8.660254e-01 -5.000000e-01 1.750850e-16
    outer loop
      vertex   4.414738e+01 2.347358e+01 0.000000e+00
      vertex   4.414738e+01 2.347358e+01 5.000000e+01
      vertex   4.240240e+01 2.649596e+01 0.000000e+00
    endloop
  endfacet
  facet normal -8.660254e-01 -5.000000e-01 0.000000e+00
    outer loop
      vertex   4.240240e+01 2.649596e+01 0.000000e+00
      vertex   4.414738e+01 2.347358e+01 5.000000e+01
      vertex   4.240240e+01 2.649596e+01 5.000000e+01
    endloop
  endfacet
  facet normal -8.290376e-01 -5.591929e-01 0.000000e+00
    outer loop
      vertex   4.240240e+01 2.649596e+01 0.000000e+00
      vertex   4.240240e+01 2.649596e+01 5.000000e+01
      vertex   4.045085e+01 2.938926e+01 0.000000e+00
    endloop
  endfacet
  facet normal -8.290376e-01 -5.591929e-01 0.000000e+00
    outer loop
      vertex   4.045085e+01 2.938926e+01 0.000000e+00
      vertex   4.240240e+01 2.649596e+01 5.000000e+01
      vertex   4.045085e+01 2.938926e+01 5.000000e+01
    endloop
  endfacet
  facet normal -7.880108e-01 -6.156615e-01 0.000000e+00
    outer loop
      vertex   4.045085e+01 2.938926e+01 0.000000e+00
      vertex   4.045085e+01 2.938926e+01 5.000000e+01
      vertex   3.830222e+01 3.213938e+01 0.000000e+00
    endloop
  endfacet
  facet normal -7.880108e-01 -6.156615e-01 0.000000e+00
    outer loop
      vertex   3.830222e+01 3.213938e+01 0.000000e+00
      vertex   4.045085e+01 2.938926e+01 5.000000e+01
      vertex   3.830222e+01 3.213938e+01 5.000000e+01
    endloop
  endfacet
  facet normal -7.431448e-01 -6.691306e-01 0.000000e+00
    outer loop
      vertex   3.830222e+01 3.213938e+01 0.000000e+00
      vertex   3.830222e+01 3.213938e+01 5.000000e+01
      vertex   3.596699e+01 3.473292e+01 0.000000e+00
    endloop
  endfacet
  facet normal -7.431448e-01 -6.691306e-01 1.161253e-16
    outer loop
      vertex   3.596699e+01 3.473292e+01 0.000000e+00
      vertex   3.830222e+01 3.213938e+01 5.000000e+01
      vertex   3.596699e+01 3.473292e+01 5.000000e+01
    endloop
  endfacet
  facet normal -6.946584e-01 -7.193398e-01 9.520945e-17
    outer loop
      vertex   3.596699e+01 3.473292e+01 0.000000e+00
      vertex   3.596699e+01 3.473292e+01 5.000000e+01
      vertex   3.345653e+01 3.715724e+01 0.000000e+00
    endloop
  endfacet
  facet normal -6.946584e-01 -7.193398e-01 -3.507442e-18
    outer loop
      vertex   3.345653e+01 3.715724e+01 0.000000e+00
      vertex   3.596699e+01 3.473292e+01 5.000000e+01
      vertex   3.345653e+01 3.715724e+01 5.000000e+01
    endloop
  endfacet
  facet normal -6.427876e-01 -7.660444e-01 -1.751585e-17
    outer loop
      vertex   3.345653e+01 3.715724e+01 0.000000e+00
      vertex   3.345653e+01 3.715724e+01 5.000000e+01
      vertex   3.078307e+01 3.940054e+01 0.000000e+00
    endloop
  endfacet
  facet normal -6.427876e-01 -7.660444e-01 -8.070451e-17
    outer loop
      vertex   3.078307e+01 3.940054e+01 0.000000e+00
      vertex   3.345653e+01 3.715724e+01 5.000000e+01
      vertex   3.078307e+01 3.940054e+01 5.000000e+01
    endloop
  endfacet
  facet normal -5.877853e-01 -8.090170e-01 -1.046425e-16
    outer loop
      vertex   3.078307e+01 3.940054e+01 0.000000e+00
      vertex   3.078307e+01 3.940054e+01 5.000000e+01
      vertex   2.795965e+01 4.145188e+01 0.000000e+00
    endloop
  endfacet
  facet normal -5.877853e-01 -8.090170e-01 4.176465e-17
    outer loop
      vertex   2.795965e+01 4.145188e+01 0.000000e+00
      vertex   3.078307e+01 3.940054e+01 5.000000e+01
      vertex   2.795965e+01 4.145188e+01 5.000000e+01
    endloop
  endfacet
  facet normal -5.299193e-01 -8.480481e-01 3.765303e-17
    outer loop
      vertex   2.795965e+01 4.145188e+01 0.000000e+00
      vertex   2.795965e+01 4.145188e+01 5.000000e+01
      vertex   2.500000e+01 4.330127e+01 0.000000e+00
    endloop
  endfacet
  facet normal -5.299193e-01 -8.480481e-01 9.041765e-17
    outer loop
      vertex   2.500000e+01 4.330127e+01 0.000000e+00
      vertex   2.795965e+01 4.145188e+01 5.000000e+01
      vertex   2.500000e+01 4.330127e+01 5.000000e+01
    endloop
  endfacet
  facet normal -4.694716e-01 -8.829476e-01 1.175170e-16
    outer loop
      vertex   2.500000e+01 4.330127e+01 0.000000e+00
      vertex   2.500000e+01 4.330127e+01 5.000000e+01
      vertex   2.191856e+01 4.493970e+01 0.000000e+00
    endloop
  endfacet
  facet normal -4.694716e-01 -8.829476e-01 0.000000e+00
    outer loop
      vertex   2.191856e+01 4.493970e+01 0.000000e+00
      vertex   2.500000e+01 4.330127e+01 5.000000e+01
      vertex   2.191856e+01 4.493970e+01 5.000000e+01
    endloop
  endfacet
  facet normal -4.067366e-01 -9.135455e-01 0.000000e+00
    outer loop
      vertex   2.191856e+01 4.493970e+01 0.000000e+00
      vertex   2.191856e+01 4.493970e+01 5.000000e+01
      vertex   1.873033e+01 4.635919e+01 0.000000e+00
    endloop
  endfacet
  facet normal -4.067366e-01 -9.135455e-01 0.000000e+00
    outer loop
      vertex   1.873033e+01 4.635919e+01 0.000000e+00
      vertex   2.191856e+01 4.493970e+01 5.000000e+01
      vertex   1.873033e+01 4.635919e+01 5.000000e+01
    endloop
  endfacet
  facet normal -3.420201e-01 -9.396926e-01 0.000000e+00
    outer loop
      vertex   1.873033e+01 4.635919e+01 0.000000e+00
      vertex   1.873033e+01 4.635919e+01 5.000000e+01
      vertex   1.545085e+01 4.755283e+01 0.000000e+00
    endloop
  endfacet
  facet normal -3.420201e-01 -9.396926e-01 0.000000e+00
    outer loop
      vertex   1.545085e+01 4.755283e+01 0.000000e+00
      vertex   1.873033e+01 4.635919e+01 5.000000e+01
      vertex   1.545085e+01 4.755283e+01 5.000000e+01
    endloop
  endfacet
  facet normal -2.756374e-01 -9.612617e-01 0.000000e+00
    outer loop
      vertex   1.545085e+01 4.755283e+01 0.000000e+00
      vertex   1.545085e+01 4.755283e+01 5.000000e+01
      vertex   1.209609e+01 4.851479e+01 0.000000e+00
    endloop
  endfacet
  facet normal -2.756374e-01 -9.612617e-01 0.000000e+00
    outer loop
      vertex   1.209609e+01 4.851479e+01 0.000000e+00
      vertex   1.545085e+01 4.755283e+01 5.000000e+01
      vertex   1.209609e+01 4.851479e+01 5.000000e+01
    endloop
  endfacet
  facet normal -2.079117e-01 -9.781476e-01 0.000000e+00
    outer loop
      vertex   1.209609e+01 4.851479e+01 0.000000e+00
      vertex   1.209609e+01 4.851479e+01 5.000000e+01
      vertex   8.682409e+00 4.924039e+01 0.000000e+00
    endloop
  endfacet
  facet normal -2.079117e-01 -9.781476e-01 0.000000e+00
    outer loop
      vertex   8.682409e+00 4.924039e+01 0.000000e+00
      vertex   1.209609e+01 4.851479e+01 5.000000e+01
      vertex   8.682409e+00 4.924039e+01 5.000000e+01
    endloop
  endfacet
  facet normal -1.391731e-01 -9.902681e-01 0.000000e+00
    outer loop
      vertex   8.682409e+00 4.924039e+01 0.000000e+00
      vertex   8.682409e+00 4.924039e+01 5.000000e+01
      vertex   5.226423e+00 4.972609e+01 0.000000e+00
    endloop
  endfacet
  facet normal -1.391731e-01 -9.902681e-01 3.213874e-17
    outer loop
      vertex   5.226423e+00 4.972609e+01 0.000000e+00
      vertex   8.682409e+00 4.924039e+01 5.000000e+01
      vertex   5.226423e+00 4.972609e+01 5.000000e+01
    endloop
  endfacet
  facet normal -6.975647e-02 -9.975641e-01 1.610861e-17
    outer loop
      vertex   5.226423e+00 4.972609e+01 0.000000e+00
      vertex   5.226423e+00 4.972609e+01 5.000000e+01
      vertex   1.744975e+00 4.996954e+01 0.000000e+00
    endloop
  endfacet
  facet normal -6.975647e-02 -9.975641e-01 1.548905e-17
    outer loop
      vertex   1.744975e+00 4.996954e+01 0.000000e+00
      vertex   5.226423e+00 4.972609e+01 5.000000e+01
      vertex   1.744975e+00 4.996954e+01 5.000000e+01
    endloop
  endfacet
  facet normal 0.000000e+00 -1.000000e+00 0.000000e+00
    outer loop
      vertex   1.744975e+00 4.996954e+01 0.000000e+00
      vertex   1.744975e+00 4.996954e+01 5.000000e+01
      vertex   -1.744975e+00 4.996954e+01 0.000000e+00
    endloop
  endfacet
  facet normal 0.000000e+00 -1.000000e+00 0.000000e+00
    outer loop
      vertex   -1.744975e+00 4.996954e+01 0.000000e+00
      vertex   1.744975e+00 4.996954e+01 5.000000e+01
      vertex   -1.744975e+00 4.996954e+01 5.000000e+01
    endloop
  endfacet
  facet normal 6.975647e-02 -9.975641e-01 -1.548905e-17
    outer loop
      vertex   -1.744975e+00 4.996954e+01 0.000000e+00
      vertex   -1.744975e+00 4.996954e+01 5.000000e+01
      vertex   -5.226423e+00 4.972609e+01 0.000000e+00
    endloop
  endfacet
  facet normal 6.975647e-02 -9.975641e-01 0.000000e+00
    outer loop
      vertex   -5.226423e+00 4.972609e+01 0.000000e+00
      vertex   -1.744975e+00 4.996954e+01 5.000000e+01
      vertex   -5.226423e+00 4.972609e+01 5.000000e+01
    endloop
  endfacet
  facet normal 1.391731e-01 -9.902681e-01 0.000000e+00
    outer loop
      vertex   -5.226423e+00 4.972609e+01 0.000000e+00
      vertex   -5.226423e+00 4.972609e+01 5.000000e+01
      vertex   -8.682409e+00 4.924039e+01 0.000000e+00
    endloop
  endfacet
  facet normal 1.391731e-01 -9.902681e-01 0.000000e+00
    outer loop
      vertex   -8.682409e+00 4.924039e+01 0.000000e+00
      vertex   -5.226423e+00 4.972609e+01 5.000000e+01
      vertex   -8.682409e+00 4.924039e+01 5.000000e+01
    endloop
  endfacet
  facet normal 2.079117e-01 -9.781476e-01 0.000000e+00
    outer loop
      vertex   -8.682409e+00 4.924039e+01 0.000000e+00
      vertex   -8.682409e+00 4.924039e+01 5.000000e+01
      vertex   -1.209609e+01 4.851479e+01 0.000000e+00
    endloop
  endfacet
  facet normal 2.079117e-01 -9.781476e-01 0.000000e+00
    outer loop
      vertex   -1.209609e+01 4.851479e+01 0.000000e+00
      vertex   -8.682409e+00 4.924039e+01 5.000000e+01
      vertex   -1.209609e+01 4.851479e+01 5.000000e+01
    endloop
  endfacet
  facet normal 2.756374e-01 -9.612617e-01 0.000000e+00
    outer loop
      vertex   -1.209609e+01 4.851479e+01 0.000000e+00
      vertex   -1.209609e+01 4.851479e+01 5.000000e+01
      vertex   -1.545085e+01 4.755283e+01 0.000000e+00
    endloop
  endfacet
  facet normal 2.756374e-01 -9.612617e-01 0.000000e+00
    outer loop
      vertex   -1.545085e+01 4.755283e+01 0.000000e+00
      vertex   -1.209609e+01 4.851479e+01 5.000000e+01
      vertex   -1.545085e+01 4.755283e+01 5.000000e+01
    endloop
  endfacet
  facet normal 3.420201e-01 -9.396926e-01 0.000000e+00
    outer loop
      vertex   -1.545085e+01 4.755283e+01 0.000000e+00
      vertex   -1.545085e+01 4.755283e+01 5.000000e+01
      vertex   -1.873033e+01 4.635919e+01 0.000000e+00
    endloop
  endfacet
  facet normal 3.420201e-01 -9.396926e-01 0.000000e+00
    outer loop
      vertex   -1.873033e+01 4.635919e+01 0.000000e+00
      vertex   -1.545085e+01 4.755283e+01 5.000000e+01
      vertex   -1.873033e+01 4.635919e+01 5.000000e+01
    endloop
  endfacet
  facet normal 4.067366e-01 -9.135455e-01 0.000000e+00
    outer loop
      vertex   -1.873033e+01 4.635919e+01 0.000000e+00
      vertex   -1.873033e+01 4.635919e+01 5.000000e+01
      vertex   -2.191856e+01 4.493970e+01 0.000000e+00
    endloop
  endfacet
  facet normal 4.067366e-01 -9.135455e-01 0.000000e+00
    outer loop
      vertex   -2.191856e+01 4.493970e+01 0.000000e+00
      vertex   -1.873033e+01 4.635919e+01 5.000000e+01
      vertex   -2.191856e+01 4.493970e+01 5.000000e+01
    endloop
  endfacet
  facet normal 4.694716e-01 -8.829476e-01 0.000000e+00
    outer loop
      vertex   -2.191856e+01 4.493970e+01 0.000000e+00
      vertex   -2.191856e+01 4.493970e+01 5.000000e+01
      vertex   -2.500000e+01 4.330127e+01 0.000000e+00
    endloop
  endfacet
  facet normal 4.694716e-01 -8.829476e-01 0.000000e+00
    outer loop
      vertex   -2.500000e+01 4.330127e+01 0.000000e+00
      vertex   -2.191856e+01 4.493970e+01 5.000000e+01
      vertex   -2.500000e+01 4.330127e+01 5.000000e+01
    endloop
  endfacet
  facet normal 5.299193e-01 -8.480481e-01 0.000000e+00
    outer loop
      vertex   -2.500000e+01 4.330127e+01 0.000000e+00
      vertex   -2.500000e+01 4.330127e+01 5.000000e+01
      vertex   -2.795965e+01 4.145188e+01 0.000000e+00
    endloop
  endfacet
  facet normal 5.299193e-01 -8.480481e-01 0.000000e+00
    outer loop
      vertex   -2.795965e+01 4.145188e+01 0.000000e+00
      vertex   -2.500000e+01 4.330127e+01 5.000000e+01
      vertex   -2.795965e+01 4.145188e+01 5.000000e+01
    endloop
  endfacet
  facet normal 5.877853e-01 -8.090170e-01 0.000000e+00
    outer loop
      vertex   -2.795965e+01 4.145188e+01 0.000000e+00
      vertex   -2.795965e+01 4.145188e+01 5.000000e+01
      vertex   -3.078307e+01 3.940054e+01 0.000000e+00
    endloop
  endfacet
  facet normal 5.877853e-01 -8.090170e-01 0.000000e+00
    outer loop
      vertex   -3.078307e+01 3.940054e+01 0.000000e+00
      vertex   -2.795965e+01 4.145188e+01 5.000000e+01
      vertex   -3.078307e+01 3.940054e+01 5.000000e+01
    endloop
  endfacet
  facet normal 6.427876e-01 -7.660444e-01 0.000000e+00
    outer loop
      vertex   -3.078307e+01 3.940054e+01 0.000000e+00
      vertex   -3.078307e+01 3.940054e+01 5.000000e+01
      vertex   -3.345653e+01 3.715724e+01 0.000000e+00
    endloop
  endfacet
  facet normal 6.427876e-01 -7.660444e-01 0.000000e+00
    outer loop
      vertex   -3.345653e+01 3.715724e+01 0.000000e+00
      vertex   -3.078307e+01 3.940054e+01 5.000000e+01
      vertex   -3.345653e+01 3.715724e+01 5.000000e+01
    endloop
  endfacet
  facet normal 6.946584e-01 -7.193398e-01 0.000000e+00
    outer loop
      vertex   -3.345653e+01 3.715724e+01 0.000000e+00
      vertex   -3.345653e+01 3.715724e+01 5.000000e+01
      vertex   -3.596699e+01 3.473292e+01 0.000000e+00
    endloop
  endfacet
  facet normal 6.946584e-01 -7.193398e-01 0.000000e+00
    outer loop
      vertex   -3.596699e+01 3.473292e+01 0.000000e+00
      vertex   -3.345653e+01 3.715724e+01 5.000000e+01
      vertex   -3.596699e+01 3.473292e+01 5.000000e+01
    endloop
  endfacet
  facet normal 7.431448e-01 -6.691306e-01 0.000000e+00
    outer loop
      vertex   -3.596699e+01 3.473292e+01 0.000000e+00
      vertex   -3.596699e+01 3.473292e+01 5.000000e+01
      vertex   -3.830222e+01 3.213938e+01 0.000000e+00
    endloop
  endfacet
  facet normal 7.431448e-01 -6.691306e-01 0.000000e+00
    outer loop
      vertex   -3.830222e+01 3.213938e+01 0.000000e+00
      vertex   -3.596699e+01 3.473292e+01 5.000000e+01
      vertex   -3.830222e+01 3.213938e+01 5.000000e+01
    endloop
  endfacet
  facet normal 7.880108e-01 -6.156615e-01 0.000000e+00
    outer loop
      vertex   -3.830222e+01 3.213938e+01 0.000000e+00
      vertex   -3.830222e+01 3.213938e+01 5.000000e+01
      vertex   -4.045085e+01 2.938926e+01 0.000000e+00
    endloop
  endfacet
  facet normal 7.880108e-01 -6.156615e-01 0.000000e+00
    outer loop
      vertex   -4.045085e+01 2.938926e+01 0.000000e+00
      vertex   -3.830222e+01 3.213938e+01 5.000000e+01
      vertex   -4.045085e+01 2.938926e+01 5.000000e+01
    endloop
  endfacet
  facet normal 8.290376e-01 -5.591929e-01 0.000000e+00
    outer loop
      vertex   -4.045085e+01 2.938926e+01 0.000000e+00
      vertex   -4.045085e+01 2.938926e+01 5.000000e+01
      vertex   -4.240240e+01 2.649596e+01 0.000000e+00
    endloop
  endfacet
  facet normal 8.290376e-01 -5.591929e-01 0.000000e+00
    outer loop
      vertex   -4.240240e+01 2.649596e+01 0.000000e+00
      vertex   -4.045085e+01 2.938926e+01 5.000000e+01
      vertex   -4.240240e+01 2.649596e+01 5.000000e+01
    endloop
  endfacet
  facet normal 8.660254e-01 -5.000000e-01 0.000000e+00
    outer loop
      vertex   -4.240240e+01 2.649596e+01 0.000000e+00
      vertex   -4.240240e+01 2.649596e+01 5.000000e+01
      vertex   -4.414738e+01 2.347358e+01 0.000000e+00
    endloop
  endfacet
  facet normal 8.660254e-01 -5.000000e-01 0.000000e+00
    outer loop
      vertex   -4.414738e+01 2.347358e+01 0.000000e+00
      vertex   -4.240240e+01 2.649596e+01 5.000000e+01
      vertex   -4.414738e+01 2.347358e+01 5.000000e+01
    endloop
  endfacet
  facet normal 8.987940e-01 -4.383711e-01 0.000000e+00
    outer loop
      vertex   -4.414738e+01 2.347358e+01 0.000000e+00
      vertex   -4.414738e+01 2.347358e+01 5.000000e+01
      vertex   -4.567727e+01 2.033683e+01 0.000000e+00
    endloop
  endfacet
  facet normal 8.987940e-01 -4.383711e-01 0.000000e+00
    outer loop
      vertex   -4.567727e+01 2.033683e+01 0.000000e+00
      vertex   -4.414738e+01 2.347358e+01 5.000000e+01
      vertex   -4.567727e+01 2.033683e+01 5.000000e+01
    endloop
  endfacet
  facet normal 9.271839e-01 -3.746066e-01 0.000000e+00
    outer loop
      vertex   -4.567727e+01 2.033683e+01 0.000000e+00
      vertex   -4.567727e+01 2.033683e+01 5.000000e+01
      vertex   -4.698463e+01 1.710101e+01 0.000000e+00
    endloop
  endfacet
  facet normal 9.271839e-01 -3.746066e-01 0.000000e+00
    outer loop
      vertex   -4.698463e+01 1.710101e+01 0.000000e+00
      vertex   -4.567727e+01 2.033683e+01 5.000000e+01
      vertex   -4.698463e+01 1.710101e+01 5.000000e+01
    endloop
  endfacet
  facet normal 9.510565e-01 -3.090170e-01 0.000000e+00
    outer loop
      vertex   -4.698463e+01 1.710101e+01 0.000000e+00
      vertex   -4.698463e+01 1.710101e+01 5.000000e+01
      vertex   -4.806308e+01 1.378187e+01 0.000000e+00
    endloop
  endfacet
  facet normal 9.510565e-01 -3.090170e-01 0.000000e+00
    outer loop
      vertex   -4.806308e+01 1.378187e+01 0.000000e+00
      vertex   -4.698463e+01 1.710101e+01 5.000000e+01
      vertex   -4.806308e+01 1.378187e+01 5.000000e+01
    endloop
  endfacet
  facet normal 9.702957e-01 -2.419219e-01 0.000000e+00
    outer loop
      vertex   -4.806308e+01 1.378187e+01 0.000000e+00
      vertex   -4.806308e+01 1.378187e+01 5.000000e+01
      vertex   -4.890738e+01 1.039558e+01 0.000000e+00
    endloop
  endfacet
  facet normal 9.702957e-01 -2.419219e-01 0.000000e+00
    outer loop
      vertex   -4.890738e+01 1.039558e+01 0.000000e+00
      vertex   -4.806308e+01 1.378187e+01 5.000000e+01
      vertex   -4.890738e+01 1.039558e+01 5.000000e+01
    endloop
  endfacet
  facet normal 9.848078e-01 -1.736482e-01 0.000000e+00
    outer loop
      vertex   -4.890738e+01 1.039558e+01 0.000000e+00
      vertex   -4.890738e+01 1.039558e+01 5.000000e+01
      vertex   -4.951340e+01 6.958655e+00 0.000000e+00
    endloop
  endfacet
  facet normal 9.848078e-01 -1.736482e-01 0.000000e+00
    outer loop
      vertex   -4.951340e+01 6.958655e+00 0.000000e+00
      vertex   -4.890738e+01 1.039558e+01 5.000000e+01
      vertex   -4.951340e+01 6.958655e+00 5.000000e+01
    endloop
  endfacet
  facet normal 9.945219e-01 -1.045285e-01 0.000000e+00
    outer loop
      vertex   -4.951340e+01 6.958655e+00 0.000000e+00
      vertex   -4.951340e+01 6.958655e+00 5.000000e+01
      vertex   -4.987820e+01 3.487824e+00 0.000000e+00
    endloop
  endfacet
  facet normal 9.945219e-01 -1.045285e-01 0.000000e+00
    outer loop
      vertex   -4.987820e+01 3.487824e+00 0.000000e+00
      vertex   -4.951340e+01 6.958655e+00 5.000000e+01
      vertex   -4.987820e+01 3.487824e+00 5.000000e+01
    endloop
  endfacet
  facet normal 9.844315e-01 -1.296029e-01 1.187342e-01
    outer loop
      vertex   -3.096593e+01 2.588190e-01 -4.500000e+00
      vertex   -3.110956e+01 8.518588e-02 -3.498656e+00
      vertex   -3.100000e+01 1.224647e-16 -4.500000e+00
    endloop
  endfacet
  facet normal 9.940677e-01 0.000000e+00 1.087630e-01
    outer loop
      vertex   -3.100000e+01 1.224647e-16 -4.500000e+00
      vertex   -3.110956e+01 8.518588e-02 -3.498656e+00
      vertex   -3.110956e+01 -8.518588e-02 -3.498656e+00
    endloop
  endfacet
  facet normal 9.811106e-01 1.515418e-01 1.202372e-01
    outer loop
      vertex   -3.100000e+01 1.224647e-16 -4.500000e+00
      vertex   -3.110956e+01 -8.518588e-02 -3.498656e+00
      vertex   -3.108355e+01 -2.535609e-01 -3.498656e+00
    endloop
  endfacet
  facet normal 9.331197e-01 1.441292e-01 3.294153e-01
    outer loop
      vertex   -3.108355e+01 -2.535609e-01 -3.498656e+00
      vertex   -3.110956e+01 -8.518588e-02 -3.498656e+00
      vertex   -3.144140e+01 -1.106627e-01 -2.547523e+00
    endloop
  endfacet
  facet normal 9.331197e-01 1.441292e-01 3.294153e-01
    outer loop
      vertex   -3.108355e+01 -2.535609e-01 -3.498656e+00
      vertex   -3.144140e+01 -1.106627e-01 -2.547523e+00
      vertex   -3.140761e+01 -3.293942e-01 -2.547523e+00
    endloop
  endfacet
  facet normal 8.374958e-01 1.293592e-01 5.309115e-01
    outer loop
      vertex   -3.140761e+01 -3.293942e-01 -2.547523e+00
      vertex   -3.144140e+01 -1.106627e-01 -2.547523e+00
      vertex   -3.197594e+01 -1.517021e-01 -1.694296e+00
    endloop
  endfacet
  facet normal 8.374958e-01 1.293592e-01 5.309115e-01
    outer loop
      vertex   -3.140761e+01 -3.293942e-01 -2.547523e+00
      vertex   -3.197594e+01 -1.517021e-01 -1.694296e+00
      vertex   -3.192963e+01 -4.515506e-01 -1.694296e+00
    endloop
  endfacet
  facet normal 6.998458e-01 1.080978e-01 7.060671e-01
    outer loop
      vertex   -3.192963e+01 -4.515506e-01 -1.694296e+00
      vertex   -3.197594e+01 -1.517021e-01 -1.694296e+00
      vertex   -3.268639e+01 -2.062463e-01 -9.817583e-01
    endloop
  endfacet
  facet normal 6.998458e-01 1.080978e-01 7.060671e-01
    outer loop
      vertex   -3.192963e+01 -4.515506e-01 -1.694296e+00
      vertex   -3.268639e+01 -2.062463e-01 -9.817583e-01
      vertex   -3.262342e+01 -6.139048e-01 -9.817583e-01
    endloop
  endfacet
  facet normal 5.269048e-01 8.138545e-02 8.460187e-01
    outer loop
      vertex   -3.262342e+01 -6.139048e-01 -9.817583e-01
      vertex   -3.268639e+01 -2.062463e-01 -9.817583e-01
      vertex   -3.353711e+01 -2.715602e-01 -4.456401e-01
    endloop
  endfacet
  facet normal 5.269048e-01 8.138545e-02 8.460187e-01
    outer loop
      vertex   -3.262342e+01 -6.139048e-01 -9.817583e-01
      vertex   -3.353711e+01 -2.715602e-01 -4.456401e-01
      vertex   -3.345421e+01 -8.083156e-01 -4.456401e-01
    endloop
  endfacet
  facet normal 3.272637e-01 5.054898e-02 9.435800e-01
    outer loop
      vertex   -3.345421e+01 -8.083156e-01 -4.456401e-01
      vertex   -3.353711e+01 -2.715602e-01 -4.456401e-01
      vertex   -3.448546e+01 -3.443687e-01 -1.128244e-01
    endloop
  endfacet
  facet normal 3.272637e-01 5.054898e-02 9.435800e-01
    outer loop
      vertex   -3.345421e+01 -8.083156e-01 -4.456401e-01
      vertex   -3.448546e+01 -3.443687e-01 -1.128244e-01
      vertex   -3.438032e+01 -1.025035e+00 -1.128244e-01
    endloop
  endfacet
  facet normal 1.101613e-01 1.701546e-02 9.937681e-01
    outer loop
      vertex   -3.438032e+01 -1.025035e+00 -1.128244e-01
      vertex   -3.448546e+01 -3.443687e-01 -1.128244e-01
      vertex   -3.537981e+01 -1.143514e+00 0.000000e+00
    endloop
  endfacet
  facet normal 1.080986e-01 3.420989e-02 9.935514e-01
    outer loop
      vertex   -3.438032e+01 -1.025035e+00 -1.128244e-01
      vertex   -3.537981e+01 -1.143514e+00 0.000000e+00
      vertex   -3.417251e+01 -1.681674e+00 -1.128244e-01
    endloop
  endfacet
  facet normal 1.085652e-01 3.527496e-02 9.934633e-01
    outer loop
      vertex   -3.417251e+01 -1.681674e+00 -1.128244e-01
      vertex   -3.537981e+01 -1.143514e+00 0.000000e+00
      vertex   -3.502450e+01 -2.237052e+00 0.000000e+00
    endloop
  endfacet
  facet normal 9.949409e-02 4.926266e-02 9.938179e-01
    outer loop
      vertex   -3.417251e+01 -1.681674e+00 -1.128244e-01
      vertex   -3.502450e+01 -2.237052e+00 0.000000e+00
      vertex   -3.386691e+01 -2.298897e+00 -1.128244e-01
    endloop
  endfacet
  facet normal 9.989547e-02 5.767468e-02 9.933250e-01
    outer loop
      vertex   -3.386691e+01 -2.298897e+00 -1.128244e-01
      vertex   -3.502450e+01 -2.237052e+00 0.000000e+00
      vertex   -3.444959e+01 -3.232819e+00 0.000000e+00
    endloop
  endfacet
  facet normal 9.045905e-02 6.362748e-02 9.938655e-01
    outer loop
      vertex   -3.386691e+01 -2.298897e+00 -1.128244e-01
      vertex   -3.444959e+01 -3.232819e+00 0.000000e+00
      vertex   -3.347066e+01 -2.862236e+00 -1.128244e-01
    endloop
  endfacet
  facet normal 8.538540e-02 7.688136e-02 9.933774e-01
    outer loop
      vertex   -3.347066e+01 -2.862236e+00 -1.128244e-01
      vertex   -3.444959e+01 -3.232819e+00 0.000000e+00
      vertex   -3.368022e+01 -4.087297e+00 0.000000e+00
    endloop
  endfacet
  facet normal 8.074122e-02 7.770563e-02 9.937015e-01
    outer loop
      vertex   -3.347066e+01 -2.862236e+00 -1.128244e-01
      vertex   -3.368022e+01 -4.087297e+00 0.000000e+00
      vertex   -3.299307e+01 -3.358486e+00 -1.128244e-01
    endloop
  endfacet
  facet normal 6.822287e-02 8.949999e-02 9.936475e-01
    outer loop
      vertex   -3.299307e+01 -3.358486e+00 -1.128244e-01
      vertex   -3.368022e+01 -4.087297e+00 0.000000e+00
      vertex   -3.244532e+01 -3.776016e+00 -1.128244e-01
    endloop
  endfacet
  facet normal 2.007483e-01 2.633569e-01 9.435800e-01
    outer loop
      vertex   -3.299307e+01 -3.358486e+00 -1.128244e-01
      vertex   -3.244532e+01 -3.776016e+00 -1.128244e-01
      vertex   -3.192832e+01 -2.977668e+00 -4.456401e-01
    endloop
  endfacet
  facet normal 1.581943e-01 2.909146e-01 9.435800e-01
    outer loop
      vertex   -3.192832e+01 -2.977668e+00 -4.456401e-01
      vertex   -3.244532e+01 -3.776016e+00 -1.128244e-01
      vertex   -3.145118e+01 -3.237128e+00 -4.456401e-01
    endloop
  endfacet
  facet normal 2.546978e-01 4.683816e-01 8.460187e-01
    outer loop
      vertex   -3.192832e+01 -2.977668e+00 -4.456401e-01
      vertex   -3.145118e+01 -3.237128e+00 -4.456401e-01
      vertex   -3.110215e+01 -2.458555e+00 -9.817583e-01
    endloop
  endfacet
  facet normal 1.802148e-01 5.017718e-01 8.460187e-01
    outer loop
      vertex   -3.110215e+01 -2.458555e+00 -9.817583e-01
      vertex   -3.145118e+01 -3.237128e+00 -4.456401e-01
      vertex   -3.071394e+01 -2.597984e+00 -9.817583e-01
    endloop
  endfacet
  facet normal 2.393649e-01 6.664636e-01 7.060671e-01
    outer loop
      vertex   -3.110215e+01 -2.458555e+00 -9.817583e-01
      vertex   -3.071394e+01 -2.597984e+00 -9.817583e-01
      vertex   -3.052513e+01 -1.910917e+00 -1.694296e+00
    endloop
  endfacet
  facet normal 1.348245e-01 6.951918e-01 7.060671e-01
    outer loop
      vertex   -3.052513e+01 -1.910917e+00 -1.694296e+00
      vertex   -3.071394e+01 -2.597984e+00 -9.817583e-01
      vertex   -3.022727e+01 -1.968683e+00 -1.694296e+00
    endloop
  endfacet
  facet normal 1.613426e-01 8.319264e-01 5.309115e-01
    outer loop
      vertex   -3.052513e+01 -1.910917e+00 -1.694296e+00
      vertex   -3.022727e+01 -1.968683e+00 -1.694296e+00
      vertex   -3.016579e+01 -1.436102e+00 -2.547523e+00
    endloop
  endfacet
  facet normal 3.245878e-02 8.468054e-01 5.309115e-01
    outer loop
      vertex   -3.016579e+01 -1.436102e+00 -2.547523e+00
      vertex   -3.022727e+01 -1.968683e+00 -1.694296e+00
      vertex   -2.994463e+01 -1.444579e+00 -2.547523e+00
    endloop
  endfacet
  facet normal 3.616487e-02 9.434923e-01 3.294153e-01
    outer loop
      vertex   -3.016579e+01 -1.436102e+00 -2.547523e+00
      vertex   -2.994463e+01 -1.444579e+00 -2.547523e+00
      vertex   -2.995738e+01 -1.112008e+00 -3.498656e+00
    endloop
  endfacet
  facet normal -1.082824e-01 9.379555e-01 3.294153e-01
    outer loop
      vertex   -2.995738e+01 -1.112008e+00 -3.498656e+00
      vertex   -2.994463e+01 -1.444579e+00 -2.547523e+00
      vertex   -2.978813e+01 -1.092469e+00 -3.498656e+00
    endloop
  endfacet
  facet normal -1.139195e-01 9.867851e-01 1.152284e-01
    outer loop
      vertex   -2.995738e+01 -1.112008e+00 -3.498656e+00
      vertex   -2.978813e+01 -1.092469e+00 -3.498656e+00
      vertex   -3.000000e+01 -1.000000e+00 -4.500000e+00
    endloop
  endfacet
  facet normal -1.296091e-01 9.844787e-01 1.183352e-01
    outer loop
      vertex   -3.000000e+01 -1.000000e+00 -4.500000e+00
      vertex   -2.978813e+01 -1.092469e+00 -3.498656e+00
      vertex   -2.974118e+01 -9.659258e-01 -4.500000e+00
    endloop
  endfacet
  facet normal -2.634090e-01 9.585312e-01 1.087830e-01
    outer loop
      vertex   -2.974118e+01 -9.659258e-01 -4.500000e+00
      vertex   -2.978813e+01 -1.092469e+00 -3.498656e+00
      vertex   -2.962385e+01 -1.047324e+00 -3.498656e+00
    endloop
  endfacet
  facet normal -4.060526e-01 9.057757e-01 1.212091e-01
    outer loop
      vertex   -2.974118e+01 -9.659258e-01 -4.500000e+00
      vertex   -2.962385e+01 -1.047324e+00 -3.498656e+00
      vertex   -2.946838e+01 -9.776299e-01 -3.498656e+00
    endloop
  endfacet
  facet normal -3.862365e-01 8.615724e-01 3.294153e-01
    outer loop
      vertex   -2.946838e+01 -9.776299e-01 -3.498656e+00
      vertex   -2.962385e+01 -1.047324e+00 -3.498656e+00
      vertex   -2.951135e+01 -1.360550e+00 -2.547523e+00
    endloop
  endfacet
  facet normal -3.862365e-01 8.615724e-01 3.294153e-01
    outer loop
      vertex   -2.946838e+01 -9.776299e-01 -3.498656e+00
      vertex   -2.951135e+01 -1.360550e+00 -2.547523e+00
      vertex   -2.930939e+01 -1.270013e+00 -2.547523e+00
    endloop
  endfacet
  facet normal -3.466559e-01 7.732805e-01 5.309115e-01
    outer loop
      vertex   -2.930939e+01 -1.270013e+00 -2.547523e+00
      vertex   -2.951135e+01 -1.360550e+00 -2.547523e+00
      vertex   -2.933013e+01 -1.865112e+00 -1.694296e+00
    endloop
  endfacet
  facet normal -3.466559e-01 7.732805e-01 5.309115e-01
    outer loop
      vertex   -2.930939e+01 -1.270013e+00 -2.547523e+00
      vertex   -2.933013e+01 -1.865112e+00 -1.694296e+00
      vertex   -2.905327e+01 -1.740999e+00 -1.694296e+00
    endloop
  endfacet
  facet normal -2.896799e-01 6.461848e-01 7.060671e-01
    outer loop
      vertex   -2.905327e+01 -1.740999e+00 -1.694296e+00
      vertex   -2.933013e+01 -1.865112e+00 -1.694296e+00
      vertex   -2.908928e+01 -2.535710e+00 -9.817583e-01
    endloop
  endfacet
  facet normal -2.896799e-01 6.461848e-01 7.060671e-01
    outer loop
      vertex   -2.905327e+01 -1.740999e+00 -1.694296e+00
      vertex   -2.908928e+01 -2.535710e+00 -9.817583e-01
      vertex   -2.871288e+01 -2.366972e+00 -9.817583e-01
    endloop
  endfacet
  facet normal -2.180962e-01 4.865042e-01 8.460187e-01
    outer loop
      vertex   -2.871288e+01 -2.366972e+00 -9.817583e-01
      vertex   -2.908928e+01 -2.535710e+00 -9.817583e-01
      vertex   -2.880088e+01 -3.338716e+00 -4.456401e-01
    endloop
  endfacet
  facet normal -2.180962e-01 4.865042e-01 8.460187e-01
    outer loop
      vertex   -2.871288e+01 -2.366972e+00 -9.817583e-01
      vertex   -2.880088e+01 -3.338716e+00 -4.456401e-01
      vertex   -2.830528e+01 -3.116543e+00 -4.456401e-01
    endloop
  endfacet
  facet normal -1.354609e-01 3.021706e-01 9.435800e-01
    outer loop
      vertex   -2.830528e+01 -3.116543e+00 -4.456401e-01
      vertex   -2.880088e+01 -3.338716e+00 -4.456401e-01
      vertex   -2.847938e+01 -4.233865e+00 -1.128244e-01
    endloop
  endfacet
  facet normal -1.354609e-01 3.021706e-01 9.435800e-01
    outer loop
      vertex   -2.830528e+01 -3.116543e+00 -4.456401e-01
      vertex   -2.847938e+01 -4.233865e+00 -1.128244e-01
      vertex   -2.785090e+01 -3.952124e+00 -1.128244e-01
    endloop
  endfacet
  facet normal -4.651105e-02 1.037516e-01 9.935151e-01
    outer loop
      vertex   -2.785090e+01 -3.952124e+00 -1.128244e-01
      vertex   -2.847938e+01 -4.233865e+00 -1.128244e-01
      vertex   -2.725000e+01 -4.763140e+00 0.000000e+00
    endloop
  endfacet
  facet normal -6.050075e-02 9.342397e-02 9.937865e-01
    outer loop
      vertex   -2.785090e+01 -3.952124e+00 -1.128244e-01
      vertex   -2.725000e+01 -4.763140e+00 0.000000e+00
      vertex   -2.727280e+01 -3.577749e+00 -1.128244e-01
    endloop
  endfacet
  facet normal -6.774412e-02 9.324178e-02 9.933361e-01
    outer loop
      vertex   -2.727280e+01 -3.577749e+00 -1.128244e-01
      vertex   -2.725000e+01 -4.763140e+00 0.000000e+00
      vertex   -2.631978e+01 -4.087297e+00 0.000000e+00
    endloop
  endfacet
  facet normal -7.354069e-02 8.251904e-02 9.938724e-01
    outer loop
      vertex   -2.727280e+01 -3.577749e+00 -1.128244e-01
      vertex   -2.631978e+01 -4.087297e+00 0.000000e+00
      vertex   -2.675862e+01 -3.119514e+00 -1.128244e-01
    endloop
  endfacet
  facet normal -8.553773e-02 7.701852e-02 9.933536e-01
    outer loop
      vertex   -2.675862e+01 -3.119514e+00 -1.128244e-01
      vertex   -2.631978e+01 -4.087297e+00 0.000000e+00
      vertex   -2.555041e+01 -3.232819e+00 0.000000e+00
    endloop
  endfacet
  facet normal -8.613562e-02 7.103552e-02 9.937478e-01
    outer loop
      vertex   -2.675862e+01 -3.119514e+00 -1.128244e-01
      vertex   -2.555041e+01 -3.232819e+00 0.000000e+00
      vertex   -2.632042e+01 -2.588161e+00 -1.128244e-01
    endloop
  endfacet
  facet normal -9.720301e-02 5.778770e-02 9.935855e-01
    outer loop
      vertex   -2.632042e+01 -2.588161e+00 -1.128244e-01
      vertex   -2.555041e+01 -3.232819e+00 0.000000e+00
      vertex   -2.596846e+01 -1.996143e+00 -1.128244e-01
    endloop
  endfacet
  facet normal -2.846418e-01 1.692211e-01 9.435800e-01
    outer loop
      vertex   -2.632042e+01 -2.588161e+00 -1.128244e-01
      vertex   -2.596846e+01 -1.996143e+00 -1.128244e-01
      vertex   -2.682083e+01 -1.574106e+00 -4.456401e-01
    endloop
  endfacet
  facet normal -3.071374e-01 1.237875e-01 9.435800e-01
    outer loop
      vertex   -2.682083e+01 -1.574106e+00 -4.456401e-01
      vertex   -2.596846e+01 -1.996143e+00 -1.128244e-01
      vertex   -2.661780e+01 -1.070361e+00 -4.456401e-01
    endloop
  endfacet
  facet normal -4.945009e-01 1.993018e-01 8.460187e-01
    outer loop
      vertex   -2.682083e+01 -1.574106e+00 -4.456401e-01
      vertex   -2.661780e+01 -1.070361e+00 -4.456401e-01
      vertex   -2.743127e+01 -8.129246e-01 -9.817583e-01
    endloop
  endfacet
  facet normal -5.191288e-01 1.214808e-01 8.460187e-01
    outer loop
      vertex   -2.743127e+01 -8.129246e-01 -9.817583e-01
      vertex   -2.661780e+01 -1.070361e+00 -4.456401e-01
      vertex   -2.733728e+01 -4.112823e-01 -9.817583e-01
    endloop
  endfacet
  facet normal -6.895175e-01 1.613533e-01 7.060671e-01
    outer loop
      vertex   -2.743127e+01 -8.129246e-01 -9.817583e-01
      vertex   -2.733728e+01 -4.112823e-01 -9.817583e-01
      vertex   -2.804147e+01 -3.025140e-01 -1.694296e+00
    endloop
  endfacet
  facet normal -7.060671e-01 5.420797e-02 7.060671e-01
    outer loop
      vertex   -2.804147e+01 -3.025140e-01 -1.694296e+00
      vertex   -2.733728e+01 -4.112823e-01 -9.817583e-01
      vertex   -2.801824e+01 2.426954e-16 -1.694296e+00
    endloop
  endfacet
  facet normal -8.449408e-01 6.486993e-02 5.309115e-01
    outer loop
      vertex   -2.804147e+01 -3.025140e-01 -1.694296e+00
      vertex   -2.801824e+01 2.426954e-16 -1.694296e+00
      vertex   -2.855436e+01 1.770399e-16 -2.547523e+00
    endloop
  endfacet
  facet normal -8.449408e-01 -6.486993e-02 5.309115e-01
    outer loop
      vertex   -2.855436e+01 1.770399e-16 -2.547523e+00
      vertex   -2.801824e+01 2.426954e-16 -1.694296e+00
      vertex   -2.857130e+01 2.206759e-01 -2.547523e+00
    endloop
  endfacet
  facet normal -9.414147e-01 -7.227667e-02 3.294153e-01
    outer loop
      vertex   -2.855436e+01 1.770399e-16 -2.547523e+00
      vertex   -2.857130e+01 2.206759e-01 -2.547523e+00
      vertex   -2.890022e+01 1.698718e-01 -3.498656e+00
    endloop
  endfacet
  facet normal -9.193488e-01 -2.151359e-01 3.294153e-01
    outer loop
      vertex   -2.890022e+01 1.698718e-01 -3.498656e+00
      vertex   -2.857130e+01 2.206759e-01 -2.547523e+00
      vertex   -2.893904e+01 3.357620e-01 -3.498656e+00
    endloop
  endfacet
  facet normal -9.678658e-01 -2.264893e-01 1.092629e-01
    outer loop
      vertex   -2.890022e+01 1.698718e-01 -3.498656e+00
      vertex   -2.893904e+01 3.357620e-01 -3.498656e+00
      vertex   -2.903407e+01 2.588190e-01 -4.500000e+00
    endloop
  endfacet
  facet normal -9.212449e-01 -3.712950e-01 1.159650e-01
    outer loop
      vertex   -2.903407e+01 2.588190e-01 -4.500000e+00
      vertex   -2.893904e+01 3.357620e-01 -3.498656e+00
      vertex   -2.900273e+01 4.937823e-01 -3.498656e+00
    endloop
  endfacet
  facet normal -9.174368e-01 -3.800148e-01 1.178918e-01
    outer loop
      vertex   -2.903407e+01 2.588190e-01 -4.500000e+00
      vertex   -2.900273e+01 4.937823e-01 -3.498656e+00
      vertex   -2.913397e+01 5.000000e-01 -4.500000e+00
    endloop
  endfacet
  facet normal -8.544629e-01 -5.079827e-01 1.088430e-01
    outer loop
      vertex   -2.913397e+01 5.000000e-01 -4.500000e+00
      vertex   -2.900273e+01 4.937823e-01 -3.498656e+00
      vertex   -2.908979e+01 6.402286e-01 -3.498656e+00
    endloop
  endfacet
  facet normal -7.657054e-01 -6.314726e-01 1.222200e-01
    outer loop
      vertex   -2.913397e+01 5.000000e-01 -4.500000e+00
      vertex   -2.908979e+01 6.402286e-01 -3.498656e+00
      vertex   -2.919819e+01 7.716686e-01 -3.498656e+00
    endloop
  endfacet
  facet normal -7.284286e-01 -6.007307e-01 3.294153e-01
    outer loop
      vertex   -2.919819e+01 7.716686e-01 -3.498656e+00
      vertex   -2.908979e+01 6.402286e-01 -3.498656e+00
      vertex   -2.881757e+01 8.317037e-01 -2.547523e+00
    endloop
  endfacet
  facet normal -7.284286e-01 -6.007307e-01 3.294153e-01
    outer loop
      vertex   -2.919819e+01 7.716686e-01 -3.498656e+00
      vertex   -2.881757e+01 8.317037e-01 -2.547523e+00
      vertex   -2.895839e+01 1.002454e+00 -2.547523e+00
    endloop
  endfacet
  facet normal -6.537810e-01 -5.391692e-01 5.309115e-01
    outer loop
      vertex   -2.895839e+01 1.002454e+00 -2.547523e+00
      vertex   -2.881757e+01 8.317037e-01 -2.547523e+00
      vertex   -2.837906e+01 1.140143e+00 -1.694296e+00
    endloop
  endfacet
  facet normal -6.537810e-01 -5.391692e-01 5.309115e-01
    outer loop
      vertex   -2.895839e+01 1.002454e+00 -2.547523e+00
      vertex   -2.837906e+01 1.140143e+00 -1.694296e+00
      vertex   -2.857210e+01 1.374216e+00 -1.694296e+00
    endloop
  endfacet
  facet normal -5.463262e-01 -4.505519e-01 7.060671e-01
    outer loop
      vertex   -2.857210e+01 1.374216e+00 -1.694296e+00
      vertex   -2.837906e+01 1.140143e+00 -1.694296e+00
      vertex   -2.779626e+01 1.550079e+00 -9.817583e-01
    endloop
  endfacet
  facet normal -5.463262e-01 -4.505519e-01 7.060671e-01
    outer loop
      vertex   -2.857210e+01 1.374216e+00 -1.694296e+00
      vertex   -2.779626e+01 1.550079e+00 -9.817583e-01
      vertex   -2.805870e+01 1.868312e+00 -9.817583e-01
    endloop
  endfacet
  facet normal -4.113219e-01 -3.392147e-01 8.460187e-01
    outer loop
      vertex   -2.805870e+01 1.868312e+00 -9.817583e-01
      vertex   -2.779626e+01 1.550079e+00 -9.817583e-01
      vertex   -2.709838e+01 2.040956e+00 -4.456401e-01
    endloop
  endfacet
  facet normal -4.113219e-01 -3.392147e-01 8.460187e-01
    outer loop
      vertex   -2.805870e+01 1.868312e+00 -9.817583e-01
      vertex   -2.709838e+01 2.040956e+00 -4.456401e-01
      vertex   -2.744393e+01 2.459968e+00 -4.456401e-01
    endloop
  endfacet
  facet normal -2.554745e-01 -2.106882e-01 9.435800e-01
    outer loop
      vertex   -2.744393e+01 2.459968e+00 -4.456401e-01
      vertex   -2.709838e+01 2.040956e+00 -4.456401e-01
      vertex   -2.632042e+01 2.588161e+00 -1.128244e-01
    endloop
  endfacet
  facet normal -2.554745e-01 -2.106882e-01 9.435800e-01
    outer loop
      vertex   -2.744393e+01 2.459968e+00 -4.456401e-01
      vertex   -2.632042e+01 2.588161e+00 -1.128244e-01
      vertex   -2.675862e+01 3.119514e+00 -1.128244e-01
    endloop
  endfacet
  facet normal -8.613562e-02 -7.103552e-02 9.937478e-01
    outer loop
      vertex   -2.675862e+01 3.119514e+00 -1.128244e-01
      vertex   -2.632042e+01 2.588161e+00 -1.128244e-01
      vertex   -2.555041e+01 3.232819e+00 0.000000e+00
    endloop
  endfacet
  facet normal -8.553773e-02 -7.701852e-02 9.933536e-01
    outer loop
      vertex   -2.675862e+01 3.119514e+00 -1.128244e-01
      vertex   -2.555041e+01 3.232819e+00 0.000000e+00
      vertex   -2.631978e+01 4.087297e+00 0.000000e+00
    endloop
  endfacet
  facet normal 9.171715e-01 -3.799049e-01 1.202859e-01
    outer loop
      vertex   -3.086603e+01 5.000000e-01 -4.500000e+00
      vertex   -3.103215e+01 4.159928e-01 -3.498656e+00
      vertex   -3.096593e+01 2.588190e-01 -4.500000e+00
    endloop
  endfacet
  facet normal 9.476379e-01 -2.998982e-01 1.097426e-01
    outer loop
      vertex   -3.096593e+01 2.588190e-01 -4.500000e+00
      vertex   -3.103215e+01 4.159928e-01 -3.498656e+00
      vertex   -3.108355e+01 2.535609e-01 -3.498656e+00
    endloop
  endfacet
  facet normal 9.817772e-01 -1.516448e-01 1.145314e-01
    outer loop
      vertex   -3.096593e+01 2.588190e-01 -4.500000e+00
      vertex   -3.108355e+01 2.535609e-01 -3.498656e+00
      vertex   -3.110956e+01 8.518588e-02 -3.498656e+00
    endloop
  endfacet
  facet normal 9.331197e-01 -1.441292e-01 3.294153e-01
    outer loop
      vertex   -3.110956e+01 8.518588e-02 -3.498656e+00
      vertex   -3.108355e+01 2.535609e-01 -3.498656e+00
      vertex   -3.140761e+01 3.293942e-01 -2.547523e+00
    endloop
  endfacet
  facet normal 9.331197e-01 -1.441292e-01 3.294153e-01
    outer loop
      vertex   -3.110956e+01 8.518588e-02 -3.498656e+00
      vertex   -3.140761e+01 3.293942e-01 -2.547523e+00
      vertex   -3.144140e+01 1.106627e-01 -2.547523e+00
    endloop
  endfacet
  facet normal 8.374958e-01 -1.293592e-01 5.309115e-01
    outer loop
      vertex   -3.144140e+01 1.106627e-01 -2.547523e+00
      vertex   -3.140761e+01 3.293942e-01 -2.547523e+00
      vertex   -3.192963e+01 4.515506e-01 -1.694296e+00
    endloop
  endfacet
  facet normal 8.374958e-01 -1.293592e-01 5.309115e-01
    outer loop
      vertex   -3.144140e+01 1.106627e-01 -2.547523e+00
      vertex   -3.192963e+01 4.515506e-01 -1.694296e+00
      vertex   -3.197594e+01 1.517021e-01 -1.694296e+00
    endloop
  endfacet
  facet normal 6.998458e-01 -1.080978e-01 7.060671e-01
    outer loop
      vertex   -3.197594e+01 1.517021e-01 -1.694296e+00
      vertex   -3.192963e+01 4.515506e-01 -1.694296e+00
      vertex   -3.262342e+01 6.139048e-01 -9.817583e-01
    endloop
  endfacet
  facet normal 6.998458e-01 -1.080978e-01 7.060671e-01
    outer loop
      vertex   -3.197594e+01 1.517021e-01 -1.694296e+00
      vertex   -3.262342e+01 6.139048e-01 -9.817583e-01
      vertex   -3.268639e+01 2.062463e-01 -9.817583e-01
    endloop
  endfacet
  facet normal 5.269048e-01 -8.138545e-02 8.460187e-01
    outer loop
      vertex   -3.268639e+01 2.062463e-01 -9.817583e-01
      vertex   -3.262342e+01 6.139048e-01 -9.817583e-01
      vertex   -3.345421e+01 8.083156e-01 -4.456401e-01
    endloop
  endfacet
  facet normal 5.269048e-01 -8.138545e-02 8.460187e-01
    outer loop
      vertex   -3.268639e+01 2.062463e-01 -9.817583e-01
      vertex   -3.345421e+01 8.083156e-01 -4.456401e-01
      vertex   -3.353711e+01 2.715602e-01 -4.456401e-01
    endloop
  endfacet
  facet normal 3.272637e-01 -5.054898e-02 9.435800e-01
    outer loop
      vertex   -3.353711e+01 2.715602e-01 -4.456401e-01
      vertex   -3.345421e+01 8.083156e-01 -4.456401e-01
      vertex   -3.438032e+01 1.025035e+00 -1.128244e-01
    endloop
  endfacet
  facet normal 3.272637e-01 -5.054898e-02 9.435800e-01
    outer loop
      vertex   -3.353711e+01 2.715602e-01 -4.456401e-01
      vertex   -3.438032e+01 1.025035e+00 -1.128244e-01
      vertex   -3.448546e+01 3.443687e-01 -1.128244e-01
    endloop
  endfacet
  facet normal 1.101613e-01 -1.701546e-02 9.937681e-01
    outer loop
      vertex   -3.448546e+01 3.443687e-01 -1.128244e-01
      vertex   -3.438032e+01 1.025035e+00 -1.128244e-01
      vertex   -3.537981e+01 1.143514e+00 0.000000e+00
    endloop
  endfacet
  facet normal 1.145536e-01 -1.204007e-02 9.933441e-01
    outer loop
      vertex   -3.448546e+01 3.443687e-01 -1.128244e-01
      vertex   -3.537981e+01 1.143514e+00 0.000000e+00
      vertex   -3.550000e+01 -6.735557e-16 0.000000e+00
    endloop
  endfacet
  facet normal 8.906515e-01 -4.409896e-01 1.107615e-01
    outer loop
      vertex   -3.103215e+01 4.159928e-01 -3.498656e+00
      vertex   -3.086603e+01 5.000000e-01 -4.500000e+00
      vertex   -3.095655e+01 5.686741e-01 -3.498656e+00
    endloop
  endfacet
  facet normal 7.882946e-01 -6.048797e-01 1.127481e-01
    outer loop
      vertex   -3.095655e+01 5.686741e-01 -3.498656e+00
      vertex   -3.086603e+01 5.000000e-01 -4.500000e+00
      vertex   -3.070711e+01 7.071068e-01 -4.500000e+00
    endloop
  endfacet
  facet normal 8.116912e-01 -5.709308e-01 1.232697e-01
    outer loop
      vertex   -3.095655e+01 5.686741e-01 -3.498656e+00
      vertex   -3.070711e+01 7.071068e-01 -4.500000e+00
      vertex   -3.085853e+01 7.080261e-01 -3.498656e+00
    endloop
  endfacet
  facet normal 7.162330e-01 -6.893052e-01 1.089430e-01
    outer loop
      vertex   -3.085853e+01 7.080261e-01 -3.498656e+00
      vertex   -3.070711e+01 7.071068e-01 -4.500000e+00
      vertex   -3.074039e+01 8.307826e-01 -3.498656e+00
    endloop
  endfacet
  facet normal 6.803058e-01 -6.547287e-01 3.294153e-01
    outer loop
      vertex   -3.085853e+01 7.080261e-01 -3.498656e+00
      vertex   -3.074039e+01 8.307826e-01 -3.498656e+00
      vertex   -3.096182e+01 1.079247e+00 -2.547523e+00
    endloop
  endfacet
  facet normal 5.723890e-01 -7.509037e-01 3.294153e-01
    outer loop
      vertex   -3.096182e+01 1.079247e+00 -2.547523e+00
      vertex   -3.074039e+01 8.307826e-01 -3.498656e+00
      vertex   -3.078580e+01 1.213420e+00 -2.547523e+00
    endloop
  endfacet
  facet normal 5.137320e-01 -6.739529e-01 5.309115e-01
    outer loop
      vertex   -3.096182e+01 1.079247e+00 -2.547523e+00
      vertex   -3.078580e+01 1.213420e+00 -2.547523e+00
      vertex   -3.107722e+01 1.663419e+00 -1.694296e+00
    endloop
  endfacet
  facet normal 4.048328e-01 -7.444753e-01 5.309115e-01
    outer loop
      vertex   -3.107722e+01 1.663419e+00 -1.694296e+00
      vertex   -3.078580e+01 1.213420e+00 -2.547523e+00
      vertex   -3.081068e+01 1.808362e+00 -1.694296e+00
    endloop
  endfacet
  facet normal 3.382949e-01 -6.221140e-01 7.060671e-01
    outer loop
      vertex   -3.107722e+01 1.663419e+00 -1.694296e+00
      vertex   -3.081068e+01 1.808362e+00 -1.694296e+00
      vertex   -3.110215e+01 2.458555e+00 -9.817583e-01
    endloop
  endfacet
  facet normal 2.393649e-01 -6.664636e-01 7.060671e-01
    outer loop
      vertex   -3.110215e+01 2.458555e+00 -9.817583e-01
      vertex   -3.081068e+01 1.808362e+00 -1.694296e+00
      vertex   -3.071394e+01 2.597984e+00 -9.817583e-01
    endloop
  endfacet
  facet normal 1.802148e-01 -5.017718e-01 8.460187e-01
    outer loop
      vertex   -3.110215e+01 2.458555e+00 -9.817583e-01
      vertex   -3.071394e+01 2.597984e+00 -9.817583e-01
      vertex   -3.094003e+01 3.420712e+00 -4.456401e-01
    endloop
  endfacet
  facet normal 1.015076e-01 -5.234009e-01 8.460187e-01
    outer loop
      vertex   -3.094003e+01 3.420712e+00 -4.456401e-01
      vertex   -3.071394e+01 2.597984e+00 -9.817583e-01
      vertex   -3.040684e+01 3.524117e+00 -4.456401e-01
    endloop
  endfacet
  facet normal 6.304698e-02 -3.250874e-01 9.435800e-01
    outer loop
      vertex   -3.094003e+01 3.420712e+00 -4.456401e-01
      vertex   -3.040684e+01 3.524117e+00 -4.456401e-01
      vertex   -3.051592e+01 4.468974e+00 -1.128244e-01
    endloop
  endfacet
  facet normal 1.268374e-02 -3.309016e-01 9.435800e-01
    outer loop
      vertex   -3.051592e+01 4.468974e+00 -1.128244e-01
      vertex   -3.040684e+01 3.524117e+00 -4.456401e-01
      vertex   -2.982769e+01 4.495355e+00 -1.128244e-01
    endloop
  endfacet
  facet normal 4.283996e-03 -1.117636e-01 9.937256e-01
    outer loop
      vertex   -3.051592e+01 4.468974e+00 -1.128244e-01
      vertex   -2.982769e+01 4.495355e+00 -1.128244e-01
      vertex   -3.057491e+01 5.469870e+00 0.000000e+00
    endloop
  endfacet
  facet normal 0.000000e+00 -1.150066e-01 9.933647e-01
    outer loop
      vertex   -3.057491e+01 5.469870e+00 0.000000e+00
      vertex   -2.982769e+01 4.495355e+00 -1.128244e-01
      vertex   -2.942509e+01 5.469870e+00 0.000000e+00
    endloop
  endfacet
  facet normal -1.267900e-02 -1.098271e-01 9.938698e-01
    outer loop
      vertex   -2.942509e+01 5.469870e+00 0.000000e+00
      vertex   -2.982769e+01 4.495355e+00 -1.128244e-01
      vertex   -2.914350e+01 4.416368e+00 -1.128244e-01
    endloop
  endfacet
  facet normal -2.397390e-02 -1.127884e-01 9.933298e-01
    outer loop
      vertex   -2.942509e+01 5.469870e+00 0.000000e+00
      vertex   -2.914350e+01 4.416368e+00 -1.128244e-01
      vertex   -2.830041e+01 5.230811e+00 0.000000e+00
    endloop
  endfacet
  facet normal -2.945390e-02 -1.071812e-01 9.938031e-01
    outer loop
      vertex   -2.830041e+01 5.230811e+00 0.000000e+00
      vertex   -2.914350e+01 4.416368e+00 -1.128244e-01
      vertex   -2.847938e+01 4.233865e+00 -1.128244e-01
    endloop
  endfacet
  facet normal -4.635337e-02 -1.041114e-01 9.934849e-01
    outer loop
      vertex   -2.830041e+01 5.230811e+00 0.000000e+00
      vertex   -2.847938e+01 4.233865e+00 -1.128244e-01
      vertex   -2.725000e+01 4.763140e+00 0.000000e+00
    endloop
  endfacet
  facet normal -4.651105e-02 -1.037516e-01 9.935151e-01
    outer loop
      vertex   -2.725000e+01 4.763140e+00 0.000000e+00
      vertex   -2.847938e+01 4.233865e+00 -1.128244e-01
      vertex   -2.785090e+01 3.952124e+00 -1.128244e-01
    endloop
  endfacet
  facet normal -6.050075e-02 -9.342397e-02 9.937865e-01
    outer loop
      vertex   -2.725000e+01 4.763140e+00 0.000000e+00
      vertex   -2.785090e+01 3.952124e+00 -1.128244e-01
      vertex   -2.727280e+01 3.577749e+00 -1.128244e-01
    endloop
  endfacet
  facet normal -1.799994e-01 -2.779513e-01 9.435800e-01
    outer loop
      vertex   -2.727280e+01 3.577749e+00 -1.128244e-01
      vertex   -2.785090e+01 3.952124e+00 -1.128244e-01
      vertex   -2.830528e+01 3.116543e+00 -4.456401e-01
    endloop
  endfacet
  facet normal -1.799994e-01 -2.779513e-01 9.435800e-01
    outer loop
      vertex   -2.727280e+01 3.577749e+00 -1.128244e-01
      vertex   -2.830528e+01 3.116543e+00 -4.456401e-01
      vertex   -2.784940e+01 2.821320e+00 -4.456401e-01
    endloop
  endfacet
  facet normal -2.898048e-01 -4.475103e-01 8.460187e-01
    outer loop
      vertex   -2.784940e+01 2.821320e+00 -4.456401e-01
      vertex   -2.830528e+01 3.116543e+00 -4.456401e-01
      vertex   -2.871288e+01 2.366972e+00 -9.817583e-01
    endloop
  endfacet
  facet normal -2.898048e-01 -4.475103e-01 8.460187e-01
    outer loop
      vertex   -2.784940e+01 2.821320e+00 -4.456401e-01
      vertex   -2.871288e+01 2.366972e+00 -9.817583e-01
      vertex   -2.836665e+01 2.142754e+00 -9.817583e-01
    endloop
  endfacet
  facet normal -3.849246e-01 -5.943924e-01 7.060671e-01
    outer loop
      vertex   -2.836665e+01 2.142754e+00 -9.817583e-01
      vertex   -2.871288e+01 2.366972e+00 -9.817583e-01
      vertex   -2.905327e+01 1.740999e+00 -1.694296e+00
    endloop
  endfacet
  facet normal -3.849246e-01 -5.943924e-01 7.060671e-01
    outer loop
      vertex   -2.836665e+01 2.142754e+00 -9.817583e-01
      vertex   -2.905327e+01 1.740999e+00 -1.694296e+00
      vertex   -2.879861e+01 1.576078e+00 -1.694296e+00
    endloop
  endfacet
  facet normal -4.606340e-01 -7.113012e-01 5.309115e-01
    outer loop
      vertex   -2.879861e+01 1.576078e+00 -1.694296e+00
      vertex   -2.905327e+01 1.740999e+00 -1.694296e+00
      vertex   -2.930939e+01 1.270013e+00 -2.547523e+00
    endloop
  endfacet
  facet normal -4.606340e-01 -7.113012e-01 5.309115e-01
    outer loop
      vertex   -2.879861e+01 1.576078e+00 -1.694296e+00
      vertex   -2.930939e+01 1.270013e+00 -2.547523e+00
      vertex   -2.912362e+01 1.149707e+00 -2.547523e+00
    endloop
  endfacet
  facet normal -5.132284e-01 -7.925164e-01 3.294153e-01
    outer loop
      vertex   -2.912362e+01 1.149707e+00 -2.547523e+00
      vertex   -2.930939e+01 1.270013e+00 -2.547523e+00
      vertex   -2.946838e+01 9.776299e-01 -3.498656e+00
    endloop
  endfacet
  facet normal -5.132284e-01 -7.925164e-01 3.294153e-01
    outer loop
      vertex   -2.912362e+01 1.149707e+00 -2.547523e+00
      vertex   -2.946838e+01 9.776299e-01 -3.498656e+00
      vertex   -2.932538e+01 8.850213e-01 -3.498656e+00
    endloop
  endfacet
  facet normal -5.402664e-01 -8.342679e-01 1.100424e-01
    outer loop
      vertex   -2.932538e+01 8.850213e-01 -3.498656e+00
      vertex   -2.946838e+01 9.776299e-01 -3.498656e+00
      vertex   -2.950000e+01 8.660254e-01 -4.500000e+00
    endloop
  endfacet
  facet normal -6.043381e-01 -7.875888e-01 1.203302e-01
    outer loop
      vertex   -2.932538e+01 8.850213e-01 -3.498656e+00
      vertex   -2.950000e+01 8.660254e-01 -4.500000e+00
      vertex   -2.929289e+01 7.071068e-01 -4.500000e+00
    endloop
  endfacet
  facet normal 6.045514e-01 -7.878667e-01 1.174041e-01
    outer loop
      vertex   -3.070711e+01 7.071068e-01 -4.500000e+00
      vertex   -3.050000e+01 8.660254e-01 -4.500000e+00
      vertex   -3.074039e+01 8.307826e-01 -3.498656e+00
    endloop
  endfacet
  facet normal 6.020803e-01 -7.898550e-01 1.167409e-01
    outer loop
      vertex   -3.074039e+01 8.307826e-01 -3.498656e+00
      vertex   -3.050000e+01 8.660254e-01 -4.500000e+00
      vertex   -3.060490e+01 9.340663e-01 -3.498656e+00
    endloop
  endfacet
  facet normal 5.723890e-01 -7.509037e-01 3.294153e-01
    outer loop
      vertex   -3.074039e+01 8.307826e-01 -3.498656e+00
      vertex   -3.060490e+01 9.340663e-01 -3.498656e+00
      vertex   -3.078580e+01 1.213420e+00 -2.547523e+00
    endloop
  endfacet
  facet normal 4.510560e-01 -8.294782e-01 3.294153e-01
    outer loop
      vertex   -3.078580e+01 1.213420e+00 -2.547523e+00
      vertex   -3.060490e+01 9.340663e-01 -3.498656e+00
      vertex   -3.059137e+01 1.319152e+00 -2.547523e+00
    endloop
  endfacet
  facet normal 4.048328e-01 -7.444753e-01 5.309115e-01
    outer loop
      vertex   -3.078580e+01 1.213420e+00 -2.547523e+00
      vertex   -3.059137e+01 1.319152e+00 -2.547523e+00
      vertex   -3.081068e+01 1.808362e+00 -1.694296e+00
    endloop
  endfacet
  facet normal 2.864447e-01 -7.975478e-01 5.309115e-01
    outer loop
      vertex   -3.081068e+01 1.808362e+00 -1.694296e+00
      vertex   -3.059137e+01 1.319152e+00 -2.547523e+00
      vertex   -3.052513e+01 1.910917e+00 -1.694296e+00
    endloop
  endfacet
  facet normal 2.393649e-01 -6.664636e-01 7.060671e-01
    outer loop
      vertex   -3.081068e+01 1.808362e+00 -1.694296e+00
      vertex   -3.052513e+01 1.910917e+00 -1.694296e+00
      vertex   -3.071394e+01 2.597984e+00 -9.817583e-01
    endloop
  endfacet
  facet normal 1.348245e-01 -6.951918e-01 7.060671e-01
    outer loop
      vertex   -3.071394e+01 2.597984e+00 -9.817583e-01
      vertex   -3.052513e+01 1.910917e+00 -1.694296e+00
      vertex   -3.030899e+01 2.676519e+00 -9.817583e-01
    endloop
  endfacet
  facet normal 1.015076e-01 -5.234009e-01 8.460187e-01
    outer loop
      vertex   -3.071394e+01 2.597984e+00 -9.817583e-01
      vertex   -3.030899e+01 2.676519e+00 -9.817583e-01
      vertex   -3.040684e+01 3.524117e+00 -4.456401e-01
    endloop
  endfacet
  facet normal 2.042122e-02 -5.327619e-01 8.460187e-01
    outer loop
      vertex   -3.040684e+01 3.524117e+00 -4.456401e-01
      vertex   -3.030899e+01 2.676519e+00 -9.817583e-01
      vertex   -2.986412e+01 3.544920e+00 -4.456401e-01
    endloop
  endfacet
  facet normal 1.268374e-02 -3.309016e-01 9.435800e-01
    outer loop
      vertex   -3.040684e+01 3.524117e+00 -4.456401e-01
      vertex   -2.986412e+01 3.544920e+00 -4.456401e-01
      vertex   -2.982769e+01 4.495355e+00 -1.128244e-01
    endloop
  endfacet
  facet normal -3.797679e-02 -3.289597e-01 9.435800e-01
    outer loop
      vertex   -2.982769e+01 4.495355e+00 -1.128244e-01
      vertex   -2.986412e+01 3.544920e+00 -4.456401e-01
      vertex   -2.914350e+01 4.416368e+00 -1.128244e-01
    endloop
  endfacet
  facet normal 4.748691e-01 -8.732699e-01 1.090830e-01
    outer loop
      vertex   -3.060490e+01 9.340663e-01 -3.498656e+00
      vertex   -3.050000e+01 8.660254e-01 -4.500000e+00
      vertex   -3.045522e+01 1.015456e+00 -3.498656e+00
    endloop
  endfacet
  facet normal 3.799234e-01 -9.172161e-01 1.198869e-01
    outer loop
      vertex   -3.045522e+01 1.015456e+00 -3.498656e+00
      vertex   -3.050000e+01 8.660254e-01 -4.500000e+00
      vertex   -3.025882e+01 9.659258e-01 -4.500000e+00
    endloop
  endfacet
  facet normal 3.358848e-01 -9.352038e-01 1.121390e-01
    outer loop
      vertex   -3.045522e+01 1.015456e+00 -3.498656e+00
      vertex   -3.025882e+01 9.659258e-01 -4.500000e+00
      vertex   -3.029488e+01 1.073045e+00 -3.498656e+00
    endloop
  endfacet
  facet normal 1.892107e-01 -9.756219e-01 1.111809e-01
    outer loop
      vertex   -3.029488e+01 1.073045e+00 -3.498656e+00
      vertex   -3.025882e+01 9.659258e-01 -4.500000e+00
      vertex   -3.012762e+01 1.105482e+00 -3.498656e+00
    endloop
  endfacet
  facet normal 1.797645e-01 -9.269144e-01 3.294153e-01
    outer loop
      vertex   -3.029488e+01 1.073045e+00 -3.498656e+00
      vertex   -3.012762e+01 1.105482e+00 -3.498656e+00
      vertex   -3.016579e+01 1.436102e+00 -2.547523e+00
    endloop
  endfacet
  facet normal 3.616487e-02 -9.434923e-01 3.294153e-01
    outer loop
      vertex   -3.016579e+01 1.436102e+00 -2.547523e+00
      vertex   -3.012762e+01 1.105482e+00 -3.498656e+00
      vertex   -2.994463e+01 1.444579e+00 -2.547523e+00
    endloop
  endfacet
  facet normal 3.245878e-02 -8.468054e-01 5.309115e-01
    outer loop
      vertex   -3.016579e+01 1.436102e+00 -2.547523e+00
      vertex   -2.994463e+01 1.444579e+00 -2.547523e+00
      vertex   -2.992409e+01 1.980304e+00 -1.694296e+00
    endloop
  endfacet
  facet normal -9.718586e-02 -8.418360e-01 5.309115e-01
    outer loop
      vertex   -2.992409e+01 1.980304e+00 -1.694296e+00
      vertex   -2.994463e+01 1.444579e+00 -2.547523e+00
      vertex   -2.962269e+01 1.945509e+00 -1.694296e+00
    endloop
  endfacet
  facet normal -8.121249e-02 -7.034727e-01 7.060671e-01
    outer loop
      vertex   -2.992409e+01 1.980304e+00 -1.694296e+00
      vertex   -2.962269e+01 1.945509e+00 -1.694296e+00
      vertex   -2.948703e+01 2.645013e+00 -9.817583e-01
    endloop
  endfacet
  facet normal -1.876453e-01 -6.828312e-01 7.060671e-01
    outer loop
      vertex   -2.948703e+01 2.645013e+00 -9.817583e-01
      vertex   -2.962269e+01 1.945509e+00 -1.694296e+00
      vertex   -2.908928e+01 2.535710e+00 -9.817583e-01
    endloop
  endfacet
  facet normal -1.412757e-01 -5.140948e-01 8.460187e-01
    outer loop
      vertex   -2.948703e+01 2.645013e+00 -9.817583e-01
      vertex   -2.908928e+01 2.535710e+00 -9.817583e-01
      vertex   -2.880088e+01 3.338716e+00 -4.456401e-01
    endloop
  endfacet
  facet normal -2.180962e-01 -4.865042e-01 8.460187e-01
    outer loop
      vertex   -2.880088e+01 3.338716e+00 -4.456401e-01
      vertex   -2.908928e+01 2.535710e+00 -9.817583e-01
      vertex   -2.830528e+01 3.116543e+00 -4.456401e-01
    endloop
  endfacet
  facet normal -1.354609e-01 -3.021706e-01 9.435800e-01
    outer loop
      vertex   -2.880088e+01 3.338716e+00 -4.456401e-01
      vertex   -2.830528e+01 3.116543e+00 -4.456401e-01
      vertex   -2.785090e+01 3.952124e+00 -1.128244e-01
    endloop
  endfacet
  facet normal 1.295799e-01 -9.842569e-01 1.201972e-01
    outer loop
      vertex   -3.025882e+01 9.659258e-01 -4.500000e+00
      vertex   -3.000000e+01 1.000000e+00 -4.500000e+00
      vertex   -3.012762e+01 1.105482e+00 -3.498656e+00
    endloop
  endfacet
  facet normal 3.807248e-02 -9.932593e-01 1.094828e-01
    outer loop
      vertex   -3.012762e+01 1.105482e+00 -3.498656e+00
      vertex   -3.000000e+01 1.000000e+00 -4.500000e+00
      vertex   -2.995738e+01 1.112008e+00 -3.498656e+00
    endloop
  endfacet
  facet normal 3.616487e-02 -9.434923e-01 3.294153e-01
    outer loop
      vertex   -3.012762e+01 1.105482e+00 -3.498656e+00
      vertex   -2.995738e+01 1.112008e+00 -3.498656e+00
      vertex   -2.994463e+01 1.444579e+00 -2.547523e+00
    endloop
  endfacet
  facet normal -1.082824e-01 -9.379555e-01 3.294153e-01
    outer loop
      vertex   -2.994463e+01 1.444579e+00 -2.547523e+00
      vertex   -2.995738e+01 1.112008e+00 -3.498656e+00
      vertex   -2.972476e+01 1.419197e+00 -2.547523e+00
    endloop
  endfacet
  facet normal -9.718586e-02 -8.418360e-01 5.309115e-01
    outer loop
      vertex   -2.994463e+01 1.444579e+00 -2.547523e+00
      vertex   -2.972476e+01 1.419197e+00 -2.547523e+00
      vertex   -2.962269e+01 1.945509e+00 -1.694296e+00
    endloop
  endfacet
  facet normal -2.245526e-01 -8.171347e-01 5.309115e-01
    outer loop
      vertex   -2.962269e+01 1.945509e+00 -1.694296e+00
      vertex   -2.972476e+01 1.419197e+00 -2.547523e+00
      vertex   -2.933013e+01 1.865112e+00 -1.694296e+00
    endloop
  endfacet
  facet normal -1.876453e-01 -6.828312e-01 7.060671e-01
    outer loop
      vertex   -2.962269e+01 1.945509e+00 -1.694296e+00
      vertex   -2.933013e+01 1.865112e+00 -1.694296e+00
      vertex   -2.908928e+01 2.535710e+00 -9.817583e-01
    endloop
  endfacet
  facet normal -2.896799e-01 -6.461848e-01 7.060671e-01
    outer loop
      vertex   -2.908928e+01 2.535710e+00 -9.817583e-01
      vertex   -2.933013e+01 1.865112e+00 -1.694296e+00
      vertex   -2.871288e+01 2.366972e+00 -9.817583e-01
    endloop
  endfacet
  facet normal -2.180962e-01 -4.865042e-01 8.460187e-01
    outer loop
      vertex   -2.908928e+01 2.535710e+00 -9.817583e-01
      vertex   -2.871288e+01 2.366972e+00 -9.817583e-01
      vertex   -2.830528e+01 3.116543e+00 -4.456401e-01
    endloop
  endfacet
  facet normal -1.296500e-01 -9.847894e-01 1.156748e-01
    outer loop
      vertex   -3.000000e+01 1.000000e+00 -4.500000e+00
      vertex   -2.974118e+01 9.659258e-01 -4.500000e+00
      vertex   -2.995738e+01 1.112008e+00 -3.498656e+00
    endloop
  endfacet
  facet normal -1.138643e-01 -9.863069e-01 1.193044e-01
    outer loop
      vertex   -2.995738e+01 1.112008e+00 -3.498656e+00
      vertex   -2.974118e+01 9.659258e-01 -4.500000e+00
      vertex   -2.978813e+01 1.092469e+00 -3.498656e+00
    endloop
  endfacet
  facet normal -1.082824e-01 -9.379555e-01 3.294153e-01
    outer loop
      vertex   -2.995738e+01 1.112008e+00 -3.498656e+00
      vertex   -2.978813e+01 1.092469e+00 -3.498656e+00
      vertex   -2.972476e+01 1.419197e+00 -2.547523e+00
    endloop
  endfacet
  facet normal -2.501916e-01 -9.104338e-01 3.294153e-01
    outer loop
      vertex   -2.972476e+01 1.419197e+00 -2.547523e+00
      vertex   -2.978813e+01 1.092469e+00 -3.498656e+00
      vertex   -2.951135e+01 1.360550e+00 -2.547523e+00
    endloop
  endfacet
  facet normal -2.245526e-01 -8.171347e-01 5.309115e-01
    outer loop
      vertex   -2.972476e+01 1.419197e+00 -2.547523e+00
      vertex   -2.951135e+01 1.360550e+00 -2.547523e+00
      vertex   -2.933013e+01 1.865112e+00 -1.694296e+00
    endloop
  endfacet
  facet normal -3.466559e-01 -7.732805e-01 5.309115e-01
    outer loop
      vertex   -2.933013e+01 1.865112e+00 -1.694296e+00
      vertex   -2.951135e+01 1.360550e+00 -2.547523e+00
      vertex   -2.905327e+01 1.740999e+00 -1.694296e+00
    endloop
  endfacet
  facet normal -2.896799e-01 -6.461848e-01 7.060671e-01
    outer loop
      vertex   -2.933013e+01 1.865112e+00 -1.694296e+00
      vertex   -2.905327e+01 1.740999e+00 -1.694296e+00
      vertex   -2.871288e+01 2.366972e+00 -9.817583e-01
    endloop
  endfacet
  facet normal -2.634090e-01 -9.585312e-01 1.087830e-01
    outer loop
      vertex   -2.978813e+01 1.092469e+00 -3.498656e+00
      vertex   -2.974118e+01 9.659258e-01 -4.500000e+00
      vertex   -2.962385e+01 1.047324e+00 -3.498656e+00
    endloop
  endfacet
  facet normal -3.799601e-01 -9.173048e-01 1.190889e-01
    outer loop
      vertex   -2.962385e+01 1.047324e+00 -3.498656e+00
      vertex   -2.974118e+01 9.659258e-01 -4.500000e+00
      vertex   -2.950000e+01 8.660254e-01 -4.500000e+00
    endloop
  endfacet
  facet normal -4.064077e-01 -9.065680e-01 1.138739e-01
    outer loop
      vertex   -2.962385e+01 1.047324e+00 -3.498656e+00
      vertex   -2.950000e+01 8.660254e-01 -4.500000e+00
      vertex   -2.946838e+01 9.776299e-01 -3.498656e+00
    endloop
  endfacet
  facet normal -6.612600e-01 -7.419912e-01 1.103820e-01
    outer loop
      vertex   -2.932538e+01 8.850213e-01 -3.498656e+00
      vertex   -2.929289e+01 7.071068e-01 -4.500000e+00
      vertex   -2.919819e+01 7.716686e-01 -3.498656e+00
    endloop
  endfacet
  facet normal -7.882225e-01 -6.048244e-01 1.135463e-01
    outer loop
      vertex   -2.919819e+01 7.716686e-01 -3.498656e+00
      vertex   -2.929289e+01 7.071068e-01 -4.500000e+00
      vertex   -2.913397e+01 5.000000e-01 -4.500000e+00
    endloop
  endfacet
  facet normal -9.842729e-01 -1.295820e-01 1.200642e-01
    outer loop
      vertex   -2.903407e+01 2.588190e-01 -4.500000e+00
      vertex   -2.900000e+01 0.000000e+00 -4.500000e+00
      vertex   -2.890022e+01 1.698718e-01 -3.498656e+00
    endloop
  endfacet
  facet normal -9.908329e-01 -7.607072e-02 1.116401e-01
    outer loop
      vertex   -2.890022e+01 1.698718e-01 -3.498656e+00
      vertex   -2.900000e+01 0.000000e+00 -4.500000e+00
      vertex   -2.888718e+01 1.362817e-16 -3.498656e+00
    endloop
  endfacet
  facet normal -9.414147e-01 -7.227667e-02 3.294153e-01
    outer loop
      vertex   -2.890022e+01 1.698718e-01 -3.498656e+00
      vertex   -2.888718e+01 1.362817e-16 -3.498656e+00
      vertex   -2.855436e+01 1.770399e-16 -2.547523e+00
    endloop
  endfacet
  facet normal -9.414147e-01 7.227667e-02 3.294153e-01
    outer loop
      vertex   -2.855436e+01 1.770399e-16 -2.547523e+00
      vertex   -2.888718e+01 1.362817e-16 -3.498656e+00
      vertex   -2.857130e+01 -2.206759e-01 -2.547523e+00
    endloop
  endfacet
  facet normal -8.449408e-01 6.486993e-02 5.309115e-01
    outer loop
      vertex   -2.855436e+01 1.770399e-16 -2.547523e+00
      vertex   -2.857130e+01 -2.206759e-01 -2.547523e+00
      vertex   -2.804147e+01 -3.025140e-01 -1.694296e+00
    endloop
  endfacet
  facet normal -8.251361e-01 1.930893e-01 5.309115e-01
    outer loop
      vertex   -2.804147e+01 -3.025140e-01 -1.694296e+00
      vertex   -2.857130e+01 -2.206759e-01 -2.547523e+00
      vertex   -2.811060e+01 -5.979373e-01 -1.694296e+00
    endloop
  endfacet
  facet normal -6.895175e-01 1.613533e-01 7.060671e-01
    outer loop
      vertex   -2.804147e+01 -3.025140e-01 -1.694296e+00
      vertex   -2.811060e+01 -5.979373e-01 -1.694296e+00
      vertex   -2.743127e+01 -8.129246e-01 -9.817583e-01
    endloop
  endfacet
  facet normal -6.568062e-01 2.647167e-01 7.060671e-01
    outer loop
      vertex   -2.743127e+01 -8.129246e-01 -9.817583e-01
      vertex   -2.811060e+01 -5.979373e-01 -1.694296e+00
      vertex   -2.758546e+01 -1.195513e+00 -9.817583e-01
    endloop
  endfacet
  facet normal -4.945009e-01 1.993018e-01 8.460187e-01
    outer loop
      vertex   -2.743127e+01 -8.129246e-01 -9.817583e-01
      vertex   -2.758546e+01 -1.195513e+00 -9.817583e-01
      vertex   -2.682083e+01 -1.574106e+00 -4.456401e-01
    endloop
  endfacet
  facet normal -4.582823e-01 2.724512e-01 8.460187e-01
    outer loop
      vertex   -2.682083e+01 -1.574106e+00 -4.456401e-01
      vertex   -2.758546e+01 -1.195513e+00 -9.817583e-01
      vertex   -2.709838e+01 -2.040956e+00 -4.456401e-01
    endloop
  endfacet
  facet normal -2.846418e-01 1.692211e-01 9.435800e-01
    outer loop
      vertex   -2.682083e+01 -1.574106e+00 -4.456401e-01
      vertex   -2.709838e+01 -2.040956e+00 -4.456401e-01
      vertex   -2.632042e+01 -2.588161e+00 -1.128244e-01
    endloop
  endfacet
  facet normal -2.554745e-01 2.106882e-01 9.435800e-01
    outer loop
      vertex   -2.632042e+01 -2.588161e+00 -1.128244e-01
      vertex   -2.709838e+01 -2.040956e+00 -4.456401e-01
      vertex   -2.675862e+01 -3.119514e+00 -1.128244e-01
    endloop
  endfacet
  facet normal -9.908329e-01 7.607072e-02 1.116401e-01
    outer loop
      vertex   -2.888718e+01 1.362817e-16 -3.498656e+00
      vertex   -2.900000e+01 0.000000e+00 -4.500000e+00
      vertex   -2.890022e+01 -1.698718e-01 -3.498656e+00
    endloop
  endfacet
  facet normal -9.842729e-01 1.295820e-01 1.200642e-01
    outer loop
      vertex   -2.890022e+01 -1.698718e-01 -3.498656e+00
      vertex   -2.900000e+01 0.000000e+00 -4.500000e+00
      vertex   -2.903407e+01 -2.588190e-01 -4.500000e+00
    endloop
  endfacet
  facet normal -9.678658e-01 2.264893e-01 1.092629e-01
    outer loop
      vertex   -2.890022e+01 -1.698718e-01 -3.498656e+00
      vertex   -2.903407e+01 -2.588190e-01 -4.500000e+00
      vertex   -2.893904e+01 -3.357620e-01 -3.498656e+00
    endloop
  endfacet
  facet normal -9.176107e-01 3.800868e-01 1.162956e-01
    outer loop
      vertex   -2.893904e+01 -3.357620e-01 -3.498656e+00
      vertex   -2.903407e+01 -2.588190e-01 -4.500000e+00
      vertex   -2.913397e+01 -5.000000e-01 -4.500000e+00
    endloop
  endfacet
  facet normal -9.209772e-01 3.711872e-01 1.184107e-01
    outer loop
      vertex   -2.893904e+01 -3.357620e-01 -3.498656e+00
      vertex   -2.913397e+01 -5.000000e-01 -4.500000e+00
      vertex   -2.900273e+01 -4.937823e-01 -3.498656e+00
    endloop
  endfacet
  facet normal -8.544629e-01 5.079827e-01 1.088430e-01
    outer loop
      vertex   -2.900273e+01 -4.937823e-01 -3.498656e+00
      vertex   -2.913397e+01 -5.000000e-01 -4.500000e+00
      vertex   -2.908979e+01 -6.402286e-01 -3.498656e+00
    endloop
  endfacet
  facet normal -8.115929e-01 4.824962e-01 3.294153e-01
    outer loop
      vertex   -2.900273e+01 -4.937823e-01 -3.498656e+00
      vertex   -2.908979e+01 -6.402286e-01 -3.498656e+00
      vertex   -2.881757e+01 -8.317037e-01 -2.547523e+00
    endloop
  endfacet
  facet normal -7.284286e-01 6.007307e-01 3.294153e-01
    outer loop
      vertex   -2.881757e+01 -8.317037e-01 -2.547523e+00
      vertex   -2.908979e+01 -6.402286e-01 -3.498656e+00
      vertex   -2.895839e+01 -1.002454e+00 -2.547523e+00
    endloop
  endfacet
  facet normal -6.537810e-01 5.391692e-01 5.309115e-01
    outer loop
      vertex   -2.881757e+01 -8.317037e-01 -2.547523e+00
      vertex   -2.895839e+01 -1.002454e+00 -2.547523e+00
      vertex   -2.857210e+01 -1.374216e+00 -1.694296e+00
    endloop
  endfacet
  facet normal -5.638152e-01 6.326496e-01 5.309115e-01
    outer loop
      vertex   -2.857210e+01 -1.374216e+00 -1.694296e+00
      vertex   -2.895839e+01 -1.002454e+00 -2.547523e+00
      vertex   -2.879861e+01 -1.576078e+00 -1.694296e+00
    endloop
  endfacet
  facet normal -4.711470e-01 5.286679e-01 7.060671e-01
    outer loop
      vertex   -2.857210e+01 -1.374216e+00 -1.694296e+00
      vertex   -2.879861e+01 -1.576078e+00 -1.694296e+00
      vertex   -2.836665e+01 -2.142754e+00 -9.817583e-01
    endloop
  endfacet
  facet normal -3.849246e-01 5.943924e-01 7.060671e-01
    outer loop
      vertex   -2.836665e+01 -2.142754e+00 -9.817583e-01
      vertex   -2.879861e+01 -1.576078e+00 -1.694296e+00
      vertex   -2.871288e+01 -2.366972e+00 -9.817583e-01
    endloop
  endfacet
  facet normal -2.898048e-01 4.475103e-01 8.460187e-01
    outer loop
      vertex   -2.836665e+01 -2.142754e+00 -9.817583e-01
      vertex   -2.871288e+01 -2.366972e+00 -9.817583e-01
      vertex   -2.830528e+01 -3.116543e+00 -4.456401e-01
    endloop
  endfacet
  facet normal -7.876779e-01 6.044065e-01 1.193992e-01
    outer loop
      vertex   -2.913397e+01 -5.000000e-01 -4.500000e+00
      vertex   -2.929289e+01 -7.071068e-01 -4.500000e+00
      vertex   -2.908979e+01 -6.402286e-01 -3.498656e+00
    endloop
  endfacet
  facet normal -7.665253e-01 6.321488e-01 1.132559e-01
    outer loop
      vertex   -2.908979e+01 -6.402286e-01 -3.498656e+00
      vertex   -2.929289e+01 -7.071068e-01 -4.500000e+00
      vertex   -2.919819e+01 -7.716686e-01 -3.498656e+00
    endloop
  endfacet
  facet normal -7.284286e-01 6.007307e-01 3.294153e-01
    outer loop
      vertex   -2.908979e+01 -6.402286e-01 -3.498656e+00
      vertex   -2.919819e+01 -7.716686e-01 -3.498656e+00
      vertex   -2.895839e+01 -1.002454e+00 -2.547523e+00
    endloop
  endfacet
  facet normal -6.281906e-01 7.048845e-01 3.294153e-01
    outer loop
      vertex   -2.895839e+01 -1.002454e+00 -2.547523e+00
      vertex   -2.919819e+01 -7.716686e-01 -3.498656e+00
      vertex   -2.912362e+01 -1.149707e+00 -2.547523e+00
    endloop
  endfacet
  facet normal -5.638152e-01 6.326496e-01 5.309115e-01
    outer loop
      vertex   -2.895839e+01 -1.002454e+00 -2.547523e+00
      vertex   -2.912362e+01 -1.149707e+00 -2.547523e+00
      vertex   -2.879861e+01 -1.576078e+00 -1.694296e+00
    endloop
  endfacet
  facet normal -4.606340e-01 7.113012e-01 5.309115e-01
    outer loop
      vertex   -2.879861e+01 -1.576078e+00 -1.694296e+00
      vertex   -2.912362e+01 -1.149707e+00 -2.547523e+00
      vertex   -2.905327e+01 -1.740999e+00 -1.694296e+00
    endloop
  endfacet
  facet normal -3.849246e-01 5.943924e-01 7.060671e-01
    outer loop
      vertex   -2.879861e+01 -1.576078e+00 -1.694296e+00
      vertex   -2.905327e+01 -1.740999e+00 -1.694296e+00
      vertex   -2.871288e+01 -2.366972e+00 -9.817583e-01
    endloop
  endfacet
  facet normal -6.612600e-01 7.419912e-01 1.103820e-01
    outer loop
      vertex   -2.919819e+01 -7.716686e-01 -3.498656e+00
      vertex   -2.929289e+01 -7.071068e-01 -4.500000e+00
      vertex   -2.932538e+01 -8.850213e-01 -3.498656e+00
    endloop
  endfacet
  facet normal -6.043381e-01 7.875888e-01 1.203302e-01
    outer loop
      vertex   -2.932538e+01 -8.850213e-01 -3.498656e+00
      vertex   -2.929289e+01 -7.071068e-01 -4.500000e+00
      vertex   -2.950000e+01 -8.660254e-01 -4.500000e+00
    endloop
  endfacet
  facet normal -5.402664e-01 8.342679e-01 1.100424e-01
    outer loop
      vertex   -2.932538e+01 -8.850213e-01 -3.498656e+00
      vertex   -2.950000e+01 -8.660254e-01 -4.500000e+00
      vertex   -2.946838e+01 -9.776299e-01 -3.498656e+00
    endloop
  endfacet
  facet normal -3.801754e-01 9.178247e-01 1.143002e-01
    outer loop
      vertex   -2.946838e+01 -9.776299e-01 -3.498656e+00
      vertex   -2.950000e+01 -8.660254e-01 -4.500000e+00
      vertex   -2.974118e+01 -9.659258e-01 -4.500000e+00
    endloop
  endfacet
  facet normal 3.807248e-02 9.932593e-01 1.094828e-01
    outer loop
      vertex   -2.995738e+01 -1.112008e+00 -3.498656e+00
      vertex   -3.000000e+01 -1.000000e+00 -4.500000e+00
      vertex   -3.012762e+01 -1.105482e+00 -3.498656e+00
    endloop
  endfacet
  facet normal 1.295799e-01 9.842569e-01 1.201972e-01
    outer loop
      vertex   -3.012762e+01 -1.105482e+00 -3.498656e+00
      vertex   -3.000000e+01 -1.000000e+00 -4.500000e+00
      vertex   -3.025882e+01 -9.659258e-01 -4.500000e+00
    endloop
  endfacet
  facet normal 1.892107e-01 9.756219e-01 1.111809e-01
    outer loop
      vertex   -3.012762e+01 -1.105482e+00 -3.498656e+00
      vertex   -3.025882e+01 -9.659258e-01 -4.500000e+00
      vertex   -3.029488e+01 -1.073045e+00 -3.498656e+00
    endloop
  endfacet
  facet normal 3.802797e-01 9.180765e-01 1.119054e-01
    outer loop
      vertex   -3.029488e+01 -1.073045e+00 -3.498656e+00
      vertex   -3.025882e+01 -9.659258e-01 -4.500000e+00
      vertex   -3.050000e+01 -8.660254e-01 -4.500000e+00
    endloop
  endfacet
  facet normal 3.353930e-01 9.338344e-01 1.243582e-01
    outer loop
      vertex   -3.029488e+01 -1.073045e+00 -3.498656e+00
      vertex   -3.050000e+01 -8.660254e-01 -4.500000e+00
      vertex   -3.045522e+01 -1.015456e+00 -3.498656e+00
    endloop
  endfacet
  facet normal 4.748691e-01 8.732699e-01 1.090830e-01
    outer loop
      vertex   -3.045522e+01 -1.015456e+00 -3.498656e+00
      vertex   -3.050000e+01 -8.660254e-01 -4.500000e+00
      vertex   -3.060490e+01 -9.340663e-01 -3.498656e+00
    endloop
  endfacet
  facet normal 4.510560e-01 8.294782e-01 3.294153e-01
    outer loop
      vertex   -3.045522e+01 -1.015456e+00 -3.498656e+00
      vertex   -3.060490e+01 -9.340663e-01 -3.498656e+00
      vertex   -3.078580e+01 -1.213420e+00 -2.547523e+00
    endloop
  endfacet
  facet normal 5.723890e-01 7.509037e-01 3.294153e-01
    outer loop
      vertex   -3.078580e+01 -1.213420e+00 -2.547523e+00
      vertex   -3.060490e+01 -9.340663e-01 -3.498656e+00
      vertex   -3.096182e+01 -1.079247e+00 -2.547523e+00
    endloop
  endfacet
  facet normal 5.137320e-01 6.739529e-01 5.309115e-01
    outer loop
      vertex   -3.078580e+01 -1.213420e+00 -2.547523e+00
      vertex   -3.096182e+01 -1.079247e+00 -2.547523e+00
      vertex   -3.131851e+01 -1.479488e+00 -1.694296e+00
    endloop
  endfacet
  facet normal 6.105897e-01 5.876336e-01 5.309115e-01
    outer loop
      vertex   -3.131851e+01 -1.479488e+00 -1.694296e+00
      vertex   -3.096182e+01 -1.079247e+00 -2.547523e+00
      vertex   -3.152891e+01 -1.260879e+00 -1.694296e+00
    endloop
  endfacet
  facet normal 5.102337e-01 4.910507e-01 7.060671e-01
    outer loop
      vertex   -3.131851e+01 -1.479488e+00 -1.694296e+00
      vertex   -3.152891e+01 -1.260879e+00 -1.694296e+00
      vertex   -3.207862e+01 -1.714225e+00 -9.817583e-01
    endloop
  endfacet
  facet normal 5.792125e-01 4.074090e-01 7.060671e-01
    outer loop
      vertex   -3.207862e+01 -1.714225e+00 -9.817583e-01
      vertex   -3.152891e+01 -1.260879e+00 -1.694296e+00
      vertex   -3.231593e+01 -1.376836e+00 -9.817583e-01
    endloop
  endfacet
  facet normal 4.360816e-01 3.067330e-01 8.460187e-01
    outer loop
      vertex   -3.207862e+01 -1.714225e+00 -9.817583e-01
      vertex   -3.231593e+01 -1.376836e+00 -9.817583e-01
      vertex   -3.304934e+01 -1.812851e+00 -4.456401e-01
    endloop
  endfacet
  facet normal 4.777935e-01 2.365706e-01 8.460187e-01
    outer loop
      vertex   -3.304934e+01 -1.812851e+00 -4.456401e-01
      vertex   -3.231593e+01 -1.376836e+00 -9.817583e-01
      vertex   -3.329034e+01 -1.326125e+00 -4.456401e-01
    endloop
  endfacet
  facet normal 2.967604e-01 1.469354e-01 9.435800e-01
    outer loop
      vertex   -3.304934e+01 -1.812851e+00 -4.456401e-01
      vertex   -3.329034e+01 -1.326125e+00 -4.456401e-01
      vertex   -3.417251e+01 -1.681674e+00 -1.128244e-01
    endloop
  endfacet
  facet normal 3.157120e-01 9.991314e-02 9.435800e-01
    outer loop
      vertex   -3.417251e+01 -1.681674e+00 -1.128244e-01
      vertex   -3.329034e+01 -1.326125e+00 -4.456401e-01
      vertex   -3.438032e+01 -1.025035e+00 -1.128244e-01
    endloop
  endfacet
  facet normal 6.045896e-01 7.879165e-01 1.168720e-01
    outer loop
      vertex   -3.050000e+01 -8.660254e-01 -4.500000e+00
      vertex   -3.070711e+01 -7.071068e-01 -4.500000e+00
      vertex   -3.060490e+01 -9.340663e-01 -3.498656e+00
    endloop
  endfacet
  facet normal 6.020220e-01 7.897785e-01 1.175561e-01
    outer loop
      vertex   -3.060490e+01 -9.340663e-01 -3.498656e+00
      vertex   -3.070711e+01 -7.071068e-01 -4.500000e+00
      vertex   -3.074039e+01 -8.307826e-01 -3.498656e+00
    endloop
  endfacet
  facet normal 5.723890e-01 7.509037e-01 3.294153e-01
    outer loop
      vertex   -3.060490e+01 -9.340663e-01 -3.498656e+00
      vertex   -3.074039e+01 -8.307826e-01 -3.498656e+00
      vertex   -3.096182e+01 -1.079247e+00 -2.547523e+00
    endloop
  endfacet
  facet normal 6.803058e-01 6.547287e-01 3.294153e-01
    outer loop
      vertex   -3.096182e+01 -1.079247e+00 -2.547523e+00
      vertex   -3.074039e+01 -8.307826e-01 -3.498656e+00
      vertex   -3.111530e+01 -9.197776e-01 -2.547523e+00
    endloop
  endfacet
  facet normal 6.105897e-01 5.876336e-01 5.309115e-01
    outer loop
      vertex   -3.096182e+01 -1.079247e+00 -2.547523e+00
      vertex   -3.111530e+01 -9.197776e-01 -2.547523e+00
      vertex   -3.152891e+01 -1.260879e+00 -1.694296e+00
    endloop
  endfacet
  facet normal 6.931357e-01 4.875407e-01 5.309115e-01
    outer loop
      vertex   -3.152891e+01 -1.260879e+00 -1.694296e+00
      vertex   -3.111530e+01 -9.197776e-01 -2.547523e+00
      vertex   -3.170346e+01 -1.012716e+00 -1.694296e+00
    endloop
  endfacet
  facet normal 5.792125e-01 4.074090e-01 7.060671e-01
    outer loop
      vertex   -3.152891e+01 -1.260879e+00 -1.694296e+00
      vertex   -3.170346e+01 -1.012716e+00 -1.694296e+00
      vertex   -3.231593e+01 -1.376836e+00 -9.817583e-01
    endloop
  endfacet
  facet normal 6.346151e-01 3.142180e-01 7.060671e-01
    outer loop
      vertex   -3.231593e+01 -1.376836e+00 -9.817583e-01
      vertex   -3.170346e+01 -1.012716e+00 -1.694296e+00
      vertex   -3.249897e+01 -1.007174e+00 -9.817583e-01
    endloop
  endfacet
  facet normal 4.777935e-01 2.365706e-01 8.460187e-01
    outer loop
      vertex   -3.231593e+01 -1.376836e+00 -9.817583e-01
      vertex   -3.249897e+01 -1.007174e+00 -9.817583e-01
      vertex   -3.329034e+01 -1.326125e+00 -4.456401e-01
    endloop
  endfacet
  facet normal 5.083063e-01 1.608633e-01 8.460187e-01
    outer loop
      vertex   -3.329034e+01 -1.326125e+00 -4.456401e-01
      vertex   -3.249897e+01 -1.007174e+00 -9.817583e-01
      vertex   -3.345421e+01 -8.083156e-01 -4.456401e-01
    endloop
  endfacet
  facet normal 3.157120e-01 9.991314e-02 9.435800e-01
    outer loop
      vertex   -3.329034e+01 -1.326125e+00 -4.456401e-01
      vertex   -3.345421e+01 -8.083156e-01 -4.456401e-01
      vertex   -3.438032e+01 -1.025035e+00 -1.128244e-01
    endloop
  endfacet
  facet normal 7.162330e-01 6.893052e-01 1.089430e-01
    outer loop
      vertex   -3.074039e+01 -8.307826e-01 -3.498656e+00
      vertex   -3.070711e+01 -7.071068e-01 -4.500000e+00
      vertex   -3.085853e+01 -7.080261e-01 -3.498656e+00
    endloop
  endfacet
  facet normal 7.876525e-01 6.043871e-01 1.196652e-01
    outer loop
      vertex   -3.085853e+01 -7.080261e-01 -3.498656e+00
      vertex   -3.070711e+01 -7.071068e-01 -4.500000e+00
      vertex   -3.086603e+01 -5.000000e-01 -4.500000e+00
    endloop
  endfacet
  facet normal 8.127205e-01 5.716548e-01 1.126776e-01
    outer loop
      vertex   -3.085853e+01 -7.080261e-01 -3.498656e+00
      vertex   -3.086603e+01 -5.000000e-01 -4.500000e+00
      vertex   -3.095655e+01 -5.686741e-01 -3.498656e+00
    endloop
  endfacet
  facet normal 8.906515e-01 4.409896e-01 1.107615e-01
    outer loop
      vertex   -3.095655e+01 -5.686741e-01 -3.498656e+00
      vertex   -3.086603e+01 -5.000000e-01 -4.500000e+00
      vertex   -3.103215e+01 -4.159928e-01 -3.498656e+00
    endloop
  endfacet
  facet normal 8.461462e-01 4.189537e-01 3.294153e-01
    outer loop
      vertex   -3.095655e+01 -5.686741e-01 -3.498656e+00
      vertex   -3.103215e+01 -4.159928e-01 -3.498656e+00
      vertex   -3.134083e+01 -5.404049e-01 -2.547523e+00
    endloop
  endfacet
  facet normal 9.001827e-01 2.848801e-01 3.294153e-01
    outer loop
      vertex   -3.134083e+01 -5.404049e-01 -2.547523e+00
      vertex   -3.103215e+01 -4.159928e-01 -3.498656e+00
      vertex   -3.140761e+01 -3.293942e-01 -2.547523e+00
    endloop
  endfacet
  facet normal 8.079341e-01 2.556863e-01 5.309115e-01
    outer loop
      vertex   -3.134083e+01 -5.404049e-01 -2.547523e+00
      vertex   -3.140761e+01 -3.293942e-01 -2.547523e+00
      vertex   -3.192963e+01 -4.515506e-01 -1.694296e+00
    endloop
  endfacet
  facet normal 9.171715e-01 3.799049e-01 1.202859e-01
    outer loop
      vertex   -3.086603e+01 -5.000000e-01 -4.500000e+00
      vertex   -3.096593e+01 -2.588190e-01 -4.500000e+00
      vertex   -3.103215e+01 -4.159928e-01 -3.498656e+00
    endloop
  endfacet
  facet normal 9.476379e-01 2.998982e-01 1.097426e-01
    outer loop
      vertex   -3.103215e+01 -4.159928e-01 -3.498656e+00
      vertex   -3.096593e+01 -2.588190e-01 -4.500000e+00
      vertex   -3.108355e+01 -2.535609e-01 -3.498656e+00
    endloop
  endfacet
  facet normal 9.001827e-01 2.848801e-01 3.294153e-01
    outer loop
      vertex   -3.103215e+01 -4.159928e-01 -3.498656e+00
      vertex   -3.108355e+01 -2.535609e-01 -3.498656e+00
      vertex   -3.140761e+01 -3.293942e-01 -2.547523e+00
    endloop
  endfacet
  facet normal 9.848660e-01 1.296601e-01 1.150097e-01
    outer loop
      vertex   -3.096593e+01 -2.588190e-01 -4.500000e+00
      vertex   -3.100000e+01 1.224647e-16 -4.500000e+00
      vertex   -3.108355e+01 -2.535609e-01 -3.498656e+00
    endloop
  endfacet
  facet normal 1.105256e-01 0.000000e+00 9.938733e-01
    outer loop
      vertex   -3.448546e+01 3.443687e-01 -1.128244e-01
      vertex   -3.550000e+01 -6.735557e-16 0.000000e+00
      vertex   -3.448546e+01 -3.443687e-01 -1.128244e-01
    endloop
  endfacet
  facet normal 1.145536e-01 1.204007e-02 9.933441e-01
    outer loop
      vertex   -3.448546e+01 -3.443687e-01 -1.128244e-01
      vertex   -3.550000e+01 -6.735557e-16 0.000000e+00
      vertex   -3.537981e+01 -1.143514e+00 0.000000e+00
    endloop
  endfacet
  facet normal 6.738301e-02 9.274476e-02 9.934072e-01
    outer loop
      vertex   -3.368022e+01 -4.087297e+00 0.000000e+00
      vertex   -3.275000e+01 -4.763140e+00 0.000000e+00
      vertex   -3.244532e+01 -3.776016e+00 -1.128244e-01
    endloop
  endfacet
  facet normal 5.289267e-02 9.726802e-02 9.938517e-01
    outer loop
      vertex   -3.244532e+01 -3.776016e+00 -1.128244e-01
      vertex   -3.275000e+01 -4.763140e+00 0.000000e+00
      vertex   -3.184026e+01 -4.105040e+00 -1.128244e-01
    endloop
  endfacet
  facet normal 1.581943e-01 2.909146e-01 9.435800e-01
    outer loop
      vertex   -3.244532e+01 -3.776016e+00 -1.128244e-01
      vertex   -3.184026e+01 -4.105040e+00 -1.128244e-01
      vertex   -3.145118e+01 -3.237128e+00 -4.456401e-01
    endloop
  endfacet
  facet normal 1.119325e-01 3.116534e-01 9.435800e-01
    outer loop
      vertex   -3.145118e+01 -3.237128e+00 -4.456401e-01
      vertex   -3.184026e+01 -4.105040e+00 -1.128244e-01
      vertex   -3.094003e+01 -3.420712e+00 -4.456401e-01
    endloop
  endfacet
  facet normal 1.802148e-01 5.017718e-01 8.460187e-01
    outer loop
      vertex   -3.145118e+01 -3.237128e+00 -4.456401e-01
      vertex   -3.094003e+01 -3.420712e+00 -4.456401e-01
      vertex   -3.071394e+01 -2.597984e+00 -9.817583e-01
    endloop
  endfacet
  facet normal 1.015076e-01 5.234009e-01 8.460187e-01
    outer loop
      vertex   -3.071394e+01 -2.597984e+00 -9.817583e-01
      vertex   -3.094003e+01 -3.420712e+00 -4.456401e-01
      vertex   -3.030899e+01 -2.676519e+00 -9.817583e-01
    endloop
  endfacet
  facet normal 1.348245e-01 6.951918e-01 7.060671e-01
    outer loop
      vertex   -3.071394e+01 -2.597984e+00 -9.817583e-01
      vertex   -3.030899e+01 -2.676519e+00 -9.817583e-01
      vertex   -3.022727e+01 -1.968683e+00 -1.694296e+00
    endloop
  endfacet
  facet normal 2.712389e-02 7.076253e-01 7.060671e-01
    outer loop
      vertex   -3.022727e+01 -1.968683e+00 -1.694296e+00
      vertex   -3.030899e+01 -2.676519e+00 -9.817583e-01
      vertex   -2.992409e+01 -1.980304e+00 -1.694296e+00
    endloop
  endfacet
  facet normal 3.245878e-02 8.468054e-01 5.309115e-01
    outer loop
      vertex   -3.022727e+01 -1.968683e+00 -1.694296e+00
      vertex   -2.992409e+01 -1.980304e+00 -1.694296e+00
      vertex   -2.994463e+01 -1.444579e+00 -2.547523e+00
    endloop
  endfacet
  facet normal -9.718586e-02 8.418360e-01 5.309115e-01
    outer loop
      vertex   -2.994463e+01 -1.444579e+00 -2.547523e+00
      vertex   -2.992409e+01 -1.980304e+00 -1.694296e+00
      vertex   -2.972476e+01 -1.419197e+00 -2.547523e+00
    endloop
  endfacet
  facet normal -1.082824e-01 9.379555e-01 3.294153e-01
    outer loop
      vertex   -2.994463e+01 -1.444579e+00 -2.547523e+00
      vertex   -2.972476e+01 -1.419197e+00 -2.547523e+00
      vertex   -2.978813e+01 -1.092469e+00 -3.498656e+00
    endloop
  endfacet
  facet normal -2.501916e-01 9.104338e-01 3.294153e-01
    outer loop
      vertex   -2.978813e+01 -1.092469e+00 -3.498656e+00
      vertex   -2.972476e+01 -1.419197e+00 -2.547523e+00
      vertex   -2.962385e+01 -1.047324e+00 -3.498656e+00
    endloop
  endfacet
  facet normal 4.693359e-02 1.054146e-01 9.933202e-01
    outer loop
      vertex   -3.275000e+01 -4.763140e+00 0.000000e+00
      vertex   -3.169959e+01 -5.230811e+00 0.000000e+00
      vertex   -3.184026e+01 -4.105040e+00 -1.128244e-01
    endloop
  endfacet
  facet normal 3.745373e-02 1.042824e-01 9.938422e-01
    outer loop
      vertex   -3.184026e+01 -4.105040e+00 -1.128244e-01
      vertex   -3.169959e+01 -5.230811e+00 0.000000e+00
      vertex   -3.119206e+01 -4.337845e+00 -1.128244e-01
    endloop
  endfacet
  facet normal 1.119325e-01 3.116534e-01 9.435800e-01
    outer loop
      vertex   -3.184026e+01 -4.105040e+00 -1.128244e-01
      vertex   -3.119206e+01 -4.337845e+00 -1.128244e-01
      vertex   -3.094003e+01 -3.420712e+00 -4.456401e-01
    endloop
  endfacet
  facet normal 6.304698e-02 3.250874e-01 9.435800e-01
    outer loop
      vertex   -3.094003e+01 -3.420712e+00 -4.456401e-01
      vertex   -3.119206e+01 -4.337845e+00 -1.128244e-01
      vertex   -3.040684e+01 -3.524117e+00 -4.456401e-01
    endloop
  endfacet
  facet normal 1.015076e-01 5.234009e-01 8.460187e-01
    outer loop
      vertex   -3.094003e+01 -3.420712e+00 -4.456401e-01
      vertex   -3.040684e+01 -3.524117e+00 -4.456401e-01
      vertex   -3.030899e+01 -2.676519e+00 -9.817583e-01
    endloop
  endfacet
  facet normal 2.042122e-02 5.327619e-01 8.460187e-01
    outer loop
      vertex   -3.030899e+01 -2.676519e+00 -9.817583e-01
      vertex   -3.040684e+01 -3.524117e+00 -4.456401e-01
      vertex   -2.989680e+01 -2.692319e+00 -9.817583e-01
    endloop
  endfacet
  facet normal 2.712389e-02 7.076253e-01 7.060671e-01
    outer loop
      vertex   -3.030899e+01 -2.676519e+00 -9.817583e-01
      vertex   -2.989680e+01 -2.692319e+00 -9.817583e-01
      vertex   -2.992409e+01 -1.980304e+00 -1.694296e+00
    endloop
  endfacet
  facet normal -8.121249e-02 7.034727e-01 7.060671e-01
    outer loop
      vertex   -2.992409e+01 -1.980304e+00 -1.694296e+00
      vertex   -2.989680e+01 -2.692319e+00 -9.817583e-01
      vertex   -2.962269e+01 -1.945509e+00 -1.694296e+00
    endloop
  endfacet
  facet normal -9.718586e-02 8.418360e-01 5.309115e-01
    outer loop
      vertex   -2.992409e+01 -1.980304e+00 -1.694296e+00
      vertex   -2.962269e+01 -1.945509e+00 -1.694296e+00
      vertex   -2.972476e+01 -1.419197e+00 -2.547523e+00
    endloop
  endfacet
  facet normal -2.245526e-01 8.171347e-01 5.309115e-01
    outer loop
      vertex   -2.972476e+01 -1.419197e+00 -2.547523e+00
      vertex   -2.962269e+01 -1.945509e+00 -1.694296e+00
      vertex   -2.951135e+01 -1.360550e+00 -2.547523e+00
    endloop
  endfacet
  facet normal -2.501916e-01 9.104338e-01 3.294153e-01
    outer loop
      vertex   -2.972476e+01 -1.419197e+00 -2.547523e+00
      vertex   -2.951135e+01 -1.360550e+00 -2.547523e+00
      vertex   -2.962385e+01 -1.047324e+00 -3.498656e+00
    endloop
  endfacet
  facet normal 2.380374e-02 1.119878e-01 9.934244e-01
    outer loop
      vertex   -3.169959e+01 -5.230811e+00 0.000000e+00
      vertex   -3.057491e+01 -5.469870e+00 0.000000e+00
      vertex   -3.119206e+01 -4.337845e+00 -1.128244e-01
    endloop
  endfacet
  facet normal 2.147642e-02 1.107382e-01 9.936175e-01
    outer loop
      vertex   -3.119206e+01 -4.337845e+00 -1.128244e-01
      vertex   -3.057491e+01 -5.469870e+00 0.000000e+00
      vertex   -3.051592e+01 -4.468974e+00 -1.128244e-01
    endloop
  endfacet
  facet normal 6.304698e-02 3.250874e-01 9.435800e-01
    outer loop
      vertex   -3.119206e+01 -4.337845e+00 -1.128244e-01
      vertex   -3.051592e+01 -4.468974e+00 -1.128244e-01
      vertex   -3.040684e+01 -3.524117e+00 -4.456401e-01
    endloop
  endfacet
  facet normal 1.268374e-02 3.309016e-01 9.435800e-01
    outer loop
      vertex   -3.040684e+01 -3.524117e+00 -4.456401e-01
      vertex   -3.051592e+01 -4.468974e+00 -1.128244e-01
      vertex   -2.986412e+01 -3.544920e+00 -4.456401e-01
    endloop
  endfacet
  facet normal 2.042122e-02 5.327619e-01 8.460187e-01
    outer loop
      vertex   -3.040684e+01 -3.524117e+00 -4.456401e-01
      vertex   -2.986412e+01 -3.544920e+00 -4.456401e-01
      vertex   -2.989680e+01 -2.692319e+00 -9.817583e-01
    endloop
  endfacet
  facet normal -6.114383e-02 5.296355e-01 8.460187e-01
    outer loop
      vertex   -2.989680e+01 -2.692319e+00 -9.817583e-01
      vertex   -2.986412e+01 -3.544920e+00 -4.456401e-01
      vertex   -2.948703e+01 -2.645013e+00 -9.817583e-01
    endloop
  endfacet
  facet normal -8.121249e-02 7.034727e-01 7.060671e-01
    outer loop
      vertex   -2.989680e+01 -2.692319e+00 -9.817583e-01
      vertex   -2.948703e+01 -2.645013e+00 -9.817583e-01
      vertex   -2.962269e+01 -1.945509e+00 -1.694296e+00
    endloop
  endfacet
  facet normal -1.876453e-01 6.828312e-01 7.060671e-01
    outer loop
      vertex   -2.962269e+01 -1.945509e+00 -1.694296e+00
      vertex   -2.948703e+01 -2.645013e+00 -9.817583e-01
      vertex   -2.933013e+01 -1.865112e+00 -1.694296e+00
    endloop
  endfacet
  facet normal -2.245526e-01 8.171347e-01 5.309115e-01
    outer loop
      vertex   -2.962269e+01 -1.945509e+00 -1.694296e+00
      vertex   -2.933013e+01 -1.865112e+00 -1.694296e+00
      vertex   -2.951135e+01 -1.360550e+00 -2.547523e+00
    endloop
  endfacet
  facet normal 4.283996e-03 1.117636e-01 9.937256e-01
    outer loop
      vertex   -3.051592e+01 -4.468974e+00 -1.128244e-01
      vertex   -3.057491e+01 -5.469870e+00 0.000000e+00
      vertex   -2.982769e+01 -4.495355e+00 -1.128244e-01
    endloop
  endfacet
  facet normal 0.000000e+00 1.150066e-01 9.933647e-01
    outer loop
      vertex   -2.982769e+01 -4.495355e+00 -1.128244e-01
      vertex   -3.057491e+01 -5.469870e+00 0.000000e+00
      vertex   -2.942509e+01 -5.469870e+00 0.000000e+00
    endloop
  endfacet
  facet normal -1.267900e-02 1.098271e-01 9.938698e-01
    outer loop
      vertex   -2.982769e+01 -4.495355e+00 -1.128244e-01
      vertex   -2.942509e+01 -5.469870e+00 0.000000e+00
      vertex   -2.914350e+01 -4.416368e+00 -1.128244e-01
    endloop
  endfacet
  facet normal -2.397390e-02 1.127884e-01 9.933298e-01
    outer loop
      vertex   -2.914350e+01 -4.416368e+00 -1.128244e-01
      vertex   -2.942509e+01 -5.469870e+00 0.000000e+00
      vertex   -2.830041e+01 -5.230811e+00 0.000000e+00
    endloop
  endfacet
  facet normal -2.945390e-02 1.071812e-01 9.938031e-01
    outer loop
      vertex   -2.914350e+01 -4.416368e+00 -1.128244e-01
      vertex   -2.830041e+01 -5.230811e+00 0.000000e+00
      vertex   -2.847938e+01 -4.233865e+00 -1.128244e-01
    endloop
  endfacet
  facet normal -4.635337e-02 1.041114e-01 9.934849e-01
    outer loop
      vertex   -2.847938e+01 -4.233865e+00 -1.128244e-01
      vertex   -2.830041e+01 -5.230811e+00 0.000000e+00
      vertex   -2.725000e+01 -4.763140e+00 0.000000e+00
    endloop
  endfacet
  facet normal -9.901045e-02 5.716371e-02 9.934431e-01
    outer loop
      vertex   -2.555041e+01 -3.232819e+00 0.000000e+00
      vertex   -2.497550e+01 -2.237052e+00 0.000000e+00
      vertex   -2.596846e+01 -1.996143e+00 -1.128244e-01
    endloop
  endfacet
  facet normal -1.028649e-01 4.145829e-02 9.938310e-01
    outer loop
      vertex   -2.596846e+01 -1.996143e+00 -1.128244e-01
      vertex   -2.497550e+01 -2.237052e+00 0.000000e+00
      vertex   -2.571100e+01 -1.357337e+00 -1.128244e-01
    endloop
  endfacet
  facet normal -3.071374e-01 1.237875e-01 9.435800e-01
    outer loop
      vertex   -2.596846e+01 -1.996143e+00 -1.128244e-01
      vertex   -2.571100e+01 -1.357337e+00 -1.128244e-01
      vertex   -2.661780e+01 -1.070361e+00 -4.456401e-01
    endloop
  endfacet
  facet normal -3.224340e-01 7.545245e-02 9.435800e-01
    outer loop
      vertex   -2.661780e+01 -1.070361e+00 -4.456401e-01
      vertex   -2.571100e+01 -1.357337e+00 -1.128244e-01
      vertex   -2.649405e+01 -5.415269e-01 -4.456401e-01
    endloop
  endfacet
  facet normal -5.191288e-01 1.214808e-01 8.460187e-01
    outer loop
      vertex   -2.661780e+01 -1.070361e+00 -4.456401e-01
      vertex   -2.649405e+01 -5.415269e-01 -4.456401e-01
      vertex   -2.733728e+01 -4.112823e-01 -9.817583e-01
    endloop
  endfacet
  facet normal -5.315888e-01 4.081248e-02 8.460187e-01
    outer loop
      vertex   -2.733728e+01 -4.112823e-01 -9.817583e-01
      vertex   -2.649405e+01 -5.415269e-01 -4.456401e-01
      vertex   -2.730570e+01 3.299561e-16 -9.817583e-01
    endloop
  endfacet
  facet normal -7.060671e-01 5.420797e-02 7.060671e-01
    outer loop
      vertex   -2.733728e+01 -4.112823e-01 -9.817583e-01
      vertex   -2.730570e+01 3.299561e-16 -9.817583e-01
      vertex   -2.801824e+01 2.426954e-16 -1.694296e+00
    endloop
  endfacet
  facet normal -7.060671e-01 -5.420797e-02 7.060671e-01
    outer loop
      vertex   -2.801824e+01 2.426954e-16 -1.694296e+00
      vertex   -2.730570e+01 3.299561e-16 -9.817583e-01
      vertex   -2.804147e+01 3.025140e-01 -1.694296e+00
    endloop
  endfacet
  facet normal -8.449408e-01 -6.486993e-02 5.309115e-01
    outer loop
      vertex   -2.801824e+01 2.426954e-16 -1.694296e+00
      vertex   -2.804147e+01 3.025140e-01 -1.694296e+00
      vertex   -2.857130e+01 2.206759e-01 -2.547523e+00
    endloop
  endfacet
  facet normal -8.251361e-01 -1.930893e-01 5.309115e-01
    outer loop
      vertex   -2.857130e+01 2.206759e-01 -2.547523e+00
      vertex   -2.804147e+01 3.025140e-01 -1.694296e+00
      vertex   -2.862173e+01 4.361794e-01 -2.547523e+00
    endloop
  endfacet
  facet normal -9.193488e-01 -2.151359e-01 3.294153e-01
    outer loop
      vertex   -2.857130e+01 2.206759e-01 -2.547523e+00
      vertex   -2.862173e+01 4.361794e-01 -2.547523e+00
      vertex   -2.893904e+01 3.357620e-01 -3.498656e+00
    endloop
  endfacet
  facet normal -8.757340e-01 -3.529525e-01 3.294153e-01
    outer loop
      vertex   -2.893904e+01 3.357620e-01 -3.498656e+00
      vertex   -2.862173e+01 4.361794e-01 -2.547523e+00
      vertex   -2.900273e+01 4.937823e-01 -3.498656e+00
    endloop
  endfacet
  facet normal -1.097299e-01 3.565341e-02 9.933218e-01
    outer loop
      vertex   -2.497550e+01 -2.237052e+00 0.000000e+00
      vertex   -2.462019e+01 -1.143514e+00 0.000000e+00
      vertex   -2.571100e+01 -1.357337e+00 -1.128244e-01
    endloop
  endfacet
  facet normal -1.077388e-01 2.521184e-02 9.938595e-01
    outer loop
      vertex   -2.571100e+01 -1.357337e+00 -1.128244e-01
      vertex   -2.462019e+01 -1.143514e+00 0.000000e+00
      vertex   -2.555407e+01 -6.867166e-01 -1.128244e-01
    endloop
  endfacet
  facet normal -3.224340e-01 7.545245e-02 9.435800e-01
    outer loop
      vertex   -2.571100e+01 -1.357337e+00 -1.128244e-01
      vertex   -2.555407e+01 -6.867166e-01 -1.128244e-01
      vertex   -2.649405e+01 -5.415269e-01 -4.456401e-01
    endloop
  endfacet
  facet normal -3.301729e-01 2.534887e-02 9.435800e-01
    outer loop
      vertex   -2.649405e+01 -5.415269e-01 -4.456401e-01
      vertex   -2.555407e+01 -6.867166e-01 -1.128244e-01
      vertex   -2.645248e+01 4.344463e-16 -4.456401e-01
    endloop
  endfacet
  facet normal -5.315888e-01 4.081248e-02 8.460187e-01
    outer loop
      vertex   -2.649405e+01 -5.415269e-01 -4.456401e-01
      vertex   -2.645248e+01 4.344463e-16 -4.456401e-01
      vertex   -2.730570e+01 3.299561e-16 -9.817583e-01
    endloop
  endfacet
  facet normal -5.315888e-01 -4.081248e-02 8.460187e-01
    outer loop
      vertex   -2.730570e+01 3.299561e-16 -9.817583e-01
      vertex   -2.645248e+01 4.344463e-16 -4.456401e-01
      vertex   -2.733728e+01 4.112823e-01 -9.817583e-01
    endloop
  endfacet
  facet normal -7.060671e-01 -5.420797e-02 7.060671e-01
    outer loop
      vertex   -2.730570e+01 3.299561e-16 -9.817583e-01
      vertex   -2.733728e+01 4.112823e-01 -9.817583e-01
      vertex   -2.804147e+01 3.025140e-01 -1.694296e+00
    endloop
  endfacet
  facet normal -6.895175e-01 -1.613533e-01 7.060671e-01
    outer loop
      vertex   -2.804147e+01 3.025140e-01 -1.694296e+00
      vertex   -2.733728e+01 4.112823e-01 -9.817583e-01
      vertex   -2.811060e+01 5.979373e-01 -1.694296e+00
    endloop
  endfacet
  facet normal -8.251361e-01 -1.930893e-01 5.309115e-01
    outer loop
      vertex   -2.804147e+01 3.025140e-01 -1.694296e+00
      vertex   -2.811060e+01 5.979373e-01 -1.694296e+00
      vertex   -2.862173e+01 4.361794e-01 -2.547523e+00
    endloop
  endfacet
  facet normal -7.859909e-01 -3.167828e-01 5.309115e-01
    outer loop
      vertex   -2.862173e+01 4.361794e-01 -2.547523e+00
      vertex   -2.811060e+01 5.979373e-01 -1.694296e+00
      vertex   -2.870447e+01 6.414592e-01 -2.547523e+00
    endloop
  endfacet
  facet normal -8.757340e-01 -3.529525e-01 3.294153e-01
    outer loop
      vertex   -2.862173e+01 4.361794e-01 -2.547523e+00
      vertex   -2.870447e+01 6.414592e-01 -2.547523e+00
      vertex   -2.900273e+01 4.937823e-01 -3.498656e+00
    endloop
  endfacet
  facet normal -8.115929e-01 -4.824962e-01 3.294153e-01
    outer loop
      vertex   -2.900273e+01 4.937823e-01 -3.498656e+00
      vertex   -2.870447e+01 6.414592e-01 -2.547523e+00
      vertex   -2.908979e+01 6.402286e-01 -3.498656e+00
    endloop
  endfacet
  facet normal -1.141460e-01 1.199723e-02 9.933915e-01
    outer loop
      vertex   -2.462019e+01 -1.143514e+00 0.000000e+00
      vertex   -2.450000e+01 0.000000e+00 0.000000e+00
      vertex   -2.555407e+01 -6.867166e-01 -1.128244e-01
    endloop
  endfacet
  facet normal -1.119603e-01 8.595702e-03 9.936755e-01
    outer loop
      vertex   -2.555407e+01 -6.867166e-01 -1.128244e-01
      vertex   -2.450000e+01 0.000000e+00 0.000000e+00
      vertex   -2.550134e+01 5.509264e-16 -1.128244e-01
    endloop
  endfacet
  facet normal -3.301729e-01 2.534887e-02 9.435800e-01
    outer loop
      vertex   -2.555407e+01 -6.867166e-01 -1.128244e-01
      vertex   -2.550134e+01 5.509264e-16 -1.128244e-01
      vertex   -2.645248e+01 4.344463e-16 -4.456401e-01
    endloop
  endfacet
  facet normal -3.301729e-01 -2.534887e-02 9.435800e-01
    outer loop
      vertex   -2.645248e+01 4.344463e-16 -4.456401e-01
      vertex   -2.550134e+01 5.509264e-16 -1.128244e-01
      vertex   -2.649405e+01 5.415269e-01 -4.456401e-01
    endloop
  endfacet
  facet normal -5.315888e-01 -4.081248e-02 8.460187e-01
    outer loop
      vertex   -2.645248e+01 4.344463e-16 -4.456401e-01
      vertex   -2.649405e+01 5.415269e-01 -4.456401e-01
      vertex   -2.733728e+01 4.112823e-01 -9.817583e-01
    endloop
  endfacet
  facet normal -5.191288e-01 -1.214808e-01 8.460187e-01
    outer loop
      vertex   -2.733728e+01 4.112823e-01 -9.817583e-01
      vertex   -2.649405e+01 5.415269e-01 -4.456401e-01
      vertex   -2.743127e+01 8.129246e-01 -9.817583e-01
    endloop
  endfacet
  facet normal -6.895175e-01 -1.613533e-01 7.060671e-01
    outer loop
      vertex   -2.733728e+01 4.112823e-01 -9.817583e-01
      vertex   -2.743127e+01 8.129246e-01 -9.817583e-01
      vertex   -2.811060e+01 5.979373e-01 -1.694296e+00
    endloop
  endfacet
  facet normal -6.568062e-01 -2.647167e-01 7.060671e-01
    outer loop
      vertex   -2.811060e+01 5.979373e-01 -1.694296e+00
      vertex   -2.743127e+01 8.129246e-01 -9.817583e-01
      vertex   -2.822402e+01 8.793455e-01 -1.694296e+00
    endloop
  endfacet
  facet normal -7.859909e-01 -3.167828e-01 5.309115e-01
    outer loop
      vertex   -2.811060e+01 5.979373e-01 -1.694296e+00
      vertex   -2.822402e+01 8.793455e-01 -1.694296e+00
      vertex   -2.870447e+01 6.414592e-01 -2.547523e+00
    endloop
  endfacet
  facet normal -7.284227e-01 -4.330512e-01 5.309115e-01
    outer loop
      vertex   -2.870447e+01 6.414592e-01 -2.547523e+00
      vertex   -2.822402e+01 8.793455e-01 -1.694296e+00
      vertex   -2.881757e+01 8.317037e-01 -2.547523e+00
    endloop
  endfacet
  facet normal -8.115929e-01 -4.824962e-01 3.294153e-01
    outer loop
      vertex   -2.870447e+01 6.414592e-01 -2.547523e+00
      vertex   -2.881757e+01 8.317037e-01 -2.547523e+00
      vertex   -2.908979e+01 6.402286e-01 -3.498656e+00
    endloop
  endfacet
  facet normal -1.119603e-01 -8.595702e-03 9.936755e-01
    outer loop
      vertex   -2.550134e+01 5.509264e-16 -1.128244e-01
      vertex   -2.450000e+01 0.000000e+00 0.000000e+00
      vertex   -2.555407e+01 6.867166e-01 -1.128244e-01
    endloop
  endfacet
  facet normal -1.141460e-01 -1.199723e-02 9.933915e-01
    outer loop
      vertex   -2.555407e+01 6.867166e-01 -1.128244e-01
      vertex   -2.450000e+01 0.000000e+00 0.000000e+00
      vertex   -2.462019e+01 1.143514e+00 0.000000e+00
    endloop
  endfacet
  facet normal -1.077388e-01 -2.521184e-02 9.938595e-01
    outer loop
      vertex   -2.555407e+01 6.867166e-01 -1.128244e-01
      vertex   -2.462019e+01 1.143514e+00 0.000000e+00
      vertex   -2.571100e+01 1.357337e+00 -1.128244e-01
    endloop
  endfacet
  facet normal -1.097299e-01 -3.565341e-02 9.933218e-01
    outer loop
      vertex   -2.571100e+01 1.357337e+00 -1.128244e-01
      vertex   -2.462019e+01 1.143514e+00 0.000000e+00
      vertex   -2.497550e+01 2.237052e+00 0.000000e+00
    endloop
  endfacet
  facet normal -1.028649e-01 -4.145829e-02 9.938310e-01
    outer loop
      vertex   -2.571100e+01 1.357337e+00 -1.128244e-01
      vertex   -2.497550e+01 2.237052e+00 0.000000e+00
      vertex   -2.596846e+01 1.996143e+00 -1.128244e-01
    endloop
  endfacet
  facet normal -9.901045e-02 -5.716371e-02 9.934431e-01
    outer loop
      vertex   -2.596846e+01 1.996143e+00 -1.128244e-01
      vertex   -2.497550e+01 2.237052e+00 0.000000e+00
      vertex   -2.555041e+01 3.232819e+00 0.000000e+00
    endloop
  endfacet
  facet normal -9.720301e-02 -5.778770e-02 9.935855e-01
    outer loop
      vertex   -2.596846e+01 1.996143e+00 -1.128244e-01
      vertex   -2.555041e+01 3.232819e+00 0.000000e+00
      vertex   -2.632042e+01 2.588161e+00 -1.128244e-01
    endloop
  endfacet
  facet normal -7.354069e-02 -8.251904e-02 9.938724e-01
    outer loop
      vertex   -2.675862e+01 3.119514e+00 -1.128244e-01
      vertex   -2.631978e+01 4.087297e+00 0.000000e+00
      vertex   -2.727280e+01 3.577749e+00 -1.128244e-01
    endloop
  endfacet
  facet normal -6.774412e-02 -9.324178e-02 9.933361e-01
    outer loop
      vertex   -2.727280e+01 3.577749e+00 -1.128244e-01
      vertex   -2.631978e+01 4.087297e+00 0.000000e+00
      vertex   -2.725000e+01 4.763140e+00 0.000000e+00
    endloop
  endfacet
  facet normal 2.147642e-02 -1.107382e-01 9.936175e-01
    outer loop
      vertex   -3.051592e+01 4.468974e+00 -1.128244e-01
      vertex   -3.057491e+01 5.469870e+00 0.000000e+00
      vertex   -3.119206e+01 4.337845e+00 -1.128244e-01
    endloop
  endfacet
  facet normal 2.380374e-02 -1.119878e-01 9.934244e-01
    outer loop
      vertex   -3.119206e+01 4.337845e+00 -1.128244e-01
      vertex   -3.057491e+01 5.469870e+00 0.000000e+00
      vertex   -3.169959e+01 5.230811e+00 0.000000e+00
    endloop
  endfacet
  facet normal 3.745373e-02 -1.042824e-01 9.938422e-01
    outer loop
      vertex   -3.119206e+01 4.337845e+00 -1.128244e-01
      vertex   -3.169959e+01 5.230811e+00 0.000000e+00
      vertex   -3.184026e+01 4.105040e+00 -1.128244e-01
    endloop
  endfacet
  facet normal 4.693359e-02 -1.054146e-01 9.933202e-01
    outer loop
      vertex   -3.184026e+01 4.105040e+00 -1.128244e-01
      vertex   -3.169959e+01 5.230811e+00 0.000000e+00
      vertex   -3.275000e+01 4.763140e+00 0.000000e+00
    endloop
  endfacet
  facet normal 5.289267e-02 -9.726802e-02 9.938517e-01
    outer loop
      vertex   -3.184026e+01 4.105040e+00 -1.128244e-01
      vertex   -3.275000e+01 4.763140e+00 0.000000e+00
      vertex   -3.244532e+01 3.776016e+00 -1.128244e-01
    endloop
  endfacet
  facet normal 6.738301e-02 -9.274476e-02 9.934072e-01
    outer loop
      vertex   -3.244532e+01 3.776016e+00 -1.128244e-01
      vertex   -3.275000e+01 4.763140e+00 0.000000e+00
      vertex   -3.368022e+01 4.087297e+00 0.000000e+00
    endloop
  endfacet
  facet normal 6.822287e-02 -8.949999e-02 9.936475e-01
    outer loop
      vertex   -3.244532e+01 3.776016e+00 -1.128244e-01
      vertex   -3.368022e+01 4.087297e+00 0.000000e+00
      vertex   -3.299307e+01 3.358486e+00 -1.128244e-01
    endloop
  endfacet
  facet normal 8.074122e-02 -7.770563e-02 9.937015e-01
    outer loop
      vertex   -3.299307e+01 3.358486e+00 -1.128244e-01
      vertex   -3.368022e+01 4.087297e+00 0.000000e+00
      vertex   -3.347066e+01 2.862236e+00 -1.128244e-01
    endloop
  endfacet
  facet normal 2.385968e-01 -2.296264e-01 9.435800e-01
    outer loop
      vertex   -3.299307e+01 3.358486e+00 -1.128244e-01
      vertex   -3.347066e+01 2.862236e+00 -1.128244e-01
      vertex   -3.273688e+01 2.257085e+00 -4.456401e-01
    endloop
  endfacet
  facet normal 2.708529e-01 -1.905137e-01 9.435800e-01
    outer loop
      vertex   -3.273688e+01 2.257085e+00 -4.456401e-01
      vertex   -3.347066e+01 2.862236e+00 -1.128244e-01
      vertex   -3.304934e+01 1.812851e+00 -4.456401e-01
    endloop
  endfacet
  facet normal 4.360816e-01 -3.067330e-01 8.460187e-01
    outer loop
      vertex   -3.273688e+01 2.257085e+00 -4.456401e-01
      vertex   -3.304934e+01 1.812851e+00 -4.456401e-01
      vertex   -3.231593e+01 1.376836e+00 -9.817583e-01
    endloop
  endfacet
  facet normal 4.777935e-01 -2.365706e-01 8.460187e-01
    outer loop
      vertex   -3.231593e+01 1.376836e+00 -9.817583e-01
      vertex   -3.304934e+01 1.812851e+00 -4.456401e-01
      vertex   -3.249897e+01 1.007174e+00 -9.817583e-01
    endloop
  endfacet
  facet normal 6.346151e-01 -3.142180e-01 7.060671e-01
    outer loop
      vertex   -3.231593e+01 1.376836e+00 -9.817583e-01
      vertex   -3.249897e+01 1.007174e+00 -9.817583e-01
      vertex   -3.183809e+01 7.408151e-01 -1.694296e+00
    endloop
  endfacet
  facet normal 6.751428e-01 -2.136619e-01 7.060671e-01
    outer loop
      vertex   -3.183809e+01 7.408151e-01 -1.694296e+00
      vertex   -3.249897e+01 1.007174e+00 -9.817583e-01
      vertex   -3.192963e+01 4.515506e-01 -1.694296e+00
    endloop
  endfacet
  facet normal 8.079341e-01 -2.556863e-01 5.309115e-01
    outer loop
      vertex   -3.183809e+01 7.408151e-01 -1.694296e+00
      vertex   -3.192963e+01 4.515506e-01 -1.694296e+00
      vertex   -3.140761e+01 3.293942e-01 -2.547523e+00
    endloop
  endfacet
  facet normal 8.538540e-02 -7.688136e-02 9.933774e-01
    outer loop
      vertex   -3.368022e+01 4.087297e+00 0.000000e+00
      vertex   -3.444959e+01 3.232819e+00 0.000000e+00
      vertex   -3.347066e+01 2.862236e+00 -1.128244e-01
    endloop
  endfacet
  facet normal 9.045905e-02 -6.362748e-02 9.938655e-01
    outer loop
      vertex   -3.347066e+01 2.862236e+00 -1.128244e-01
      vertex   -3.444959e+01 3.232819e+00 0.000000e+00
      vertex   -3.386691e+01 2.298897e+00 -1.128244e-01
    endloop
  endfacet
  facet normal 2.708529e-01 -1.905137e-01 9.435800e-01
    outer loop
      vertex   -3.347066e+01 2.862236e+00 -1.128244e-01
      vertex   -3.386691e+01 2.298897e+00 -1.128244e-01
      vertex   -3.304934e+01 1.812851e+00 -4.456401e-01
    endloop
  endfacet
  facet normal 2.967604e-01 -1.469354e-01 9.435800e-01
    outer loop
      vertex   -3.304934e+01 1.812851e+00 -4.456401e-01
      vertex   -3.386691e+01 2.298897e+00 -1.128244e-01
      vertex   -3.329034e+01 1.326125e+00 -4.456401e-01
    endloop
  endfacet
  facet normal 4.777935e-01 -2.365706e-01 8.460187e-01
    outer loop
      vertex   -3.304934e+01 1.812851e+00 -4.456401e-01
      vertex   -3.329034e+01 1.326125e+00 -4.456401e-01
      vertex   -3.249897e+01 1.007174e+00 -9.817583e-01
    endloop
  endfacet
  facet normal 5.083063e-01 -1.608633e-01 8.460187e-01
    outer loop
      vertex   -3.249897e+01 1.007174e+00 -9.817583e-01
      vertex   -3.329034e+01 1.326125e+00 -4.456401e-01
      vertex   -3.262342e+01 6.139048e-01 -9.817583e-01
    endloop
  endfacet
  facet normal 6.751428e-01 -2.136619e-01 7.060671e-01
    outer loop
      vertex   -3.249897e+01 1.007174e+00 -9.817583e-01
      vertex   -3.262342e+01 6.139048e-01 -9.817583e-01
      vertex   -3.192963e+01 4.515506e-01 -1.694296e+00
    endloop
  endfacet
  facet normal 9.989547e-02 -5.767468e-02 9.933250e-01
    outer loop
      vertex   -3.444959e+01 3.232819e+00 0.000000e+00
      vertex   -3.502450e+01 2.237052e+00 0.000000e+00
      vertex   -3.386691e+01 2.298897e+00 -1.128244e-01
    endloop
  endfacet
  facet normal 9.949409e-02 -4.926266e-02 9.938179e-01
    outer loop
      vertex   -3.386691e+01 2.298897e+00 -1.128244e-01
      vertex   -3.502450e+01 2.237052e+00 0.000000e+00
      vertex   -3.417251e+01 1.681674e+00 -1.128244e-01
    endloop
  endfacet
  facet normal 2.967604e-01 -1.469354e-01 9.435800e-01
    outer loop
      vertex   -3.386691e+01 2.298897e+00 -1.128244e-01
      vertex   -3.417251e+01 1.681674e+00 -1.128244e-01
      vertex   -3.329034e+01 1.326125e+00 -4.456401e-01
    endloop
  endfacet
  facet normal 3.157120e-01 -9.991314e-02 9.435800e-01
    outer loop
      vertex   -3.329034e+01 1.326125e+00 -4.456401e-01
      vertex   -3.417251e+01 1.681674e+00 -1.128244e-01
      vertex   -3.345421e+01 8.083156e-01 -4.456401e-01
    endloop
  endfacet
  facet normal 5.083063e-01 -1.608633e-01 8.460187e-01
    outer loop
      vertex   -3.329034e+01 1.326125e+00 -4.456401e-01
      vertex   -3.345421e+01 8.083156e-01 -4.456401e-01
      vertex   -3.262342e+01 6.139048e-01 -9.817583e-01
    endloop
  endfacet
  facet normal 1.085652e-01 -3.527496e-02 9.934633e-01
    outer loop
      vertex   -3.502450e+01 2.237052e+00 0.000000e+00
      vertex   -3.537981e+01 1.143514e+00 0.000000e+00
      vertex   -3.417251e+01 1.681674e+00 -1.128244e-01
    endloop
  endfacet
  facet normal 1.080986e-01 -3.420989e-02 9.935514e-01
    outer loop
      vertex   -3.417251e+01 1.681674e+00 -1.128244e-01
      vertex   -3.537981e+01 1.143514e+00 0.000000e+00
      vertex   -3.438032e+01 1.025035e+00 -1.128244e-01
    endloop
  endfacet
  facet normal 3.157120e-01 -9.991314e-02 9.435800e-01
    outer loop
      vertex   -3.417251e+01 1.681674e+00 -1.128244e-01
      vertex   -3.438032e+01 1.025035e+00 -1.128244e-01
      vertex   -3.345421e+01 8.083156e-01 -4.456401e-01
    endloop
  endfacet
  facet normal -9.414147e-01 7.227667e-02 3.294153e-01
    outer loop
      vertex   -2.857130e+01 -2.206759e-01 -2.547523e+00
      vertex   -2.888718e+01 1.362817e-16 -3.498656e+00
      vertex   -2.890022e+01 -1.698718e-01 -3.498656e+00
    endloop
  endfacet
  facet normal -3.301729e-01 -2.534887e-02 9.435800e-01
    outer loop
      vertex   -2.649405e+01 5.415269e-01 -4.456401e-01
      vertex   -2.550134e+01 5.509264e-16 -1.128244e-01
      vertex   -2.555407e+01 6.867166e-01 -1.128244e-01
    endloop
  endfacet
  facet normal 9.441851e-01 -0.000000e+00 3.294153e-01
    outer loop
      vertex   -3.144140e+01 -1.106627e-01 -2.547523e+00
      vertex   -3.110956e+01 -8.518588e-02 -3.498656e+00
      vertex   -3.144140e+01 1.106627e-01 -2.547523e+00
    endloop
  endfacet
  facet normal 9.441851e-01 0.000000e+00 3.294153e-01
    outer loop
      vertex   -3.144140e+01 1.106627e-01 -2.547523e+00
      vertex   -3.110956e+01 -8.518588e-02 -3.498656e+00
      vertex   -3.110956e+01 8.518588e-02 -3.498656e+00
    endloop
  endfacet
  facet normal 8.474273e-01 -0.000000e+00 5.309115e-01
    outer loop
      vertex   -3.197594e+01 -1.517021e-01 -1.694296e+00
      vertex   -3.144140e+01 -1.106627e-01 -2.547523e+00
      vertex   -3.197594e+01 1.517021e-01 -1.694296e+00
    endloop
  endfacet
  facet normal 8.474273e-01 0.000000e+00 5.309115e-01
    outer loop
      vertex   -3.197594e+01 1.517021e-01 -1.694296e+00
      vertex   -3.144140e+01 -1.106627e-01 -2.547523e+00
      vertex   -3.144140e+01 1.106627e-01 -2.547523e+00
    endloop
  endfacet
  facet normal 7.081449e-01 -0.000000e+00 7.060671e-01
    outer loop
      vertex   -3.268639e+01 -2.062463e-01 -9.817583e-01
      vertex   -3.197594e+01 -1.517021e-01 -1.694296e+00
      vertex   -3.268639e+01 2.062463e-01 -9.817583e-01
    endloop
  endfacet
  facet normal 7.081449e-01 0.000000e+00 7.060671e-01
    outer loop
      vertex   -3.268639e+01 2.062463e-01 -9.817583e-01
      vertex   -3.197594e+01 -1.517021e-01 -1.694296e+00
      vertex   -3.197594e+01 1.517021e-01 -1.694296e+00
    endloop
  endfacet
  facet normal 5.331532e-01 -0.000000e+00 8.460187e-01
    outer loop
      vertex   -3.353711e+01 -2.715602e-01 -4.456401e-01
      vertex   -3.268639e+01 -2.062463e-01 -9.817583e-01
      vertex   -3.353711e+01 2.715602e-01 -4.456401e-01
    endloop
  endfacet
  facet normal 5.331532e-01 0.000000e+00 8.460187e-01
    outer loop
      vertex   -3.353711e+01 2.715602e-01 -4.456401e-01
      vertex   -3.268639e+01 -2.062463e-01 -9.817583e-01
      vertex   -3.268639e+01 2.062463e-01 -9.817583e-01
    endloop
  endfacet
  facet normal 3.311446e-01 -0.000000e+00 9.435800e-01
    outer loop
      vertex   -3.448546e+01 -3.443687e-01 -1.128244e-01
      vertex   -3.353711e+01 -2.715602e-01 -4.456401e-01
      vertex   -3.448546e+01 3.443687e-01 -1.128244e-01
    endloop
  endfacet
  facet normal 3.311446e-01 0.000000e+00 9.435800e-01
    outer loop
      vertex   -3.448546e+01 3.443687e-01 -1.128244e-01
      vertex   -3.353711e+01 -2.715602e-01 -4.456401e-01
      vertex   -3.353711e+01 2.715602e-01 -4.456401e-01
    endloop
  endfacet
  facet normal 9.001827e-01 -2.848801e-01 3.294153e-01
    outer loop
      vertex   -3.140761e+01 3.293942e-01 -2.547523e+00
      vertex   -3.108355e+01 2.535609e-01 -3.498656e+00
      vertex   -3.134083e+01 5.404049e-01 -2.547523e+00
    endloop
  endfacet
  facet normal 9.001827e-01 -2.848801e-01 3.294153e-01
    outer loop
      vertex   -3.134083e+01 5.404049e-01 -2.547523e+00
      vertex   -3.108355e+01 2.535609e-01 -3.498656e+00
      vertex   -3.103215e+01 4.159928e-01 -3.498656e+00
    endloop
  endfacet
  facet normal 8.461462e-01 -4.189537e-01 3.294153e-01
    outer loop
      vertex   -3.134083e+01 5.404049e-01 -2.547523e+00
      vertex   -3.103215e+01 4.159928e-01 -3.498656e+00
      vertex   -3.124263e+01 7.387491e-01 -2.547523e+00
    endloop
  endfacet
  facet normal 8.461462e-01 -4.189537e-01 3.294153e-01
    outer loop
      vertex   -3.124263e+01 7.387491e-01 -2.547523e+00
      vertex   -3.103215e+01 4.159928e-01 -3.498656e+00
      vertex   -3.095655e+01 5.686741e-01 -3.498656e+00
    endloop
  endfacet
  facet normal 7.722768e-01 -5.432073e-01 3.294153e-01
    outer loop
      vertex   -3.124263e+01 7.387491e-01 -2.547523e+00
      vertex   -3.095655e+01 5.686741e-01 -3.498656e+00
      vertex   -3.111530e+01 9.197776e-01 -2.547523e+00
    endloop
  endfacet
  facet normal 7.722768e-01 -5.432073e-01 3.294153e-01
    outer loop
      vertex   -3.111530e+01 9.197776e-01 -2.547523e+00
      vertex   -3.095655e+01 5.686741e-01 -3.498656e+00
      vertex   -3.085853e+01 7.080261e-01 -3.498656e+00
    endloop
  endfacet
  facet normal 6.803058e-01 -6.547287e-01 3.294153e-01
    outer loop
      vertex   -3.111530e+01 9.197776e-01 -2.547523e+00
      vertex   -3.085853e+01 7.080261e-01 -3.498656e+00
      vertex   -3.096182e+01 1.079247e+00 -2.547523e+00
    endloop
  endfacet
  facet normal 8.079341e-01 -2.556863e-01 5.309115e-01
    outer loop
      vertex   -3.140761e+01 3.293942e-01 -2.547523e+00
      vertex   -3.134083e+01 5.404049e-01 -2.547523e+00
      vertex   -3.183809e+01 7.408151e-01 -1.694296e+00
    endloop
  endfacet
  facet normal 7.594351e-01 -3.760203e-01 5.309115e-01
    outer loop
      vertex   -3.183809e+01 7.408151e-01 -1.694296e+00
      vertex   -3.134083e+01 5.404049e-01 -2.547523e+00
      vertex   -3.170346e+01 1.012716e+00 -1.694296e+00
    endloop
  endfacet
  facet normal 6.346151e-01 -3.142180e-01 7.060671e-01
    outer loop
      vertex   -3.183809e+01 7.408151e-01 -1.694296e+00
      vertex   -3.170346e+01 1.012716e+00 -1.694296e+00
      vertex   -3.231593e+01 1.376836e+00 -9.817583e-01
    endloop
  endfacet
  facet normal 5.792125e-01 -4.074090e-01 7.060671e-01
    outer loop
      vertex   -3.231593e+01 1.376836e+00 -9.817583e-01
      vertex   -3.170346e+01 1.012716e+00 -1.694296e+00
      vertex   -3.207862e+01 1.714225e+00 -9.817583e-01
    endloop
  endfacet
  facet normal 4.360816e-01 -3.067330e-01 8.460187e-01
    outer loop
      vertex   -3.231593e+01 1.376836e+00 -9.817583e-01
      vertex   -3.207862e+01 1.714225e+00 -9.817583e-01
      vertex   -3.273688e+01 2.257085e+00 -4.456401e-01
    endloop
  endfacet
  facet normal 3.841484e-01 -3.697057e-01 8.460187e-01
    outer loop
      vertex   -3.273688e+01 2.257085e+00 -4.456401e-01
      vertex   -3.207862e+01 1.714225e+00 -9.817583e-01
      vertex   -3.236026e+01 2.648415e+00 -4.456401e-01
    endloop
  endfacet
  facet normal 2.385968e-01 -2.296264e-01 9.435800e-01
    outer loop
      vertex   -3.273688e+01 2.257085e+00 -4.456401e-01
      vertex   -3.236026e+01 2.648415e+00 -4.456401e-01
      vertex   -3.299307e+01 3.358486e+00 -1.128244e-01
    endloop
  endfacet
  facet normal 2.007483e-01 -2.633569e-01 9.435800e-01
    outer loop
      vertex   -3.299307e+01 3.358486e+00 -1.128244e-01
      vertex   -3.236026e+01 2.648415e+00 -4.456401e-01
      vertex   -3.244532e+01 3.776016e+00 -1.128244e-01
    endloop
  endfacet
  facet normal 7.594351e-01 -3.760203e-01 5.309115e-01
    outer loop
      vertex   -3.170346e+01 1.012716e+00 -1.694296e+00
      vertex   -3.134083e+01 5.404049e-01 -2.547523e+00
      vertex   -3.124263e+01 7.387491e-01 -2.547523e+00
    endloop
  endfacet
  facet normal 6.931357e-01 -4.875407e-01 5.309115e-01
    outer loop
      vertex   -3.170346e+01 1.012716e+00 -1.694296e+00
      vertex   -3.124263e+01 7.387491e-01 -2.547523e+00
      vertex   -3.152891e+01 1.260879e+00 -1.694296e+00
    endloop
  endfacet
  facet normal 6.931357e-01 -4.875407e-01 5.309115e-01
    outer loop
      vertex   -3.152891e+01 1.260879e+00 -1.694296e+00
      vertex   -3.124263e+01 7.387491e-01 -2.547523e+00
      vertex   -3.111530e+01 9.197776e-01 -2.547523e+00
    endloop
  endfacet
  facet normal 6.105897e-01 -5.876336e-01 5.309115e-01
    outer loop
      vertex   -3.152891e+01 1.260879e+00 -1.694296e+00
      vertex   -3.111530e+01 9.197776e-01 -2.547523e+00
      vertex   -3.131851e+01 1.479488e+00 -1.694296e+00
    endloop
  endfacet
  facet normal 6.105897e-01 -5.876336e-01 5.309115e-01
    outer loop
      vertex   -3.131851e+01 1.479488e+00 -1.694296e+00
      vertex   -3.111530e+01 9.197776e-01 -2.547523e+00
      vertex   -3.096182e+01 1.079247e+00 -2.547523e+00
    endloop
  endfacet
  facet normal 5.137320e-01 -6.739529e-01 5.309115e-01
    outer loop
      vertex   -3.131851e+01 1.479488e+00 -1.694296e+00
      vertex   -3.096182e+01 1.079247e+00 -2.547523e+00
      vertex   -3.107722e+01 1.663419e+00 -1.694296e+00
    endloop
  endfacet
  facet normal 5.102337e-01 -4.910507e-01 7.060671e-01
    outer loop
      vertex   -3.131851e+01 1.479488e+00 -1.694296e+00
      vertex   -3.179258e+01 2.011435e+00 -9.817583e-01
      vertex   -3.152891e+01 1.260879e+00 -1.694296e+00
    endloop
  endfacet
  facet normal 5.102337e-01 -4.910507e-01 7.060671e-01
    outer loop
      vertex   -3.152891e+01 1.260879e+00 -1.694296e+00
      vertex   -3.179258e+01 2.011435e+00 -9.817583e-01
      vertex   -3.207862e+01 1.714225e+00 -9.817583e-01
    endloop
  endfacet
  facet normal 5.792125e-01 -4.074090e-01 7.060671e-01
    outer loop
      vertex   -3.152891e+01 1.260879e+00 -1.694296e+00
      vertex   -3.207862e+01 1.714225e+00 -9.817583e-01
      vertex   -3.170346e+01 1.012716e+00 -1.694296e+00
    endloop
  endfacet
  facet normal 3.841484e-01 -3.697057e-01 8.460187e-01
    outer loop
      vertex   -3.207862e+01 1.714225e+00 -9.817583e-01
      vertex   -3.179258e+01 2.011435e+00 -9.817583e-01
      vertex   -3.236026e+01 2.648415e+00 -4.456401e-01
    endloop
  endfacet
  facet normal 3.232110e-01 -4.240129e-01 8.460187e-01
    outer loop
      vertex   -3.236026e+01 2.648415e+00 -4.456401e-01
      vertex   -3.179258e+01 2.011435e+00 -9.817583e-01
      vertex   -3.192832e+01 2.977668e+00 -4.456401e-01
    endloop
  endfacet
  facet normal 2.007483e-01 -2.633569e-01 9.435800e-01
    outer loop
      vertex   -3.236026e+01 2.648415e+00 -4.456401e-01
      vertex   -3.192832e+01 2.977668e+00 -4.456401e-01
      vertex   -3.244532e+01 3.776016e+00 -1.128244e-01
    endloop
  endfacet
  facet normal 1.581943e-01 -2.909146e-01 9.435800e-01
    outer loop
      vertex   -3.244532e+01 3.776016e+00 -1.128244e-01
      vertex   -3.192832e+01 2.977668e+00 -4.456401e-01
      vertex   -3.184026e+01 4.105040e+00 -1.128244e-01
    endloop
  endfacet
  facet normal 4.292955e-01 -5.631826e-01 7.060671e-01
    outer loop
      vertex   -3.179258e+01 2.011435e+00 -9.817583e-01
      vertex   -3.131851e+01 1.479488e+00 -1.694296e+00
      vertex   -3.146453e+01 2.261499e+00 -9.817583e-01
    endloop
  endfacet
  facet normal 4.292955e-01 -5.631826e-01 7.060671e-01
    outer loop
      vertex   -3.146453e+01 2.261499e+00 -9.817583e-01
      vertex   -3.131851e+01 1.479488e+00 -1.694296e+00
      vertex   -3.107722e+01 1.663419e+00 -1.694296e+00
    endloop
  endfacet
  facet normal 3.382949e-01 -6.221140e-01 7.060671e-01
    outer loop
      vertex   -3.146453e+01 2.261499e+00 -9.817583e-01
      vertex   -3.107722e+01 1.663419e+00 -1.694296e+00
      vertex   -3.110215e+01 2.458555e+00 -9.817583e-01
    endloop
  endfacet
  facet normal 4.510560e-01 -8.294782e-01 3.294153e-01
    outer loop
      vertex   -3.060490e+01 9.340663e-01 -3.498656e+00
      vertex   -3.045522e+01 1.015456e+00 -3.498656e+00
      vertex   -3.059137e+01 1.319152e+00 -2.547523e+00
    endloop
  endfacet
  facet normal 3.191505e-01 -8.886105e-01 3.294153e-01
    outer loop
      vertex   -3.059137e+01 1.319152e+00 -2.547523e+00
      vertex   -3.045522e+01 1.015456e+00 -3.498656e+00
      vertex   -3.038307e+01 1.393964e+00 -2.547523e+00
    endloop
  endfacet
  facet normal 2.864447e-01 -7.975478e-01 5.309115e-01
    outer loop
      vertex   -3.059137e+01 1.319152e+00 -2.547523e+00
      vertex   -3.038307e+01 1.393964e+00 -2.547523e+00
      vertex   -3.052513e+01 1.910917e+00 -1.694296e+00
    endloop
  endfacet
  facet normal 1.613426e-01 -8.319264e-01 5.309115e-01
    outer loop
      vertex   -3.052513e+01 1.910917e+00 -1.694296e+00
      vertex   -3.038307e+01 1.393964e+00 -2.547523e+00
      vertex   -3.022727e+01 1.968683e+00 -1.694296e+00
    endloop
  endfacet
  facet normal 1.348245e-01 -6.951918e-01 7.060671e-01
    outer loop
      vertex   -3.052513e+01 1.910917e+00 -1.694296e+00
      vertex   -3.022727e+01 1.968683e+00 -1.694296e+00
      vertex   -3.030899e+01 2.676519e+00 -9.817583e-01
    endloop
  endfacet
  facet normal 2.712389e-02 -7.076253e-01 7.060671e-01
    outer loop
      vertex   -3.030899e+01 2.676519e+00 -9.817583e-01
      vertex   -3.022727e+01 1.968683e+00 -1.694296e+00
      vertex   -2.989680e+01 2.692319e+00 -9.817583e-01
    endloop
  endfacet
  facet normal 2.042122e-02 -5.327619e-01 8.460187e-01
    outer loop
      vertex   -3.030899e+01 2.676519e+00 -9.817583e-01
      vertex   -2.989680e+01 2.692319e+00 -9.817583e-01
      vertex   -2.986412e+01 3.544920e+00 -4.456401e-01
    endloop
  endfacet
  facet normal -6.114383e-02 -5.296355e-01 8.460187e-01
    outer loop
      vertex   -2.986412e+01 3.544920e+00 -4.456401e-01
      vertex   -2.989680e+01 2.692319e+00 -9.817583e-01
      vertex   -2.932458e+01 3.482633e+00 -4.456401e-01
    endloop
  endfacet
  facet normal -3.797679e-02 -3.289597e-01 9.435800e-01
    outer loop
      vertex   -2.986412e+01 3.544920e+00 -4.456401e-01
      vertex   -2.932458e+01 3.482633e+00 -4.456401e-01
      vertex   -2.914350e+01 4.416368e+00 -1.128244e-01
    endloop
  endfacet
  facet normal -8.774719e-02 -3.193073e-01 9.435800e-01
    outer loop
      vertex   -2.914350e+01 4.416368e+00 -1.128244e-01
      vertex   -2.932458e+01 3.482633e+00 -4.456401e-01
      vertex   -2.847938e+01 4.233865e+00 -1.128244e-01
    endloop
  endfacet
  facet normal 2.546978e-01 -4.683816e-01 8.460187e-01
    outer loop
      vertex   -3.110215e+01 2.458555e+00 -9.817583e-01
      vertex   -3.145118e+01 3.237128e+00 -4.456401e-01
      vertex   -3.146453e+01 2.261499e+00 -9.817583e-01
    endloop
  endfacet
  facet normal 2.546978e-01 -4.683816e-01 8.460187e-01
    outer loop
      vertex   -3.146453e+01 2.261499e+00 -9.817583e-01
      vertex   -3.145118e+01 3.237128e+00 -4.456401e-01
      vertex   -3.192832e+01 2.977668e+00 -4.456401e-01
    endloop
  endfacet
  facet normal 3.232110e-01 -4.240129e-01 8.460187e-01
    outer loop
      vertex   -3.146453e+01 2.261499e+00 -9.817583e-01
      vertex   -3.192832e+01 2.977668e+00 -4.456401e-01
      vertex   -3.179258e+01 2.011435e+00 -9.817583e-01
    endloop
  endfacet
  facet normal 1.119325e-01 -3.116534e-01 9.435800e-01
    outer loop
      vertex   -3.119206e+01 4.337845e+00 -1.128244e-01
      vertex   -3.184026e+01 4.105040e+00 -1.128244e-01
      vertex   -3.145118e+01 3.237128e+00 -4.456401e-01
    endloop
  endfacet
  facet normal 1.581943e-01 -2.909146e-01 9.435800e-01
    outer loop
      vertex   -3.145118e+01 3.237128e+00 -4.456401e-01
      vertex   -3.184026e+01 4.105040e+00 -1.128244e-01
      vertex   -3.192832e+01 2.977668e+00 -4.456401e-01
    endloop
  endfacet
  facet normal 1.119325e-01 -3.116534e-01 9.435800e-01
    outer loop
      vertex   -3.119206e+01 4.337845e+00 -1.128244e-01
      vertex   -3.145118e+01 3.237128e+00 -4.456401e-01
      vertex   -3.094003e+01 3.420712e+00 -4.456401e-01
    endloop
  endfacet
  facet normal 1.802148e-01 -5.017718e-01 8.460187e-01
    outer loop
      vertex   -3.094003e+01 3.420712e+00 -4.456401e-01
      vertex   -3.145118e+01 3.237128e+00 -4.456401e-01
      vertex   -3.110215e+01 2.458555e+00 -9.817583e-01
    endloop
  endfacet
  facet normal 1.797645e-01 -9.269144e-01 3.294153e-01
    outer loop
      vertex   -3.029488e+01 1.073045e+00 -3.498656e+00
      vertex   -3.016579e+01 1.436102e+00 -2.547523e+00
      vertex   -3.038307e+01 1.393964e+00 -2.547523e+00
    endloop
  endfacet
  facet normal 1.613426e-01 -8.319264e-01 5.309115e-01
    outer loop
      vertex   -3.038307e+01 1.393964e+00 -2.547523e+00
      vertex   -3.016579e+01 1.436102e+00 -2.547523e+00
      vertex   -3.022727e+01 1.968683e+00 -1.694296e+00
    endloop
  endfacet
  facet normal 2.712389e-02 -7.076253e-01 7.060671e-01
    outer loop
      vertex   -2.989680e+01 2.692319e+00 -9.817583e-01
      vertex   -3.022727e+01 1.968683e+00 -1.694296e+00
      vertex   -2.992409e+01 1.980304e+00 -1.694296e+00
    endloop
  endfacet
  facet normal 3.245878e-02 -8.468054e-01 5.309115e-01
    outer loop
      vertex   -2.992409e+01 1.980304e+00 -1.694296e+00
      vertex   -3.022727e+01 1.968683e+00 -1.694296e+00
      vertex   -3.016579e+01 1.436102e+00 -2.547523e+00
    endloop
  endfacet
  facet normal 6.304698e-02 -3.250874e-01 9.435800e-01
    outer loop
      vertex   -3.119206e+01 4.337845e+00 -1.128244e-01
      vertex   -3.094003e+01 3.420712e+00 -4.456401e-01
      vertex   -3.051592e+01 4.468974e+00 -1.128244e-01
    endloop
  endfacet
  facet normal 3.191505e-01 -8.886105e-01 3.294153e-01
    outer loop
      vertex   -3.045522e+01 1.015456e+00 -3.498656e+00
      vertex   -3.029488e+01 1.073045e+00 -3.498656e+00
      vertex   -3.038307e+01 1.393964e+00 -2.547523e+00
    endloop
  endfacet
  facet normal -6.114383e-02 -5.296355e-01 8.460187e-01
    outer loop
      vertex   -2.932458e+01 3.482633e+00 -4.456401e-01
      vertex   -2.989680e+01 2.692319e+00 -9.817583e-01
      vertex   -2.948703e+01 2.645013e+00 -9.817583e-01
    endloop
  endfacet
  facet normal -8.121249e-02 -7.034727e-01 7.060671e-01
    outer loop
      vertex   -2.948703e+01 2.645013e+00 -9.817583e-01
      vertex   -2.989680e+01 2.692319e+00 -9.817583e-01
      vertex   -2.992409e+01 1.980304e+00 -1.694296e+00
    endloop
  endfacet
  facet normal -2.501916e-01 -9.104338e-01 3.294153e-01
    outer loop
      vertex   -2.978813e+01 1.092469e+00 -3.498656e+00
      vertex   -2.962385e+01 1.047324e+00 -3.498656e+00
      vertex   -2.951135e+01 1.360550e+00 -2.547523e+00
    endloop
  endfacet
  facet normal -3.862365e-01 -8.615724e-01 3.294153e-01
    outer loop
      vertex   -2.951135e+01 1.360550e+00 -2.547523e+00
      vertex   -2.962385e+01 1.047324e+00 -3.498656e+00
      vertex   -2.930939e+01 1.270013e+00 -2.547523e+00
    endloop
  endfacet
  facet normal -3.466559e-01 -7.732805e-01 5.309115e-01
    outer loop
      vertex   -2.951135e+01 1.360550e+00 -2.547523e+00
      vertex   -2.930939e+01 1.270013e+00 -2.547523e+00
      vertex   -2.905327e+01 1.740999e+00 -1.694296e+00
    endloop
  endfacet
  facet normal -3.862365e-01 -8.615724e-01 3.294153e-01
    outer loop
      vertex   -2.946838e+01 9.776299e-01 -3.498656e+00
      vertex   -2.930939e+01 1.270013e+00 -2.547523e+00
      vertex   -2.962385e+01 1.047324e+00 -3.498656e+00
    endloop
  endfacet
  facet normal -1.412757e-01 -5.140948e-01 8.460187e-01
    outer loop
      vertex   -2.932458e+01 3.482633e+00 -4.456401e-01
      vertex   -2.948703e+01 2.645013e+00 -9.817583e-01
      vertex   -2.880088e+01 3.338716e+00 -4.456401e-01
    endloop
  endfacet
  facet normal -1.354609e-01 -3.021706e-01 9.435800e-01
    outer loop
      vertex   -2.785090e+01 3.952124e+00 -1.128244e-01
      vertex   -2.847938e+01 4.233865e+00 -1.128244e-01
      vertex   -2.880088e+01 3.338716e+00 -4.456401e-01
    endloop
  endfacet
  facet normal -8.774719e-02 -3.193073e-01 9.435800e-01
    outer loop
      vertex   -2.880088e+01 3.338716e+00 -4.456401e-01
      vertex   -2.847938e+01 4.233865e+00 -1.128244e-01
      vertex   -2.932458e+01 3.482633e+00 -4.456401e-01
    endloop
  endfacet
  facet normal -6.281906e-01 -7.048845e-01 3.294153e-01
    outer loop
      vertex   -2.919819e+01 7.716686e-01 -3.498656e+00
      vertex   -2.895839e+01 1.002454e+00 -2.547523e+00
      vertex   -2.932538e+01 8.850213e-01 -3.498656e+00
    endloop
  endfacet
  facet normal -6.281906e-01 -7.048845e-01 3.294153e-01
    outer loop
      vertex   -2.932538e+01 8.850213e-01 -3.498656e+00
      vertex   -2.895839e+01 1.002454e+00 -2.547523e+00
      vertex   -2.912362e+01 1.149707e+00 -2.547523e+00
    endloop
  endfacet
  facet normal -5.638152e-01 -6.326496e-01 5.309115e-01
    outer loop
      vertex   -2.895839e+01 1.002454e+00 -2.547523e+00
      vertex   -2.857210e+01 1.374216e+00 -1.694296e+00
      vertex   -2.912362e+01 1.149707e+00 -2.547523e+00
    endloop
  endfacet
  facet normal -5.638152e-01 -6.326496e-01 5.309115e-01
    outer loop
      vertex   -2.912362e+01 1.149707e+00 -2.547523e+00
      vertex   -2.857210e+01 1.374216e+00 -1.694296e+00
      vertex   -2.879861e+01 1.576078e+00 -1.694296e+00
    endloop
  endfacet
  facet normal -4.711470e-01 -5.286679e-01 7.060671e-01
    outer loop
      vertex   -2.857210e+01 1.374216e+00 -1.694296e+00
      vertex   -2.805870e+01 1.868312e+00 -9.817583e-01
      vertex   -2.879861e+01 1.576078e+00 -1.694296e+00
    endloop
  endfacet
  facet normal -4.711470e-01 -5.286679e-01 7.060671e-01
    outer loop
      vertex   -2.879861e+01 1.576078e+00 -1.694296e+00
      vertex   -2.805870e+01 1.868312e+00 -9.817583e-01
      vertex   -2.836665e+01 2.142754e+00 -9.817583e-01
    endloop
  endfacet
  facet normal -2.203190e-01 -2.472171e-01 9.435800e-01
    outer loop
      vertex   -2.675862e+01 3.119514e+00 -1.128244e-01
      vertex   -2.727280e+01 3.577749e+00 -1.128244e-01
      vertex   -2.784940e+01 2.821320e+00 -4.456401e-01
    endloop
  endfacet
  facet normal -3.547205e-01 -3.980272e-01 8.460187e-01
    outer loop
      vertex   -2.805870e+01 1.868312e+00 -9.817583e-01
      vertex   -2.744393e+01 2.459968e+00 -4.456401e-01
      vertex   -2.836665e+01 2.142754e+00 -9.817583e-01
    endloop
  endfacet
  facet normal -3.547205e-01 -3.980272e-01 8.460187e-01
    outer loop
      vertex   -2.836665e+01 2.142754e+00 -9.817583e-01
      vertex   -2.744393e+01 2.459968e+00 -4.456401e-01
      vertex   -2.784940e+01 2.821320e+00 -4.456401e-01
    endloop
  endfacet
  facet normal -2.203190e-01 -2.472171e-01 9.435800e-01
    outer loop
      vertex   -2.744393e+01 2.459968e+00 -4.456401e-01
      vertex   -2.675862e+01 3.119514e+00 -1.128244e-01
      vertex   -2.784940e+01 2.821320e+00 -4.456401e-01
    endloop
  endfacet
  facet normal -7.284227e-01 -4.330512e-01 5.309115e-01
    outer loop
      vertex   -2.837906e+01 1.140143e+00 -1.694296e+00
      vertex   -2.881757e+01 8.317037e-01 -2.547523e+00
      vertex   -2.822402e+01 8.793455e-01 -1.694296e+00
    endloop
  endfacet
  facet normal -6.086999e-01 -3.618753e-01 7.060671e-01
    outer loop
      vertex   -2.779626e+01 1.550079e+00 -9.817583e-01
      vertex   -2.837906e+01 1.140143e+00 -1.694296e+00
      vertex   -2.758546e+01 1.195513e+00 -9.817583e-01
    endloop
  endfacet
  facet normal -6.086999e-01 -3.618753e-01 7.060671e-01
    outer loop
      vertex   -2.758546e+01 1.195513e+00 -9.817583e-01
      vertex   -2.837906e+01 1.140143e+00 -1.694296e+00
      vertex   -2.822402e+01 8.793455e-01 -1.694296e+00
    endloop
  endfacet
  facet normal -6.568062e-01 -2.647167e-01 7.060671e-01
    outer loop
      vertex   -2.758546e+01 1.195513e+00 -9.817583e-01
      vertex   -2.822402e+01 8.793455e-01 -1.694296e+00
      vertex   -2.743127e+01 8.129246e-01 -9.817583e-01
    endloop
  endfacet
  facet normal -4.582823e-01 -2.724512e-01 8.460187e-01
    outer loop
      vertex   -2.709838e+01 2.040956e+00 -4.456401e-01
      vertex   -2.779626e+01 1.550079e+00 -9.817583e-01
      vertex   -2.682083e+01 1.574106e+00 -4.456401e-01
    endloop
  endfacet
  facet normal -4.582823e-01 -2.724512e-01 8.460187e-01
    outer loop
      vertex   -2.682083e+01 1.574106e+00 -4.456401e-01
      vertex   -2.779626e+01 1.550079e+00 -9.817583e-01
      vertex   -2.758546e+01 1.195513e+00 -9.817583e-01
    endloop
  endfacet
  facet normal -4.945009e-01 -1.993018e-01 8.460187e-01
    outer loop
      vertex   -2.682083e+01 1.574106e+00 -4.456401e-01
      vertex   -2.758546e+01 1.195513e+00 -9.817583e-01
      vertex   -2.661780e+01 1.070361e+00 -4.456401e-01
    endloop
  endfacet
  facet normal -4.945009e-01 -1.993018e-01 8.460187e-01
    outer loop
      vertex   -2.661780e+01 1.070361e+00 -4.456401e-01
      vertex   -2.758546e+01 1.195513e+00 -9.817583e-01
      vertex   -2.743127e+01 8.129246e-01 -9.817583e-01
    endloop
  endfacet
  facet normal -5.191288e-01 -1.214808e-01 8.460187e-01
    outer loop
      vertex   -2.661780e+01 1.070361e+00 -4.456401e-01
      vertex   -2.743127e+01 8.129246e-01 -9.817583e-01
      vertex   -2.649405e+01 5.415269e-01 -4.456401e-01
    endloop
  endfacet
  facet normal -2.846418e-01 -1.692211e-01 9.435800e-01
    outer loop
      vertex   -2.632042e+01 2.588161e+00 -1.128244e-01
      vertex   -2.709838e+01 2.040956e+00 -4.456401e-01
      vertex   -2.596846e+01 1.996143e+00 -1.128244e-01
    endloop
  endfacet
  facet normal -2.846418e-01 -1.692211e-01 9.435800e-01
    outer loop
      vertex   -2.596846e+01 1.996143e+00 -1.128244e-01
      vertex   -2.709838e+01 2.040956e+00 -4.456401e-01
      vertex   -2.682083e+01 1.574106e+00 -4.456401e-01
    endloop
  endfacet
  facet normal -3.071374e-01 -1.237875e-01 9.435800e-01
    outer loop
      vertex   -2.596846e+01 1.996143e+00 -1.128244e-01
      vertex   -2.682083e+01 1.574106e+00 -4.456401e-01
      vertex   -2.571100e+01 1.357337e+00 -1.128244e-01
    endloop
  endfacet
  facet normal -3.071374e-01 -1.237875e-01 9.435800e-01
    outer loop
      vertex   -2.571100e+01 1.357337e+00 -1.128244e-01
      vertex   -2.682083e+01 1.574106e+00 -4.456401e-01
      vertex   -2.661780e+01 1.070361e+00 -4.456401e-01
    endloop
  endfacet
  facet normal -3.224340e-01 -7.545245e-02 9.435800e-01
    outer loop
      vertex   -2.571100e+01 1.357337e+00 -1.128244e-01
      vertex   -2.661780e+01 1.070361e+00 -4.456401e-01
      vertex   -2.555407e+01 6.867166e-01 -1.128244e-01
    endloop
  endfacet
  facet normal -3.224340e-01 -7.545245e-02 9.435800e-01
    outer loop
      vertex   -2.555407e+01 6.867166e-01 -1.128244e-01
      vertex   -2.661780e+01 1.070361e+00 -4.456401e-01
      vertex   -2.649405e+01 5.415269e-01 -4.456401e-01
    endloop
  endfacet
  facet normal -9.193488e-01 2.151359e-01 3.294153e-01
    outer loop
      vertex   -2.857130e+01 -2.206759e-01 -2.547523e+00
      vertex   -2.890022e+01 -1.698718e-01 -3.498656e+00
      vertex   -2.862173e+01 -4.361794e-01 -2.547523e+00
    endloop
  endfacet
  facet normal -9.193488e-01 2.151359e-01 3.294153e-01
    outer loop
      vertex   -2.862173e+01 -4.361794e-01 -2.547523e+00
      vertex   -2.890022e+01 -1.698718e-01 -3.498656e+00
      vertex   -2.893904e+01 -3.357620e-01 -3.498656e+00
    endloop
  endfacet
  facet normal -8.757340e-01 3.529525e-01 3.294153e-01
    outer loop
      vertex   -2.862173e+01 -4.361794e-01 -2.547523e+00
      vertex   -2.893904e+01 -3.357620e-01 -3.498656e+00
      vertex   -2.870447e+01 -6.414592e-01 -2.547523e+00
    endloop
  endfacet
  facet normal -8.757340e-01 3.529525e-01 3.294153e-01
    outer loop
      vertex   -2.870447e+01 -6.414592e-01 -2.547523e+00
      vertex   -2.893904e+01 -3.357620e-01 -3.498656e+00
      vertex   -2.900273e+01 -4.937823e-01 -3.498656e+00
    endloop
  endfacet
  facet normal -8.115929e-01 4.824962e-01 3.294153e-01
    outer loop
      vertex   -2.870447e+01 -6.414592e-01 -2.547523e+00
      vertex   -2.900273e+01 -4.937823e-01 -3.498656e+00
      vertex   -2.881757e+01 -8.317037e-01 -2.547523e+00
    endloop
  endfacet
  facet normal -8.251361e-01 1.930893e-01 5.309115e-01
    outer loop
      vertex   -2.857130e+01 -2.206759e-01 -2.547523e+00
      vertex   -2.862173e+01 -4.361794e-01 -2.547523e+00
      vertex   -2.811060e+01 -5.979373e-01 -1.694296e+00
    endloop
  endfacet
  facet normal -7.859909e-01 3.167828e-01 5.309115e-01
    outer loop
      vertex   -2.811060e+01 -5.979373e-01 -1.694296e+00
      vertex   -2.862173e+01 -4.361794e-01 -2.547523e+00
      vertex   -2.822402e+01 -8.793455e-01 -1.694296e+00
    endloop
  endfacet
  facet normal -6.568062e-01 2.647167e-01 7.060671e-01
    outer loop
      vertex   -2.811060e+01 -5.979373e-01 -1.694296e+00
      vertex   -2.822402e+01 -8.793455e-01 -1.694296e+00
      vertex   -2.758546e+01 -1.195513e+00 -9.817583e-01
    endloop
  endfacet
  facet normal -6.086999e-01 3.618753e-01 7.060671e-01
    outer loop
      vertex   -2.758546e+01 -1.195513e+00 -9.817583e-01
      vertex   -2.822402e+01 -8.793455e-01 -1.694296e+00
      vertex   -2.779626e+01 -1.550079e+00 -9.817583e-01
    endloop
  endfacet
  facet normal -4.582823e-01 2.724512e-01 8.460187e-01
    outer loop
      vertex   -2.758546e+01 -1.195513e+00 -9.817583e-01
      vertex   -2.779626e+01 -1.550079e+00 -9.817583e-01
      vertex   -2.709838e+01 -2.040956e+00 -4.456401e-01
    endloop
  endfacet
  facet normal -4.113219e-01 3.392147e-01 8.460187e-01
    outer loop
      vertex   -2.709838e+01 -2.040956e+00 -4.456401e-01
      vertex   -2.779626e+01 -1.550079e+00 -9.817583e-01
      vertex   -2.744393e+01 -2.459968e+00 -4.456401e-01
    endloop
  endfacet
  facet normal -2.554745e-01 2.106882e-01 9.435800e-01
    outer loop
      vertex   -2.709838e+01 -2.040956e+00 -4.456401e-01
      vertex   -2.744393e+01 -2.459968e+00 -4.456401e-01
      vertex   -2.675862e+01 -3.119514e+00 -1.128244e-01
    endloop
  endfacet
  facet normal -2.203190e-01 2.472171e-01 9.435800e-01
    outer loop
      vertex   -2.675862e+01 -3.119514e+00 -1.128244e-01
      vertex   -2.744393e+01 -2.459968e+00 -4.456401e-01
      vertex   -2.727280e+01 -3.577749e+00 -1.128244e-01
    endloop
  endfacet
  facet normal -7.859909e-01 3.167828e-01 5.309115e-01
    outer loop
      vertex   -2.822402e+01 -8.793455e-01 -1.694296e+00
      vertex   -2.862173e+01 -4.361794e-01 -2.547523e+00
      vertex   -2.870447e+01 -6.414592e-01 -2.547523e+00
    endloop
  endfacet
  facet normal -7.284227e-01 4.330512e-01 5.309115e-01
    outer loop
      vertex   -2.822402e+01 -8.793455e-01 -1.694296e+00
      vertex   -2.870447e+01 -6.414592e-01 -2.547523e+00
      vertex   -2.837906e+01 -1.140143e+00 -1.694296e+00
    endloop
  endfacet
  facet normal -7.284227e-01 4.330512e-01 5.309115e-01
    outer loop
      vertex   -2.837906e+01 -1.140143e+00 -1.694296e+00
      vertex   -2.870447e+01 -6.414592e-01 -2.547523e+00
      vertex   -2.881757e+01 -8.317037e-01 -2.547523e+00
    endloop
  endfacet
  facet normal -6.537810e-01 5.391692e-01 5.309115e-01
    outer loop
      vertex   -2.837906e+01 -1.140143e+00 -1.694296e+00
      vertex   -2.881757e+01 -8.317037e-01 -2.547523e+00
      vertex   -2.857210e+01 -1.374216e+00 -1.694296e+00
    endloop
  endfacet
  facet normal -6.086999e-01 3.618753e-01 7.060671e-01
    outer loop
      vertex   -2.822402e+01 -8.793455e-01 -1.694296e+00
      vertex   -2.837906e+01 -1.140143e+00 -1.694296e+00
      vertex   -2.779626e+01 -1.550079e+00 -9.817583e-01
    endloop
  endfacet
  facet normal -5.463262e-01 4.505519e-01 7.060671e-01
    outer loop
      vertex   -2.779626e+01 -1.550079e+00 -9.817583e-01
      vertex   -2.837906e+01 -1.140143e+00 -1.694296e+00
      vertex   -2.805870e+01 -1.868312e+00 -9.817583e-01
    endloop
  endfacet
  facet normal -4.113219e-01 3.392147e-01 8.460187e-01
    outer loop
      vertex   -2.779626e+01 -1.550079e+00 -9.817583e-01
      vertex   -2.805870e+01 -1.868312e+00 -9.817583e-01
      vertex   -2.744393e+01 -2.459968e+00 -4.456401e-01
    endloop
  endfacet
  facet normal -3.547205e-01 3.980272e-01 8.460187e-01
    outer loop
      vertex   -2.744393e+01 -2.459968e+00 -4.456401e-01
      vertex   -2.805870e+01 -1.868312e+00 -9.817583e-01
      vertex   -2.784940e+01 -2.821320e+00 -4.456401e-01
    endloop
  endfacet
  facet normal -2.203190e-01 2.472171e-01 9.435800e-01
    outer loop
      vertex   -2.744393e+01 -2.459968e+00 -4.456401e-01
      vertex   -2.784940e+01 -2.821320e+00 -4.456401e-01
      vertex   -2.727280e+01 -3.577749e+00 -1.128244e-01
    endloop
  endfacet
  facet normal -1.799994e-01 2.779513e-01 9.435800e-01
    outer loop
      vertex   -2.727280e+01 -3.577749e+00 -1.128244e-01
      vertex   -2.784940e+01 -2.821320e+00 -4.456401e-01
      vertex   -2.785090e+01 -3.952124e+00 -1.128244e-01
    endloop
  endfacet
  facet normal -5.463262e-01 4.505519e-01 7.060671e-01
    outer loop
      vertex   -2.805870e+01 -1.868312e+00 -9.817583e-01
      vertex   -2.837906e+01 -1.140143e+00 -1.694296e+00
      vertex   -2.857210e+01 -1.374216e+00 -1.694296e+00
    endloop
  endfacet
  facet normal -6.281906e-01 7.048845e-01 3.294153e-01
    outer loop
      vertex   -2.919819e+01 -7.716686e-01 -3.498656e+00
      vertex   -2.932538e+01 -8.850213e-01 -3.498656e+00
      vertex   -2.912362e+01 -1.149707e+00 -2.547523e+00
    endloop
  endfacet
  facet normal -5.132284e-01 7.925164e-01 3.294153e-01
    outer loop
      vertex   -2.912362e+01 -1.149707e+00 -2.547523e+00
      vertex   -2.932538e+01 -8.850213e-01 -3.498656e+00
      vertex   -2.930939e+01 -1.270013e+00 -2.547523e+00
    endloop
  endfacet
  facet normal -4.606340e-01 7.113012e-01 5.309115e-01
    outer loop
      vertex   -2.912362e+01 -1.149707e+00 -2.547523e+00
      vertex   -2.930939e+01 -1.270013e+00 -2.547523e+00
      vertex   -2.905327e+01 -1.740999e+00 -1.694296e+00
    endloop
  endfacet
  facet normal -5.132284e-01 7.925164e-01 3.294153e-01
    outer loop
      vertex   -2.946838e+01 -9.776299e-01 -3.498656e+00
      vertex   -2.930939e+01 -1.270013e+00 -2.547523e+00
      vertex   -2.932538e+01 -8.850213e-01 -3.498656e+00
    endloop
  endfacet
  facet normal -4.711470e-01 5.286679e-01 7.060671e-01
    outer loop
      vertex   -2.805870e+01 -1.868312e+00 -9.817583e-01
      vertex   -2.857210e+01 -1.374216e+00 -1.694296e+00
      vertex   -2.836665e+01 -2.142754e+00 -9.817583e-01
    endloop
  endfacet
  facet normal -3.547205e-01 3.980272e-01 8.460187e-01
    outer loop
      vertex   -2.805870e+01 -1.868312e+00 -9.817583e-01
      vertex   -2.836665e+01 -2.142754e+00 -9.817583e-01
      vertex   -2.784940e+01 -2.821320e+00 -4.456401e-01
    endloop
  endfacet
  facet normal -2.898048e-01 4.475103e-01 8.460187e-01
    outer loop
      vertex   -2.784940e+01 -2.821320e+00 -4.456401e-01
      vertex   -2.836665e+01 -2.142754e+00 -9.817583e-01
      vertex   -2.830528e+01 -3.116543e+00 -4.456401e-01
    endloop
  endfacet
  facet normal -1.799994e-01 2.779513e-01 9.435800e-01
    outer loop
      vertex   -2.784940e+01 -2.821320e+00 -4.456401e-01
      vertex   -2.830528e+01 -3.116543e+00 -4.456401e-01
      vertex   -2.785090e+01 -3.952124e+00 -1.128244e-01
    endloop
  endfacet
  facet normal -1.876453e-01 6.828312e-01 7.060671e-01
    outer loop
      vertex   -2.908928e+01 -2.535710e+00 -9.817583e-01
      vertex   -2.933013e+01 -1.865112e+00 -1.694296e+00
      vertex   -2.948703e+01 -2.645013e+00 -9.817583e-01
    endloop
  endfacet
  facet normal -1.412757e-01 5.140948e-01 8.460187e-01
    outer loop
      vertex   -2.880088e+01 -3.338716e+00 -4.456401e-01
      vertex   -2.908928e+01 -2.535710e+00 -9.817583e-01
      vertex   -2.932458e+01 -3.482633e+00 -4.456401e-01
    endloop
  endfacet
  facet normal -1.412757e-01 5.140948e-01 8.460187e-01
    outer loop
      vertex   -2.932458e+01 -3.482633e+00 -4.456401e-01
      vertex   -2.908928e+01 -2.535710e+00 -9.817583e-01
      vertex   -2.948703e+01 -2.645013e+00 -9.817583e-01
    endloop
  endfacet
  facet normal -6.114383e-02 5.296355e-01 8.460187e-01
    outer loop
      vertex   -2.932458e+01 -3.482633e+00 -4.456401e-01
      vertex   -2.948703e+01 -2.645013e+00 -9.817583e-01
      vertex   -2.986412e+01 -3.544920e+00 -4.456401e-01
    endloop
  endfacet
  facet normal -8.774719e-02 3.193073e-01 9.435800e-01
    outer loop
      vertex   -2.847938e+01 -4.233865e+00 -1.128244e-01
      vertex   -2.880088e+01 -3.338716e+00 -4.456401e-01
      vertex   -2.914350e+01 -4.416368e+00 -1.128244e-01
    endloop
  endfacet
  facet normal -8.774719e-02 3.193073e-01 9.435800e-01
    outer loop
      vertex   -2.914350e+01 -4.416368e+00 -1.128244e-01
      vertex   -2.880088e+01 -3.338716e+00 -4.456401e-01
      vertex   -2.932458e+01 -3.482633e+00 -4.456401e-01
    endloop
  endfacet
  facet normal -3.797679e-02 3.289597e-01 9.435800e-01
    outer loop
      vertex   -2.914350e+01 -4.416368e+00 -1.128244e-01
      vertex   -2.932458e+01 -3.482633e+00 -4.456401e-01
      vertex   -2.982769e+01 -4.495355e+00 -1.128244e-01
    endloop
  endfacet
  facet normal -3.797679e-02 3.289597e-01 9.435800e-01
    outer loop
      vertex   -2.982769e+01 -4.495355e+00 -1.128244e-01
      vertex   -2.932458e+01 -3.482633e+00 -4.456401e-01
      vertex   -2.986412e+01 -3.544920e+00 -4.456401e-01
    endloop
  endfacet
  facet normal 1.268374e-02 3.309016e-01 9.435800e-01
    outer loop
      vertex   -2.982769e+01 -4.495355e+00 -1.128244e-01
      vertex   -2.986412e+01 -3.544920e+00 -4.456401e-01
      vertex   -3.051592e+01 -4.468974e+00 -1.128244e-01
    endloop
  endfacet
  facet normal 3.616487e-02 9.434923e-01 3.294153e-01
    outer loop
      vertex   -2.995738e+01 -1.112008e+00 -3.498656e+00
      vertex   -3.012762e+01 -1.105482e+00 -3.498656e+00
      vertex   -3.016579e+01 -1.436102e+00 -2.547523e+00
    endloop
  endfacet
  facet normal 1.797645e-01 9.269144e-01 3.294153e-01
    outer loop
      vertex   -3.016579e+01 -1.436102e+00 -2.547523e+00
      vertex   -3.012762e+01 -1.105482e+00 -3.498656e+00
      vertex   -3.038307e+01 -1.393964e+00 -2.547523e+00
    endloop
  endfacet
  facet normal 1.613426e-01 8.319264e-01 5.309115e-01
    outer loop
      vertex   -3.016579e+01 -1.436102e+00 -2.547523e+00
      vertex   -3.038307e+01 -1.393964e+00 -2.547523e+00
      vertex   -3.052513e+01 -1.910917e+00 -1.694296e+00
    endloop
  endfacet
  facet normal 2.864447e-01 7.975478e-01 5.309115e-01
    outer loop
      vertex   -3.052513e+01 -1.910917e+00 -1.694296e+00
      vertex   -3.038307e+01 -1.393964e+00 -2.547523e+00
      vertex   -3.081068e+01 -1.808362e+00 -1.694296e+00
    endloop
  endfacet
  facet normal 2.393649e-01 6.664636e-01 7.060671e-01
    outer loop
      vertex   -3.052513e+01 -1.910917e+00 -1.694296e+00
      vertex   -3.081068e+01 -1.808362e+00 -1.694296e+00
      vertex   -3.110215e+01 -2.458555e+00 -9.817583e-01
    endloop
  endfacet
  facet normal 3.382949e-01 6.221140e-01 7.060671e-01
    outer loop
      vertex   -3.110215e+01 -2.458555e+00 -9.817583e-01
      vertex   -3.081068e+01 -1.808362e+00 -1.694296e+00
      vertex   -3.146453e+01 -2.261499e+00 -9.817583e-01
    endloop
  endfacet
  facet normal 2.546978e-01 4.683816e-01 8.460187e-01
    outer loop
      vertex   -3.110215e+01 -2.458555e+00 -9.817583e-01
      vertex   -3.146453e+01 -2.261499e+00 -9.817583e-01
      vertex   -3.192832e+01 -2.977668e+00 -4.456401e-01
    endloop
  endfacet
  facet normal 3.232110e-01 4.240129e-01 8.460187e-01
    outer loop
      vertex   -3.192832e+01 -2.977668e+00 -4.456401e-01
      vertex   -3.146453e+01 -2.261499e+00 -9.817583e-01
      vertex   -3.236026e+01 -2.648415e+00 -4.456401e-01
    endloop
  endfacet
  facet normal 2.007483e-01 2.633569e-01 9.435800e-01
    outer loop
      vertex   -3.192832e+01 -2.977668e+00 -4.456401e-01
      vertex   -3.236026e+01 -2.648415e+00 -4.456401e-01
      vertex   -3.299307e+01 -3.358486e+00 -1.128244e-01
    endloop
  endfacet
  facet normal 2.385968e-01 2.296264e-01 9.435800e-01
    outer loop
      vertex   -3.299307e+01 -3.358486e+00 -1.128244e-01
      vertex   -3.236026e+01 -2.648415e+00 -4.456401e-01
      vertex   -3.347066e+01 -2.862236e+00 -1.128244e-01
    endloop
  endfacet
  facet normal 1.797645e-01 9.269144e-01 3.294153e-01
    outer loop
      vertex   -3.012762e+01 -1.105482e+00 -3.498656e+00
      vertex   -3.029488e+01 -1.073045e+00 -3.498656e+00
      vertex   -3.038307e+01 -1.393964e+00 -2.547523e+00
    endloop
  endfacet
  facet normal 3.191505e-01 8.886105e-01 3.294153e-01
    outer loop
      vertex   -3.038307e+01 -1.393964e+00 -2.547523e+00
      vertex   -3.029488e+01 -1.073045e+00 -3.498656e+00
      vertex   -3.059137e+01 -1.319152e+00 -2.547523e+00
    endloop
  endfacet
  facet normal 2.864447e-01 7.975478e-01 5.309115e-01
    outer loop
      vertex   -3.038307e+01 -1.393964e+00 -2.547523e+00
      vertex   -3.059137e+01 -1.319152e+00 -2.547523e+00
      vertex   -3.081068e+01 -1.808362e+00 -1.694296e+00
    endloop
  endfacet
  facet normal 4.048328e-01 7.444753e-01 5.309115e-01
    outer loop
      vertex   -3.081068e+01 -1.808362e+00 -1.694296e+00
      vertex   -3.059137e+01 -1.319152e+00 -2.547523e+00
      vertex   -3.107722e+01 -1.663419e+00 -1.694296e+00
    endloop
  endfacet
  facet normal 3.382949e-01 6.221140e-01 7.060671e-01
    outer loop
      vertex   -3.081068e+01 -1.808362e+00 -1.694296e+00
      vertex   -3.107722e+01 -1.663419e+00 -1.694296e+00
      vertex   -3.146453e+01 -2.261499e+00 -9.817583e-01
    endloop
  endfacet
  facet normal 4.292955e-01 5.631826e-01 7.060671e-01
    outer loop
      vertex   -3.146453e+01 -2.261499e+00 -9.817583e-01
      vertex   -3.107722e+01 -1.663419e+00 -1.694296e+00
      vertex   -3.179258e+01 -2.011435e+00 -9.817583e-01
    endloop
  endfacet
  facet normal 3.232110e-01 4.240129e-01 8.460187e-01
    outer loop
      vertex   -3.146453e+01 -2.261499e+00 -9.817583e-01
      vertex   -3.179258e+01 -2.011435e+00 -9.817583e-01
      vertex   -3.236026e+01 -2.648415e+00 -4.456401e-01
    endloop
  endfacet
  facet normal 3.841484e-01 3.697057e-01 8.460187e-01
    outer loop
      vertex   -3.236026e+01 -2.648415e+00 -4.456401e-01
      vertex   -3.179258e+01 -2.011435e+00 -9.817583e-01
      vertex   -3.273688e+01 -2.257085e+00 -4.456401e-01
    endloop
  endfacet
  facet normal 2.385968e-01 2.296264e-01 9.435800e-01
    outer loop
      vertex   -3.236026e+01 -2.648415e+00 -4.456401e-01
      vertex   -3.273688e+01 -2.257085e+00 -4.456401e-01
      vertex   -3.347066e+01 -2.862236e+00 -1.128244e-01
    endloop
  endfacet
  facet normal 2.708529e-01 1.905137e-01 9.435800e-01
    outer loop
      vertex   -3.347066e+01 -2.862236e+00 -1.128244e-01
      vertex   -3.273688e+01 -2.257085e+00 -4.456401e-01
      vertex   -3.386691e+01 -2.298897e+00 -1.128244e-01
    endloop
  endfacet
  facet normal 4.510560e-01 8.294782e-01 3.294153e-01
    outer loop
      vertex   -3.045522e+01 -1.015456e+00 -3.498656e+00
      vertex   -3.078580e+01 -1.213420e+00 -2.547523e+00
      vertex   -3.059137e+01 -1.319152e+00 -2.547523e+00
    endloop
  endfacet
  facet normal 4.048328e-01 7.444753e-01 5.309115e-01
    outer loop
      vertex   -3.059137e+01 -1.319152e+00 -2.547523e+00
      vertex   -3.078580e+01 -1.213420e+00 -2.547523e+00
      vertex   -3.107722e+01 -1.663419e+00 -1.694296e+00
    endloop
  endfacet
  facet normal 4.292955e-01 5.631826e-01 7.060671e-01
    outer loop
      vertex   -3.179258e+01 -2.011435e+00 -9.817583e-01
      vertex   -3.107722e+01 -1.663419e+00 -1.694296e+00
      vertex   -3.131851e+01 -1.479488e+00 -1.694296e+00
    endloop
  endfacet
  facet normal 5.137320e-01 6.739529e-01 5.309115e-01
    outer loop
      vertex   -3.131851e+01 -1.479488e+00 -1.694296e+00
      vertex   -3.107722e+01 -1.663419e+00 -1.694296e+00
      vertex   -3.078580e+01 -1.213420e+00 -2.547523e+00
    endloop
  endfacet
  facet normal 3.191505e-01 8.886105e-01 3.294153e-01
    outer loop
      vertex   -3.029488e+01 -1.073045e+00 -3.498656e+00
      vertex   -3.045522e+01 -1.015456e+00 -3.498656e+00
      vertex   -3.059137e+01 -1.319152e+00 -2.547523e+00
    endloop
  endfacet
  facet normal 6.803058e-01 6.547287e-01 3.294153e-01
    outer loop
      vertex   -3.074039e+01 -8.307826e-01 -3.498656e+00
      vertex   -3.085853e+01 -7.080261e-01 -3.498656e+00
      vertex   -3.111530e+01 -9.197776e-01 -2.547523e+00
    endloop
  endfacet
  facet normal 7.722768e-01 5.432073e-01 3.294153e-01
    outer loop
      vertex   -3.111530e+01 -9.197776e-01 -2.547523e+00
      vertex   -3.085853e+01 -7.080261e-01 -3.498656e+00
      vertex   -3.124263e+01 -7.387491e-01 -2.547523e+00
    endloop
  endfacet
  facet normal 6.931357e-01 4.875407e-01 5.309115e-01
    outer loop
      vertex   -3.111530e+01 -9.197776e-01 -2.547523e+00
      vertex   -3.124263e+01 -7.387491e-01 -2.547523e+00
      vertex   -3.170346e+01 -1.012716e+00 -1.694296e+00
    endloop
  endfacet
  facet normal 7.594351e-01 3.760203e-01 5.309115e-01
    outer loop
      vertex   -3.170346e+01 -1.012716e+00 -1.694296e+00
      vertex   -3.124263e+01 -7.387491e-01 -2.547523e+00
      vertex   -3.183809e+01 -7.408151e-01 -1.694296e+00
    endloop
  endfacet
  facet normal 6.346151e-01 3.142180e-01 7.060671e-01
    outer loop
      vertex   -3.170346e+01 -1.012716e+00 -1.694296e+00
      vertex   -3.183809e+01 -7.408151e-01 -1.694296e+00
      vertex   -3.249897e+01 -1.007174e+00 -9.817583e-01
    endloop
  endfacet
  facet normal 6.751428e-01 2.136619e-01 7.060671e-01
    outer loop
      vertex   -3.249897e+01 -1.007174e+00 -9.817583e-01
      vertex   -3.183809e+01 -7.408151e-01 -1.694296e+00
      vertex   -3.262342e+01 -6.139048e-01 -9.817583e-01
    endloop
  endfacet
  facet normal 5.083063e-01 1.608633e-01 8.460187e-01
    outer loop
      vertex   -3.249897e+01 -1.007174e+00 -9.817583e-01
      vertex   -3.262342e+01 -6.139048e-01 -9.817583e-01
      vertex   -3.345421e+01 -8.083156e-01 -4.456401e-01
    endloop
  endfacet
  facet normal 5.102337e-01 4.910507e-01 7.060671e-01
    outer loop
      vertex   -3.179258e+01 -2.011435e+00 -9.817583e-01
      vertex   -3.131851e+01 -1.479488e+00 -1.694296e+00
      vertex   -3.207862e+01 -1.714225e+00 -9.817583e-01
    endloop
  endfacet
  facet normal 3.841484e-01 3.697057e-01 8.460187e-01
    outer loop
      vertex   -3.179258e+01 -2.011435e+00 -9.817583e-01
      vertex   -3.207862e+01 -1.714225e+00 -9.817583e-01
      vertex   -3.273688e+01 -2.257085e+00 -4.456401e-01
    endloop
  endfacet
  facet normal 4.360816e-01 3.067330e-01 8.460187e-01
    outer loop
      vertex   -3.273688e+01 -2.257085e+00 -4.456401e-01
      vertex   -3.207862e+01 -1.714225e+00 -9.817583e-01
      vertex   -3.304934e+01 -1.812851e+00 -4.456401e-01
    endloop
  endfacet
  facet normal 2.708529e-01 1.905137e-01 9.435800e-01
    outer loop
      vertex   -3.273688e+01 -2.257085e+00 -4.456401e-01
      vertex   -3.304934e+01 -1.812851e+00 -4.456401e-01
      vertex   -3.386691e+01 -2.298897e+00 -1.128244e-01
    endloop
  endfacet
  facet normal 2.967604e-01 1.469354e-01 9.435800e-01
    outer loop
      vertex   -3.386691e+01 -2.298897e+00 -1.128244e-01
      vertex   -3.304934e+01 -1.812851e+00 -4.456401e-01
      vertex   -3.417251e+01 -1.681674e+00 -1.128244e-01
    endloop
  endfacet
  facet normal 8.461462e-01 4.189537e-01 3.294153e-01
    outer loop
      vertex   -3.095655e+01 -5.686741e-01 -3.498656e+00
      vertex   -3.134083e+01 -5.404049e-01 -2.547523e+00
      vertex   -3.124263e+01 -7.387491e-01 -2.547523e+00
    endloop
  endfacet
  facet normal 7.594351e-01 3.760203e-01 5.309115e-01
    outer loop
      vertex   -3.124263e+01 -7.387491e-01 -2.547523e+00
      vertex   -3.134083e+01 -5.404049e-01 -2.547523e+00
      vertex   -3.183809e+01 -7.408151e-01 -1.694296e+00
    endloop
  endfacet
  facet normal 6.751428e-01 2.136619e-01 7.060671e-01
    outer loop
      vertex   -3.262342e+01 -6.139048e-01 -9.817583e-01
      vertex   -3.183809e+01 -7.408151e-01 -1.694296e+00
      vertex   -3.192963e+01 -4.515506e-01 -1.694296e+00
    endloop
  endfacet
  facet normal 8.079341e-01 2.556863e-01 5.309115e-01
    outer loop
      vertex   -3.192963e+01 -4.515506e-01 -1.694296e+00
      vertex   -3.183809e+01 -7.408151e-01 -1.694296e+00
      vertex   -3.134083e+01 -5.404049e-01 -2.547523e+00
    endloop
  endfacet
  facet normal 7.722768e-01 5.432073e-01 3.294153e-01
    outer loop
      vertex   -3.085853e+01 -7.080261e-01 -3.498656e+00
      vertex   -3.095655e+01 -5.686741e-01 -3.498656e+00
      vertex   -3.124263e+01 -7.387491e-01 -2.547523e+00
    endloop
  endfacet
  facet normal -0.000000e+00 0.000000e+00 -1.000000e+00
    outer loop
      vertex   5.021538e+00 -1.389185e+00 -5.000000e+00
      vertex   -5.021538e+00 -1.389185e+00 -5.000000e+00
      vertex   4.900000e+00 -2.204364e-15 -5.000000e+00
    endloop
  endfacet
  facet normal -0.000000e+00 0.000000e+00 -1.000000e+00
    outer loop
      vertex   4.900000e+00 -2.204364e-15 -5.000000e+00
      vertex   -5.021538e+00 -1.389185e+00 -5.000000e+00
      vertex   -4.900000e+00 -1.224647e-15 -5.000000e+00
    endloop
  endfacet
  facet normal 0.000000e+00 0.000000e+00 -1.000000e+00
    outer loop
      vertex   4.900000e+00 -2.204364e-15 -5.000000e+00
      vertex   -4.900000e+00 -1.224647e-15 -5.000000e+00
      vertex   5.021538e+00 1.389185e+00 -5.000000e+00
    endloop
  endfacet
  facet normal 0.000000e+00 0.000000e+00 -1.000000e+00
    outer loop
      vertex   5.021538e+00 1.389185e+00 -5.000000e+00
      vertex   -4.900000e+00 -1.224647e-15 -5.000000e+00
      vertex   -5.021538e+00 1.389185e+00 -5.000000e+00
    endloop
  endfacet
  facet normal -0.000000e+00 0.000000e+00 -1.000000e+00
    outer loop
      vertex   5.021538e+00 1.389185e+00 -5.000000e+00
      vertex   -5.021538e+00 1.389185e+00 -5.000000e+00
      vertex   5.382459e+00 2.736161e+00 -5.000000e+00
    endloop
  endfacet
  facet normal 0.000000e+00 0.000000e+00 -1.000000e+00
    outer loop
      vertex   5.382459e+00 2.736161e+00 -5.000000e+00
      vertex   -5.021538e+00 1.389185e+00 -5.000000e+00
      vertex   -5.382459e+00 2.736161e+00 -5.000000e+00
    endloop
  endfacet
  facet normal -0.000000e+00 0.000000e+00 -1.000000e+00
    outer loop
      vertex   5.382459e+00 2.736161e+00 -5.000000e+00
      vertex   -5.382459e+00 2.736161e+00 -5.000000e+00
      vertex   5.971797e+00 4.000000e+00 -5.000000e+00
    endloop
  endfacet
  facet normal 0.000000e+00 0.000000e+00 -1.000000e+00
    outer loop
      vertex   5.971797e+00 4.000000e+00 -5.000000e+00
      vertex   -5.382459e+00 2.736161e+00 -5.000000e+00
      vertex   -5.971797e+00 4.000000e+00 -5.000000e+00
    endloop
  endfacet
  facet normal -0.000000e+00 0.000000e+00 -1.000000e+00
    outer loop
      vertex   5.971797e+00 4.000000e+00 -5.000000e+00
      vertex   -5.971797e+00 4.000000e+00 -5.000000e+00
      vertex   6.771644e+00 5.142301e+00 -5.000000e+00
    endloop
  endfacet
  facet normal 0.000000e+00 0.000000e+00 -1.000000e+00
    outer loop
      vertex   6.771644e+00 5.142301e+00 -5.000000e+00
      vertex   -5.971797e+00 4.000000e+00 -5.000000e+00
      vertex   -6.771644e+00 5.142301e+00 -5.000000e+00
    endloop
  endfacet
  facet normal -0.000000e+00 0.000000e+00 -1.000000e+00
    outer loop
      vertex   6.771644e+00 5.142301e+00 -5.000000e+00
      vertex   -6.771644e+00 5.142301e+00 -5.000000e+00
      vertex   7.757699e+00 6.128356e+00 -5.000000e+00
    endloop
  endfacet
  facet normal -0.000000e+00 0.000000e+00 -1.000000e+00
    outer loop
      vertex   7.757699e+00 6.128356e+00 -5.000000e+00
      vertex   -6.771644e+00 5.142301e+00 -5.000000e+00
      vertex   -7.757699e+00 6.128356e+00 -5.000000e+00
    endloop
  endfacet
  facet normal 0.000000e+00 0.000000e+00 -1.000000e+00
    outer loop
      vertex   7.757699e+00 6.128356e+00 -5.000000e+00
      vertex   -7.757699e+00 6.128356e+00 -5.000000e+00
      vertex   8.900000e+00 6.928203e+00 -5.000000e+00
    endloop
  endfacet
  facet normal -0.000000e+00 0.000000e+00 -1.000000e+00
    outer loop
      vertex   8.900000e+00 6.928203e+00 -5.000000e+00
      vertex   -7.757699e+00 6.128356e+00 -5.000000e+00
      vertex   -8.900000e+00 6.928203e+00 -5.000000e+00
    endloop
  endfacet
  facet normal 0.000000e+00 0.000000e+00 -1.000000e+00
    outer loop
      vertex   8.900000e+00 6.928203e+00 -5.000000e+00
      vertex   -8.900000e+00 6.928203e+00 -5.000000e+00
      vertex   1.016384e+01 7.517541e+00 -5.000000e+00
    endloop
  endfacet
  facet normal 0.000000e+00 0.000000e+00 -1.000000e+00
    outer loop
      vertex   1.016384e+01 7.517541e+00 -5.000000e+00
      vertex   -8.900000e+00 6.928203e+00 -5.000000e+00
      vertex   -1.016384e+01 7.517541e+00 -5.000000e+00
    endloop
  endfacet
  facet normal -0.000000e+00 0.000000e+00 -1.000000e+00
    outer loop
      vertex   1.016384e+01 7.517541e+00 -5.000000e+00
      vertex   -1.016384e+01 7.517541e+00 -5.000000e+00
      vertex   8.802927e-01 5.099240e+01 -5.000000e+00
    endloop
  endfacet
  facet normal 0.000000e+00 0.000000e+00 -1.000000e+00
    outer loop
      vertex   8.802927e-01 5.099240e+01 -5.000000e+00
      vertex   -1.016384e+01 7.517541e+00 -5.000000e+00
      vertex   -2.639829e+00 5.093163e+01 -5.000000e+00
    endloop
  endfacet
  facet normal 0.000000e+00 0.000000e+00 -1.000000e+00
    outer loop
      vertex   -2.639829e+00 5.093163e+01 -5.000000e+00
      vertex   -1.016384e+01 7.517541e+00 -5.000000e+00
      vertex   -6.147371e+00 5.062815e+01 -5.000000e+00
    endloop
  endfacet
  facet normal 0.000000e+00 0.000000e+00 -1.000000e+00
    outer loop
      vertex   -6.147371e+00 5.062815e+01 -5.000000e+00
      vertex   -1.016384e+01 7.517541e+00 -5.000000e+00
      vertex   -9.625617e+00 5.008341e+01 -5.000000e+00
    endloop
  endfacet
  facet normal 0.000000e+00 0.000000e+00 -1.000000e+00
    outer loop
      vertex   -9.625617e+00 5.008341e+01 -5.000000e+00
      vertex   -1.016384e+01 7.517541e+00 -5.000000e+00
      vertex   -1.151081e+01 7.878462e+00 -5.000000e+00
    endloop
  endfacet
  facet normal 0.000000e+00 0.000000e+00 -1.000000e+00
    outer loop
      vertex   -9.625617e+00 5.008341e+01 -5.000000e+00
      vertex   -1.151081e+01 7.878462e+00 -5.000000e+00
      vertex   -1.305799e+01 4.929999e+01 -5.000000e+00
    endloop
  endfacet
  facet normal 0.000000e+00 -0.000000e+00 -1.000000e+00
    outer loop
      vertex   -1.305799e+01 4.929999e+01 -5.000000e+00
      vertex   -1.151081e+01 7.878462e+00 -5.000000e+00
      vertex   -1.642814e+01 4.828163e+01 -5.000000e+00
    endloop
  endfacet
  facet normal 0.000000e+00 0.000000e+00 -1.000000e+00
    outer loop
      vertex   -1.642814e+01 4.828163e+01 -5.000000e+00
      vertex   -1.151081e+01 7.878462e+00 -5.000000e+00
      vertex   -1.290000e+01 8.000000e+00 -5.000000e+00
    endloop
  endfacet
  facet normal 0.000000e+00 -0.000000e+00 -1.000000e+00
    outer loop
      vertex   -1.642814e+01 4.828163e+01 -5.000000e+00
      vertex   -1.290000e+01 8.000000e+00 -5.000000e+00
      vertex   -1.972000e+01 4.703320e+01 -5.000000e+00
    endloop
  endfacet
  facet normal 0.000000e+00 -0.000000e+00 -1.000000e+00
    outer loop
      vertex   -1.972000e+01 4.703320e+01 -5.000000e+00
      vertex   -1.290000e+01 8.000000e+00 -5.000000e+00
      vertex   -2.291789e+01 4.556062e+01 -5.000000e+00
    endloop
  endfacet
  facet normal 0.000000e+00 -0.000000e+00 -1.000000e+00
    outer loop
      vertex   -2.291789e+01 4.556062e+01 -5.000000e+00
      vertex   -1.290000e+01 8.000000e+00 -5.000000e+00
      vertex   -2.600656e+01 4.387093e+01 -5.000000e+00
    endloop
  endfacet
  facet normal 0.000000e+00 0.000000e+00 -1.000000e+00
    outer loop
      vertex   -2.600656e+01 4.387093e+01 -5.000000e+00
      vertex   -1.290000e+01 8.000000e+00 -5.000000e+00
      vertex   -1.428919e+01 7.878462e+00 -5.000000e+00
    endloop
  endfacet
  facet normal 0.000000e+00 -0.000000e+00 -1.000000e+00
    outer loop
      vertex   -2.600656e+01 4.387093e+01 -5.000000e+00
      vertex   -1.428919e+01 7.878462e+00 -5.000000e+00
      vertex   -2.897130e+01 4.197218e+01 -5.000000e+00
    endloop
  endfacet
  facet normal 0.000000e+00 -0.000000e+00 -1.000000e+00
    outer loop
      vertex   -2.897130e+01 4.197218e+01 -5.000000e+00
      vertex   -1.428919e+01 7.878462e+00 -5.000000e+00
      vertex   -3.179798e+01 3.987341e+01 -5.000000e+00
    endloop
  endfacet
  facet normal 0.000000e+00 0.000000e+00 -1.000000e+00
    outer loop
      vertex   -3.179798e+01 3.987341e+01 -5.000000e+00
      vertex   -1.428919e+01 7.878462e+00 -5.000000e+00
      vertex   -1.563616e+01 7.517541e+00 -5.000000e+00
    endloop
  endfacet
  facet normal 0.000000e+00 -0.000000e+00 -1.000000e+00
    outer loop
      vertex   -3.179798e+01 3.987341e+01 -5.000000e+00
      vertex   -1.563616e+01 7.517541e+00 -5.000000e+00
      vertex   -3.447313e+01 3.758462e+01 -5.000000e+00
    endloop
  endfacet
  facet normal 0.000000e+00 -0.000000e+00 -1.000000e+00
    outer loop
      vertex   -3.447313e+01 3.758462e+01 -5.000000e+00
      vertex   -1.563616e+01 7.517541e+00 -5.000000e+00
      vertex   -3.698399e+01 3.511672e+01 -5.000000e+00
    endloop
  endfacet
  facet normal 0.000000e+00 0.000000e+00 -1.000000e+00
    outer loop
      vertex   -3.698399e+01 3.511672e+01 -5.000000e+00
      vertex   -1.563616e+01 7.517541e+00 -5.000000e+00
      vertex   -1.690000e+01 6.928203e+00 -5.000000e+00
    endloop
  endfacet
  facet normal 0.000000e+00 -0.000000e+00 -1.000000e+00
    outer loop
      vertex   -3.698399e+01 3.511672e+01 -5.000000e+00
      vertex   -1.690000e+01 6.928203e+00 -5.000000e+00
      vertex   -3.931861e+01 3.248148e+01 -5.000000e+00
    endloop
  endfacet
  facet normal 0.000000e+00 -0.000000e+00 -1.000000e+00
    outer loop
      vertex   -3.931861e+01 3.248148e+01 -5.000000e+00
      vertex   -1.690000e+01 6.928203e+00 -5.000000e+00
      vertex   -4.146586e+01 2.969145e+01 -5.000000e+00
    endloop
  endfacet
  facet normal 0.000000e+00 0.000000e+00 -1.000000e+00
    outer loop
      vertex   -4.146586e+01 2.969145e+01 -5.000000e+00
      vertex   -1.690000e+01 6.928203e+00 -5.000000e+00
      vertex   -1.804230e+01 6.128356e+00 -5.000000e+00
    endloop
  endfacet
  facet normal 0.000000e+00 -0.000000e+00 -1.000000e+00
    outer loop
      vertex   -4.146586e+01 2.969145e+01 -5.000000e+00
      vertex   -1.804230e+01 6.128356e+00 -5.000000e+00
      vertex   -4.341551e+01 2.675993e+01 -5.000000e+00
    endloop
  endfacet
  facet normal 0.000000e+00 0.000000e+00 -1.000000e+00
    outer loop
      vertex   -4.341551e+01 2.675993e+01 -5.000000e+00
      vertex   -1.804230e+01 6.128356e+00 -5.000000e+00
      vertex   -3.000000e+01 1.000000e+00 -5.000000e+00
    endloop
  endfacet
  facet normal 0.000000e+00 -0.000000e+00 -1.000000e+00
    outer loop
      vertex   -4.341551e+01 2.675993e+01 -5.000000e+00
      vertex   -3.000000e+01 1.000000e+00 -5.000000e+00
      vertex   -4.515826e+01 2.370088e+01 -5.000000e+00
    endloop
  endfacet
  facet normal 0.000000e+00 0.000000e+00 -1.000000e+00
    outer loop
      vertex   -4.515826e+01 2.370088e+01 -5.000000e+00
      vertex   -3.000000e+01 1.000000e+00 -5.000000e+00
      vertex   -3.025882e+01 9.659258e-01 -5.000000e+00
    endloop
  endfacet
  facet normal 0.000000e+00 -0.000000e+00 -1.000000e+00
    outer loop
      vertex   -4.515826e+01 2.370088e+01 -5.000000e+00
      vertex   -3.025882e+01 9.659258e-01 -5.000000e+00
      vertex   -4.668581e+01 2.052889e+01 -5.000000e+00
    endloop
  endfacet
  facet normal 0.000000e+00 -0.000000e+00 -1.000000e+00
    outer loop
      vertex   -4.668581e+01 2.052889e+01 -5.000000e+00
      vertex   -3.025882e+01 9.659258e-01 -5.000000e+00
      vertex   -4.799088e+01 1.725907e+01 -5.000000e+00
    endloop
  endfacet
  facet normal 0.000000e+00 0.000000e+00 -1.000000e+00
    outer loop
      vertex   -4.799088e+01 1.725907e+01 -5.000000e+00
      vertex   -3.025882e+01 9.659258e-01 -5.000000e+00
      vertex   -3.050000e+01 8.660254e-01 -5.000000e+00
    endloop
  endfacet
  facet normal 0.000000e+00 -0.000000e+00 -1.000000e+00
    outer loop
      vertex   -4.799088e+01 1.725907e+01 -5.000000e+00
      vertex   -3.050000e+01 8.660254e-01 -5.000000e+00
      vertex   -4.906725e+01 1.390700e+01 -5.000000e+00
    endloop
  endfacet
  facet normal 0.000000e+00 0.000000e+00 -1.000000e+00
    outer loop
      vertex   -4.906725e+01 1.390700e+01 -5.000000e+00
      vertex   -3.050000e+01 8.660254e-01 -5.000000e+00
      vertex   -3.070711e+01 7.071068e-01 -5.000000e+00
    endloop
  endfacet
  facet normal 0.000000e+00 -0.000000e+00 -1.000000e+00
    outer loop
      vertex   -4.906725e+01 1.390700e+01 -5.000000e+00
      vertex   -3.070711e+01 7.071068e-01 -5.000000e+00
      vertex   -4.990980e+01 1.048866e+01 -5.000000e+00
    endloop
  endfacet
  facet normal 0.000000e+00 0.000000e+00 -1.000000e+00
    outer loop
      vertex   -4.990980e+01 1.048866e+01 -5.000000e+00
      vertex   -3.070711e+01 7.071068e-01 -5.000000e+00
      vertex   -3.086603e+01 5.000000e-01 -5.000000e+00
    endloop
  endfacet
  facet normal 0.000000e+00 -0.000000e+00 -1.000000e+00
    outer loop
      vertex   -4.990980e+01 1.048866e+01 -5.000000e+00
      vertex   -3.086603e+01 5.000000e-01 -5.000000e+00
      vertex   -5.051450e+01 7.020329e+00 -5.000000e+00
    endloop
  endfacet
  facet normal 0.000000e+00 0.000000e+00 -1.000000e+00
    outer loop
      vertex   -5.051450e+01 7.020329e+00 -5.000000e+00
      vertex   -3.086603e+01 5.000000e-01 -5.000000e+00
      vertex   -3.096593e+01 2.588190e-01 -5.000000e+00
    endloop
  endfacet
  facet normal 0.000000e+00 -0.000000e+00 -1.000000e+00
    outer loop
      vertex   -5.051450e+01 7.020329e+00 -5.000000e+00
      vertex   -3.096593e+01 2.588190e-01 -5.000000e+00
      vertex   -5.087848e+01 3.518548e+00 -5.000000e+00
    endloop
  endfacet
  facet normal 0.000000e+00 0.000000e+00 -1.000000e+00
    outer loop
      vertex   -5.087848e+01 3.518548e+00 -5.000000e+00
      vertex   -3.096593e+01 2.588190e-01 -5.000000e+00
      vertex   -3.100000e+01 -1.224647e-16 -5.000000e+00
    endloop
  endfacet
  facet normal 0.000000e+00 -0.000000e+00 -1.000000e+00
    outer loop
      vertex   -5.087848e+01 3.518548e+00 -5.000000e+00
      vertex   -3.100000e+01 -1.224647e-16 -5.000000e+00
      vertex   -5.100000e+01 -6.245699e-15 -5.000000e+00
    endloop
  endfacet
  facet normal 0.000000e+00 0.000000e+00 -1.000000e+00
    outer loop
      vertex   -5.100000e+01 -6.245699e-15 -5.000000e+00
      vertex   -3.100000e+01 -1.224647e-16 -5.000000e+00
      vertex   -5.087848e+01 -3.518548e+00 -5.000000e+00
    endloop
  endfacet
  facet normal 0.000000e+00 0.000000e+00 -1.000000e+00
    outer loop
      vertex   -5.087848e+01 -3.518548e+00 -5.000000e+00
      vertex   -3.100000e+01 -1.224647e-16 -5.000000e+00
      vertex   -3.096593e+01 -2.588190e-01 -5.000000e+00
    endloop
  endfacet
  facet normal 0.000000e+00 0.000000e+00 -1.000000e+00
    outer loop
      vertex   -5.087848e+01 -3.518548e+00 -5.000000e+00
      vertex   -3.096593e+01 -2.588190e-01 -5.000000e+00
      vertex   -5.051450e+01 -7.020329e+00 -5.000000e+00
    endloop
  endfacet
  facet normal 0.000000e+00 0.000000e+00 -1.000000e+00
    outer loop
      vertex   -5.051450e+01 -7.020329e+00 -5.000000e+00
      vertex   -3.096593e+01 -2.588190e-01 -5.000000e+00
      vertex   -3.086603e+01 -5.000000e-01 -5.000000e+00
    endloop
  endfacet
  facet normal 0.000000e+00 0.000000e+00 -1.000000e+00
    outer loop
      vertex   -5.051450e+01 -7.020329e+00 -5.000000e+00
      vertex   -3.086603e+01 -5.000000e-01 -5.000000e+00
      vertex   -4.990980e+01 -1.048866e+01 -5.000000e+00
    endloop
  endfacet
  facet normal 0.000000e+00 0.000000e+00 -1.000000e+00
    outer loop
      vertex   -4.990980e+01 -1.048866e+01 -5.000000e+00
      vertex   -3.086603e+01 -5.000000e-01 -5.000000e+00
      vertex   -3.070711e+01 -7.071068e-01 -5.000000e+00
    endloop
  endfacet
  facet normal 0.000000e+00 0.000000e+00 -1.000000e+00
    outer loop
      vertex   -4.990980e+01 -1.048866e+01 -5.000000e+00
      vertex   -3.070711e+01 -7.071068e-01 -5.000000e+00
      vertex   -4.906725e+01 -1.390700e+01 -5.000000e+00
    endloop
  endfacet
  facet normal 0.000000e+00 0.000000e+00 -1.000000e+00
    outer loop
      vertex   -4.906725e+01 -1.390700e+01 -5.000000e+00
      vertex   -3.070711e+01 -7.071068e-01 -5.000000e+00
      vertex   -3.050000e+01 -8.660254e-01 -5.000000e+00
    endloop
  endfacet
  facet normal 0.000000e+00 0.000000e+00 -1.000000e+00
    outer loop
      vertex   -4.906725e+01 -1.390700e+01 -5.000000e+00
      vertex   -3.050000e+01 -8.660254e-01 -5.000000e+00
      vertex   -4.799088e+01 -1.725907e+01 -5.000000e+00
    endloop
  endfacet
  facet normal 0.000000e+00 0.000000e+00 -1.000000e+00
    outer loop
      vertex   -4.799088e+01 -1.725907e+01 -5.000000e+00
      vertex   -3.050000e+01 -8.660254e-01 -5.000000e+00
      vertex   -3.025882e+01 -9.659258e-01 -5.000000e+00
    endloop
  endfacet
  facet normal 0.000000e+00 0.000000e+00 -1.000000e+00
    outer loop
      vertex   -4.799088e+01 -1.725907e+01 -5.000000e+00
      vertex   -3.025882e+01 -9.659258e-01 -5.000000e+00
      vertex   -4.668581e+01 -2.052889e+01 -5.000000e+00
    endloop
  endfacet
  facet normal 0.000000e+00 0.000000e+00 -1.000000e+00
    outer loop
      vertex   -4.668581e+01 -2.052889e+01 -5.000000e+00
      vertex   -3.025882e+01 -9.659258e-01 -5.000000e+00
      vertex   -4.515826e+01 -2.370088e+01 -5.000000e+00
    endloop
  endfacet
  facet normal 0.000000e+00 0.000000e+00 -1.000000e+00
    outer loop
      vertex   -4.515826e+01 -2.370088e+01 -5.000000e+00
      vertex   -3.025882e+01 -9.659258e-01 -5.000000e+00
      vertex   -3.000000e+01 -1.000000e+00 -5.000000e+00
    endloop
  endfacet
  facet normal 0.000000e+00 0.000000e+00 -1.000000e+00
    outer loop
      vertex   -4.515826e+01 -2.370088e+01 -5.000000e+00
      vertex   -3.000000e+01 -1.000000e+00 -5.000000e+00
      vertex   -4.341551e+01 -2.675993e+01 -5.000000e+00
    endloop
  endfacet
  facet normal 0.000000e+00 0.000000e+00 -1.000000e+00
    outer loop
      vertex   -4.341551e+01 -2.675993e+01 -5.000000e+00
      vertex   -3.000000e+01 -1.000000e+00 -5.000000e+00
      vertex   -1.804230e+01 -6.128356e+00 -5.000000e+00
    endloop
  endfacet
  facet normal 0.000000e+00 0.000000e+00 -1.000000e+00
    outer loop
      vertex   -4.341551e+01 -2.675993e+01 -5.000000e+00
      vertex   -1.804230e+01 -6.128356e+00 -5.000000e+00
      vertex   -4.146586e+01 -2.969145e+01 -5.000000e+00
    endloop
  endfacet
  facet normal 0.000000e+00 0.000000e+00 -1.000000e+00
    outer loop
      vertex   -4.146586e+01 -2.969145e+01 -5.000000e+00
      vertex   -1.804230e+01 -6.128356e+00 -5.000000e+00
      vertex   -1.690000e+01 -6.928203e+00 -5.000000e+00
    endloop
  endfacet
  facet normal 0.000000e+00 0.000000e+00 -1.000000e+00
    outer loop
      vertex   -4.146586e+01 -2.969145e+01 -5.000000e+00
      vertex   -1.690000e+01 -6.928203e+00 -5.000000e+00
      vertex   -3.931861e+01 -3.248148e+01 -5.000000e+00
    endloop
  endfacet
  facet normal 0.000000e+00 0.000000e+00 -1.000000e+00
    outer loop
      vertex   -3.931861e+01 -3.248148e+01 -5.000000e+00
      vertex   -1.690000e+01 -6.928203e+00 -5.000000e+00
      vertex   -3.698399e+01 -3.511672e+01 -5.000000e+00
    endloop
  endfacet
  facet normal 0.000000e+00 0.000000e+00 -1.000000e+00
    outer loop
      vertex   -3.698399e+01 -3.511672e+01 -5.000000e+00
      vertex   -1.690000e+01 -6.928203e+00 -5.000000e+00
      vertex   -1.563616e+01 -7.517541e+00 -5.000000e+00
    endloop
  endfacet
  facet normal 0.000000e+00 0.000000e+00 -1.000000e+00
    outer loop
      vertex   -3.698399e+01 -3.511672e+01 -5.000000e+00
      vertex   -1.563616e+01 -7.517541e+00 -5.000000e+00
      vertex   -3.447313e+01 -3.758462e+01 -5.000000e+00
    endloop
  endfacet
  facet normal 0.000000e+00 0.000000e+00 -1.000000e+00
    outer loop
      vertex   -3.447313e+01 -3.758462e+01 -5.000000e+00
      vertex   -1.563616e+01 -7.517541e+00 -5.000000e+00
      vertex   -3.179798e+01 -3.987341e+01 -5.000000e+00
    endloop
  endfacet
  facet normal 0.000000e+00 0.000000e+00 -1.000000e+00
    outer loop
      vertex   -3.179798e+01 -3.987341e+01 -5.000000e+00
      vertex   -1.563616e+01 -7.517541e+00 -5.000000e+00
      vertex   -1.428919e+01 -7.878462e+00 -5.000000e+00
    endloop
  endfacet
  facet normal 0.000000e+00 0.000000e+00 -1.000000e+00
    outer loop
      vertex   -3.179798e+01 -3.987341e+01 -5.000000e+00
      vertex   -1.428919e+01 -7.878462e+00 -5.000000e+00
      vertex   -2.897130e+01 -4.197218e+01 -5.000000e+00
    endloop
  endfacet
  facet normal 0.000000e+00 0.000000e+00 -1.000000e+00
    outer loop
      vertex   -2.897130e+01 -4.197218e+01 -5.000000e+00
      vertex   -1.428919e+01 -7.878462e+00 -5.000000e+00
      vertex   -2.600656e+01 -4.387093e+01 -5.000000e+00
    endloop
  endfacet
  facet normal 0.000000e+00 0.000000e+00 -1.000000e+00
    outer loop
      vertex   -2.600656e+01 -4.387093e+01 -5.000000e+00
      vertex   -1.428919e+01 -7.878462e+00 -5.000000e+00
      vertex   -1.290000e+01 -8.000000e+00 -5.000000e+00
    endloop
  endfacet
  facet normal 0.000000e+00 0.000000e+00 -1.000000e+00
    outer loop
      vertex   -2.600656e+01 -4.387093e+01 -5.000000e+00
      vertex   -1.290000e+01 -8.000000e+00 -5.000000e+00
      vertex   -2.291789e+01 -4.556062e+01 -5.000000e+00
    endloop
  endfacet
  facet normal 0.000000e+00 0.000000e+00 -1.000000e+00
    outer loop
      vertex   -2.291789e+01 -4.556062e+01 -5.000000e+00
      vertex   -1.290000e+01 -8.000000e+00 -5.000000e+00
      vertex   -1.972000e+01 -4.703320e+01 -5.000000e+00
    endloop
  endfacet
  facet normal 0.000000e+00 0.000000e+00 -1.000000e+00
    outer loop
      vertex   -1.972000e+01 -4.703320e+01 -5.000000e+00
      vertex   -1.290000e+01 -8.000000e+00 -5.000000e+00
      vertex   -1.642814e+01 -4.828163e+01 -5.000000e+00
    endloop
  endfacet
  facet normal 0.000000e+00 0.000000e+00 -1.000000e+00
    outer loop
      vertex   -1.642814e+01 -4.828163e+01 -5.000000e+00
      vertex   -1.290000e+01 -8.000000e+00 -5.000000e+00
      vertex   -1.305799e+01 -4.929999e+01 -5.000000e+00
    endloop
  endfacet
  facet normal 0.000000e+00 0.000000e+00 -1.000000e+00
    outer loop
      vertex   -1.305799e+01 -4.929999e+01 -5.000000e+00
      vertex   -1.290000e+01 -8.000000e+00 -5.000000e+00
      vertex   -9.625617e+00 -5.008341e+01 -5.000000e+00
    endloop
  endfacet
  facet normal 0.000000e+00 0.000000e+00 -1.000000e+00
    outer loop
      vertex   -9.625617e+00 -5.008341e+01 -5.000000e+00
      vertex   -1.290000e+01 -8.000000e+00 -5.000000e+00
      vertex   -6.147371e+00 -5.062815e+01 -5.000000e+00
    endloop
  endfacet
  facet normal 0.000000e+00 0.000000e+00 -1.000000e+00
    outer loop
      vertex   -6.147371e+00 -5.062815e+01 -5.000000e+00
      vertex   -1.290000e+01 -8.000000e+00 -5.000000e+00
      vertex   -2.639829e+00 -5.093163e+01 -5.000000e+00
    endloop
  endfacet
  facet normal 0.000000e+00 0.000000e+00 -1.000000e+00
    outer loop
      vertex   -2.639829e+00 -5.093163e+01 -5.000000e+00
      vertex   -1.290000e+01 -8.000000e+00 -5.000000e+00
      vertex   8.802927e-01 -5.099240e+01 -5.000000e+00
    endloop
  endfacet
  facet normal 0.000000e+00 0.000000e+00 -1.000000e+00
    outer loop
      vertex   8.802927e-01 -5.099240e+01 -5.000000e+00
      vertex   -1.290000e+01 -8.000000e+00 -5.000000e+00
      vertex   1.290000e+01 -8.000000e+00 -5.000000e+00
    endloop
  endfacet
  facet normal 0.000000e+00 0.000000e+00 -1.000000e+00
    outer loop
      vertex   8.802927e-01 -5.099240e+01 -5.000000e+00
      vertex   1.290000e+01 -8.000000e+00 -5.000000e+00
      vertex   4.396219e+00 -5.081017e+01 -5.000000e+00
    endloop
  endfacet
  facet normal 0.000000e+00 0.000000e+00 -1.000000e+00
    outer loop
      vertex   4.396219e+00 -5.081017e+01 -5.000000e+00
      vertex   1.290000e+01 -8.000000e+00 -5.000000e+00
      vertex   7.891196e+00 -5.038580e+01 -5.000000e+00
    endloop
  endfacet
  facet normal 0.000000e+00 0.000000e+00 -1.000000e+00
    outer loop
      vertex   7.891196e+00 -5.038580e+01 -5.000000e+00
      vertex   1.290000e+01 -8.000000e+00 -5.000000e+00
      vertex   1.134857e+01 -4.972132e+01 -5.000000e+00
    endloop
  endfacet
  facet normal 0.000000e+00 0.000000e+00 -1.000000e+00
    outer loop
      vertex   1.134857e+01 -4.972132e+01 -5.000000e+00
      vertex   1.290000e+01 -8.000000e+00 -5.000000e+00
      vertex   1.475186e+01 -4.881990e+01 -5.000000e+00
    endloop
  endfacet
  facet normal 0.000000e+00 0.000000e+00 -1.000000e+00
    outer loop
      vertex   1.475186e+01 -4.881990e+01 -5.000000e+00
      vertex   1.290000e+01 -8.000000e+00 -5.000000e+00
      vertex   1.808485e+01 -4.768583e+01 -5.000000e+00
    endloop
  endfacet
  facet normal 0.000000e+00 0.000000e+00 -1.000000e+00
    outer loop
      vertex   1.808485e+01 -4.768583e+01 -5.000000e+00
      vertex   1.290000e+01 -8.000000e+00 -5.000000e+00
      vertex   2.133166e+01 -4.632451e+01 -5.000000e+00
    endloop
  endfacet
  facet normal 0.000000e+00 0.000000e+00 -1.000000e+00
    outer loop
      vertex   2.133166e+01 -4.632451e+01 -5.000000e+00
      vertex   1.290000e+01 -8.000000e+00 -5.000000e+00
      vertex   2.447681e+01 -4.474244e+01 -5.000000e+00
    endloop
  endfacet
  facet normal 0.000000e+00 0.000000e+00 -1.000000e+00
    outer loop
      vertex   2.447681e+01 -4.474244e+01 -5.000000e+00
      vertex   1.290000e+01 -8.000000e+00 -5.000000e+00
      vertex   2.750532e+01 -4.294715e+01 -5.000000e+00
    endloop
  endfacet
  facet normal 0.000000e+00 0.000000e+00 -1.000000e+00
    outer loop
      vertex   2.750532e+01 -4.294715e+01 -5.000000e+00
      vertex   1.290000e+01 -8.000000e+00 -5.000000e+00
      vertex   3.040276e+01 -4.094719e+01 -5.000000e+00
    endloop
  endfacet
  facet normal 0.000000e+00 0.000000e+00 -1.000000e+00
    outer loop
      vertex   3.040276e+01 -4.094719e+01 -5.000000e+00
      vertex   1.290000e+01 -8.000000e+00 -5.000000e+00
      vertex   3.315531e+01 -3.875210e+01 -5.000000e+00
    endloop
  endfacet
  facet normal 0.000000e+00 0.000000e+00 -1.000000e+00
    outer loop
      vertex   3.315531e+01 -3.875210e+01 -5.000000e+00
      vertex   1.290000e+01 -8.000000e+00 -5.000000e+00
      vertex   3.574986e+01 -3.637234e+01 -5.000000e+00
    endloop
  endfacet
  facet normal 0.000000e+00 0.000000e+00 -1.000000e+00
    outer loop
      vertex   3.574986e+01 -3.637234e+01 -5.000000e+00
      vertex   1.290000e+01 -8.000000e+00 -5.000000e+00
      vertex   3.817405e+01 -3.381926e+01 -5.000000e+00
    endloop
  endfacet
  facet normal 0.000000e+00 0.000000e+00 -1.000000e+00
    outer loop
      vertex   3.817405e+01 -3.381926e+01 -5.000000e+00
      vertex   1.290000e+01 -8.000000e+00 -5.000000e+00
      vertex   4.041632e+01 -3.110500e+01 -5.000000e+00
    endloop
  endfacet
  facet normal 0.000000e+00 0.000000e+00 -1.000000e+00
    outer loop
      vertex   4.041632e+01 -3.110500e+01 -5.000000e+00
      vertex   1.290000e+01 -8.000000e+00 -5.000000e+00
      vertex   4.246599e+01 -2.824252e+01 -5.000000e+00
    endloop
  endfacet
  facet normal 0.000000e+00 0.000000e+00 -1.000000e+00
    outer loop
      vertex   4.246599e+01 -2.824252e+01 -5.000000e+00
      vertex   1.290000e+01 -8.000000e+00 -5.000000e+00
      vertex   4.431329e+01 -2.524545e+01 -5.000000e+00
    endloop
  endfacet
  facet normal 0.000000e+00 0.000000e+00 -1.000000e+00
    outer loop
      vertex   4.431329e+01 -2.524545e+01 -5.000000e+00
      vertex   1.290000e+01 -8.000000e+00 -5.000000e+00
      vertex   4.594941e+01 -2.212807e+01 -5.000000e+00
    endloop
  endfacet
  facet normal 0.000000e+00 0.000000e+00 -1.000000e+00
    outer loop
      vertex   4.594941e+01 -2.212807e+01 -5.000000e+00
      vertex   1.290000e+01 -8.000000e+00 -5.000000e+00
      vertex   4.736657e+01 -1.890524e+01 -5.000000e+00
    endloop
  endfacet
  facet normal 0.000000e+00 0.000000e+00 -1.000000e+00
    outer loop
      vertex   4.736657e+01 -1.890524e+01 -5.000000e+00
      vertex   1.290000e+01 -8.000000e+00 -5.000000e+00
      vertex   4.855800e+01 -1.559232e+01 -5.000000e+00
    endloop
  endfacet
  facet normal 0.000000e+00 0.000000e+00 -1.000000e+00
    outer loop
      vertex   4.855800e+01 -1.559232e+01 -5.000000e+00
      vertex   1.290000e+01 -8.000000e+00 -5.000000e+00
      vertex   4.951803e+01 -1.220510e+01 -5.000000e+00
    endloop
  endfacet
  facet normal 0.000000e+00 0.000000e+00 -1.000000e+00
    outer loop
      vertex   4.951803e+01 -1.220510e+01 -5.000000e+00
      vertex   1.290000e+01 -8.000000e+00 -5.000000e+00
      vertex   5.024209e+01 -8.759712e+00 -5.000000e+00
    endloop
  endfacet
  facet normal 0.000000e+00 0.000000e+00 -1.000000e+00
    outer loop
      vertex   5.024209e+01 -8.759712e+00 -5.000000e+00
      vertex   1.290000e+01 -8.000000e+00 -5.000000e+00
      vertex   1.428919e+01 -7.878462e+00 -5.000000e+00
    endloop
  endfacet
  facet normal 0.000000e+00 0.000000e+00 -1.000000e+00
    outer loop
      vertex   5.024209e+01 -8.759712e+00 -5.000000e+00
      vertex   1.428919e+01 -7.878462e+00 -5.000000e+00
      vertex   1.563616e+01 -7.517541e+00 -5.000000e+00
    endloop
  endfacet
  facet normal 0.000000e+00 -0.000000e+00 -1.000000e+00
    outer loop
      vertex   -5.021538e+00 -1.389185e+00 -5.000000e+00
      vertex   5.021538e+00 -1.389185e+00 -5.000000e+00
      vertex   -5.382459e+00 -2.736161e+00 -5.000000e+00
    endloop
  endfacet
  facet normal 0.000000e+00 0.000000e+00 -1.000000e+00
    outer loop
      vertex   -5.382459e+00 -2.736161e+00 -5.000000e+00
      vertex   5.021538e+00 -1.389185e+00 -5.000000e+00
      vertex   5.382459e+00 -2.736161e+00 -5.000000e+00
    endloop
  endfacet
  facet normal 0.000000e+00 -0.000000e+00 -1.000000e+00
    outer loop
      vertex   -5.382459e+00 -2.736161e+00 -5.000000e+00
      vertex   5.382459e+00 -2.736161e+00 -5.000000e+00
      vertex   -5.971797e+00 -4.000000e+00 -5.000000e+00
    endloop
  endfacet
  facet normal 0.000000e+00 0.000000e+00 -1.000000e+00
    outer loop
      vertex   -5.971797e+00 -4.000000e+00 -5.000000e+00
      vertex   5.382459e+00 -2.736161e+00 -5.000000e+00
      vertex   5.971797e+00 -4.000000e+00 -5.000000e+00
    endloop
  endfacet
  facet normal 0.000000e+00 -0.000000e+00 -1.000000e+00
    outer loop
      vertex   -5.971797e+00 -4.000000e+00 -5.000000e+00
      vertex   5.971797e+00 -4.000000e+00 -5.000000e+00
      vertex   -6.771644e+00 -5.142301e+00 -5.000000e+00
    endloop
  endfacet
  facet normal 0.000000e+00 0.000000e+00 -1.000000e+00
    outer loop
      vertex   -6.771644e+00 -5.142301e+00 -5.000000e+00
      vertex   5.971797e+00 -4.000000e+00 -5.000000e+00
      vertex   6.771644e+00 -5.142301e+00 -5.000000e+00
    endloop
  endfacet
  facet normal 0.000000e+00 -0.000000e+00 -1.000000e+00
    outer loop
      vertex   -6.771644e+00 -5.142301e+00 -5.000000e+00
      vertex   6.771644e+00 -5.142301e+00 -5.000000e+00
      vertex   -7.757699e+00 -6.128356e+00 -5.000000e+00
    endloop
  endfacet
  facet normal 0.000000e+00 0.000000e+00 -1.000000e+00
    outer loop
      vertex   -7.757699e+00 -6.128356e+00 -5.000000e+00
      vertex   6.771644e+00 -5.142301e+00 -5.000000e+00
      vertex   7.757699e+00 -6.128356e+00 -5.000000e+00
    endloop
  endfacet
  facet normal 0.000000e+00 -0.000000e+00 -1.000000e+00
    outer loop
      vertex   -7.757699e+00 -6.128356e+00 -5.000000e+00
      vertex   7.757699e+00 -6.128356e+00 -5.000000e+00
      vertex   -8.900000e+00 -6.928203e+00 -5.000000e+00
    endloop
  endfacet
  facet normal 0.000000e+00 0.000000e+00 -1.000000e+00
    outer loop
      vertex   -8.900000e+00 -6.928203e+00 -5.000000e+00
      vertex   7.757699e+00 -6.128356e+00 -5.000000e+00
      vertex   8.900000e+00 -6.928203e+00 -5.000000e+00
    endloop
  endfacet
  facet normal 0.000000e+00 -0.000000e+00 -1.000000e+00
    outer loop
      vertex   -8.900000e+00 -6.928203e+00 -5.000000e+00
      vertex   8.900000e+00 -6.928203e+00 -5.000000e+00
      vertex   -1.016384e+01 -7.517541e+00 -5.000000e+00
    endloop
  endfacet
  facet normal 0.000000e+00 0.000000e+00 -1.000000e+00
    outer loop
      vertex   -1.016384e+01 -7.517541e+00 -5.000000e+00
      vertex   8.900000e+00 -6.928203e+00 -5.000000e+00
      vertex   1.016384e+01 -7.517541e+00 -5.000000e+00
    endloop
  endfacet
  facet normal 0.000000e+00 -0.000000e+00 -1.000000e+00
    outer loop
      vertex   -1.016384e+01 -7.517541e+00 -5.000000e+00
      vertex   1.016384e+01 -7.517541e+00 -5.000000e+00
      vertex   -1.151081e+01 -7.878462e+00 -5.000000e+00
    endloop
  endfacet
  facet normal 0.000000e+00 0.000000e+00 -1.000000e+00
    outer loop
      vertex   -1.151081e+01 -7.878462e+00 -5.000000e+00
      vertex   1.016384e+01 -7.517541e+00 -5.000000e+00
      vertex   1.151081e+01 -7.878462e+00 -5.000000e+00
    endloop
  endfacet
  facet normal 0.000000e+00 -0.000000e+00 -1.000000e+00
    outer loop
      vertex   -1.151081e+01 -7.878462e+00 -5.000000e+00
      vertex   1.151081e+01 -7.878462e+00 -5.000000e+00
      vertex   -1.290000e+01 -8.000000e+00 -5.000000e+00
    endloop
  endfacet
  facet normal 0.000000e+00 0.000000e+00 -1.000000e+00
    outer loop
      vertex   -1.290000e+01 -8.000000e+00 -5.000000e+00
      vertex   1.151081e+01 -7.878462e+00 -5.000000e+00
      vertex   1.290000e+01 -8.000000e+00 -5.000000e+00
    endloop
  endfacet
  facet normal 0.000000e+00 0.000000e+00 -1.000000e+00
    outer loop
      vertex   1.563616e+01 -7.517541e+00 -5.000000e+00
      vertex   1.690000e+01 -6.928203e+00 -5.000000e+00
      vertex   5.024209e+01 -8.759712e+00 -5.000000e+00
    endloop
  endfacet
  facet normal 0.000000e+00 0.000000e+00 -1.000000e+00
    outer loop
      vertex   5.024209e+01 -8.759712e+00 -5.000000e+00
      vertex   1.690000e+01 -6.928203e+00 -5.000000e+00
      vertex   1.804230e+01 -6.128356e+00 -5.000000e+00
    endloop
  endfacet
  facet normal 0.000000e+00 0.000000e+00 -1.000000e+00
    outer loop
      vertex   5.024209e+01 -8.759712e+00 -5.000000e+00
      vertex   1.804230e+01 -6.128356e+00 -5.000000e+00
      vertex   3.000000e+01 -1.000000e+00 -5.000000e+00
    endloop
  endfacet
  facet normal 0.000000e+00 0.000000e+00 -1.000000e+00
    outer loop
      vertex   3.000000e+01 -1.000000e+00 -5.000000e+00
      vertex   1.804230e+01 -6.128356e+00 -5.000000e+00
      vertex   1.902836e+01 -5.142301e+00 -5.000000e+00
    endloop
  endfacet
  facet normal 0.000000e+00 0.000000e+00 -1.000000e+00
    outer loop
      vertex   3.000000e+01 -1.000000e+00 -5.000000e+00
      vertex   1.902836e+01 -5.142301e+00 -5.000000e+00
      vertex   1.982820e+01 -4.000000e+00 -5.000000e+00
    endloop
  endfacet
  facet normal 0.000000e+00 0.000000e+00 -1.000000e+00
    outer loop
      vertex   1.982820e+01 -4.000000e+00 -5.000000e+00
      vertex   2.041754e+01 -2.736161e+00 -5.000000e+00
      vertex   3.000000e+01 -1.000000e+00 -5.000000e+00
    endloop
  endfacet
  facet normal 0.000000e+00 0.000000e+00 -1.000000e+00
    outer loop
      vertex   3.000000e+01 -1.000000e+00 -5.000000e+00
      vertex   2.041754e+01 -2.736161e+00 -5.000000e+00
      vertex   2.077846e+01 -1.389185e+00 -5.000000e+00
    endloop
  endfacet
  facet normal -0.000000e+00 0.000000e+00 -1.000000e+00
    outer loop
      vertex   3.000000e+01 -1.000000e+00 -5.000000e+00
      vertex   2.077846e+01 -1.389185e+00 -5.000000e+00
      vertex   2.974118e+01 -9.659258e-01 -5.000000e+00
    endloop
  endfacet
  facet normal -0.000000e+00 0.000000e+00 -1.000000e+00
    outer loop
      vertex   2.974118e+01 -9.659258e-01 -5.000000e+00
      vertex   2.077846e+01 -1.389185e+00 -5.000000e+00
      vertex   2.950000e+01 -8.660254e-01 -5.000000e+00
    endloop
  endfacet
  facet normal -0.000000e+00 0.000000e+00 -1.000000e+00
    outer loop
      vertex   2.950000e+01 -8.660254e-01 -5.000000e+00
      vertex   2.077846e+01 -1.389185e+00 -5.000000e+00
      vertex   2.929289e+01 -7.071068e-01 -5.000000e+00
    endloop
  endfacet
  facet normal -0.000000e+00 0.000000e+00 -1.000000e+00
    outer loop
      vertex   2.929289e+01 -7.071068e-01 -5.000000e+00
      vertex   2.077846e+01 -1.389185e+00 -5.000000e+00
      vertex   2.913397e+01 -5.000000e-01 -5.000000e+00
    endloop
  endfacet
  facet normal -0.000000e+00 0.000000e+00 -1.000000e+00
    outer loop
      vertex   2.913397e+01 -5.000000e-01 -5.000000e+00
      vertex   2.077846e+01 -1.389185e+00 -5.000000e+00
      vertex   2.903407e+01 -2.588190e-01 -5.000000e+00
    endloop
  endfacet
  facet normal -0.000000e+00 0.000000e+00 -1.000000e+00
    outer loop
      vertex   2.903407e+01 -2.588190e-01 -5.000000e+00
      vertex   2.077846e+01 -1.389185e+00 -5.000000e+00
      vertex   2.090000e+01 -1.224647e-15 -5.000000e+00
    endloop
  endfacet
  facet normal 0.000000e+00 0.000000e+00 -1.000000e+00
    outer loop
      vertex   2.903407e+01 -2.588190e-01 -5.000000e+00
      vertex   2.090000e+01 -1.224647e-15 -5.000000e+00
      vertex   2.900000e+01 -1.224647e-16 -5.000000e+00
    endloop
  endfacet
  facet normal -0.000000e+00 0.000000e+00 -1.000000e+00
    outer loop
      vertex   2.900000e+01 -1.224647e-16 -5.000000e+00
      vertex   2.090000e+01 -1.224647e-15 -5.000000e+00
      vertex   2.903407e+01 2.588190e-01 -5.000000e+00
    endloop
  endfacet
  facet normal -0.000000e+00 0.000000e+00 -1.000000e+00
    outer loop
      vertex   2.903407e+01 2.588190e-01 -5.000000e+00
      vertex   2.090000e+01 -1.224647e-15 -5.000000e+00
      vertex   2.077846e+01 1.389185e+00 -5.000000e+00
    endloop
  endfacet
  facet normal 0.000000e+00 0.000000e+00 -1.000000e+00
    outer loop
      vertex   2.903407e+01 2.588190e-01 -5.000000e+00
      vertex   2.077846e+01 1.389185e+00 -5.000000e+00
      vertex   2.913397e+01 5.000000e-01 -5.000000e+00
    endloop
  endfacet
  facet normal 0.000000e+00 0.000000e+00 -1.000000e+00
    outer loop
      vertex   2.913397e+01 5.000000e-01 -5.000000e+00
      vertex   2.077846e+01 1.389185e+00 -5.000000e+00
      vertex   2.041754e+01 2.736161e+00 -5.000000e+00
    endloop
  endfacet
  facet normal 0.000000e+00 0.000000e+00 -1.000000e+00
    outer loop
      vertex   2.913397e+01 5.000000e-01 -5.000000e+00
      vertex   2.041754e+01 2.736161e+00 -5.000000e+00
      vertex   2.929289e+01 7.071068e-01 -5.000000e+00
    endloop
  endfacet
  facet normal 0.000000e+00 0.000000e+00 -1.000000e+00
    outer loop
      vertex   2.929289e+01 7.071068e-01 -5.000000e+00
      vertex   2.041754e+01 2.736161e+00 -5.000000e+00
      vertex   2.950000e+01 8.660254e-01 -5.000000e+00
    endloop
  endfacet
  facet normal 0.000000e+00 0.000000e+00 -1.000000e+00
    outer loop
      vertex   2.950000e+01 8.660254e-01 -5.000000e+00
      vertex   2.041754e+01 2.736161e+00 -5.000000e+00
      vertex   1.982820e+01 4.000000e+00 -5.000000e+00
    endloop
  endfacet
  facet normal 0.000000e+00 0.000000e+00 -1.000000e+00
    outer loop
      vertex   2.950000e+01 8.660254e-01 -5.000000e+00
      vertex   1.982820e+01 4.000000e+00 -5.000000e+00
      vertex   2.974118e+01 9.659258e-01 -5.000000e+00
    endloop
  endfacet
  facet normal 0.000000e+00 0.000000e+00 -1.000000e+00
    outer loop
      vertex   2.974118e+01 9.659258e-01 -5.000000e+00
      vertex   1.982820e+01 4.000000e+00 -5.000000e+00
      vertex   1.902836e+01 5.142301e+00 -5.000000e+00
    endloop
  endfacet
  facet normal 0.000000e+00 0.000000e+00 -1.000000e+00
    outer loop
      vertex   2.974118e+01 9.659258e-01 -5.000000e+00
      vertex   1.902836e+01 5.142301e+00 -5.000000e+00
      vertex   3.000000e+01 1.000000e+00 -5.000000e+00
    endloop
  endfacet
  facet normal 0.000000e+00 0.000000e+00 -1.000000e+00
    outer loop
      vertex   3.000000e+01 1.000000e+00 -5.000000e+00
      vertex   1.902836e+01 5.142301e+00 -5.000000e+00
      vertex   1.804230e+01 6.128356e+00 -5.000000e+00
    endloop
  endfacet
  facet normal 0.000000e+00 0.000000e+00 -1.000000e+00
    outer loop
      vertex   3.000000e+01 1.000000e+00 -5.000000e+00
      vertex   1.804230e+01 6.128356e+00 -5.000000e+00
      vertex   5.024209e+01 8.759712e+00 -5.000000e+00
    endloop
  endfacet
  facet normal 0.000000e+00 0.000000e+00 -1.000000e+00
    outer loop
      vertex   5.024209e+01 8.759712e+00 -5.000000e+00
      vertex   1.804230e+01 6.128356e+00 -5.000000e+00
      vertex   1.690000e+01 6.928203e+00 -5.000000e+00
    endloop
  endfacet
  facet normal 0.000000e+00 0.000000e+00 -1.000000e+00
    outer loop
      vertex   5.024209e+01 8.759712e+00 -5.000000e+00
      vertex   1.690000e+01 6.928203e+00 -5.000000e+00
      vertex   1.563616e+01 7.517541e+00 -5.000000e+00
    endloop
  endfacet
  facet normal 0.000000e+00 0.000000e+00 -1.000000e+00
    outer loop
      vertex   1.563616e+01 7.517541e+00 -5.000000e+00
      vertex   1.428919e+01 7.878462e+00 -5.000000e+00
      vertex   5.024209e+01 8.759712e+00 -5.000000e+00
    endloop
  endfacet
  facet normal 0.000000e+00 0.000000e+00 -1.000000e+00
    outer loop
      vertex   5.024209e+01 8.759712e+00 -5.000000e+00
      vertex   1.428919e+01 7.878462e+00 -5.000000e+00
      vertex   1.290000e+01 8.000000e+00 -5.000000e+00
    endloop
  endfacet
  facet normal -0.000000e+00 0.000000e+00 -1.000000e+00
    outer loop
      vertex   5.024209e+01 8.759712e+00 -5.000000e+00
      vertex   1.290000e+01 8.000000e+00 -5.000000e+00
      vertex   4.951803e+01 1.220510e+01 -5.000000e+00
    endloop
  endfacet
  facet normal -0.000000e+00 0.000000e+00 -1.000000e+00
    outer loop
      vertex   4.951803e+01 1.220510e+01 -5.000000e+00
      vertex   1.290000e+01 8.000000e+00 -5.000000e+00
      vertex   4.855800e+01 1.559232e+01 -5.000000e+00
    endloop
  endfacet
  facet normal -0.000000e+00 0.000000e+00 -1.000000e+00
    outer loop
      vertex   4.855800e+01 1.559232e+01 -5.000000e+00
      vertex   1.290000e+01 8.000000e+00 -5.000000e+00
      vertex   4.736657e+01 1.890524e+01 -5.000000e+00
    endloop
  endfacet
  facet normal -0.000000e+00 0.000000e+00 -1.000000e+00
    outer loop
      vertex   4.736657e+01 1.890524e+01 -5.000000e+00
      vertex   1.290000e+01 8.000000e+00 -5.000000e+00
      vertex   4.594941e+01 2.212807e+01 -5.000000e+00
    endloop
  endfacet
  facet normal -0.000000e+00 0.000000e+00 -1.000000e+00
    outer loop
      vertex   4.594941e+01 2.212807e+01 -5.000000e+00
      vertex   1.290000e+01 8.000000e+00 -5.000000e+00
      vertex   4.431329e+01 2.524545e+01 -5.000000e+00
    endloop
  endfacet
  facet normal 0.000000e+00 0.000000e+00 -1.000000e+00
    outer loop
      vertex   4.431329e+01 2.524545e+01 -5.000000e+00
      vertex   1.290000e+01 8.000000e+00 -5.000000e+00
      vertex   1.151081e+01 7.878462e+00 -5.000000e+00
    endloop
  endfacet
  facet normal -0.000000e+00 0.000000e+00 -1.000000e+00
    outer loop
      vertex   4.431329e+01 2.524545e+01 -5.000000e+00
      vertex   1.151081e+01 7.878462e+00 -5.000000e+00
      vertex   4.246599e+01 2.824252e+01 -5.000000e+00
    endloop
  endfacet
  facet normal -0.000000e+00 0.000000e+00 -1.000000e+00
    outer loop
      vertex   4.246599e+01 2.824252e+01 -5.000000e+00
      vertex   1.151081e+01 7.878462e+00 -5.000000e+00
      vertex   4.041632e+01 3.110500e+01 -5.000000e+00
    endloop
  endfacet
  facet normal -0.000000e+00 0.000000e+00 -1.000000e+00
    outer loop
      vertex   4.041632e+01 3.110500e+01 -5.000000e+00
      vertex   1.151081e+01 7.878462e+00 -5.000000e+00
      vertex   3.817405e+01 3.381926e+01 -5.000000e+00
    endloop
  endfacet
  facet normal -0.000000e+00 0.000000e+00 -1.000000e+00
    outer loop
      vertex   3.817405e+01 3.381926e+01 -5.000000e+00
      vertex   1.151081e+01 7.878462e+00 -5.000000e+00
      vertex   3.574986e+01 3.637234e+01 -5.000000e+00
    endloop
  endfacet
  facet normal -0.000000e+00 0.000000e+00 -1.000000e+00
    outer loop
      vertex   3.574986e+01 3.637234e+01 -5.000000e+00
      vertex   1.151081e+01 7.878462e+00 -5.000000e+00
      vertex   3.315531e+01 3.875210e+01 -5.000000e+00
    endloop
  endfacet
  facet normal -0.000000e+00 0.000000e+00 -1.000000e+00
    outer loop
      vertex   3.315531e+01 3.875210e+01 -5.000000e+00
      vertex   1.151081e+01 7.878462e+00 -5.000000e+00
      vertex   3.040276e+01 4.094719e+01 -5.000000e+00
    endloop
  endfacet
  facet normal -0.000000e+00 0.000000e+00 -1.000000e+00
    outer loop
      vertex   3.040276e+01 4.094719e+01 -5.000000e+00
      vertex   1.151081e+01 7.878462e+00 -5.000000e+00
      vertex   2.750532e+01 4.294715e+01 -5.000000e+00
    endloop
  endfacet
  facet normal -0.000000e+00 0.000000e+00 -1.000000e+00
    outer loop
      vertex   2.750532e+01 4.294715e+01 -5.000000e+00
      vertex   1.151081e+01 7.878462e+00 -5.000000e+00
      vertex   2.447681e+01 4.474244e+01 -5.000000e+00
    endloop
  endfacet
  facet normal -0.000000e+00 0.000000e+00 -1.000000e+00
    outer loop
      vertex   2.447681e+01 4.474244e+01 -5.000000e+00
      vertex   1.151081e+01 7.878462e+00 -5.000000e+00
      vertex   2.133166e+01 4.632451e+01 -5.000000e+00
    endloop
  endfacet
  facet normal -0.000000e+00 0.000000e+00 -1.000000e+00
    outer loop
      vertex   2.133166e+01 4.632451e+01 -5.000000e+00
      vertex   1.151081e+01 7.878462e+00 -5.000000e+00
      vertex   1.808485e+01 4.768583e+01 -5.000000e+00
    endloop
  endfacet
  facet normal -0.000000e+00 0.000000e+00 -1.000000e+00
    outer loop
      vertex   1.808485e+01 4.768583e+01 -5.000000e+00
      vertex   1.151081e+01 7.878462e+00 -5.000000e+00
      vertex   1.475186e+01 4.881990e+01 -5.000000e+00
    endloop
  endfacet
  facet normal -0.000000e+00 0.000000e+00 -1.000000e+00
    outer loop
      vertex   1.475186e+01 4.881990e+01 -5.000000e+00
      vertex   1.151081e+01 7.878462e+00 -5.000000e+00
      vertex   1.134857e+01 4.972132e+01 -5.000000e+00
    endloop
  endfacet
  facet normal -0.000000e+00 -0.000000e+00 -1.000000e+00
    outer loop
      vertex   1.134857e+01 4.972132e+01 -5.000000e+00
      vertex   1.151081e+01 7.878462e+00 -5.000000e+00
      vertex   7.891196e+00 5.038580e+01 -5.000000e+00
    endloop
  endfacet
  facet normal 0.000000e+00 0.000000e+00 -1.000000e+00
    outer loop
      vertex   7.891196e+00 5.038580e+01 -5.000000e+00
      vertex   1.151081e+01 7.878462e+00 -5.000000e+00
      vertex   1.016384e+01 7.517541e+00 -5.000000e+00
    endloop
  endfacet
  facet normal -0.000000e+00 -0.000000e+00 -1.000000e+00
    outer loop
      vertex   7.891196e+00 5.038580e+01 -5.000000e+00
      vertex   1.016384e+01 7.517541e+00 -5.000000e+00
      vertex   4.396219e+00 5.081017e+01 -5.000000e+00
    endloop
  endfacet
  facet normal -0.000000e+00 -0.000000e+00 -1.000000e+00
    outer loop
      vertex   4.396219e+00 5.081017e+01 -5.000000e+00
      vertex   1.016384e+01 7.517541e+00 -5.000000e+00
      vertex   8.802927e-01 5.099240e+01 -5.000000e+00
    endloop
  endfacet
  facet normal 0.000000e+00 0.000000e+00 -1.000000e+00
    outer loop
      vertex   -2.077846e+01 -1.389185e+00 -5.000000e+00
      vertex   -2.903407e+01 -2.588190e-01 -5.000000e+00
      vertex   -2.090000e+01 -2.204364e-15 -5.000000e+00
    endloop
  endfacet
  facet normal -0.000000e+00 0.000000e+00 -1.000000e+00
    outer loop
      vertex   -2.090000e+01 -2.204364e-15 -5.000000e+00
      vertex   -2.903407e+01 -2.588190e-01 -5.000000e+00
      vertex   -2.900000e+01 0.000000e+00 -5.000000e+00
    endloop
  endfacet
  facet normal 0.000000e+00 0.000000e+00 -1.000000e+00
    outer loop
      vertex   -2.090000e+01 -2.204364e-15 -5.000000e+00
      vertex   -2.900000e+01 0.000000e+00 -5.000000e+00
      vertex   -2.903407e+01 2.588190e-01 -5.000000e+00
    endloop
  endfacet
  facet normal 0.000000e+00 0.000000e+00 -1.000000e+00
    outer loop
      vertex   -2.041754e+01 -2.736161e+00 -5.000000e+00
      vertex   -3.000000e+01 -1.000000e+00 -5.000000e+00
      vertex   -2.077846e+01 -1.389185e+00 -5.000000e+00
    endloop
  endfacet
  facet normal 0.000000e+00 0.000000e+00 -1.000000e+00
    outer loop
      vertex   -2.077846e+01 -1.389185e+00 -5.000000e+00
      vertex   -3.000000e+01 -1.000000e+00 -5.000000e+00
      vertex   -2.974118e+01 -9.659258e-01 -5.000000e+00
    endloop
  endfacet
  facet normal 0.000000e+00 0.000000e+00 -1.000000e+00
    outer loop
      vertex   -2.077846e+01 -1.389185e+00 -5.000000e+00
      vertex   -2.974118e+01 -9.659258e-01 -5.000000e+00
      vertex   -2.950000e+01 -8.660254e-01 -5.000000e+00
    endloop
  endfacet
  facet normal -0.000000e+00 -0.000000e+00 -1.000000e+00
    outer loop
      vertex   -2.041754e+01 -2.736161e+00 -5.000000e+00
      vertex   -1.982820e+01 -4.000000e+00 -5.000000e+00
      vertex   -3.000000e+01 -1.000000e+00 -5.000000e+00
    endloop
  endfacet
  facet normal 0.000000e+00 0.000000e+00 -1.000000e+00
    outer loop
      vertex   -3.000000e+01 -1.000000e+00 -5.000000e+00
      vertex   -1.982820e+01 -4.000000e+00 -5.000000e+00
      vertex   -1.902836e+01 -5.142301e+00 -5.000000e+00
    endloop
  endfacet
  facet normal 0.000000e+00 0.000000e+00 -1.000000e+00
    outer loop
      vertex   -3.000000e+01 -1.000000e+00 -5.000000e+00
      vertex   -1.902836e+01 -5.142301e+00 -5.000000e+00
      vertex   -1.804230e+01 -6.128356e+00 -5.000000e+00
    endloop
  endfacet
  facet normal 0.000000e+00 0.000000e+00 -1.000000e+00
    outer loop
      vertex   -1.804230e+01 6.128356e+00 -5.000000e+00
      vertex   -1.902836e+01 5.142301e+00 -5.000000e+00
      vertex   -3.000000e+01 1.000000e+00 -5.000000e+00
    endloop
  endfacet
  facet normal 0.000000e+00 0.000000e+00 -1.000000e+00
    outer loop
      vertex   -3.000000e+01 1.000000e+00 -5.000000e+00
      vertex   -1.902836e+01 5.142301e+00 -5.000000e+00
      vertex   -2.974118e+01 9.659258e-01 -5.000000e+00
    endloop
  endfacet
  facet normal 0.000000e+00 0.000000e+00 -1.000000e+00
    outer loop
      vertex   -2.974118e+01 9.659258e-01 -5.000000e+00
      vertex   -1.902836e+01 5.142301e+00 -5.000000e+00
      vertex   -1.982820e+01 4.000000e+00 -5.000000e+00
    endloop
  endfacet
  facet normal 0.000000e+00 0.000000e+00 -1.000000e+00
    outer loop
      vertex   -2.974118e+01 9.659258e-01 -5.000000e+00
      vertex   -1.982820e+01 4.000000e+00 -5.000000e+00
      vertex   -2.950000e+01 8.660254e-01 -5.000000e+00
    endloop
  endfacet
  facet normal 0.000000e+00 0.000000e+00 -1.000000e+00
    outer loop
      vertex   -2.950000e+01 8.660254e-01 -5.000000e+00
      vertex   -1.982820e+01 4.000000e+00 -5.000000e+00
      vertex   -2.041754e+01 2.736161e+00 -5.000000e+00
    endloop
  endfacet
  facet normal 0.000000e+00 0.000000e+00 -1.000000e+00
    outer loop
      vertex   -2.950000e+01 8.660254e-01 -5.000000e+00
      vertex   -2.041754e+01 2.736161e+00 -5.000000e+00
      vertex   -2.929289e+01 7.071068e-01 -5.000000e+00
    endloop
  endfacet
  facet normal 0.000000e+00 0.000000e+00 -1.000000e+00
    outer loop
      vertex   -2.929289e+01 7.071068e-01 -5.000000e+00
      vertex   -2.041754e+01 2.736161e+00 -5.000000e+00
      vertex   -2.913397e+01 5.000000e-01 -5.000000e+00
    endloop
  endfacet
  facet normal 0.000000e+00 0.000000e+00 -1.000000e+00
    outer loop
      vertex   -2.913397e+01 5.000000e-01 -5.000000e+00
      vertex   -2.041754e+01 2.736161e+00 -5.000000e+00
      vertex   -2.077846e+01 1.389185e+00 -5.000000e+00
    endloop
  endfacet
  facet normal 0.000000e+00 0.000000e+00 -1.000000e+00
    outer loop
      vertex   -2.913397e+01 5.000000e-01 -5.000000e+00
      vertex   -2.077846e+01 1.389185e+00 -5.000000e+00
      vertex   -2.903407e+01 2.588190e-01 -5.000000e+00
    endloop
  endfacet
  facet normal 0.000000e+00 0.000000e+00 -1.000000e+00
    outer loop
      vertex   -2.903407e+01 2.588190e-01 -5.000000e+00
      vertex   -2.077846e+01 1.389185e+00 -5.000000e+00
      vertex   -2.090000e+01 -2.204364e-15 -5.000000e+00
    endloop
  endfacet
  facet normal -0.000000e+00 0.000000e+00 -1.000000e+00
    outer loop
      vertex   5.072672e+01 5.272581e+00 -5.000000e+00
      vertex   3.086603e+01 5.000000e-01 -5.000000e+00
      vertex   5.024209e+01 8.759712e+00 -5.000000e+00
    endloop
  endfacet
  facet normal 0.000000e+00 0.000000e+00 -1.000000e+00
    outer loop
      vertex   5.024209e+01 8.759712e+00 -5.000000e+00
      vertex   3.086603e+01 5.000000e-01 -5.000000e+00
      vertex   3.070711e+01 7.071068e-01 -5.000000e+00
    endloop
  endfacet
  facet normal 0.000000e+00 0.000000e+00 -1.000000e+00
    outer loop
      vertex   5.024209e+01 8.759712e+00 -5.000000e+00
      vertex   3.070711e+01 7.071068e-01 -5.000000e+00
      vertex   3.050000e+01 8.660254e-01 -5.000000e+00
    endloop
  endfacet
  facet normal 0.000000e+00 0.000000e+00 -1.000000e+00
    outer loop
      vertex   3.086603e+01 5.000000e-01 -5.000000e+00
      vertex   5.072672e+01 5.272581e+00 -5.000000e+00
      vertex   3.096593e+01 2.588190e-01 -5.000000e+00
    endloop
  endfacet
  facet normal 0.000000e+00 0.000000e+00 -1.000000e+00
    outer loop
      vertex   3.096593e+01 2.588190e-01 -5.000000e+00
      vertex   5.072672e+01 5.272581e+00 -5.000000e+00
      vertex   5.096961e+01 1.760323e+00 -5.000000e+00
    endloop
  endfacet
  facet normal 0.000000e+00 0.000000e+00 -1.000000e+00
    outer loop
      vertex   3.096593e+01 2.588190e-01 -5.000000e+00
      vertex   5.096961e+01 1.760323e+00 -5.000000e+00
      vertex   3.100000e+01 0.000000e+00 -5.000000e+00
    endloop
  endfacet
  facet normal 0.000000e+00 0.000000e+00 -1.000000e+00
    outer loop
      vertex   3.100000e+01 0.000000e+00 -5.000000e+00
      vertex   5.096961e+01 1.760323e+00 -5.000000e+00
      vertex   5.096961e+01 -1.760323e+00 -5.000000e+00
    endloop
  endfacet
  facet normal 0.000000e+00 -0.000000e+00 -1.000000e+00
    outer loop
      vertex   3.100000e+01 0.000000e+00 -5.000000e+00
      vertex   5.096961e+01 -1.760323e+00 -5.000000e+00
      vertex   3.096593e+01 -2.588190e-01 -5.000000e+00
    endloop
  endfacet
  facet normal 0.000000e+00 0.000000e+00 -1.000000e+00
    outer loop
      vertex   3.096593e+01 -2.588190e-01 -5.000000e+00
      vertex   5.096961e+01 -1.760323e+00 -5.000000e+00
      vertex   5.072672e+01 -5.272581e+00 -5.000000e+00
    endloop
  endfacet
  facet normal 0.000000e+00 -0.000000e+00 -1.000000e+00
    outer loop
      vertex   3.096593e+01 -2.588190e-01 -5.000000e+00
      vertex   5.072672e+01 -5.272581e+00 -5.000000e+00
      vertex   3.086603e+01 -5.000000e-01 -5.000000e+00
    endloop
  endfacet
  facet normal 0.000000e+00 0.000000e+00 -1.000000e+00
    outer loop
      vertex   3.086603e+01 -5.000000e-01 -5.000000e+00
      vertex   5.072672e+01 -5.272581e+00 -5.000000e+00
      vertex   5.024209e+01 -8.759712e+00 -5.000000e+00
    endloop
  endfacet
  facet normal 0.000000e+00 -0.000000e+00 -1.000000e+00
    outer loop
      vertex   3.086603e+01 -5.000000e-01 -5.000000e+00
      vertex   5.024209e+01 -8.759712e+00 -5.000000e+00
      vertex   3.070711e+01 -7.071068e-01 -5.000000e+00
    endloop
  endfacet
  facet normal 0.000000e+00 -0.000000e+00 -1.000000e+00
    outer loop
      vertex   3.070711e+01 -7.071068e-01 -5.000000e+00
      vertex   5.024209e+01 -8.759712e+00 -5.000000e+00
      vertex   3.050000e+01 -8.660254e-01 -5.000000e+00
    endloop
  endfacet
  facet normal 0.000000e+00 -0.000000e+00 -1.000000e+00
    outer loop
      vertex   3.050000e+01 -8.660254e-01 -5.000000e+00
      vertex   5.024209e+01 -8.759712e+00 -5.000000e+00
      vertex   3.025882e+01 -9.659258e-01 -5.000000e+00
    endloop
  endfacet
  facet normal 0.000000e+00 -0.000000e+00 -1.000000e+00
    outer loop
      vertex   3.025882e+01 -9.659258e-01 -5.000000e+00
      vertex   5.024209e+01 -8.759712e+00 -5.000000e+00
      vertex   3.000000e+01 -1.000000e+00 -5.000000e+00
    endloop
  endfacet
  facet normal 0.000000e+00 0.000000e+00 -1.000000e+00
    outer loop
      vertex   3.050000e+01 8.660254e-01 -5.000000e+00
      vertex   3.025882e+01 9.659258e-01 -5.000000e+00
      vertex   5.024209e+01 8.759712e+00 -5.000000e+00
    endloop
  endfacet
  facet normal 0.000000e+00 0.000000e+00 -1.000000e+00
    outer loop
      vertex   5.024209e+01 8.759712e+00 -5.000000e+00
      vertex   3.025882e+01 9.659258e-01 -5.000000e+00
      vertex   3.000000e+01 1.000000e+00 -5.000000e+00
    endloop
  endfacet
  facet normal 0.000000e+00 0.000000e+00 -1.000000e+00
    outer loop
      vertex   -2.950000e+01 -8.660254e-01 -5.000000e+00
      vertex   -2.929289e+01 -7.071068e-01 -5.000000e+00
      vertex   -2.077846e+01 -1.389185e+00 -5.000000e+00
    endloop
  endfacet
  facet normal 0.000000e+00 0.000000e+00 -1.000000e+00
    outer loop
      vertex   -2.077846e+01 -1.389185e+00 -5.000000e+00
      vertex   -2.929289e+01 -7.071068e-01 -5.000000e+00
      vertex   -2.913397e+01 -5.000000e-01 -5.000000e+00
    endloop
  endfacet
  facet normal 0.000000e+00 0.000000e+00 -1.000000e+00
    outer loop
      vertex   -2.077846e+01 -1.389185e+00 -5.000000e+00
      vertex   -2.913397e+01 -5.000000e-01 -5.000000e+00
      vertex   -2.903407e+01 -2.588190e-01 -5.000000e+00
    endloop
  endfacet
  facet normal 0.000000e+00 0.000000e+00 1.000000e+00
    outer loop
      vertex   5.021538e+00 1.389185e+00 0.000000e+00
      vertex   -5.021538e+00 1.389185e+00 0.000000e+00
      vertex   4.900000e+00 -2.204364e-15 0.000000e+00
    endloop
  endfacet
  facet normal 0.000000e+00 0.000000e+00 1.000000e+00
    outer loop
      vertex   4.900000e+00 -2.204364e-15 0.000000e+00
      vertex   -5.021538e+00 1.389185e+00 0.000000e+00
      vertex   -4.900000e+00 -1.224647e-15 0.000000e+00
    endloop
  endfacet
  facet normal 0.000000e+00 0.000000e+00 1.000000e+00
    outer loop
      vertex   4.900000e+00 -2.204364e-15 0.000000e+00
      vertex   -4.900000e+00 -1.224647e-15 0.000000e+00
      vertex   5.021538e+00 -1.389185e+00 0.000000e+00
    endloop
  endfacet
  facet normal 0.000000e+00 0.000000e+00 1.000000e+00
    outer loop
      vertex   5.021538e+00 -1.389185e+00 0.000000e+00
      vertex   -4.900000e+00 -1.224647e-15 0.000000e+00
      vertex   -5.021538e+00 -1.389185e+00 0.000000e+00
    endloop
  endfacet
  facet normal 0.000000e+00 0.000000e+00 1.000000e+00
    outer loop
      vertex   5.021538e+00 -1.389185e+00 0.000000e+00
      vertex   -5.021538e+00 -1.389185e+00 0.000000e+00
      vertex   5.382459e+00 -2.736161e+00 0.000000e+00
    endloop
  endfacet
  facet normal 0.000000e+00 0.000000e+00 1.000000e+00
    outer loop
      vertex   5.382459e+00 -2.736161e+00 0.000000e+00
      vertex   -5.021538e+00 -1.389185e+00 0.000000e+00
      vertex   -5.382459e+00 -2.736161e+00 0.000000e+00
    endloop
  endfacet
  facet normal 0.000000e+00 0.000000e+00 1.000000e+00
    outer loop
      vertex   5.382459e+00 -2.736161e+00 0.000000e+00
      vertex   -5.382459e+00 -2.736161e+00 0.000000e+00
      vertex   5.971797e+00 -4.000000e+00 0.000000e+00
    endloop
  endfacet
  facet normal 0.000000e+00 0.000000e+00 1.000000e+00
    outer loop
      vertex   5.971797e+00 -4.000000e+00 0.000000e+00
      vertex   -5.382459e+00 -2.736161e+00 0.000000e+00
      vertex   -5.971797e+00 -4.000000e+00 0.000000e+00
    endloop
  endfacet
  facet normal 0.000000e+00 0.000000e+00 1.000000e+00
    outer loop
      vertex   5.971797e+00 -4.000000e+00 0.000000e+00
      vertex   -5.971797e+00 -4.000000e+00 0.000000e+00
      vertex   6.771644e+00 -5.142301e+00 0.000000e+00
    endloop
  endfacet
  facet normal 0.000000e+00 0.000000e+00 1.000000e+00
    outer loop
      vertex   6.771644e+00 -5.142301e+00 0.000000e+00
      vertex   -5.971797e+00 -4.000000e+00 0.000000e+00
      vertex   -6.771644e+00 -5.142301e+00 0.000000e+00
    endloop
  endfacet
  facet normal 0.000000e+00 0.000000e+00 1.000000e+00
    outer loop
      vertex   6.771644e+00 -5.142301e+00 0.000000e+00
      vertex   -6.771644e+00 -5.142301e+00 0.000000e+00
      vertex   7.757699e+00 -6.128356e+00 0.000000e+00
    endloop
  endfacet
  facet normal 0.000000e+00 0.000000e+00 1.000000e+00
    outer loop
      vertex   7.757699e+00 -6.128356e+00 0.000000e+00
      vertex   -6.771644e+00 -5.142301e+00 0.000000e+00
      vertex   -7.757699e+00 -6.128356e+00 0.000000e+00
    endloop
  endfacet
  facet normal 0.000000e+00 0.000000e+00 1.000000e+00
    outer loop
      vertex   7.757699e+00 -6.128356e+00 0.000000e+00
      vertex   -7.757699e+00 -6.128356e+00 0.000000e+00
      vertex   8.900000e+00 -6.928203e+00 0.000000e+00
    endloop
  endfacet
  facet normal 0.000000e+00 0.000000e+00 1.000000e+00
    outer loop
      vertex   8.900000e+00 -6.928203e+00 0.000000e+00
      vertex   -7.757699e+00 -6.128356e+00 0.000000e+00
      vertex   -8.900000e+00 -6.928203e+00 0.000000e+00
    endloop
  endfacet
  facet normal 0.000000e+00 0.000000e+00 1.000000e+00
    outer loop
      vertex   8.900000e+00 -6.928203e+00 0.000000e+00
      vertex   -8.900000e+00 -6.928203e+00 0.000000e+00
      vertex   1.744975e+00 -4.996954e+01 0.000000e+00
    endloop
  endfacet
  facet normal 0.000000e+00 0.000000e+00 1.000000e+00
    outer loop
      vertex   1.744975e+00 -4.996954e+01 0.000000e+00
      vertex   -8.900000e+00 -6.928203e+00 0.000000e+00
      vertex   -1.744975e+00 -4.996954e+01 0.000000e+00
    endloop
  endfacet
  facet normal 0.000000e+00 0.000000e+00 1.000000e+00
    outer loop
      vertex   -1.744975e+00 -4.996954e+01 0.000000e+00
      vertex   -8.900000e+00 -6.928203e+00 0.000000e+00
      vertex   -1.016384e+01 -7.517541e+00 0.000000e+00
    endloop
  endfacet
  facet normal 0.000000e+00 0.000000e+00 1.000000e+00
    outer loop
      vertex   -1.744975e+00 -4.996954e+01 0.000000e+00
      vertex   -1.016384e+01 -7.517541e+00 0.000000e+00
      vertex   -5.226423e+00 -4.972609e+01 0.000000e+00
    endloop
  endfacet
  facet normal 0.000000e+00 0.000000e+00 1.000000e+00
    outer loop
      vertex   -5.226423e+00 -4.972609e+01 0.000000e+00
      vertex   -1.016384e+01 -7.517541e+00 0.000000e+00
      vertex   -8.682409e+00 -4.924039e+01 0.000000e+00
    endloop
  endfacet
  facet normal 0.000000e+00 0.000000e+00 1.000000e+00
    outer loop
      vertex   -8.682409e+00 -4.924039e+01 0.000000e+00
      vertex   -1.016384e+01 -7.517541e+00 0.000000e+00
      vertex   -1.151081e+01 -7.878462e+00 0.000000e+00
    endloop
  endfacet
  facet normal 0.000000e+00 0.000000e+00 1.000000e+00
    outer loop
      vertex   -8.682409e+00 -4.924039e+01 0.000000e+00
      vertex   -1.151081e+01 -7.878462e+00 0.000000e+00
      vertex   -1.209609e+01 -4.851479e+01 0.000000e+00
    endloop
  endfacet
  facet normal 0.000000e+00 -0.000000e+00 1.000000e+00
    outer loop
      vertex   -1.209609e+01 -4.851479e+01 0.000000e+00
      vertex   -1.151081e+01 -7.878462e+00 0.000000e+00
      vertex   -1.545085e+01 -4.755283e+01 0.000000e+00
    endloop
  endfacet
  facet normal 0.000000e+00 -0.000000e+00 1.000000e+00
    outer loop
      vertex   -1.545085e+01 -4.755283e+01 0.000000e+00
      vertex   -1.151081e+01 -7.878462e+00 0.000000e+00
      vertex   -1.873033e+01 -4.635919e+01 0.000000e+00
    endloop
  endfacet
  facet normal 0.000000e+00 0.000000e+00 1.000000e+00
    outer loop
      vertex   -1.873033e+01 -4.635919e+01 0.000000e+00
      vertex   -1.151081e+01 -7.878462e+00 0.000000e+00
      vertex   -1.290000e+01 -8.000000e+00 0.000000e+00
    endloop
  endfacet
  facet normal 0.000000e+00 -0.000000e+00 1.000000e+00
    outer loop
      vertex   -1.873033e+01 -4.635919e+01 0.000000e+00
      vertex   -1.290000e+01 -8.000000e+00 0.000000e+00
      vertex   -2.191856e+01 -4.493970e+01 0.000000e+00
    endloop
  endfacet
  facet normal 0.000000e+00 -0.000000e+00 1.000000e+00
    outer loop
      vertex   -2.191856e+01 -4.493970e+01 0.000000e+00
      vertex   -1.290000e+01 -8.000000e+00 0.000000e+00
      vertex   -2.500000e+01 -4.330127e+01 0.000000e+00
    endloop
  endfacet
  facet normal 0.000000e+00 0.000000e+00 1.000000e+00
    outer loop
      vertex   -2.500000e+01 -4.330127e+01 0.000000e+00
      vertex   -1.290000e+01 -8.000000e+00 0.000000e+00
      vertex   -1.428919e+01 -7.878462e+00 0.000000e+00
    endloop
  endfacet
  facet normal 0.000000e+00 -0.000000e+00 1.000000e+00
    outer loop
      vertex   -2.500000e+01 -4.330127e+01 0.000000e+00
      vertex   -1.428919e+01 -7.878462e+00 0.000000e+00
      vertex   -2.795965e+01 -4.145188e+01 0.000000e+00
    endloop
  endfacet
  facet normal 0.000000e+00 -0.000000e+00 1.000000e+00
    outer loop
      vertex   -2.795965e+01 -4.145188e+01 0.000000e+00
      vertex   -1.428919e+01 -7.878462e+00 0.000000e+00
      vertex   -3.078307e+01 -3.940054e+01 0.000000e+00
    endloop
  endfacet
  facet normal 0.000000e+00 0.000000e+00 1.000000e+00
    outer loop
      vertex   -3.078307e+01 -3.940054e+01 0.000000e+00
      vertex   -1.428919e+01 -7.878462e+00 0.000000e+00
      vertex   -1.563616e+01 -7.517541e+00 0.000000e+00
    endloop
  endfacet
  facet normal 0.000000e+00 -0.000000e+00 1.000000e+00
    outer loop
      vertex   -3.078307e+01 -3.940054e+01 0.000000e+00
      vertex   -1.563616e+01 -7.517541e+00 0.000000e+00
      vertex   -3.345653e+01 -3.715724e+01 0.000000e+00
    endloop
  endfacet
  facet normal 0.000000e+00 -0.000000e+00 1.000000e+00
    outer loop
      vertex   -3.345653e+01 -3.715724e+01 0.000000e+00
      vertex   -1.563616e+01 -7.517541e+00 0.000000e+00
      vertex   -3.596699e+01 -3.473292e+01 0.000000e+00
    endloop
  endfacet
  facet normal 0.000000e+00 0.000000e+00 1.000000e+00
    outer loop
      vertex   -3.596699e+01 -3.473292e+01 0.000000e+00
      vertex   -1.563616e+01 -7.517541e+00 0.000000e+00
      vertex   -1.690000e+01 -6.928203e+00 0.000000e+00
    endloop
  endfacet
  facet normal 0.000000e+00 -0.000000e+00 1.000000e+00
    outer loop
      vertex   -3.596699e+01 -3.473292e+01 0.000000e+00
      vertex   -1.690000e+01 -6.928203e+00 0.000000e+00
      vertex   -3.830222e+01 -3.213938e+01 0.000000e+00
    endloop
  endfacet
  facet normal 0.000000e+00 0.000000e+00 1.000000e+00
    outer loop
      vertex   -3.830222e+01 -3.213938e+01 0.000000e+00
      vertex   -1.690000e+01 -6.928203e+00 0.000000e+00
      vertex   -2.830041e+01 -5.230811e+00 0.000000e+00
    endloop
  endfacet
  facet normal 0.000000e+00 0.000000e+00 1.000000e+00
    outer loop
      vertex   -3.830222e+01 -3.213938e+01 0.000000e+00
      vertex   -2.830041e+01 -5.230811e+00 0.000000e+00
      vertex   -2.942509e+01 -5.469870e+00 0.000000e+00
    endloop
  endfacet
  facet normal -0.000000e+00 -0.000000e+00 1.000000e+00
    outer loop
      vertex   -5.021538e+00 1.389185e+00 0.000000e+00
      vertex   5.021538e+00 1.389185e+00 0.000000e+00
      vertex   -5.382459e+00 2.736161e+00 0.000000e+00
    endloop
  endfacet
  facet normal -0.000000e+00 0.000000e+00 1.000000e+00
    outer loop
      vertex   -5.382459e+00 2.736161e+00 0.000000e+00
      vertex   5.021538e+00 1.389185e+00 0.000000e+00
      vertex   5.382459e+00 2.736161e+00 0.000000e+00
    endloop
  endfacet
  facet normal 0.000000e+00 -0.000000e+00 1.000000e+00
    outer loop
      vertex   -5.382459e+00 2.736161e+00 0.000000e+00
      vertex   5.382459e+00 2.736161e+00 0.000000e+00
      vertex   -5.971797e+00 4.000000e+00 0.000000e+00
    endloop
  endfacet
  facet normal -0.000000e+00 0.000000e+00 1.000000e+00
    outer loop
      vertex   -5.971797e+00 4.000000e+00 0.000000e+00
      vertex   5.382459e+00 2.736161e+00 0.000000e+00
      vertex   5.971797e+00 4.000000e+00 0.000000e+00
    endloop
  endfacet
  facet normal 0.000000e+00 -0.000000e+00 1.000000e+00
    outer loop
      vertex   -5.971797e+00 4.000000e+00 0.000000e+00
      vertex   5.971797e+00 4.000000e+00 0.000000e+00
      vertex   -6.771644e+00 5.142301e+00 0.000000e+00
    endloop
  endfacet
  facet normal -0.000000e+00 0.000000e+00 1.000000e+00
    outer loop
      vertex   -6.771644e+00 5.142301e+00 0.000000e+00
      vertex   5.971797e+00 4.000000e+00 0.000000e+00
      vertex   6.771644e+00 5.142301e+00 0.000000e+00
    endloop
  endfacet
  facet normal 0.000000e+00 -0.000000e+00 1.000000e+00
    outer loop
      vertex   -6.771644e+00 5.142301e+00 0.000000e+00
      vertex   6.771644e+00 5.142301e+00 0.000000e+00
      vertex   -7.757699e+00 6.128356e+00 0.000000e+00
    endloop
  endfacet
  facet normal -0.000000e+00 0.000000e+00 1.000000e+00
    outer loop
      vertex   -7.757699e+00 6.128356e+00 0.000000e+00
      vertex   6.771644e+00 5.142301e+00 0.000000e+00
      vertex   7.757699e+00 6.128356e+00 0.000000e+00
    endloop
  endfacet
  facet normal 0.000000e+00 -0.000000e+00 1.000000e+00
    outer loop
      vertex   -7.757699e+00 6.128356e+00 0.000000e+00
      vertex   7.757699e+00 6.128356e+00 0.000000e+00
      vertex   -8.900000e+00 6.928203e+00 0.000000e+00
    endloop
  endfacet
  facet normal 0.000000e+00 0.000000e+00 1.000000e+00
    outer loop
      vertex   -8.900000e+00 6.928203e+00 0.000000e+00
      vertex   7.757699e+00 6.128356e+00 0.000000e+00
      vertex   8.900000e+00 6.928203e+00 0.000000e+00
    endloop
  endfacet
  facet normal -0.000000e+00 0.000000e+00 1.000000e+00
    outer loop
      vertex   -8.900000e+00 6.928203e+00 0.000000e+00
      vertex   8.900000e+00 6.928203e+00 0.000000e+00
      vertex   -1.744975e+00 4.996954e+01 0.000000e+00
    endloop
  endfacet
  facet normal -0.000000e+00 0.000000e+00 1.000000e+00
    outer loop
      vertex   -1.744975e+00 4.996954e+01 0.000000e+00
      vertex   8.900000e+00 6.928203e+00 0.000000e+00
      vertex   1.744975e+00 4.996954e+01 0.000000e+00
    endloop
  endfacet
  facet normal 0.000000e+00 0.000000e+00 1.000000e+00
    outer loop
      vertex   1.744975e+00 4.996954e+01 0.000000e+00
      vertex   8.900000e+00 6.928203e+00 0.000000e+00
      vertex   1.016384e+01 7.517541e+00 0.000000e+00
    endloop
  endfacet
  facet normal 0.000000e+00 0.000000e+00 1.000000e+00
    outer loop
      vertex   1.744975e+00 4.996954e+01 0.000000e+00
      vertex   1.016384e+01 7.517541e+00 0.000000e+00
      vertex   5.226423e+00 4.972609e+01 0.000000e+00
    endloop
  endfacet
  facet normal 0.000000e+00 0.000000e+00 1.000000e+00
    outer loop
      vertex   5.226423e+00 4.972609e+01 0.000000e+00
      vertex   1.016384e+01 7.517541e+00 0.000000e+00
      vertex   8.682409e+00 4.924039e+01 0.000000e+00
    endloop
  endfacet
  facet normal 0.000000e+00 0.000000e+00 1.000000e+00
    outer loop
      vertex   8.682409e+00 4.924039e+01 0.000000e+00
      vertex   1.016384e+01 7.517541e+00 0.000000e+00
      vertex   1.151081e+01 7.878462e+00 0.000000e+00
    endloop
  endfacet
  facet normal 0.000000e+00 0.000000e+00 1.000000e+00
    outer loop
      vertex   8.682409e+00 4.924039e+01 0.000000e+00
      vertex   1.151081e+01 7.878462e+00 0.000000e+00
      vertex   1.209609e+01 4.851479e+01 0.000000e+00
    endloop
  endfacet
  facet normal 0.000000e+00 0.000000e+00 1.000000e+00
    outer loop
      vertex   1.209609e+01 4.851479e+01 0.000000e+00
      vertex   1.151081e+01 7.878462e+00 0.000000e+00
      vertex   1.545085e+01 4.755283e+01 0.000000e+00
    endloop
  endfacet
  facet normal 0.000000e+00 0.000000e+00 1.000000e+00
    outer loop
      vertex   1.545085e+01 4.755283e+01 0.000000e+00
      vertex   1.151081e+01 7.878462e+00 0.000000e+00
      vertex   1.873033e+01 4.635919e+01 0.000000e+00
    endloop
  endfacet
  facet normal 0.000000e+00 0.000000e+00 1.000000e+00
    outer loop
      vertex   1.873033e+01 4.635919e+01 0.000000e+00
      vertex   1.151081e+01 7.878462e+00 0.000000e+00
      vertex   1.290000e+01 8.000000e+00 0.000000e+00
    endloop
  endfacet
  facet normal 0.000000e+00 0.000000e+00 1.000000e+00
    outer loop
      vertex   1.873033e+01 4.635919e+01 0.000000e+00
      vertex   1.290000e+01 8.000000e+00 0.000000e+00
      vertex   2.191856e+01 4.493970e+01 0.000000e+00
    endloop
  endfacet
  facet normal 0.000000e+00 0.000000e+00 1.000000e+00
    outer loop
      vertex   2.191856e+01 4.493970e+01 0.000000e+00
      vertex   1.290000e+01 8.000000e+00 0.000000e+00
      vertex   2.500000e+01 4.330127e+01 0.000000e+00
    endloop
  endfacet
  facet normal 0.000000e+00 0.000000e+00 1.000000e+00
    outer loop
      vertex   2.500000e+01 4.330127e+01 0.000000e+00
      vertex   1.290000e+01 8.000000e+00 0.000000e+00
      vertex   1.428919e+01 7.878462e+00 0.000000e+00
    endloop
  endfacet
  facet normal 0.000000e+00 0.000000e+00 1.000000e+00
    outer loop
      vertex   2.500000e+01 4.330127e+01 0.000000e+00
      vertex   1.428919e+01 7.878462e+00 0.000000e+00
      vertex   2.795965e+01 4.145188e+01 0.000000e+00
    endloop
  endfacet
  facet normal 0.000000e+00 0.000000e+00 1.000000e+00
    outer loop
      vertex   2.795965e+01 4.145188e+01 0.000000e+00
      vertex   1.428919e+01 7.878462e+00 0.000000e+00
      vertex   3.078307e+01 3.940054e+01 0.000000e+00
    endloop
  endfacet
  facet normal 0.000000e+00 0.000000e+00 1.000000e+00
    outer loop
      vertex   3.078307e+01 3.940054e+01 0.000000e+00
      vertex   1.428919e+01 7.878462e+00 0.000000e+00
      vertex   1.563616e+01 7.517541e+00 0.000000e+00
    endloop
  endfacet
  facet normal 0.000000e+00 0.000000e+00 1.000000e+00
    outer loop
      vertex   3.078307e+01 3.940054e+01 0.000000e+00
      vertex   1.563616e+01 7.517541e+00 0.000000e+00
      vertex   3.345653e+01 3.715724e+01 0.000000e+00
    endloop
  endfacet
  facet normal 0.000000e+00 0.000000e+00 1.000000e+00
    outer loop
      vertex   3.345653e+01 3.715724e+01 0.000000e+00
      vertex   1.563616e+01 7.517541e+00 0.000000e+00
      vertex   3.596699e+01 3.473292e+01 0.000000e+00
    endloop
  endfacet
  facet normal 0.000000e+00 0.000000e+00 1.000000e+00
    outer loop
      vertex   3.596699e+01 3.473292e+01 0.000000e+00
      vertex   1.563616e+01 7.517541e+00 0.000000e+00
      vertex   1.690000e+01 6.928203e+00 0.000000e+00
    endloop
  endfacet
  facet normal 0.000000e+00 0.000000e+00 1.000000e+00
    outer loop
      vertex   3.596699e+01 3.473292e+01 0.000000e+00
      vertex   1.690000e+01 6.928203e+00 0.000000e+00
      vertex   3.830222e+01 3.213938e+01 0.000000e+00
    endloop
  endfacet
  facet normal 0.000000e+00 0.000000e+00 1.000000e+00
    outer loop
      vertex   3.830222e+01 3.213938e+01 0.000000e+00
      vertex   1.690000e+01 6.928203e+00 0.000000e+00
      vertex   2.830041e+01 5.230811e+00 0.000000e+00
    endloop
  endfacet
  facet normal 0.000000e+00 0.000000e+00 1.000000e+00
    outer loop
      vertex   3.830222e+01 3.213938e+01 0.000000e+00
      vertex   2.830041e+01 5.230811e+00 0.000000e+00
      vertex   2.942509e+01 5.469870e+00 0.000000e+00
    endloop
  endfacet
  facet normal 0.000000e+00 0.000000e+00 1.000000e+00
    outer loop
      vertex   1.690000e+01 6.928203e+00 0.000000e+00
      vertex   1.804230e+01 6.128356e+00 0.000000e+00
      vertex   2.830041e+01 5.230811e+00 0.000000e+00
    endloop
  endfacet
  facet normal 0.000000e+00 0.000000e+00 1.000000e+00
    outer loop
      vertex   2.830041e+01 5.230811e+00 0.000000e+00
      vertex   1.804230e+01 6.128356e+00 0.000000e+00
      vertex   2.725000e+01 4.763140e+00 0.000000e+00
    endloop
  endfacet
  facet normal 0.000000e+00 0.000000e+00 1.000000e+00
    outer loop
      vertex   2.725000e+01 4.763140e+00 0.000000e+00
      vertex   1.804230e+01 6.128356e+00 0.000000e+00
      vertex   1.902836e+01 5.142301e+00 0.000000e+00
    endloop
  endfacet
  facet normal 0.000000e+00 0.000000e+00 1.000000e+00
    outer loop
      vertex   2.725000e+01 4.763140e+00 0.000000e+00
      vertex   1.902836e+01 5.142301e+00 0.000000e+00
      vertex   2.631978e+01 4.087297e+00 0.000000e+00
    endloop
  endfacet
  facet normal 0.000000e+00 0.000000e+00 1.000000e+00
    outer loop
      vertex   2.631978e+01 4.087297e+00 0.000000e+00
      vertex   1.902836e+01 5.142301e+00 0.000000e+00
      vertex   1.982820e+01 4.000000e+00 0.000000e+00
    endloop
  endfacet
  facet normal 0.000000e+00 0.000000e+00 1.000000e+00
    outer loop
      vertex   2.631978e+01 4.087297e+00 0.000000e+00
      vertex   1.982820e+01 4.000000e+00 0.000000e+00
      vertex   2.555041e+01 3.232819e+00 0.000000e+00
    endloop
  endfacet
  facet normal 0.000000e+00 0.000000e+00 1.000000e+00
    outer loop
      vertex   2.555041e+01 3.232819e+00 0.000000e+00
      vertex   1.982820e+01 4.000000e+00 0.000000e+00
      vertex   2.041754e+01 2.736161e+00 0.000000e+00
    endloop
  endfacet
  facet normal 0.000000e+00 0.000000e+00 1.000000e+00
    outer loop
      vertex   2.555041e+01 3.232819e+00 0.000000e+00
      vertex   2.041754e+01 2.736161e+00 0.000000e+00
      vertex   2.497550e+01 2.237052e+00 0.000000e+00
    endloop
  endfacet
  facet normal 0.000000e+00 0.000000e+00 1.000000e+00
    outer loop
      vertex   2.497550e+01 2.237052e+00 0.000000e+00
      vertex   2.041754e+01 2.736161e+00 0.000000e+00
      vertex   2.077846e+01 1.389185e+00 0.000000e+00
    endloop
  endfacet
  facet normal 0.000000e+00 0.000000e+00 1.000000e+00
    outer loop
      vertex   2.497550e+01 2.237052e+00 0.000000e+00
      vertex   2.077846e+01 1.389185e+00 0.000000e+00
      vertex   2.462019e+01 1.143514e+00 0.000000e+00
    endloop
  endfacet
  facet normal 0.000000e+00 0.000000e+00 1.000000e+00
    outer loop
      vertex   2.462019e+01 1.143514e+00 0.000000e+00
      vertex   2.077846e+01 1.389185e+00 0.000000e+00
      vertex   2.090000e+01 -1.224647e-15 0.000000e+00
    endloop
  endfacet
  facet normal 0.000000e+00 0.000000e+00 1.000000e+00
    outer loop
      vertex   2.462019e+01 1.143514e+00 0.000000e+00
      vertex   2.090000e+01 -1.224647e-15 0.000000e+00
      vertex   2.450000e+01 -6.735557e-16 0.000000e+00
    endloop
  endfacet
  facet normal 0.000000e+00 0.000000e+00 1.000000e+00
    outer loop
      vertex   2.450000e+01 -6.735557e-16 0.000000e+00
      vertex   2.090000e+01 -1.224647e-15 0.000000e+00
      vertex   2.462019e+01 -1.143514e+00 0.000000e+00
    endloop
  endfacet
  facet normal 0.000000e+00 0.000000e+00 1.000000e+00
    outer loop
      vertex   2.462019e+01 -1.143514e+00 0.000000e+00
      vertex   2.090000e+01 -1.224647e-15 0.000000e+00
      vertex   2.077846e+01 -1.389185e+00 0.000000e+00
    endloop
  endfacet
  facet normal 0.000000e+00 0.000000e+00 1.000000e+00
    outer loop
      vertex   2.462019e+01 -1.143514e+00 0.000000e+00
      vertex   2.077846e+01 -1.389185e+00 0.000000e+00
      vertex   2.497550e+01 -2.237052e+00 0.000000e+00
    endloop
  endfacet
  facet normal 0.000000e+00 0.000000e+00 1.000000e+00
    outer loop
      vertex   2.497550e+01 -2.237052e+00 0.000000e+00
      vertex   2.077846e+01 -1.389185e+00 0.000000e+00
      vertex   2.041754e+01 -2.736161e+00 0.000000e+00
    endloop
  endfacet
  facet normal 0.000000e+00 0.000000e+00 1.000000e+00
    outer loop
      vertex   2.497550e+01 -2.237052e+00 0.000000e+00
      vertex   2.041754e+01 -2.736161e+00 0.000000e+00
      vertex   2.555041e+01 -3.232819e+00 0.000000e+00
    endloop
  endfacet
  facet normal 0.000000e+00 0.000000e+00 1.000000e+00
    outer loop
      vertex   2.555041e+01 -3.232819e+00 0.000000e+00
      vertex   2.041754e+01 -2.736161e+00 0.000000e+00
      vertex   1.982820e+01 -4.000000e+00 0.000000e+00
    endloop
  endfacet
  facet normal 0.000000e+00 0.000000e+00 1.000000e+00
    outer loop
      vertex   2.555041e+01 -3.232819e+00 0.000000e+00
      vertex   1.982820e+01 -4.000000e+00 0.000000e+00
      vertex   2.631978e+01 -4.087297e+00 0.000000e+00
    endloop
  endfacet
  facet normal 0.000000e+00 0.000000e+00 1.000000e+00
    outer loop
      vertex   2.631978e+01 -4.087297e+00 0.000000e+00
      vertex   1.982820e+01 -4.000000e+00 0.000000e+00
      vertex   1.902836e+01 -5.142301e+00 0.000000e+00
    endloop
  endfacet
  facet normal 0.000000e+00 0.000000e+00 1.000000e+00
    outer loop
      vertex   2.631978e+01 -4.087297e+00 0.000000e+00
      vertex   1.902836e+01 -5.142301e+00 0.000000e+00
      vertex   2.725000e+01 -4.763140e+00 0.000000e+00
    endloop
  endfacet
  facet normal 0.000000e+00 0.000000e+00 1.000000e+00
    outer loop
      vertex   2.725000e+01 -4.763140e+00 0.000000e+00
      vertex   1.902836e+01 -5.142301e+00 0.000000e+00
      vertex   1.804230e+01 -6.128356e+00 0.000000e+00
    endloop
  endfacet
  facet normal 0.000000e+00 0.000000e+00 1.000000e+00
    outer loop
      vertex   2.725000e+01 -4.763140e+00 0.000000e+00
      vertex   1.804230e+01 -6.128356e+00 0.000000e+00
      vertex   2.830041e+01 -5.230811e+00 0.000000e+00
    endloop
  endfacet
  facet normal 0.000000e+00 0.000000e+00 1.000000e+00
    outer loop
      vertex   2.830041e+01 -5.230811e+00 0.000000e+00
      vertex   1.804230e+01 -6.128356e+00 0.000000e+00
      vertex   1.690000e+01 -6.928203e+00 0.000000e+00
    endloop
  endfacet
  facet normal 0.000000e+00 0.000000e+00 1.000000e+00
    outer loop
      vertex   2.830041e+01 -5.230811e+00 0.000000e+00
      vertex   1.690000e+01 -6.928203e+00 0.000000e+00
      vertex   3.830222e+01 -3.213938e+01 0.000000e+00
    endloop
  endfacet
  facet normal 0.000000e+00 0.000000e+00 1.000000e+00
    outer loop
      vertex   3.830222e+01 -3.213938e+01 0.000000e+00
      vertex   1.690000e+01 -6.928203e+00 0.000000e+00
      vertex   3.596699e+01 -3.473292e+01 0.000000e+00
    endloop
  endfacet
  facet normal 0.000000e+00 0.000000e+00 1.000000e+00
    outer loop
      vertex   3.596699e+01 -3.473292e+01 0.000000e+00
      vertex   1.690000e+01 -6.928203e+00 0.000000e+00
      vertex   1.563616e+01 -7.517541e+00 0.000000e+00
    endloop
  endfacet
  facet normal 0.000000e+00 0.000000e+00 1.000000e+00
    outer loop
      vertex   3.596699e+01 -3.473292e+01 0.000000e+00
      vertex   1.563616e+01 -7.517541e+00 0.000000e+00
      vertex   3.345653e+01 -3.715724e+01 0.000000e+00
    endloop
  endfacet
  facet normal 0.000000e+00 0.000000e+00 1.000000e+00
    outer loop
      vertex   3.345653e+01 -3.715724e+01 0.000000e+00
      vertex   1.563616e+01 -7.517541e+00 0.000000e+00
      vertex   3.078307e+01 -3.940054e+01 0.000000e+00
    endloop
  endfacet
  facet normal 0.000000e+00 0.000000e+00 1.000000e+00
    outer loop
      vertex   3.078307e+01 -3.940054e+01 0.000000e+00
      vertex   1.563616e+01 -7.517541e+00 0.000000e+00
      vertex   1.428919e+01 -7.878462e+00 0.000000e+00
    endloop
  endfacet
  facet normal 0.000000e+00 0.000000e+00 1.000000e+00
    outer loop
      vertex   3.078307e+01 -3.940054e+01 0.000000e+00
      vertex   1.428919e+01 -7.878462e+00 0.000000e+00
      vertex   2.795965e+01 -4.145188e+01 0.000000e+00
    endloop
  endfacet
  facet normal 0.000000e+00 0.000000e+00 1.000000e+00
    outer loop
      vertex   2.795965e+01 -4.145188e+01 0.000000e+00
      vertex   1.428919e+01 -7.878462e+00 0.000000e+00
      vertex   2.500000e+01 -4.330127e+01 0.000000e+00
    endloop
  endfacet
  facet normal 0.000000e+00 0.000000e+00 1.000000e+00
    outer loop
      vertex   2.500000e+01 -4.330127e+01 0.000000e+00
      vertex   1.428919e+01 -7.878462e+00 0.000000e+00
      vertex   1.290000e+01 -8.000000e+00 0.000000e+00
    endloop
  endfacet
  facet normal 0.000000e+00 0.000000e+00 1.000000e+00
    outer loop
      vertex   2.500000e+01 -4.330127e+01 0.000000e+00
      vertex   1.290000e+01 -8.000000e+00 0.000000e+00
      vertex   2.191856e+01 -4.493970e+01 0.000000e+00
    endloop
  endfacet
  facet normal 0.000000e+00 0.000000e+00 1.000000e+00
    outer loop
      vertex   2.191856e+01 -4.493970e+01 0.000000e+00
      vertex   1.290000e+01 -8.000000e+00 0.000000e+00
      vertex   1.873033e+01 -4.635919e+01 0.000000e+00
    endloop
  endfacet
  facet normal 0.000000e+00 0.000000e+00 1.000000e+00
    outer loop
      vertex   1.873033e+01 -4.635919e+01 0.000000e+00
      vertex   1.290000e+01 -8.000000e+00 0.000000e+00
      vertex   1.151081e+01 -7.878462e+00 0.000000e+00
    endloop
  endfacet
  facet normal 0.000000e+00 0.000000e+00 1.000000e+00
    outer loop
      vertex   1.873033e+01 -4.635919e+01 0.000000e+00
      vertex   1.151081e+01 -7.878462e+00 0.000000e+00
      vertex   1.545085e+01 -4.755283e+01 0.000000e+00
    endloop
  endfacet
  facet normal 0.000000e+00 0.000000e+00 1.000000e+00
    outer loop
      vertex   1.545085e+01 -4.755283e+01 0.000000e+00
      vertex   1.151081e+01 -7.878462e+00 0.000000e+00
      vertex   1.209609e+01 -4.851479e+01 0.000000e+00
    endloop
  endfacet
  facet normal 0.000000e+00 0.000000e+00 1.000000e+00
    outer loop
      vertex   1.209609e+01 -4.851479e+01 0.000000e+00
      vertex   1.151081e+01 -7.878462e+00 0.000000e+00
      vertex   8.682409e+00 -4.924039e+01 0.000000e+00
    endloop
  endfacet
  facet normal 0.000000e+00 0.000000e+00 1.000000e+00
    outer loop
      vertex   8.682409e+00 -4.924039e+01 0.000000e+00
      vertex   1.151081e+01 -7.878462e+00 0.000000e+00
      vertex   1.016384e+01 -7.517541e+00 0.000000e+00
    endloop
  endfacet
  facet normal 0.000000e+00 -0.000000e+00 1.000000e+00
    outer loop
      vertex   8.682409e+00 -4.924039e+01 0.000000e+00
      vertex   1.016384e+01 -7.517541e+00 0.000000e+00
      vertex   5.226423e+00 -4.972609e+01 0.000000e+00
    endloop
  endfacet
  facet normal 0.000000e+00 -0.000000e+00 1.000000e+00
    outer loop
      vertex   5.226423e+00 -4.972609e+01 0.000000e+00
      vertex   1.016384e+01 -7.517541e+00 0.000000e+00
      vertex   1.744975e+00 -4.996954e+01 0.000000e+00
    endloop
  endfacet
  facet normal 0.000000e+00 0.000000e+00 1.000000e+00
    outer loop
      vertex   1.744975e+00 -4.996954e+01 0.000000e+00
      vertex   1.016384e+01 -7.517541e+00 0.000000e+00
      vertex   8.900000e+00 -6.928203e+00 0.000000e+00
    endloop
  endfacet
  facet normal 0.000000e+00 0.000000e+00 1.000000e+00
    outer loop
      vertex   -2.077846e+01 1.389185e+00 0.000000e+00
      vertex   -2.462019e+01 1.143514e+00 0.000000e+00
      vertex   -2.090000e+01 -2.204364e-15 0.000000e+00
    endloop
  endfacet
  facet normal 0.000000e+00 0.000000e+00 1.000000e+00
    outer loop
      vertex   -2.090000e+01 -2.204364e-15 0.000000e+00
      vertex   -2.462019e+01 1.143514e+00 0.000000e+00
      vertex   -2.450000e+01 0.000000e+00 0.000000e+00
    endloop
  endfacet
  facet normal 0.000000e+00 0.000000e+00 1.000000e+00
    outer loop
      vertex   -2.090000e+01 -2.204364e-15 0.000000e+00
      vertex   -2.450000e+01 0.000000e+00 0.000000e+00
      vertex   -2.462019e+01 -1.143514e+00 0.000000e+00
    endloop
  endfacet
  facet normal 0.000000e+00 -0.000000e+00 1.000000e+00
    outer loop
      vertex   -2.462019e+01 1.143514e+00 0.000000e+00
      vertex   -2.077846e+01 1.389185e+00 0.000000e+00
      vertex   -2.497550e+01 2.237052e+00 0.000000e+00
    endloop
  endfacet
  facet normal -0.000000e+00 0.000000e+00 1.000000e+00
    outer loop
      vertex   -2.497550e+01 2.237052e+00 0.000000e+00
      vertex   -2.077846e+01 1.389185e+00 0.000000e+00
      vertex   -2.041754e+01 2.736161e+00 0.000000e+00
    endloop
  endfacet
  facet normal 0.000000e+00 -0.000000e+00 1.000000e+00
    outer loop
      vertex   -2.497550e+01 2.237052e+00 0.000000e+00
      vertex   -2.041754e+01 2.736161e+00 0.000000e+00
      vertex   -2.555041e+01 3.232819e+00 0.000000e+00
    endloop
  endfacet
  facet normal -0.000000e+00 0.000000e+00 1.000000e+00
    outer loop
      vertex   -2.555041e+01 3.232819e+00 0.000000e+00
      vertex   -2.041754e+01 2.736161e+00 0.000000e+00
      vertex   -1.982820e+01 4.000000e+00 0.000000e+00
    endloop
  endfacet
  facet normal 0.000000e+00 -0.000000e+00 1.000000e+00
    outer loop
      vertex   -2.555041e+01 3.232819e+00 0.000000e+00
      vertex   -1.982820e+01 4.000000e+00 0.000000e+00
      vertex   -2.631978e+01 4.087297e+00 0.000000e+00
    endloop
  endfacet
  facet normal -0.000000e+00 0.000000e+00 1.000000e+00
    outer loop
      vertex   -2.631978e+01 4.087297e+00 0.000000e+00
      vertex   -1.982820e+01 4.000000e+00 0.000000e+00
      vertex   -1.902836e+01 5.142301e+00 0.000000e+00
    endloop
  endfacet
  facet normal 0.000000e+00 -0.000000e+00 1.000000e+00
    outer loop
      vertex   -2.631978e+01 4.087297e+00 0.000000e+00
      vertex   -1.902836e+01 5.142301e+00 0.000000e+00
      vertex   -2.725000e+01 4.763140e+00 0.000000e+00
    endloop
  endfacet
  facet normal 0.000000e+00 0.000000e+00 1.000000e+00
    outer loop
      vertex   -2.725000e+01 4.763140e+00 0.000000e+00
      vertex   -1.902836e+01 5.142301e+00 0.000000e+00
      vertex   -1.804230e+01 6.128356e+00 0.000000e+00
    endloop
  endfacet
  facet normal 0.000000e+00 -0.000000e+00 1.000000e+00
    outer loop
      vertex   -2.725000e+01 4.763140e+00 0.000000e+00
      vertex   -1.804230e+01 6.128356e+00 0.000000e+00
      vertex   -2.830041e+01 5.230811e+00 0.000000e+00
    endloop
  endfacet
  facet normal 0.000000e+00 0.000000e+00 1.000000e+00
    outer loop
      vertex   -2.830041e+01 5.230811e+00 0.000000e+00
      vertex   -1.804230e+01 6.128356e+00 0.000000e+00
      vertex   -1.690000e+01 6.928203e+00 0.000000e+00
    endloop
  endfacet
  facet normal 0.000000e+00 -0.000000e+00 1.000000e+00
    outer loop
      vertex   -2.830041e+01 5.230811e+00 0.000000e+00
      vertex   -1.690000e+01 6.928203e+00 0.000000e+00
      vertex   -3.830222e+01 3.213938e+01 0.000000e+00
    endloop
  endfacet
  facet normal -0.000000e+00 0.000000e+00 1.000000e+00
    outer loop
      vertex   -3.830222e+01 3.213938e+01 0.000000e+00
      vertex   -1.690000e+01 6.928203e+00 0.000000e+00
      vertex   -3.596699e+01 3.473292e+01 0.000000e+00
    endloop
  endfacet
  facet normal 0.000000e+00 0.000000e+00 1.000000e+00
    outer loop
      vertex   -3.596699e+01 3.473292e+01 0.000000e+00
      vertex   -1.690000e+01 6.928203e+00 0.000000e+00
      vertex   -1.563616e+01 7.517541e+00 0.000000e+00
    endloop
  endfacet
  facet normal -0.000000e+00 0.000000e+00 1.000000e+00
    outer loop
      vertex   -3.596699e+01 3.473292e+01 0.000000e+00
      vertex   -1.563616e+01 7.517541e+00 0.000000e+00
      vertex   -3.345653e+01 3.715724e+01 0.000000e+00
    endloop
  endfacet
  facet normal -0.000000e+00 0.000000e+00 1.000000e+00
    outer loop
      vertex   -3.345653e+01 3.715724e+01 0.000000e+00
      vertex   -1.563616e+01 7.517541e+00 0.000000e+00
      vertex   -3.078307e+01 3.940054e+01 0.000000e+00
    endloop
  endfacet
  facet normal 0.000000e+00 0.000000e+00 1.000000e+00
    outer loop
      vertex   -3.078307e+01 3.940054e+01 0.000000e+00
      vertex   -1.563616e+01 7.517541e+00 0.000000e+00
      vertex   -1.428919e+01 7.878462e+00 0.000000e+00
    endloop
  endfacet
  facet normal -0.000000e+00 0.000000e+00 1.000000e+00
    outer loop
      vertex   -3.078307e+01 3.940054e+01 0.000000e+00
      vertex   -1.428919e+01 7.878462e+00 0.000000e+00
      vertex   -2.795965e+01 4.145188e+01 0.000000e+00
    endloop
  endfacet
  facet normal -0.000000e+00 0.000000e+00 1.000000e+00
    outer loop
      vertex   -2.795965e+01 4.145188e+01 0.000000e+00
      vertex   -1.428919e+01 7.878462e+00 0.000000e+00
      vertex   -2.500000e+01 4.330127e+01 0.000000e+00
    endloop
  endfacet
  facet normal 0.000000e+00 0.000000e+00 1.000000e+00
    outer loop
      vertex   -2.500000e+01 4.330127e+01 0.000000e+00
      vertex   -1.428919e+01 7.878462e+00 0.000000e+00
      vertex   -1.290000e+01 8.000000e+00 0.000000e+00
    endloop
  endfacet
  facet normal -0.000000e+00 0.000000e+00 1.000000e+00
    outer loop
      vertex   -2.500000e+01 4.330127e+01 0.000000e+00
      vertex   -1.290000e+01 8.000000e+00 0.000000e+00
      vertex   -2.191856e+01 4.493970e+01 0.000000e+00
    endloop
  endfacet
  facet normal -0.000000e+00 0.000000e+00 1.000000e+00
    outer loop
      vertex   -2.191856e+01 4.493970e+01 0.000000e+00
      vertex   -1.290000e+01 8.000000e+00 0.000000e+00
      vertex   -1.873033e+01 4.635919e+01 0.000000e+00
    endloop
  endfacet
  facet normal 0.000000e+00 0.000000e+00 1.000000e+00
    outer loop
      vertex   -1.873033e+01 4.635919e+01 0.000000e+00
      vertex   -1.290000e+01 8.000000e+00 0.000000e+00
      vertex   -1.151081e+01 7.878462e+00 0.000000e+00
    endloop
  endfacet
  facet normal -0.000000e+00 0.000000e+00 1.000000e+00
    outer loop
      vertex   -1.873033e+01 4.635919e+01 0.000000e+00
      vertex   -1.151081e+01 7.878462e+00 0.000000e+00
      vertex   -1.545085e+01 4.755283e+01 0.000000e+00
    endloop
  endfacet
  facet normal -0.000000e+00 0.000000e+00 1.000000e+00
    outer loop
      vertex   -1.545085e+01 4.755283e+01 0.000000e+00
      vertex   -1.151081e+01 7.878462e+00 0.000000e+00
      vertex   -1.209609e+01 4.851479e+01 0.000000e+00
    endloop
  endfacet
  facet normal -0.000000e+00 0.000000e+00 1.000000e+00
    outer loop
      vertex   -1.209609e+01 4.851479e+01 0.000000e+00
      vertex   -1.151081e+01 7.878462e+00 0.000000e+00
      vertex   -8.682409e+00 4.924039e+01 0.000000e+00
    endloop
  endfacet
  facet normal 0.000000e+00 0.000000e+00 1.000000e+00
    outer loop
      vertex   -8.682409e+00 4.924039e+01 0.000000e+00
      vertex   -1.151081e+01 7.878462e+00 0.000000e+00
      vertex   -1.016384e+01 7.517541e+00 0.000000e+00
    endloop
  endfacet
  facet normal -0.000000e+00 0.000000e+00 1.000000e+00
    outer loop
      vertex   -8.682409e+00 4.924039e+01 0.000000e+00
      vertex   -1.016384e+01 7.517541e+00 0.000000e+00
      vertex   -5.226423e+00 4.972609e+01 0.000000e+00
    endloop
  endfacet
  facet normal -0.000000e+00 0.000000e+00 1.000000e+00
    outer loop
      vertex   -5.226423e+00 4.972609e+01 0.000000e+00
      vertex   -1.016384e+01 7.517541e+00 0.000000e+00
      vertex   -1.744975e+00 4.996954e+01 0.000000e+00
    endloop
  endfacet
  facet normal 0.000000e+00 0.000000e+00 1.000000e+00
    outer loop
      vertex   -1.744975e+00 4.996954e+01 0.000000e+00
      vertex   -1.016384e+01 7.517541e+00 0.000000e+00
      vertex   -8.900000e+00 6.928203e+00 0.000000e+00
    endloop
  endfacet
  facet normal 0.000000e+00 0.000000e+00 1.000000e+00
    outer loop
      vertex   -1.690000e+01 -6.928203e+00 0.000000e+00
      vertex   -1.804230e+01 -6.128356e+00 0.000000e+00
      vertex   -2.830041e+01 -5.230811e+00 0.000000e+00
    endloop
  endfacet
  facet normal -0.000000e+00 0.000000e+00 1.000000e+00
    outer loop
      vertex   -2.830041e+01 -5.230811e+00 0.000000e+00
      vertex   -1.804230e+01 -6.128356e+00 0.000000e+00
      vertex   -2.725000e+01 -4.763140e+00 0.000000e+00
    endloop
  endfacet
  facet normal 0.000000e+00 0.000000e+00 1.000000e+00
    outer loop
      vertex   -2.725000e+01 -4.763140e+00 0.000000e+00
      vertex   -1.804230e+01 -6.128356e+00 0.000000e+00
      vertex   -1.902836e+01 -5.142301e+00 0.000000e+00
    endloop
  endfacet
  facet normal -0.000000e+00 0.000000e+00 1.000000e+00
    outer loop
      vertex   -2.725000e+01 -4.763140e+00 0.000000e+00
      vertex   -1.902836e+01 -5.142301e+00 0.000000e+00
      vertex   -2.631978e+01 -4.087297e+00 0.000000e+00
    endloop
  endfacet
  facet normal -0.000000e+00 0.000000e+00 1.000000e+00
    outer loop
      vertex   -2.631978e+01 -4.087297e+00 0.000000e+00
      vertex   -1.902836e+01 -5.142301e+00 0.000000e+00
      vertex   -1.982820e+01 -4.000000e+00 0.000000e+00
    endloop
  endfacet
  facet normal 0.000000e+00 0.000000e+00 1.000000e+00
    outer loop
      vertex   -2.631978e+01 -4.087297e+00 0.000000e+00
      vertex   -1.982820e+01 -4.000000e+00 0.000000e+00
      vertex   -2.555041e+01 -3.232819e+00 0.000000e+00
    endloop
  endfacet
  facet normal -0.000000e+00 0.000000e+00 1.000000e+00
    outer loop
      vertex   -2.555041e+01 -3.232819e+00 0.000000e+00
      vertex   -1.982820e+01 -4.000000e+00 0.000000e+00
      vertex   -2.041754e+01 -2.736161e+00 0.000000e+00
    endloop
  endfacet
  facet normal 0.000000e+00 0.000000e+00 1.000000e+00
    outer loop
      vertex   -2.555041e+01 -3.232819e+00 0.000000e+00
      vertex   -2.041754e+01 -2.736161e+00 0.000000e+00
      vertex   -2.497550e+01 -2.237052e+00 0.000000e+00
    endloop
  endfacet
  facet normal -0.000000e+00 0.000000e+00 1.000000e+00
    outer loop
      vertex   -2.497550e+01 -2.237052e+00 0.000000e+00
      vertex   -2.041754e+01 -2.736161e+00 0.000000e+00
      vertex   -2.077846e+01 -1.389185e+00 0.000000e+00
    endloop
  endfacet
  facet normal 0.000000e+00 0.000000e+00 1.000000e+00
    outer loop
      vertex   -2.497550e+01 -2.237052e+00 0.000000e+00
      vertex   -2.077846e+01 -1.389185e+00 0.000000e+00
      vertex   -2.462019e+01 -1.143514e+00 0.000000e+00
    endloop
  endfacet
  facet normal -0.000000e+00 0.000000e+00 1.000000e+00
    outer loop
      vertex   -2.462019e+01 -1.143514e+00 0.000000e+00
      vertex   -2.077846e+01 -1.389185e+00 0.000000e+00
      vertex   -2.090000e+01 -2.204364e-15 0.000000e+00
    endloop
  endfacet
  facet normal 0.000000e+00 0.000000e+00 1.000000e+00
    outer loop
      vertex   -3.537981e+01 -1.143514e+00 0.000000e+00
      vertex   -3.550000e+01 -6.735557e-16 0.000000e+00
      vertex   -5.000000e+01 -6.123234e-15 0.000000e+00
    endloop
  endfacet
  facet normal 0.000000e+00 0.000000e+00 1.000000e+00
    outer loop
      vertex   -5.000000e+01 -6.123234e-15 0.000000e+00
      vertex   -3.550000e+01 -6.735557e-16 0.000000e+00
      vertex   -3.537981e+01 1.143514e+00 0.000000e+00
    endloop
  endfacet
  facet normal 0.000000e+00 0.000000e+00 1.000000e+00
    outer loop
      vertex   -5.000000e+01 -6.123234e-15 0.000000e+00
      vertex   -3.537981e+01 1.143514e+00 0.000000e+00
      vertex   -4.987820e+01 3.487824e+00 0.000000e+00
    endloop
  endfacet
  facet normal 0.000000e+00 0.000000e+00 1.000000e+00
    outer loop
      vertex   -4.987820e+01 3.487824e+00 0.000000e+00
      vertex   -3.537981e+01 1.143514e+00 0.000000e+00
      vertex   -3.502450e+01 2.237052e+00 0.000000e+00
    endloop
  endfacet
  facet normal -0.000000e+00 0.000000e+00 1.000000e+00
    outer loop
      vertex   -4.987820e+01 3.487824e+00 0.000000e+00
      vertex   -3.502450e+01 2.237052e+00 0.000000e+00
      vertex   -4.951340e+01 6.958655e+00 0.000000e+00
    endloop
  endfacet
  facet normal 0.000000e+00 0.000000e+00 1.000000e+00
    outer loop
      vertex   -4.951340e+01 6.958655e+00 0.000000e+00
      vertex   -3.502450e+01 2.237052e+00 0.000000e+00
      vertex   -3.444959e+01 3.232819e+00 0.000000e+00
    endloop
  endfacet
  facet normal -0.000000e+00 0.000000e+00 1.000000e+00
    outer loop
      vertex   -4.951340e+01 6.958655e+00 0.000000e+00
      vertex   -3.444959e+01 3.232819e+00 0.000000e+00
      vertex   -4.890738e+01 1.039558e+01 0.000000e+00
    endloop
  endfacet
  facet normal 0.000000e+00 0.000000e+00 1.000000e+00
    outer loop
      vertex   -4.890738e+01 1.039558e+01 0.000000e+00
      vertex   -3.444959e+01 3.232819e+00 0.000000e+00
      vertex   -3.368022e+01 4.087297e+00 0.000000e+00
    endloop
  endfacet
  facet normal -0.000000e+00 0.000000e+00 1.000000e+00
    outer loop
      vertex   -4.890738e+01 1.039558e+01 0.000000e+00
      vertex   -3.368022e+01 4.087297e+00 0.000000e+00
      vertex   -4.806308e+01 1.378187e+01 0.000000e+00
    endloop
  endfacet
  facet normal 0.000000e+00 0.000000e+00 1.000000e+00
    outer loop
      vertex   -4.806308e+01 1.378187e+01 0.000000e+00
      vertex   -3.368022e+01 4.087297e+00 0.000000e+00
      vertex   -3.275000e+01 4.763140e+00 0.000000e+00
    endloop
  endfacet
  facet normal -0.000000e+00 0.000000e+00 1.000000e+00
    outer loop
      vertex   -4.806308e+01 1.378187e+01 0.000000e+00
      vertex   -3.275000e+01 4.763140e+00 0.000000e+00
      vertex   -4.698463e+01 1.710101e+01 0.000000e+00
    endloop
  endfacet
  facet normal 0.000000e+00 0.000000e+00 1.000000e+00
    outer loop
      vertex   -4.698463e+01 1.710101e+01 0.000000e+00
      vertex   -3.275000e+01 4.763140e+00 0.000000e+00
      vertex   -3.169959e+01 5.230811e+00 0.000000e+00
    endloop
  endfacet
  facet normal -0.000000e+00 0.000000e+00 1.000000e+00
    outer loop
      vertex   -4.698463e+01 1.710101e+01 0.000000e+00
      vertex   -3.169959e+01 5.230811e+00 0.000000e+00
      vertex   -4.567727e+01 2.033683e+01 0.000000e+00
    endloop
  endfacet
  facet normal -0.000000e+00 0.000000e+00 1.000000e+00
    outer loop
      vertex   -4.567727e+01 2.033683e+01 0.000000e+00
      vertex   -3.169959e+01 5.230811e+00 0.000000e+00
      vertex   -4.414738e+01 2.347358e+01 0.000000e+00
    endloop
  endfacet
  facet normal 0.000000e+00 0.000000e+00 1.000000e+00
    outer loop
      vertex   -4.414738e+01 2.347358e+01 0.000000e+00
      vertex   -3.169959e+01 5.230811e+00 0.000000e+00
      vertex   -3.057491e+01 5.469870e+00 0.000000e+00
    endloop
  endfacet
  facet normal -0.000000e+00 0.000000e+00 1.000000e+00
    outer loop
      vertex   -4.414738e+01 2.347358e+01 0.000000e+00
      vertex   -3.057491e+01 5.469870e+00 0.000000e+00
      vertex   -4.240240e+01 2.649596e+01 0.000000e+00
    endloop
  endfacet
  facet normal 0.000000e+00 0.000000e+00 1.000000e+00
    outer loop
      vertex   -4.240240e+01 2.649596e+01 0.000000e+00
      vertex   -3.057491e+01 5.469870e+00 0.000000e+00
      vertex   -2.942509e+01 5.469870e+00 0.000000e+00
    endloop
  endfacet
  facet normal -0.000000e+00 0.000000e+00 1.000000e+00
    outer loop
      vertex   -4.240240e+01 2.649596e+01 0.000000e+00
      vertex   -2.942509e+01 5.469870e+00 0.000000e+00
      vertex   -4.045085e+01 2.938926e+01 0.000000e+00
    endloop
  endfacet
  facet normal -0.000000e+00 0.000000e+00 1.000000e+00
    outer loop
      vertex   -4.045085e+01 2.938926e+01 0.000000e+00
      vertex   -2.942509e+01 5.469870e+00 0.000000e+00
      vertex   -3.830222e+01 3.213938e+01 0.000000e+00
    endloop
  endfacet
  facet normal 0.000000e+00 0.000000e+00 1.000000e+00
    outer loop
      vertex   -3.830222e+01 3.213938e+01 0.000000e+00
      vertex   -2.942509e+01 5.469870e+00 0.000000e+00
      vertex   -2.830041e+01 5.230811e+00 0.000000e+00
    endloop
  endfacet
  facet normal -0.000000e+00 0.000000e+00 1.000000e+00
    outer loop
      vertex   -3.057491e+01 -5.469870e+00 0.000000e+00
      vertex   -4.240240e+01 -2.649596e+01 0.000000e+00
      vertex   -2.942509e+01 -5.469870e+00 0.000000e+00
    endloop
  endfacet
  facet normal 0.000000e+00 0.000000e+00 1.000000e+00
    outer loop
      vertex   -2.942509e+01 -5.469870e+00 0.000000e+00
      vertex   -4.240240e+01 -2.649596e+01 0.000000e+00
      vertex   -4.045085e+01 -2.938926e+01 0.000000e+00
    endloop
  endfacet
  facet normal 0.000000e+00 0.000000e+00 1.000000e+00
    outer loop
      vertex   -2.942509e+01 -5.469870e+00 0.000000e+00
      vertex   -4.045085e+01 -2.938926e+01 0.000000e+00
      vertex   -3.830222e+01 -3.213938e+01 0.000000e+00
    endloop
  endfacet
  facet normal 0.000000e+00 -0.000000e+00 1.000000e+00
    outer loop
      vertex   -4.240240e+01 -2.649596e+01 0.000000e+00
      vertex   -3.057491e+01 -5.469870e+00 0.000000e+00
      vertex   -4.414738e+01 -2.347358e+01 0.000000e+00
    endloop
  endfacet
  facet normal 0.000000e+00 0.000000e+00 1.000000e+00
    outer loop
      vertex   -4.414738e+01 -2.347358e+01 0.000000e+00
      vertex   -3.057491e+01 -5.469870e+00 0.000000e+00
      vertex   -3.169959e+01 -5.230811e+00 0.000000e+00
    endloop
  endfacet
  facet normal 0.000000e+00 -0.000000e+00 1.000000e+00
    outer loop
      vertex   -4.414738e+01 -2.347358e+01 0.000000e+00
      vertex   -3.169959e+01 -5.230811e+00 0.000000e+00
      vertex   -4.567727e+01 -2.033683e+01 0.000000e+00
    endloop
  endfacet
  facet normal 0.000000e+00 -0.000000e+00 1.000000e+00
    outer loop
      vertex   -4.567727e+01 -2.033683e+01 0.000000e+00
      vertex   -3.169959e+01 -5.230811e+00 0.000000e+00
      vertex   -4.698463e+01 -1.710101e+01 0.000000e+00
    endloop
  endfacet
  facet normal 0.000000e+00 0.000000e+00 1.000000e+00
    outer loop
      vertex   -4.698463e+01 -1.710101e+01 0.000000e+00
      vertex   -3.169959e+01 -5.230811e+00 0.000000e+00
      vertex   -3.275000e+01 -4.763140e+00 0.000000e+00
    endloop
  endfacet
  facet normal 0.000000e+00 -0.000000e+00 1.000000e+00
    outer loop
      vertex   -4.698463e+01 -1.710101e+01 0.000000e+00
      vertex   -3.275000e+01 -4.763140e+00 0.000000e+00
      vertex   -4.806308e+01 -1.378187e+01 0.000000e+00
    endloop
  endfacet
  facet normal 0.000000e+00 0.000000e+00 1.000000e+00
    outer loop
      vertex   -4.806308e+01 -1.378187e+01 0.000000e+00
      vertex   -3.275000e+01 -4.763140e+00 0.000000e+00
      vertex   -3.368022e+01 -4.087297e+00 0.000000e+00
    endloop
  endfacet
  facet normal 0.000000e+00 -0.000000e+00 1.000000e+00
    outer loop
      vertex   -4.806308e+01 -1.378187e+01 0.000000e+00
      vertex   -3.368022e+01 -4.087297e+00 0.000000e+00
      vertex   -4.890738e+01 -1.039558e+01 0.000000e+00
    endloop
  endfacet
  facet normal 0.000000e+00 0.000000e+00 1.000000e+00
    outer loop
      vertex   -4.890738e+01 -1.039558e+01 0.000000e+00
      vertex   -3.368022e+01 -4.087297e+00 0.000000e+00
      vertex   -3.444959e+01 -3.232819e+00 0.000000e+00
    endloop
  endfacet
  facet normal 0.000000e+00 -0.000000e+00 1.000000e+00
    outer loop
      vertex   -4.890738e+01 -1.039558e+01 0.000000e+00
      vertex   -3.444959e+01 -3.232819e+00 0.000000e+00
      vertex   -4.951340e+01 -6.958655e+00 0.000000e+00
    endloop
  endfacet
  facet normal 0.000000e+00 0.000000e+00 1.000000e+00
    outer loop
      vertex   -4.951340e+01 -6.958655e+00 0.000000e+00
      vertex   -3.444959e+01 -3.232819e+00 0.000000e+00
      vertex   -3.502450e+01 -2.237052e+00 0.000000e+00
    endloop
  endfacet
  facet normal 0.000000e+00 -0.000000e+00 1.000000e+00
    outer loop
      vertex   -4.951340e+01 -6.958655e+00 0.000000e+00
      vertex   -3.502450e+01 -2.237052e+00 0.000000e+00
      vertex   -4.987820e+01 -3.487824e+00 0.000000e+00
    endloop
  endfacet
  facet normal 0.000000e+00 0.000000e+00 1.000000e+00
    outer loop
      vertex   -4.987820e+01 -3.487824e+00 0.000000e+00
      vertex   -3.502450e+01 -2.237052e+00 0.000000e+00
      vertex   -3.537981e+01 -1.143514e+00 0.000000e+00
    endloop
  endfacet
  facet normal 0.000000e+00 -0.000000e+00 1.000000e+00
    outer loop
      vertex   -4.987820e+01 -3.487824e+00 0.000000e+00
      vertex   -3.537981e+01 -1.143514e+00 0.000000e+00
      vertex   -5.000000e+01 -6.123234e-15 0.000000e+00
    endloop
  endfacet
  facet normal 0.000000e+00 0.000000e+00 1.000000e+00
    outer loop
      vertex   2.830041e+01 -5.230811e+00 0.000000e+00
      vertex   3.830222e+01 -3.213938e+01 0.000000e+00
      vertex   2.942509e+01 -5.469870e+00 0.000000e+00
    endloop
  endfacet
  facet normal 0.000000e+00 0.000000e+00 1.000000e+00
    outer loop
      vertex   2.942509e+01 -5.469870e+00 0.000000e+00
      vertex   3.830222e+01 -3.213938e+01 0.000000e+00
      vertex   4.045085e+01 -2.938926e+01 0.000000e+00
    endloop
  endfacet
  facet normal 0.000000e+00 0.000000e+00 1.000000e+00
    outer loop
      vertex   2.942509e+01 -5.469870e+00 0.000000e+00
      vertex   4.045085e+01 -2.938926e+01 0.000000e+00
      vertex   4.240240e+01 -2.649596e+01 0.000000e+00
    endloop
  endfacet
  facet normal -0.000000e+00 0.000000e+00 1.000000e+00
    outer loop
      vertex   2.942509e+01 -5.469870e+00 0.000000e+00
      vertex   4.240240e+01 -2.649596e+01 0.000000e+00
      vertex   3.057491e+01 -5.469870e+00 0.000000e+00
    endloop
  endfacet
  facet normal 0.000000e+00 0.000000e+00 1.000000e+00
    outer loop
      vertex   3.057491e+01 -5.469870e+00 0.000000e+00
      vertex   4.240240e+01 -2.649596e+01 0.000000e+00
      vertex   4.414738e+01 -2.347358e+01 0.000000e+00
    endloop
  endfacet
  facet normal -0.000000e+00 0.000000e+00 1.000000e+00
    outer loop
      vertex   3.057491e+01 -5.469870e+00 0.000000e+00
      vertex   4.414738e+01 -2.347358e+01 0.000000e+00
      vertex   3.169959e+01 -5.230811e+00 0.000000e+00
    endloop
  endfacet
  facet normal 0.000000e+00 0.000000e+00 1.000000e+00
    outer loop
      vertex   3.169959e+01 -5.230811e+00 0.000000e+00
      vertex   4.414738e+01 -2.347358e+01 0.000000e+00
      vertex   4.567727e+01 -2.033683e+01 0.000000e+00
    endloop
  endfacet
  facet normal 0.000000e+00 0.000000e+00 1.000000e+00
    outer loop
      vertex   3.169959e+01 -5.230811e+00 0.000000e+00
      vertex   4.567727e+01 -2.033683e+01 0.000000e+00
      vertex   4.698463e+01 -1.710101e+01 0.000000e+00
    endloop
  endfacet
  facet normal -0.000000e+00 0.000000e+00 1.000000e+00
    outer loop
      vertex   3.169959e+01 -5.230811e+00 0.000000e+00
      vertex   4.698463e+01 -1.710101e+01 0.000000e+00
      vertex   3.275000e+01 -4.763140e+00 0.000000e+00
    endloop
  endfacet
  facet normal 0.000000e+00 0.000000e+00 1.000000e+00
    outer loop
      vertex   3.275000e+01 -4.763140e+00 0.000000e+00
      vertex   4.698463e+01 -1.710101e+01 0.000000e+00
      vertex   4.806308e+01 -1.378187e+01 0.000000e+00
    endloop
  endfacet
  facet normal -0.000000e+00 0.000000e+00 1.000000e+00
    outer loop
      vertex   3.275000e+01 -4.763140e+00 0.000000e+00
      vertex   4.806308e+01 -1.378187e+01 0.000000e+00
      vertex   3.368022e+01 -4.087297e+00 0.000000e+00
    endloop
  endfacet
  facet normal 0.000000e+00 0.000000e+00 1.000000e+00
    outer loop
      vertex   3.368022e+01 -4.087297e+00 0.000000e+00
      vertex   4.806308e+01 -1.378187e+01 0.000000e+00
      vertex   4.890738e+01 -1.039558e+01 0.000000e+00
    endloop
  endfacet
  facet normal -0.000000e+00 0.000000e+00 1.000000e+00
    outer loop
      vertex   3.368022e+01 -4.087297e+00 0.000000e+00
      vertex   4.890738e+01 -1.039558e+01 0.000000e+00
      vertex   3.444959e+01 -3.232819e+00 0.000000e+00
    endloop
  endfacet
  facet normal 0.000000e+00 0.000000e+00 1.000000e+00
    outer loop
      vertex   3.444959e+01 -3.232819e+00 0.000000e+00
      vertex   4.890738e+01 -1.039558e+01 0.000000e+00
      vertex   4.951340e+01 -6.958655e+00 0.000000e+00
    endloop
  endfacet
  facet normal -0.000000e+00 0.000000e+00 1.000000e+00
    outer loop
      vertex   3.444959e+01 -3.232819e+00 0.000000e+00
      vertex   4.951340e+01 -6.958655e+00 0.000000e+00
      vertex   3.502450e+01 -2.237052e+00 0.000000e+00
    endloop
  endfacet
  facet normal 0.000000e+00 0.000000e+00 1.000000e+00
    outer loop
      vertex   3.502450e+01 -2.237052e+00 0.000000e+00
      vertex   4.951340e+01 -6.958655e+00 0.000000e+00
      vertex   4.987820e+01 -3.487824e+00 0.000000e+00
    endloop
  endfacet
  facet normal -0.000000e+00 0.000000e+00 1.000000e+00
    outer loop
      vertex   3.502450e+01 -2.237052e+00 0.000000e+00
      vertex   4.987820e+01 -3.487824e+00 0.000000e+00
      vertex   3.537981e+01 -1.143514e+00 0.000000e+00
    endloop
  endfacet
  facet normal -0.000000e+00 0.000000e+00 1.000000e+00
    outer loop
      vertex   3.537981e+01 -1.143514e+00 0.000000e+00
      vertex   4.987820e+01 -3.487824e+00 0.000000e+00
      vertex   5.000000e+01 0.000000e+00 0.000000e+00
    endloop
  endfacet
  facet normal 0.000000e+00 0.000000e+00 1.000000e+00
    outer loop
      vertex   3.537981e+01 -1.143514e+00 0.000000e+00
      vertex   5.000000e+01 0.000000e+00 0.000000e+00
      vertex   3.550000e+01 0.000000e+00 0.000000e+00
    endloop
  endfacet
  facet normal 0.000000e+00 -0.000000e+00 1.000000e+00
    outer loop
      vertex   3.550000e+01 0.000000e+00 0.000000e+00
      vertex   5.000000e+01 0.000000e+00 0.000000e+00
      vertex   3.537981e+01 1.143514e+00 0.000000e+00
    endloop
  endfacet
  facet normal -0.000000e+00 0.000000e+00 1.000000e+00
    outer loop
      vertex   3.537981e+01 1.143514e+00 0.000000e+00
      vertex   5.000000e+01 0.000000e+00 0.000000e+00
      vertex   4.987820e+01 3.487824e+00 0.000000e+00
    endloop
  endfacet
  facet normal 0.000000e+00 -0.000000e+00 1.000000e+00
    outer loop
      vertex   3.537981e+01 1.143514e+00 0.000000e+00
      vertex   4.987820e+01 3.487824e+00 0.000000e+00
      vertex   3.502450e+01 2.237052e+00 0.000000e+00
    endloop
  endfacet
  facet normal 0.000000e+00 0.000000e+00 1.000000e+00
    outer loop
      vertex   3.502450e+01 2.237052e+00 0.000000e+00
      vertex   4.987820e+01 3.487824e+00 0.000000e+00
      vertex   4.951340e+01 6.958655e+00 0.000000e+00
    endloop
  endfacet
  facet normal 0.000000e+00 -0.000000e+00 1.000000e+00
    outer loop
      vertex   3.502450e+01 2.237052e+00 0.000000e+00
      vertex   4.951340e+01 6.958655e+00 0.000000e+00
      vertex   3.444959e+01 3.232819e+00 0.000000e+00
    endloop
  endfacet
  facet normal 0.000000e+00 0.000000e+00 1.000000e+00
    outer loop
      vertex   3.444959e+01 3.232819e+00 0.000000e+00
      vertex   4.951340e+01 6.958655e+00 0.000000e+00
      vertex   4.890738e+01 1.039558e+01 0.000000e+00
    endloop
  endfacet
  facet normal 0.000000e+00 -0.000000e+00 1.000000e+00
    outer loop
      vertex   3.444959e+01 3.232819e+00 0.000000e+00
      vertex   4.890738e+01 1.039558e+01 0.000000e+00
      vertex   3.368022e+01 4.087297e+00 0.000000e+00
    endloop
  endfacet
  facet normal 0.000000e+00 0.000000e+00 1.000000e+00
    outer loop
      vertex   3.368022e+01 4.087297e+00 0.000000e+00
      vertex   4.890738e+01 1.039558e+01 0.000000e+00
      vertex   4.806308e+01 1.378187e+01 0.000000e+00
    endloop
  endfacet
  facet normal 0.000000e+00 -0.000000e+00 1.000000e+00
    outer loop
      vertex   3.368022e+01 4.087297e+00 0.000000e+00
      vertex   4.806308e+01 1.378187e+01 0.000000e+00
      vertex   3.275000e+01 4.763140e+00 0.000000e+00
    endloop
  endfacet
  facet normal 0.000000e+00 0.000000e+00 1.000000e+00
    outer loop
      vertex   3.275000e+01 4.763140e+00 0.000000e+00
      vertex   4.806308e+01 1.378187e+01 0.000000e+00
      vertex   4.698463e+01 1.710101e+01 0.000000e+00
    endloop
  endfacet
  facet normal 0.000000e+00 -0.000000e+00 1.000000e+00
    outer loop
      vertex   3.275000e+01 4.763140e+00 0.000000e+00
      vertex   4.698463e+01 1.710101e+01 0.000000e+00
      vertex   3.169959e+01 5.230811e+00 0.000000e+00
    endloop
  endfacet
  facet normal 0.000000e+00 0.000000e+00 1.000000e+00
    outer loop
      vertex   3.169959e+01 5.230811e+00 0.000000e+00
      vertex   4.698463e+01 1.710101e+01 0.000000e+00
      vertex   4.567727e+01 2.033683e+01 0.000000e+00
    endloop
  endfacet
  facet normal 0.000000e+00 0.000000e+00 1.000000e+00
    outer loop
      vertex   3.169959e+01 5.230811e+00 0.000000e+00
      vertex   4.567727e+01 2.033683e+01 0.000000e+00
      vertex   4.414738e+01 2.347358e+01 0.000000e+00
    endloop
  endfacet
  facet normal 0.000000e+00 -0.000000e+00 1.000000e+00
    outer loop
      vertex   3.169959e+01 5.230811e+00 0.000000e+00
      vertex   4.414738e+01 2.347358e+01 0.000000e+00
      vertex   3.057491e+01 5.469870e+00 0.000000e+00
    endloop
  endfacet
  facet normal 0.000000e+00 0.000000e+00 1.000000e+00
    outer loop
      vertex   3.057491e+01 5.469870e+00 0.000000e+00
      vertex   4.414738e+01 2.347358e+01 0.000000e+00
      vertex   4.240240e+01 2.649596e+01 0.000000e+00
    endloop
  endfacet
  facet normal 0.000000e+00 -0.000000e+00 1.000000e+00
    outer loop
      vertex   3.057491e+01 5.469870e+00 0.000000e+00
      vertex   4.240240e+01 2.649596e+01 0.000000e+00
      vertex   2.942509e+01 5.469870e+00 0.000000e+00
    endloop
  endfacet
  facet normal 0.000000e+00 0.000000e+00 1.000000e+00
    outer loop
      vertex   2.942509e+01 5.469870e+00 0.000000e+00
      vertex   4.240240e+01 2.649596e+01 0.000000e+00
      vertex   4.045085e+01 2.938926e+01 0.000000e+00
    endloop
  endfacet
  facet normal 0.000000e+00 0.000000e+00 1.000000e+00
    outer loop
      vertex   2.942509e+01 5.469870e+00 0.000000e+00
      vertex   4.045085e+01 2.938926e+01 0.000000e+00
      vertex   3.830222e+01 3.213938e+01 0.000000e+00
    endloop
  endfacet
  facet normal 9.914449e-01 -1.305262e-01 -1.159305e-16
    outer loop
      vertex   2.903407e+01 2.588190e-01 -5.000000e+00
      vertex   2.903407e+01 2.588190e-01 -4.500000e+00
      vertex   2.900000e+01 -1.224647e-16 -5.000000e+00
    endloop
  endfacet
  facet normal 9.914449e-01 -1.305262e-01 6.393939e-17
    outer loop
      vertex   2.900000e+01 -1.224647e-16 -5.000000e+00
      vertex   2.903407e+01 2.588190e-01 -4.500000e+00
      vertex   2.900000e+01 1.224647e-16 -4.500000e+00
    endloop
  endfacet
  facet normal 9.914449e-01 1.305262e-01 -6.393939e-17
    outer loop
      vertex   2.900000e+01 -1.224647e-16 -5.000000e+00
      vertex   2.900000e+01 1.224647e-16 -4.500000e+00
      vertex   2.903407e+01 -2.588190e-01 -5.000000e+00
    endloop
  endfacet
  facet normal 9.914449e-01 1.305262e-01 1.159305e-16
    outer loop
      vertex   2.903407e+01 -2.588190e-01 -5.000000e+00
      vertex   2.900000e+01 1.224647e-16 -4.500000e+00
      vertex   2.903407e+01 -2.588190e-01 -4.500000e+00
    endloop
  endfacet
  facet normal 9.238795e-01 3.826834e-01 3.398912e-16
    outer loop
      vertex   2.903407e+01 -2.588190e-01 -5.000000e+00
      vertex   2.903407e+01 -2.588190e-01 -4.500000e+00
      vertex   2.913397e+01 -5.000000e-01 -5.000000e+00
    endloop
  endfacet
  facet normal 9.238795e-01 3.826834e-01 3.398912e-16
    outer loop
      vertex   2.913397e+01 -5.000000e-01 -5.000000e+00
      vertex   2.903407e+01 -2.588190e-01 -4.500000e+00
      vertex   2.913397e+01 -5.000000e-01 -4.500000e+00
    endloop
  endfacet
  facet normal 7.933533e-01 6.087614e-01 5.406888e-16
    outer loop
      vertex   2.913397e+01 -5.000000e-01 -5.000000e+00
      vertex   2.913397e+01 -5.000000e-01 -4.500000e+00
      vertex   2.929289e+01 -7.071068e-01 -5.000000e+00
    endloop
  endfacet
  facet normal 7.933533e-01 6.087614e-01 -0.000000e+00
    outer loop
      vertex   2.929289e+01 -7.071068e-01 -5.000000e+00
      vertex   2.913397e+01 -5.000000e-01 -4.500000e+00
      vertex   2.929289e+01 -7.071068e-01 -4.500000e+00
    endloop
  endfacet
  facet normal 6.087614e-01 7.933533e-01 -0.000000e+00
    outer loop
      vertex   2.929289e+01 -7.071068e-01 -5.000000e+00
      vertex   2.929289e+01 -7.071068e-01 -4.500000e+00
      vertex   2.950000e+01 -8.660254e-01 -5.000000e+00
    endloop
  endfacet
  facet normal 6.087614e-01 7.933533e-01 -3.797031e-15
    outer loop
      vertex   2.950000e+01 -8.660254e-01 -5.000000e+00
      vertex   2.929289e+01 -7.071068e-01 -4.500000e+00
      vertex   2.950000e+01 -8.660254e-01 -4.500000e+00
    endloop
  endfacet
  facet normal 3.826834e-01 9.238795e-01 -2.103702e-15
    outer loop
      vertex   2.950000e+01 -8.660254e-01 -5.000000e+00
      vertex   2.950000e+01 -8.660254e-01 -4.500000e+00
      vertex   2.974118e+01 -9.659258e-01 -5.000000e+00
    endloop
  endfacet
  facet normal 3.826834e-01 9.238795e-01 -0.000000e+00
    outer loop
      vertex   2.974118e+01 -9.659258e-01 -5.000000e+00
      vertex   2.950000e+01 -8.660254e-01 -4.500000e+00
      vertex   2.974118e+01 -9.659258e-01 -4.500000e+00
    endloop
  endfacet
  facet normal 1.305262e-01 9.914449e-01 -0.000000e+00
    outer loop
      vertex   2.974118e+01 -9.659258e-01 -5.000000e+00
      vertex   2.974118e+01 -9.659258e-01 -4.500000e+00
      vertex   3.000000e+01 -1.000000e+00 -5.000000e+00
    endloop
  endfacet
  facet normal 1.305262e-01 9.914449e-01 -0.000000e+00
    outer loop
      vertex   3.000000e+01 -1.000000e+00 -5.000000e+00
      vertex   2.974118e+01 -9.659258e-01 -4.500000e+00
      vertex   3.000000e+01 -1.000000e+00 -4.500000e+00
    endloop
  endfacet
  facet normal -1.305262e-01 9.914449e-01 0.000000e+00
    outer loop
      vertex   3.000000e+01 -1.000000e+00 -5.000000e+00
      vertex   3.000000e+01 -1.000000e+00 -4.500000e+00
      vertex   3.025882e+01 -9.659258e-01 -5.000000e+00
    endloop
  endfacet
  facet normal -1.305262e-01 9.914449e-01 -4.402900e-16
    outer loop
      vertex   3.025882e+01 -9.659258e-01 -5.000000e+00
      vertex   3.000000e+01 -1.000000e+00 -4.500000e+00
      vertex   3.025882e+01 -9.659258e-01 -4.500000e+00
    endloop
  endfacet
  facet normal -3.826834e-01 9.238795e-01 -4.102849e-16
    outer loop
      vertex   3.025882e+01 -9.659258e-01 -5.000000e+00
      vertex   3.025882e+01 -9.659258e-01 -4.500000e+00
      vertex   3.050000e+01 -8.660254e-01 -5.000000e+00
    endloop
  endfacet
  facet normal -3.826834e-01 9.238795e-01 5.027974e-15
    outer loop
      vertex   3.050000e+01 -8.660254e-01 -5.000000e+00
      vertex   3.025882e+01 -9.659258e-01 -4.500000e+00
      vertex   3.050000e+01 -8.660254e-01 -4.500000e+00
    endloop
  endfacet
  facet normal -6.087614e-01 7.933533e-01 8.298701e-15
    outer loop
      vertex   3.050000e+01 -8.660254e-01 -5.000000e+00
      vertex   3.050000e+01 -8.660254e-01 -4.500000e+00
      vertex   3.070711e+01 -7.071068e-01 -5.000000e+00
    endloop
  endfacet
  facet normal -6.087614e-01 7.933533e-01 3.797031e-15
    outer loop
      vertex   3.070711e+01 -7.071068e-01 -5.000000e+00
      vertex   3.050000e+01 -8.660254e-01 -4.500000e+00
      vertex   3.070711e+01 -7.071068e-01 -4.500000e+00
    endloop
  endfacet
  facet normal -7.933533e-01 6.087614e-01 5.231598e-15
    outer loop
      vertex   3.070711e+01 -7.071068e-01 -5.000000e+00
      vertex   3.070711e+01 -7.071068e-01 -4.500000e+00
      vertex   3.086603e+01 -5.000000e-01 -5.000000e+00
    endloop
  endfacet
  facet normal -7.933533e-01 6.087614e-01 -4.055166e-16
    outer loop
      vertex   3.086603e+01 -5.000000e-01 -5.000000e+00
      vertex   3.070711e+01 -7.071068e-01 -4.500000e+00
      vertex   3.086603e+01 -5.000000e-01 -4.500000e+00
    endloop
  endfacet
  facet normal -9.238795e-01 3.826834e-01 -2.549184e-16
    outer loop
      vertex   3.086603e+01 -5.000000e-01 -5.000000e+00
      vertex   3.086603e+01 -5.000000e-01 -4.500000e+00
      vertex   3.096593e+01 -2.588190e-01 -5.000000e+00
    endloop
  endfacet
  facet normal -9.238795e-01 3.826834e-01 6.224668e-15
    outer loop
      vertex   3.096593e+01 -2.588190e-01 -5.000000e+00
      vertex   3.086603e+01 -5.000000e-01 -4.500000e+00
      vertex   3.096593e+01 -2.588190e-01 -4.500000e+00
    endloop
  endfacet
  facet normal -9.914449e-01 1.305262e-01 6.928709e-15
    outer loop
      vertex   3.096593e+01 -2.588190e-01 -5.000000e+00
      vertex   3.096593e+01 -2.588190e-01 -4.500000e+00
      vertex   3.100000e+01 0.000000e+00 -5.000000e+00
    endloop
  endfacet
  facet normal -9.914449e-01 1.305262e-01 0.000000e+00
    outer loop
      vertex   3.100000e+01 0.000000e+00 -5.000000e+00
      vertex   3.096593e+01 -2.588190e-01 -4.500000e+00
      vertex   3.100000e+01 0.000000e+00 -4.500000e+00
    endloop
  endfacet
  facet normal -9.914449e-01 -1.305262e-01 0.000000e+00
    outer loop
      vertex   3.100000e+01 0.000000e+00 -5.000000e+00
      vertex   3.100000e+01 0.000000e+00 -4.500000e+00
      vertex   3.096593e+01 2.588190e-01 -5.000000e+00
    endloop
  endfacet
  facet normal -9.914449e-01 -1.305262e-01 -6.928709e-15
    outer loop
      vertex   3.096593e+01 2.588190e-01 -5.000000e+00
      vertex   3.100000e+01 0.000000e+00 -4.500000e+00
      vertex   3.096593e+01 2.588190e-01 -4.500000e+00
    endloop
  endfacet
  facet normal -9.238795e-01 -3.826834e-01 -6.224668e-15
    outer loop
      vertex   3.096593e+01 2.588190e-01 -5.000000e+00
      vertex   3.096593e+01 2.588190e-01 -4.500000e+00
      vertex   3.086603e+01 5.000000e-01 -5.000000e+00
    endloop
  endfacet
  facet normal -9.238795e-01 -3.826834e-01 2.549184e-16
    outer loop
      vertex   3.086603e+01 5.000000e-01 -5.000000e+00
      vertex   3.096593e+01 2.588190e-01 -4.500000e+00
      vertex   3.086603e+01 5.000000e-01 -4.500000e+00
    endloop
  endfacet
  facet normal -7.933533e-01 -6.087614e-01 4.055166e-16
    outer loop
      vertex   3.086603e+01 5.000000e-01 -5.000000e+00
      vertex   3.086603e+01 5.000000e-01 -4.500000e+00
      vertex   3.070711e+01 7.071068e-01 -5.000000e+00
    endloop
  endfacet
  facet normal -7.933533e-01 -6.087614e-01 -5.231598e-15
    outer loop
      vertex   3.070711e+01 7.071068e-01 -5.000000e+00
      vertex   3.086603e+01 5.000000e-01 -4.500000e+00
      vertex   3.070711e+01 7.071068e-01 -4.500000e+00
    endloop
  endfacet
  facet normal -6.087614e-01 -7.933533e-01 -3.797031e-15
    outer loop
      vertex   3.070711e+01 7.071068e-01 -5.000000e+00
      vertex   3.070711e+01 7.071068e-01 -4.500000e+00
      vertex   3.050000e+01 8.660254e-01 -5.000000e+00
    endloop
  endfacet
  facet normal -6.087614e-01 -7.933533e-01 -8.298701e-15
    outer loop
      vertex   3.050000e+01 8.660254e-01 -5.000000e+00
      vertex   3.070711e+01 7.071068e-01 -4.500000e+00
      vertex   3.050000e+01 8.660254e-01 -4.500000e+00
    endloop
  endfacet
  facet normal -3.826834e-01 -9.238795e-01 -5.027974e-15
    outer loop
      vertex   3.050000e+01 8.660254e-01 -5.000000e+00
      vertex   3.050000e+01 8.660254e-01 -4.500000e+00
      vertex   3.025882e+01 9.659258e-01 -5.000000e+00
    endloop
  endfacet
  facet normal -3.826834e-01 -9.238795e-01 4.102849e-16
    outer loop
      vertex   3.025882e+01 9.659258e-01 -5.000000e+00
      vertex   3.050000e+01 8.660254e-01 -4.500000e+00
      vertex   3.025882e+01 9.659258e-01 -4.500000e+00
    endloop
  endfacet
  facet normal -1.305262e-01 -9.914449e-01 4.402900e-16
    outer loop
      vertex   3.025882e+01 9.659258e-01 -5.000000e+00
      vertex   3.025882e+01 9.659258e-01 -4.500000e+00
      vertex   3.000000e+01 1.000000e+00 -5.000000e+00
    endloop
  endfacet
  facet normal -1.305262e-01 -9.914449e-01 0.000000e+00
    outer loop
      vertex   3.000000e+01 1.000000e+00 -5.000000e+00
      vertex   3.025882e+01 9.659258e-01 -4.500000e+00
      vertex   3.000000e+01 1.000000e+00 -4.500000e+00
    endloop
  endfacet
  facet normal 1.305262e-01 -9.914449e-01 0.000000e+00
    outer loop
      vertex   3.000000e+01 1.000000e+00 -5.000000e+00
      vertex   3.000000e+01 1.000000e+00 -4.500000e+00
      vertex   2.974118e+01 9.659258e-01 -5.000000e+00
    endloop
  endfacet
  facet normal 1.305262e-01 -9.914449e-01 0.000000e+00
    outer loop
      vertex   2.974118e+01 9.659258e-01 -5.000000e+00
      vertex   3.000000e+01 1.000000e+00 -4.500000e+00
      vertex   2.974118e+01 9.659258e-01 -4.500000e+00
    endloop
  endfacet
  facet normal 3.826834e-01 -9.238795e-01 0.000000e+00
    outer loop
      vertex   2.974118e+01 9.659258e-01 -5.000000e+00
      vertex   2.974118e+01 9.659258e-01 -4.500000e+00
      vertex   2.950000e+01 8.660254e-01 -5.000000e+00
    endloop
  endfacet
  facet normal 3.826834e-01 -9.238795e-01 2.103702e-15
    outer loop
      vertex   2.950000e+01 8.660254e-01 -5.000000e+00
      vertex   2.974118e+01 9.659258e-01 -4.500000e+00
      vertex   2.950000e+01 8.660254e-01 -4.500000e+00
    endloop
  endfacet
  facet normal 6.087614e-01 -7.933533e-01 3.797031e-15
    outer loop
      vertex   2.950000e+01 8.660254e-01 -5.000000e+00
      vertex   2.950000e+01 8.660254e-01 -4.500000e+00
      vertex   2.929289e+01 7.071068e-01 -5.000000e+00
    endloop
  endfacet
  facet normal 6.087614e-01 -7.933533e-01 0.000000e+00
    outer loop
      vertex   2.929289e+01 7.071068e-01 -5.000000e+00
      vertex   2.950000e+01 8.660254e-01 -4.500000e+00
      vertex   2.929289e+01 7.071068e-01 -4.500000e+00
    endloop
  endfacet
  facet normal 7.933533e-01 -6.087614e-01 0.000000e+00
    outer loop
      vertex   2.929289e+01 7.071068e-01 -5.000000e+00
      vertex   2.929289e+01 7.071068e-01 -4.500000e+00
      vertex   2.913397e+01 5.000000e-01 -5.000000e+00
    endloop
  endfacet
  facet normal 7.933533e-01 -6.087614e-01 -5.406888e-16
    outer loop
      vertex   2.913397e+01 5.000000e-01 -5.000000e+00
      vertex   2.929289e+01 7.071068e-01 -4.500000e+00
      vertex   2.913397e+01 5.000000e-01 -4.500000e+00
    endloop
  endfacet
  facet normal 9.238795e-01 -3.826834e-01 -3.398912e-16
    outer loop
      vertex   2.913397e+01 5.000000e-01 -5.000000e+00
      vertex   2.913397e+01 5.000000e-01 -4.500000e+00
      vertex   2.903407e+01 2.588190e-01 -5.000000e+00
    endloop
  endfacet
  facet normal 9.238795e-01 -3.826834e-01 -3.398912e-16
    outer loop
      vertex   2.903407e+01 2.588190e-01 -5.000000e+00
      vertex   2.913397e+01 5.000000e-01 -4.500000e+00
      vertex   2.903407e+01 2.588190e-01 -4.500000e+00
    endloop
  endfacet
endsolid
