solid ASCII
  facet normal -0.000000e+00 0.000000e+00 -1.000000e+00
    outer loop
      vertex   2.110111e+01 1.263102e+01 1.000000e+01
      vertex   1.658240e+01 1.239651e+01 1.000000e+01
      vertex   2.105000e+01 1.301925e+01 1.000000e+01
    endloop
  endfacet
  facet normal -0.000000e+00 0.000000e+00 -1.000000e+00
    outer loop
      vertex   2.105000e+01 1.301925e+01 1.000000e+01
      vertex   1.658240e+01 1.239651e+01 1.000000e+01
      vertex   1.655387e+01 1.323458e+01 1.000000e+01
    endloop
  endfacet
  facet normal 0.000000e+00 0.000000e+00 -1.000000e+00
    outer loop
      vertex   2.105000e+01 1.301925e+01 1.000000e+01
      vertex   1.655387e+01 1.323458e+01 1.000000e+01
      vertex   1.664245e+01 1.406844e+01 1.000000e+01
    endloop
  endfacet
  facet normal -0.000000e+00 0.000000e+00 -1.000000e+00
    outer loop
      vertex   2.125096e+01 1.226925e+01 1.000000e+01
      vertex   1.698634e+01 1.077299e+01 1.000000e+01
      vertex   2.110111e+01 1.263102e+01 1.000000e+01
    endloop
  endfacet
  facet normal 0.000000e+00 0.000000e+00 -1.000000e+00
    outer loop
      vertex   2.110111e+01 1.263102e+01 1.000000e+01
      vertex   1.698634e+01 1.077299e+01 1.000000e+01
      vertex   1.672751e+01 1.157060e+01 1.000000e+01
    endloop
  endfacet
  facet normal 0.000000e+00 0.000000e+00 -1.000000e+00
    outer loop
      vertex   2.110111e+01 1.263102e+01 1.000000e+01
      vertex   1.672751e+01 1.157060e+01 1.000000e+01
      vertex   1.658240e+01 1.239651e+01 1.000000e+01
    endloop
  endfacet
  facet normal -0.000000e+00 0.000000e+00 -1.000000e+00
    outer loop
      vertex   2.148934e+01 1.195859e+01 1.000000e+01
      vertex   1.782285e+01 9.324110e+00 1.000000e+01
      vertex   2.125096e+01 1.226925e+01 1.000000e+01
    endloop
  endfacet
  facet normal 0.000000e+00 0.000000e+00 -1.000000e+00
    outer loop
      vertex   2.125096e+01 1.226925e+01 1.000000e+01
      vertex   1.782285e+01 9.324110e+00 1.000000e+01
      vertex   1.735385e+01 1.001925e+01 1.000000e+01
    endloop
  endfacet
  facet normal 0.000000e+00 0.000000e+00 -1.000000e+00
    outer loop
      vertex   2.125096e+01 1.226925e+01 1.000000e+01
      vertex   1.735385e+01 1.001925e+01 1.000000e+01
      vertex   1.698634e+01 1.077299e+01 1.000000e+01
    endloop
  endfacet
  facet normal -0.000000e+00 0.000000e+00 -1.000000e+00
    outer loop
      vertex   2.180000e+01 1.172021e+01 1.000000e+01
      vertex   1.902689e+01 8.162531e+00 1.000000e+01
      vertex   2.148934e+01 1.195859e+01 1.000000e+01
    endloop
  endfacet
  facet normal 0.000000e+00 0.000000e+00 -1.000000e+00
    outer loop
      vertex   2.148934e+01 1.195859e+01 1.000000e+01
      vertex   1.902689e+01 8.162531e+00 1.000000e+01
      vertex   1.838419e+01 8.701148e+00 1.000000e+01
    endloop
  endfacet
  facet normal 0.000000e+00 0.000000e+00 -1.000000e+00
    outer loop
      vertex   2.148934e+01 1.195859e+01 1.000000e+01
      vertex   1.838419e+01 8.701148e+00 1.000000e+01
      vertex   1.782285e+01 9.324110e+00 1.000000e+01
    endloop
  endfacet
  facet normal -0.000000e+00 0.000000e+00 -1.000000e+00
    outer loop
      vertex   2.216177e+01 1.157036e+01 1.000000e+01
      vertex   2.050485e+01 7.378559e+00 1.000000e+01
      vertex   2.180000e+01 1.172021e+01 1.000000e+01
    endloop
  endfacet
  facet normal 0.000000e+00 0.000000e+00 -1.000000e+00
    outer loop
      vertex   2.180000e+01 1.172021e+01 1.000000e+01
      vertex   2.050485e+01 7.378559e+00 1.000000e+01
      vertex   1.973841e+01 7.718779e+00 1.000000e+01
    endloop
  endfacet
  facet normal 0.000000e+00 0.000000e+00 -1.000000e+00
    outer loop
      vertex   2.180000e+01 1.172021e+01 1.000000e+01
      vertex   1.973841e+01 7.718779e+00 1.000000e+01
      vertex   1.902689e+01 8.162531e+00 1.000000e+01
    endloop
  endfacet
  facet normal -0.000000e+00 0.000000e+00 -1.000000e+00
    outer loop
      vertex   2.255000e+01 1.151925e+01 1.000000e+01
      vertex   2.214183e+01 7.033149e+00 1.000000e+01
      vertex   2.216177e+01 1.157036e+01 1.000000e+01
    endloop
  endfacet
  facet normal 0.000000e+00 0.000000e+00 -1.000000e+00
    outer loop
      vertex   2.216177e+01 1.157036e+01 1.000000e+01
      vertex   2.214183e+01 7.033149e+00 1.000000e+01
      vertex   2.131124e+01 7.148518e+00 1.000000e+01
    endloop
  endfacet
  facet normal 0.000000e+00 0.000000e+00 -1.000000e+00
    outer loop
      vertex   2.216177e+01 1.157036e+01 1.000000e+01
      vertex   2.131124e+01 7.148518e+00 1.000000e+01
      vertex   2.050485e+01 7.378559e+00 1.000000e+01
    endloop
  endfacet
  facet normal 0.000000e+00 0.000000e+00 -1.000000e+00
    outer loop
      vertex   2.214183e+01 7.033149e+00 1.000000e+01
      vertex   2.255000e+01 1.151925e+01 1.000000e+01
      vertex   2.298038e+01 7.034704e+00 1.000000e+01
    endloop
  endfacet
  facet normal 0.000000e+00 0.000000e+00 -1.000000e+00
    outer loop
      vertex   2.298038e+01 7.034704e+00 1.000000e+01
      vertex   2.255000e+01 1.151925e+01 1.000000e+01
      vertex   2.293823e+01 1.157036e+01 1.000000e+01
    endloop
  endfacet
  facet normal 0.000000e+00 0.000000e+00 -1.000000e+00
    outer loop
      vertex   2.298038e+01 7.034704e+00 1.000000e+01
      vertex   2.293823e+01 1.157036e+01 1.000000e+01
      vertex   2.381053e+01 7.153155e+00 1.000000e+01
    endloop
  endfacet
  facet normal 0.000000e+00 0.000000e+00 -1.000000e+00
    outer loop
      vertex   2.381053e+01 7.153155e+00 1.000000e+01
      vertex   2.293823e+01 1.157036e+01 1.000000e+01
      vertex   2.476355e+01 7.298531e+00 1.000000e+01
    endloop
  endfacet
  facet normal 0.000000e+00 0.000000e+00 -1.000000e+00
    outer loop
      vertex   2.476355e+01 7.298531e+00 1.000000e+01
      vertex   2.293823e+01 1.157036e+01 1.000000e+01
      vertex   2.330000e+01 1.172021e+01 1.000000e+01
    endloop
  endfacet
  facet normal 0.000000e+00 0.000000e+00 -1.000000e+00
    outer loop
      vertex   2.476355e+01 7.298531e+00 1.000000e+01
      vertex   2.330000e+01 1.172021e+01 1.000000e+01
      vertex   2.361066e+01 1.195859e+01 1.000000e+01
    endloop
  endfacet
  facet normal 0.000000e+00 0.000000e+00 -1.000000e+00
    outer loop
      vertex   2.476355e+01 7.298531e+00 1.000000e+01
      vertex   2.361066e+01 1.195859e+01 1.000000e+01
      vertex   2.572713e+01 7.328217e+00 1.000000e+01
    endloop
  endfacet
  facet normal 0.000000e+00 0.000000e+00 -1.000000e+00
    outer loop
      vertex   2.572713e+01 7.328217e+00 1.000000e+01
      vertex   2.361066e+01 1.195859e+01 1.000000e+01
      vertex   2.384904e+01 1.226925e+01 1.000000e+01
    endloop
  endfacet
  facet normal 0.000000e+00 0.000000e+00 -1.000000e+00
    outer loop
      vertex   2.572713e+01 7.328217e+00 1.000000e+01
      vertex   2.384904e+01 1.226925e+01 1.000000e+01
      vertex   2.668729e+01 7.241782e+00 1.000000e+01
    endloop
  endfacet
  facet normal 0.000000e+00 0.000000e+00 -1.000000e+00
    outer loop
      vertex   2.668729e+01 7.241782e+00 1.000000e+01
      vertex   2.384904e+01 1.226925e+01 1.000000e+01
      vertex   2.399889e+01 1.263102e+01 1.000000e+01
    endloop
  endfacet
  facet normal 0.000000e+00 0.000000e+00 -1.000000e+00
    outer loop
      vertex   2.668729e+01 7.241782e+00 1.000000e+01
      vertex   2.399889e+01 1.263102e+01 1.000000e+01
      vertex   2.763008e+01 7.040480e+00 1.000000e+01
    endloop
  endfacet
  facet normal 0.000000e+00 0.000000e+00 -1.000000e+00
    outer loop
      vertex   2.763008e+01 7.040480e+00 1.000000e+01
      vertex   2.399889e+01 1.263102e+01 1.000000e+01
      vertex   3.238565e+01 1.327289e+01 1.000000e+01
    endloop
  endfacet
  facet normal 0.000000e+00 0.000000e+00 -1.000000e+00
    outer loop
      vertex   2.763008e+01 7.040480e+00 1.000000e+01
      vertex   3.238565e+01 1.327289e+01 1.000000e+01
      vertex   3.312146e+01 1.131234e+01 1.000000e+01
    endloop
  endfacet
  facet normal 0.000000e+00 0.000000e+00 -1.000000e+00
    outer loop
      vertex   2.399889e+01 1.263102e+01 1.000000e+01
      vertex   2.405000e+01 1.301925e+01 1.000000e+01
      vertex   3.238565e+01 1.327289e+01 1.000000e+01
    endloop
  endfacet
  facet normal -0.000000e+00 0.000000e+00 -1.000000e+00
    outer loop
      vertex   3.238565e+01 1.327289e+01 1.000000e+01
      vertex   2.405000e+01 1.301925e+01 1.000000e+01
      vertex   3.153391e+01 1.518593e+01 1.000000e+01
    endloop
  endfacet
  facet normal 0.000000e+00 0.000000e+00 -1.000000e+00
    outer loop
      vertex   3.153391e+01 1.518593e+01 1.000000e+01
      vertex   2.405000e+01 1.301925e+01 1.000000e+01
      vertex   2.399889e+01 1.340748e+01 1.000000e+01
    endloop
  endfacet
  facet normal -0.000000e+00 0.000000e+00 -1.000000e+00
    outer loop
      vertex   3.153391e+01 1.518593e+01 1.000000e+01
      vertex   2.399889e+01 1.340748e+01 1.000000e+01
      vertex   3.056929e+01 1.704461e+01 1.000000e+01
    endloop
  endfacet
  facet normal 0.000000e+00 0.000000e+00 -1.000000e+00
    outer loop
      vertex   3.056929e+01 1.704461e+01 1.000000e+01
      vertex   2.399889e+01 1.340748e+01 1.000000e+01
      vertex   2.384904e+01 1.376925e+01 1.000000e+01
    endloop
  endfacet
  facet normal -0.000000e+00 0.000000e+00 -1.000000e+00
    outer loop
      vertex   3.056929e+01 1.704461e+01 1.000000e+01
      vertex   2.384904e+01 1.376925e+01 1.000000e+01
      vertex   2.949523e+01 1.884227e+01 1.000000e+01
    endloop
  endfacet
  facet normal 0.000000e+00 0.000000e+00 -1.000000e+00
    outer loop
      vertex   2.949523e+01 1.884227e+01 1.000000e+01
      vertex   2.384904e+01 1.376925e+01 1.000000e+01
      vertex   2.361066e+01 1.407991e+01 1.000000e+01
    endloop
  endfacet
  facet normal 0.000000e+00 0.000000e+00 -1.000000e+00
    outer loop
      vertex   2.949523e+01 1.884227e+01 1.000000e+01
      vertex   2.361066e+01 1.407991e+01 1.000000e+01
      vertex   2.330000e+01 1.431829e+01 1.000000e+01
    endloop
  endfacet
  facet normal -0.000000e+00 0.000000e+00 -1.000000e+00
    outer loop
      vertex   2.949523e+01 1.884227e+01 1.000000e+01
      vertex   2.330000e+01 1.431829e+01 1.000000e+01
      vertex   2.831559e+01 2.057248e+01 1.000000e+01
    endloop
  endfacet
  facet normal 0.000000e+00 0.000000e+00 -1.000000e+00
    outer loop
      vertex   2.831559e+01 2.057248e+01 1.000000e+01
      vertex   2.330000e+01 1.431829e+01 1.000000e+01
      vertex   2.293823e+01 1.446814e+01 1.000000e+01
    endloop
  endfacet
  facet normal -0.000000e+00 0.000000e+00 -1.000000e+00
    outer loop
      vertex   2.831559e+01 2.057248e+01 1.000000e+01
      vertex   2.293823e+01 1.446814e+01 1.000000e+01
      vertex   2.703459e+01 2.222905e+01 1.000000e+01
    endloop
  endfacet
  facet normal 0.000000e+00 0.000000e+00 -1.000000e+00
    outer loop
      vertex   2.703459e+01 2.222905e+01 1.000000e+01
      vertex   2.293823e+01 1.446814e+01 1.000000e+01
      vertex   1.991228e+01 2.040811e+01 1.000000e+01
    endloop
  endfacet
  facet normal 0.000000e+00 0.000000e+00 -1.000000e+00
    outer loop
      vertex   2.703459e+01 2.222905e+01 1.000000e+01
      vertex   1.991228e+01 2.040811e+01 1.000000e+01
      vertex   2.009686e+01 2.135432e+01 1.000000e+01
    endloop
  endfacet
  facet normal 0.000000e+00 -0.000000e+00 -1.000000e+00
    outer loop
      vertex   1.991228e+01 2.040811e+01 1.000000e+01
      vertex   2.293823e+01 1.446814e+01 1.000000e+01
      vertex   1.961521e+01 1.949098e+01 1.000000e+01
    endloop
  endfacet
  facet normal 0.000000e+00 0.000000e+00 -1.000000e+00
    outer loop
      vertex   1.961521e+01 1.949098e+01 1.000000e+01
      vertex   2.293823e+01 1.446814e+01 1.000000e+01
      vertex   2.255000e+01 1.451925e+01 1.000000e+01
    endloop
  endfacet
  facet normal 0.000000e+00 -0.000000e+00 -1.000000e+00
    outer loop
      vertex   1.961521e+01 1.949098e+01 1.000000e+01
      vertex   2.255000e+01 1.451925e+01 1.000000e+01
      vertex   1.920999e+01 1.861624e+01 1.000000e+01
    endloop
  endfacet
  facet normal 0.000000e+00 0.000000e+00 -1.000000e+00
    outer loop
      vertex   1.920999e+01 1.861624e+01 1.000000e+01
      vertex   2.255000e+01 1.451925e+01 1.000000e+01
      vertex   2.216177e+01 1.446814e+01 1.000000e+01
    endloop
  endfacet
  facet normal 0.000000e+00 -0.000000e+00 -1.000000e+00
    outer loop
      vertex   1.920999e+01 1.861624e+01 1.000000e+01
      vertex   2.216177e+01 1.446814e+01 1.000000e+01
      vertex   1.870249e+01 1.779660e+01 1.000000e+01
    endloop
  endfacet
  facet normal 0.000000e+00 0.000000e+00 -1.000000e+00
    outer loop
      vertex   1.870249e+01 1.779660e+01 1.000000e+01
      vertex   2.216177e+01 1.446814e+01 1.000000e+01
      vertex   2.180000e+01 1.431829e+01 1.000000e+01
    endloop
  endfacet
  facet normal 0.000000e+00 0.000000e+00 -1.000000e+00
    outer loop
      vertex   1.870249e+01 1.779660e+01 1.000000e+01
      vertex   2.180000e+01 1.431829e+01 1.000000e+01
      vertex   2.148934e+01 1.407991e+01 1.000000e+01
    endloop
  endfacet
  facet normal 0.000000e+00 0.000000e+00 -1.000000e+00
    outer loop
      vertex   2.125096e+01 1.376925e+01 1.000000e+01
      vertex   1.758242e+01 1.638424e+01 1.000000e+01
      vertex   2.148934e+01 1.407991e+01 1.000000e+01
    endloop
  endfacet
  facet normal 0.000000e+00 0.000000e+00 -1.000000e+00
    outer loop
      vertex   2.148934e+01 1.407991e+01 1.000000e+01
      vertex   1.758242e+01 1.638424e+01 1.000000e+01
      vertex   1.810008e+01 1.704395e+01 1.000000e+01
    endloop
  endfacet
  facet normal 0.000000e+00 0.000000e+00 -1.000000e+00
    outer loop
      vertex   2.148934e+01 1.407991e+01 1.000000e+01
      vertex   1.810008e+01 1.704395e+01 1.000000e+01
      vertex   1.870249e+01 1.779660e+01 1.000000e+01
    endloop
  endfacet
  facet normal 0.000000e+00 -0.000000e+00 -1.000000e+00
    outer loop
      vertex   1.758242e+01 1.638424e+01 1.000000e+01
      vertex   2.125096e+01 1.376925e+01 1.000000e+01
      vertex   1.716180e+01 1.565881e+01 1.000000e+01
    endloop
  endfacet
  facet normal 0.000000e+00 0.000000e+00 -1.000000e+00
    outer loop
      vertex   1.716180e+01 1.565881e+01 1.000000e+01
      vertex   2.125096e+01 1.376925e+01 1.000000e+01
      vertex   2.110111e+01 1.340748e+01 1.000000e+01
    endloop
  endfacet
  facet normal 0.000000e+00 -0.000000e+00 -1.000000e+00
    outer loop
      vertex   1.716180e+01 1.565881e+01 1.000000e+01
      vertex   2.110111e+01 1.340748e+01 1.000000e+01
      vertex   1.684642e+01 1.488182e+01 1.000000e+01
    endloop
  endfacet
  facet normal 0.000000e+00 -0.000000e+00 -1.000000e+00
    outer loop
      vertex   1.684642e+01 1.488182e+01 1.000000e+01
      vertex   2.110111e+01 1.340748e+01 1.000000e+01
      vertex   1.664245e+01 1.406844e+01 1.000000e+01
    endloop
  endfacet
  facet normal 0.000000e+00 0.000000e+00 -1.000000e+00
    outer loop
      vertex   1.664245e+01 1.406844e+01 1.000000e+01
      vertex   2.110111e+01 1.340748e+01 1.000000e+01
      vertex   2.105000e+01 1.301925e+01 1.000000e+01
    endloop
  endfacet
  facet normal -0.000000e+00 0.000000e+00 -1.000000e+00
    outer loop
      vertex   -1.448889e+00 -2.565027e+01 1.000000e+01
      vertex   -1.500000e+00 -2.603850e+01 1.000000e+01
      vertex   -6.061061e+00 -2.509513e+01 1.000000e+01
    endloop
  endfacet
  facet normal 0.000000e+00 0.000000e+00 -1.000000e+00
    outer loop
      vertex   -6.061061e+00 -2.509513e+01 1.000000e+01
      vertex   -1.500000e+00 -2.603850e+01 1.000000e+01
      vertex   -1.448889e+00 -2.642673e+01 1.000000e+01
    endloop
  endfacet
  facet normal 0.000000e+00 -0.000000e+00 -1.000000e+00
    outer loop
      vertex   -6.061061e+00 -2.509513e+01 1.000000e+01
      vertex   -1.448889e+00 -2.642673e+01 1.000000e+01
      vertex   -6.517144e+00 -2.594446e+01 1.000000e+01
    endloop
  endfacet
  facet normal 0.000000e+00 0.000000e+00 -1.000000e+00
    outer loop
      vertex   -6.517144e+00 -2.594446e+01 1.000000e+01
      vertex   -1.448889e+00 -2.642673e+01 1.000000e+01
      vertex   -1.299038e+00 -2.678850e+01 1.000000e+01
    endloop
  endfacet
  facet normal 0.000000e+00 -0.000000e+00 -1.000000e+00
    outer loop
      vertex   -6.517144e+00 -2.594446e+01 1.000000e+01
      vertex   -1.299038e+00 -2.678850e+01 1.000000e+01
      vertex   -7.072079e+00 -2.673276e+01 1.000000e+01
    endloop
  endfacet
  facet normal 0.000000e+00 0.000000e+00 -1.000000e+00
    outer loop
      vertex   -7.072079e+00 -2.673276e+01 1.000000e+01
      vertex   -1.299038e+00 -2.678850e+01 1.000000e+01
      vertex   -1.060660e+00 -2.709916e+01 1.000000e+01
    endloop
  endfacet
  facet normal 0.000000e+00 -0.000000e+00 -1.000000e+00
    outer loop
      vertex   -7.072079e+00 -2.673276e+01 1.000000e+01
      vertex   -1.060660e+00 -2.709916e+01 1.000000e+01
      vertex   -7.717806e+00 -2.744859e+01 1.000000e+01
    endloop
  endfacet
  facet normal 0.000000e+00 0.000000e+00 -1.000000e+00
    outer loop
      vertex   -7.717806e+00 -2.744859e+01 1.000000e+01
      vertex   -1.060660e+00 -2.709916e+01 1.000000e+01
      vertex   -4.698164e+00 -3.468324e+01 1.000000e+01
    endloop
  endfacet
  facet normal 0.000000e+00 0.000000e+00 -1.000000e+00
    outer loop
      vertex   -7.717806e+00 -2.744859e+01 1.000000e+01
      vertex   -4.698164e+00 -3.468324e+01 1.000000e+01
      vertex   -6.763957e+00 -3.434019e+01 1.000000e+01
    endloop
  endfacet
  facet normal 0.000000e+00 -0.000000e+00 -1.000000e+00
    outer loop
      vertex   -1.060660e+00 -2.709916e+01 1.000000e+01
      vertex   -7.500000e-01 -2.733754e+01 1.000000e+01
      vertex   -4.698164e+00 -3.468324e+01 1.000000e+01
    endloop
  endfacet
  facet normal 0.000000e+00 0.000000e+00 -1.000000e+00
    outer loop
      vertex   -4.698164e+00 -3.468324e+01 1.000000e+01
      vertex   -7.500000e-01 -2.733754e+01 1.000000e+01
      vertex   -2.615553e+00 -3.490213e+01 1.000000e+01
    endloop
  endfacet
  facet normal 0.000000e+00 0.000000e+00 -1.000000e+00
    outer loop
      vertex   -2.615553e+00 -3.490213e+01 1.000000e+01
      vertex   -7.500000e-01 -2.733754e+01 1.000000e+01
      vertex   -3.882286e-01 -2.748739e+01 1.000000e+01
    endloop
  endfacet
  facet normal 0.000000e+00 0.000000e+00 -1.000000e+00
    outer loop
      vertex   -2.615553e+00 -3.490213e+01 1.000000e+01
      vertex   -3.882286e-01 -2.748739e+01 1.000000e+01
      vertex   -5.235792e-01 -3.499608e+01 1.000000e+01
    endloop
  endfacet
  facet normal 0.000000e+00 0.000000e+00 -1.000000e+00
    outer loop
      vertex   -5.235792e-01 -3.499608e+01 1.000000e+01
      vertex   -3.882286e-01 -2.748739e+01 1.000000e+01
      vertex   9.184851e-17 -2.753850e+01 1.000000e+01
    endloop
  endfacet
  facet normal 0.000000e+00 0.000000e+00 -1.000000e+00
    outer loop
      vertex   -5.235792e-01 -3.499608e+01 1.000000e+01
      vertex   9.184851e-17 -2.753850e+01 1.000000e+01
      vertex   1.570269e+00 -3.496476e+01 1.000000e+01
    endloop
  endfacet
  facet normal 0.000000e+00 0.000000e+00 -1.000000e+00
    outer loop
      vertex   1.570269e+00 -3.496476e+01 1.000000e+01
      vertex   9.184851e-17 -2.753850e+01 1.000000e+01
      vertex   3.882286e-01 -2.748739e+01 1.000000e+01
    endloop
  endfacet
  facet normal 0.000000e+00 0.000000e+00 -1.000000e+00
    outer loop
      vertex   1.570269e+00 -3.496476e+01 1.000000e+01
      vertex   3.882286e-01 -2.748739e+01 1.000000e+01
      vertex   7.500000e-01 -2.733754e+01 1.000000e+01
    endloop
  endfacet
  facet normal 0.000000e+00 0.000000e+00 -1.000000e+00
    outer loop
      vertex   1.570269e+00 -3.496476e+01 1.000000e+01
      vertex   7.500000e-01 -2.733754e+01 1.000000e+01
      vertex   3.658496e+00 -3.480827e+01 1.000000e+01
    endloop
  endfacet
  facet normal 0.000000e+00 0.000000e+00 -1.000000e+00
    outer loop
      vertex   3.658496e+00 -3.480827e+01 1.000000e+01
      vertex   7.500000e-01 -2.733754e+01 1.000000e+01
      vertex   1.060660e+00 -2.709916e+01 1.000000e+01
    endloop
  endfacet
  facet normal 0.000000e+00 0.000000e+00 -1.000000e+00
    outer loop
      vertex   3.658496e+00 -3.480827e+01 1.000000e+01
      vertex   1.060660e+00 -2.709916e+01 1.000000e+01
      vertex   5.733627e+00 -3.452717e+01 1.000000e+01
    endloop
  endfacet
  facet normal 0.000000e+00 0.000000e+00 -1.000000e+00
    outer loop
      vertex   5.733627e+00 -3.452717e+01 1.000000e+01
      vertex   1.060660e+00 -2.709916e+01 1.000000e+01
      vertex   7.717806e+00 -2.744859e+01 1.000000e+01
    endloop
  endfacet
  facet normal 0.000000e+00 0.000000e+00 -1.000000e+00
    outer loop
      vertex   5.733627e+00 -3.452717e+01 1.000000e+01
      vertex   7.717806e+00 -2.744859e+01 1.000000e+01
      vertex   8.444949e+00 -2.808155e+01 1.000000e+01
    endloop
  endfacet
  facet normal 0.000000e+00 0.000000e+00 -1.000000e+00
    outer loop
      vertex   7.717806e+00 -2.744859e+01 1.000000e+01
      vertex   1.060660e+00 -2.709916e+01 1.000000e+01
      vertex   7.072079e+00 -2.673276e+01 1.000000e+01
    endloop
  endfacet
  facet normal 0.000000e+00 0.000000e+00 -1.000000e+00
    outer loop
      vertex   7.072079e+00 -2.673276e+01 1.000000e+01
      vertex   1.060660e+00 -2.709916e+01 1.000000e+01
      vertex   1.299038e+00 -2.678850e+01 1.000000e+01
    endloop
  endfacet
  facet normal -0.000000e+00 0.000000e+00 -1.000000e+00
    outer loop
      vertex   7.072079e+00 -2.673276e+01 1.000000e+01
      vertex   1.299038e+00 -2.678850e+01 1.000000e+01
      vertex   6.517144e+00 -2.594446e+01 1.000000e+01
    endloop
  endfacet
  facet normal 0.000000e+00 0.000000e+00 -1.000000e+00
    outer loop
      vertex   6.517144e+00 -2.594446e+01 1.000000e+01
      vertex   1.299038e+00 -2.678850e+01 1.000000e+01
      vertex   1.448889e+00 -2.642673e+01 1.000000e+01
    endloop
  endfacet
  facet normal -0.000000e+00 0.000000e+00 -1.000000e+00
    outer loop
      vertex   6.517144e+00 -2.594446e+01 1.000000e+01
      vertex   1.448889e+00 -2.642673e+01 1.000000e+01
      vertex   6.061061e+00 -2.509513e+01 1.000000e+01
    endloop
  endfacet
  facet normal 0.000000e+00 0.000000e+00 -1.000000e+00
    outer loop
      vertex   6.061061e+00 -2.509513e+01 1.000000e+01
      vertex   1.448889e+00 -2.642673e+01 1.000000e+01
      vertex   1.500000e+00 -2.603850e+01 1.000000e+01
    endloop
  endfacet
  facet normal 0.000000e+00 0.000000e+00 -1.000000e+00
    outer loop
      vertex   6.061061e+00 -2.509513e+01 1.000000e+01
      vertex   1.500000e+00 -2.603850e+01 1.000000e+01
      vertex   1.448889e+00 -2.565027e+01 1.000000e+01
    endloop
  endfacet
  facet normal 0.000000e+00 0.000000e+00 -1.000000e+00
    outer loop
      vertex   1.299038e+00 -2.528850e+01 1.000000e+01
      vertex   5.397958e+00 -2.341895e+01 1.000000e+01
      vertex   1.448889e+00 -2.565027e+01 1.000000e+01
    endloop
  endfacet
  facet normal 0.000000e+00 0.000000e+00 -1.000000e+00
    outer loop
      vertex   1.448889e+00 -2.565027e+01 1.000000e+01
      vertex   5.397958e+00 -2.341895e+01 1.000000e+01
      vertex   5.710452e+00 -2.419710e+01 1.000000e+01
    endloop
  endfacet
  facet normal 0.000000e+00 0.000000e+00 -1.000000e+00
    outer loop
      vertex   1.448889e+00 -2.565027e+01 1.000000e+01
      vertex   5.710452e+00 -2.419710e+01 1.000000e+01
      vertex   6.061061e+00 -2.509513e+01 1.000000e+01
    endloop
  endfacet
  facet normal -0.000000e+00 0.000000e+00 -1.000000e+00
    outer loop
      vertex   5.397958e+00 -2.341895e+01 1.000000e+01
      vertex   1.299038e+00 -2.528850e+01 1.000000e+01
      vertex   4.980027e+00 -2.269196e+01 1.000000e+01
    endloop
  endfacet
  facet normal 0.000000e+00 0.000000e+00 -1.000000e+00
    outer loop
      vertex   4.980027e+00 -2.269196e+01 1.000000e+01
      vertex   1.299038e+00 -2.528850e+01 1.000000e+01
      vertex   1.060660e+00 -2.497784e+01 1.000000e+01
    endloop
  endfacet
  facet normal -0.000000e+00 0.000000e+00 -1.000000e+00
    outer loop
      vertex   4.980027e+00 -2.269196e+01 1.000000e+01
      vertex   1.060660e+00 -2.497784e+01 1.000000e+01
      vertex   4.464822e+00 -2.203034e+01 1.000000e+01
    endloop
  endfacet
  facet normal -0.000000e+00 0.000000e+00 -1.000000e+00
    outer loop
      vertex   4.464822e+00 -2.203034e+01 1.000000e+01
      vertex   1.060660e+00 -2.497784e+01 1.000000e+01
      vertex   3.862407e+00 -2.144700e+01 1.000000e+01
    endloop
  endfacet
  facet normal 0.000000e+00 0.000000e+00 -1.000000e+00
    outer loop
      vertex   3.862407e+00 -2.144700e+01 1.000000e+01
      vertex   1.060660e+00 -2.497784e+01 1.000000e+01
      vertex   7.500000e-01 -2.473946e+01 1.000000e+01
    endloop
  endfacet
  facet normal -0.000000e+00 0.000000e+00 -1.000000e+00
    outer loop
      vertex   3.862407e+00 -2.144700e+01 1.000000e+01
      vertex   7.500000e-01 -2.473946e+01 1.000000e+01
      vertex   3.184548e+00 -2.095336e+01 1.000000e+01
    endloop
  endfacet
  facet normal -0.000000e+00 0.000000e+00 -1.000000e+00
    outer loop
      vertex   3.184548e+00 -2.095336e+01 1.000000e+01
      vertex   7.500000e-01 -2.473946e+01 1.000000e+01
      vertex   2.444487e+00 -2.055904e+01 1.000000e+01
    endloop
  endfacet
  facet normal 0.000000e+00 0.000000e+00 -1.000000e+00
    outer loop
      vertex   2.444487e+00 -2.055904e+01 1.000000e+01
      vertex   7.500000e-01 -2.473946e+01 1.000000e+01
      vertex   3.882286e-01 -2.458961e+01 1.000000e+01
    endloop
  endfacet
  facet normal -0.000000e+00 0.000000e+00 -1.000000e+00
    outer loop
      vertex   2.444487e+00 -2.055904e+01 1.000000e+01
      vertex   3.882286e-01 -2.458961e+01 1.000000e+01
      vertex   1.656677e+00 -2.027175e+01 1.000000e+01
    endloop
  endfacet
  facet normal -0.000000e+00 0.000000e+00 -1.000000e+00
    outer loop
      vertex   1.656677e+00 -2.027175e+01 1.000000e+01
      vertex   3.882286e-01 -2.458961e+01 1.000000e+01
      vertex   8.365082e-01 -2.009710e+01 1.000000e+01
    endloop
  endfacet
  facet normal 0.000000e+00 0.000000e+00 -1.000000e+00
    outer loop
      vertex   8.365082e-01 -2.009710e+01 1.000000e+01
      vertex   3.882286e-01 -2.458961e+01 1.000000e+01
      vertex   9.184851e-17 -2.453850e+01 1.000000e+01
    endloop
  endfacet
  facet normal -0.000000e+00 0.000000e+00 -1.000000e+00
    outer loop
      vertex   8.365082e-01 -2.009710e+01 1.000000e+01
      vertex   9.184851e-17 -2.453850e+01 1.000000e+01
      vertex   -1.339937e-14 -2.003850e+01 1.000000e+01
    endloop
  endfacet
  facet normal 0.000000e+00 -0.000000e+00 -1.000000e+00
    outer loop
      vertex   -1.339937e-14 -2.003850e+01 1.000000e+01
      vertex   9.184851e-17 -2.453850e+01 1.000000e+01
      vertex   -8.365082e-01 -2.009710e+01 1.000000e+01
    endloop
  endfacet
  facet normal 0.000000e+00 0.000000e+00 -1.000000e+00
    outer loop
      vertex   -8.365082e-01 -2.009710e+01 1.000000e+01
      vertex   9.184851e-17 -2.453850e+01 1.000000e+01
      vertex   -3.882286e-01 -2.458961e+01 1.000000e+01
    endloop
  endfacet
  facet normal 0.000000e+00 -0.000000e+00 -1.000000e+00
    outer loop
      vertex   -8.365082e-01 -2.009710e+01 1.000000e+01
      vertex   -3.882286e-01 -2.458961e+01 1.000000e+01
      vertex   -1.656677e+00 -2.027175e+01 1.000000e+01
    endloop
  endfacet
  facet normal 0.000000e+00 -0.000000e+00 -1.000000e+00
    outer loop
      vertex   -1.656677e+00 -2.027175e+01 1.000000e+01
      vertex   -3.882286e-01 -2.458961e+01 1.000000e+01
      vertex   -2.444487e+00 -2.055904e+01 1.000000e+01
    endloop
  endfacet
  facet normal 0.000000e+00 0.000000e+00 -1.000000e+00
    outer loop
      vertex   -2.444487e+00 -2.055904e+01 1.000000e+01
      vertex   -3.882286e-01 -2.458961e+01 1.000000e+01
      vertex   -7.500000e-01 -2.473946e+01 1.000000e+01
    endloop
  endfacet
  facet normal 0.000000e+00 -0.000000e+00 -1.000000e+00
    outer loop
      vertex   -2.444487e+00 -2.055904e+01 1.000000e+01
      vertex   -7.500000e-01 -2.473946e+01 1.000000e+01
      vertex   -3.184548e+00 -2.095336e+01 1.000000e+01
    endloop
  endfacet
  facet normal 0.000000e+00 -0.000000e+00 -1.000000e+00
    outer loop
      vertex   -3.184548e+00 -2.095336e+01 1.000000e+01
      vertex   -7.500000e-01 -2.473946e+01 1.000000e+01
      vertex   -3.862407e+00 -2.144700e+01 1.000000e+01
    endloop
  endfacet
  facet normal 0.000000e+00 0.000000e+00 -1.000000e+00
    outer loop
      vertex   -3.862407e+00 -2.144700e+01 1.000000e+01
      vertex   -7.500000e-01 -2.473946e+01 1.000000e+01
      vertex   -1.060660e+00 -2.497784e+01 1.000000e+01
    endloop
  endfacet
  facet normal 0.000000e+00 -0.000000e+00 -1.000000e+00
    outer loop
      vertex   -3.862407e+00 -2.144700e+01 1.000000e+01
      vertex   -1.060660e+00 -2.497784e+01 1.000000e+01
      vertex   -4.464822e+00 -2.203034e+01 1.000000e+01
    endloop
  endfacet
  facet normal 0.000000e+00 -0.000000e+00 -1.000000e+00
    outer loop
      vertex   -4.464822e+00 -2.203034e+01 1.000000e+01
      vertex   -1.060660e+00 -2.497784e+01 1.000000e+01
      vertex   -4.980027e+00 -2.269196e+01 1.000000e+01
    endloop
  endfacet
  facet normal 0.000000e+00 0.000000e+00 -1.000000e+00
    outer loop
      vertex   -4.980027e+00 -2.269196e+01 1.000000e+01
      vertex   -1.060660e+00 -2.497784e+01 1.000000e+01
      vertex   -1.299038e+00 -2.528850e+01 1.000000e+01
    endloop
  endfacet
  facet normal 0.000000e+00 -0.000000e+00 -1.000000e+00
    outer loop
      vertex   -4.980027e+00 -2.269196e+01 1.000000e+01
      vertex   -1.299038e+00 -2.528850e+01 1.000000e+01
      vertex   -5.397958e+00 -2.341895e+01 1.000000e+01
    endloop
  endfacet
  facet normal 0.000000e+00 0.000000e+00 -1.000000e+00
    outer loop
      vertex   -5.397958e+00 -2.341895e+01 1.000000e+01
      vertex   -1.299038e+00 -2.528850e+01 1.000000e+01
      vertex   -1.448889e+00 -2.565027e+01 1.000000e+01
    endloop
  endfacet
  facet normal 0.000000e+00 -0.000000e+00 -1.000000e+00
    outer loop
      vertex   -5.397958e+00 -2.341895e+01 1.000000e+01
      vertex   -1.448889e+00 -2.565027e+01 1.000000e+01
      vertex   -5.710452e+00 -2.419710e+01 1.000000e+01
    endloop
  endfacet
  facet normal 0.000000e+00 -0.000000e+00 -1.000000e+00
    outer loop
      vertex   -5.710452e+00 -2.419710e+01 1.000000e+01
      vertex   -1.448889e+00 -2.565027e+01 1.000000e+01
      vertex   -6.061061e+00 -2.509513e+01 1.000000e+01
    endloop
  endfacet
  facet normal 0.000000e+00 0.000000e+00 -1.000000e+00
    outer loop
      vertex   -2.399889e+01 1.263102e+01 1.000000e+01
      vertex   -3.197409e+01 1.423578e+01 1.000000e+01
      vertex   -2.405000e+01 1.301925e+01 1.000000e+01
    endloop
  endfacet
  facet normal 0.000000e+00 0.000000e+00 -1.000000e+00
    outer loop
      vertex   -2.405000e+01 1.301925e+01 1.000000e+01
      vertex   -3.197409e+01 1.423578e+01 1.000000e+01
      vertex   -3.106550e+01 1.612249e+01 1.000000e+01
    endloop
  endfacet
  facet normal 0.000000e+00 0.000000e+00 -1.000000e+00
    outer loop
      vertex   -2.405000e+01 1.301925e+01 1.000000e+01
      vertex   -3.106550e+01 1.612249e+01 1.000000e+01
      vertex   -2.399889e+01 1.340748e+01 1.000000e+01
    endloop
  endfacet
  facet normal 0.000000e+00 0.000000e+00 -1.000000e+00
    outer loop
      vertex   -2.399889e+01 1.340748e+01 1.000000e+01
      vertex   -3.106550e+01 1.612249e+01 1.000000e+01
      vertex   -2.384904e+01 1.376925e+01 1.000000e+01
    endloop
  endfacet
  facet normal 0.000000e+00 0.000000e+00 -1.000000e+00
    outer loop
      vertex   -2.384904e+01 1.376925e+01 1.000000e+01
      vertex   -3.106550e+01 1.612249e+01 1.000000e+01
      vertex   -3.004571e+01 1.795147e+01 1.000000e+01
    endloop
  endfacet
  facet normal 0.000000e+00 0.000000e+00 -1.000000e+00
    outer loop
      vertex   -2.384904e+01 1.376925e+01 1.000000e+01
      vertex   -3.004571e+01 1.795147e+01 1.000000e+01
      vertex   -2.361066e+01 1.407991e+01 1.000000e+01
    endloop
  endfacet
  facet normal 0.000000e+00 0.000000e+00 -1.000000e+00
    outer loop
      vertex   -2.361066e+01 1.407991e+01 1.000000e+01
      vertex   -3.004571e+01 1.795147e+01 1.000000e+01
      vertex   -2.891836e+01 1.971620e+01 1.000000e+01
    endloop
  endfacet
  facet normal 0.000000e+00 0.000000e+00 -1.000000e+00
    outer loop
      vertex   -2.361066e+01 1.407991e+01 1.000000e+01
      vertex   -2.891836e+01 1.971620e+01 1.000000e+01
      vertex   -2.330000e+01 1.431829e+01 1.000000e+01
    endloop
  endfacet
  facet normal 0.000000e+00 0.000000e+00 -1.000000e+00
    outer loop
      vertex   -2.330000e+01 1.431829e+01 1.000000e+01
      vertex   -2.891836e+01 1.971620e+01 1.000000e+01
      vertex   -2.768749e+01 2.141035e+01 1.000000e+01
    endloop
  endfacet
  facet normal 0.000000e+00 0.000000e+00 -1.000000e+00
    outer loop
      vertex   -2.330000e+01 1.431829e+01 1.000000e+01
      vertex   -2.768749e+01 2.141035e+01 1.000000e+01
      vertex   -2.293823e+01 1.446814e+01 1.000000e+01
    endloop
  endfacet
  facet normal 0.000000e+00 0.000000e+00 -1.000000e+00
    outer loop
      vertex   -2.293823e+01 1.446814e+01 1.000000e+01
      vertex   -2.768749e+01 2.141035e+01 1.000000e+01
      vertex   -1.991228e+01 2.040811e+01 1.000000e+01
    endloop
  endfacet
  facet normal 0.000000e+00 0.000000e+00 -1.000000e+00
    outer loop
      vertex   -2.293823e+01 1.446814e+01 1.000000e+01
      vertex   -1.991228e+01 2.040811e+01 1.000000e+01
      vertex   -1.961521e+01 1.949098e+01 1.000000e+01
    endloop
  endfacet
  facet normal -0.000000e+00 0.000000e+00 -1.000000e+00
    outer loop
      vertex   -2.384904e+01 1.226925e+01 1.000000e+01
      vertex   -2.668729e+01 7.241782e+00 1.000000e+01
      vertex   -2.399889e+01 1.263102e+01 1.000000e+01
    endloop
  endfacet
  facet normal 0.000000e+00 0.000000e+00 -1.000000e+00
    outer loop
      vertex   -2.399889e+01 1.263102e+01 1.000000e+01
      vertex   -2.668729e+01 7.241782e+00 1.000000e+01
      vertex   -2.763008e+01 7.040480e+00 1.000000e+01
    endloop
  endfacet
  facet normal 0.000000e+00 0.000000e+00 -1.000000e+00
    outer loop
      vertex   -2.399889e+01 1.263102e+01 1.000000e+01
      vertex   -2.763008e+01 7.040480e+00 1.000000e+01
      vertex   -3.276822e+01 1.229812e+01 1.000000e+01
    endloop
  endfacet
  facet normal 0.000000e+00 0.000000e+00 -1.000000e+00
    outer loop
      vertex   -3.276822e+01 1.229812e+01 1.000000e+01
      vertex   -2.763008e+01 7.040480e+00 1.000000e+01
      vertex   -2.854181e+01 6.727236e+00 1.000000e+01
    endloop
  endfacet
  facet normal 0.000000e+00 -0.000000e+00 -1.000000e+00
    outer loop
      vertex   -3.276822e+01 1.229812e+01 1.000000e+01
      vertex   -2.854181e+01 6.727236e+00 1.000000e+01
      vertex   -3.344505e+01 1.031643e+01 1.000000e+01
    endloop
  endfacet
  facet normal 0.000000e+00 0.000000e+00 -1.000000e+00
    outer loop
      vertex   -3.344505e+01 1.031643e+01 1.000000e+01
      vertex   -2.854181e+01 6.727236e+00 1.000000e+01
      vertex   -2.940925e+01 6.306597e+00 1.000000e+01
    endloop
  endfacet
  facet normal 0.000000e+00 -0.000000e+00 -1.000000e+00
    outer loop
      vertex   -3.344505e+01 1.031643e+01 1.000000e+01
      vertex   -2.940925e+01 6.306597e+00 1.000000e+01
      vertex   -3.400215e+01 8.297813e+00 1.000000e+01
    endloop
  endfacet
  facet normal 0.000000e+00 0.000000e+00 -1.000000e+00
    outer loop
      vertex   -3.400215e+01 8.297813e+00 1.000000e+01
      vertex   -2.940925e+01 6.306597e+00 1.000000e+01
      vertex   -3.021978e+01 5.784672e+00 1.000000e+01
    endloop
  endfacet
  facet normal 0.000000e+00 0.000000e+00 -1.000000e+00
    outer loop
      vertex   -3.400215e+01 8.297813e+00 1.000000e+01
      vertex   -3.021978e+01 5.784672e+00 1.000000e+01
      vertex   -3.096165e+01 5.169040e+00 1.000000e+01
    endloop
  endfacet
  facet normal 0.000000e+00 0.000000e+00 -1.000000e+00
    outer loop
      vertex   -2.668729e+01 7.241782e+00 1.000000e+01
      vertex   -2.384904e+01 1.226925e+01 1.000000e+01
      vertex   -2.572713e+01 7.328217e+00 1.000000e+01
    endloop
  endfacet
  facet normal 0.000000e+00 0.000000e+00 -1.000000e+00
    outer loop
      vertex   -2.572713e+01 7.328217e+00 1.000000e+01
      vertex   -2.384904e+01 1.226925e+01 1.000000e+01
      vertex   -2.361066e+01 1.195859e+01 1.000000e+01
    endloop
  endfacet
  facet normal 0.000000e+00 0.000000e+00 -1.000000e+00
    outer loop
      vertex   -2.572713e+01 7.328217e+00 1.000000e+01
      vertex   -2.361066e+01 1.195859e+01 1.000000e+01
      vertex   -2.476355e+01 7.298531e+00 1.000000e+01
    endloop
  endfacet
  facet normal 0.000000e+00 0.000000e+00 -1.000000e+00
    outer loop
      vertex   -2.476355e+01 7.298531e+00 1.000000e+01
      vertex   -2.361066e+01 1.195859e+01 1.000000e+01
      vertex   -2.330000e+01 1.172021e+01 1.000000e+01
    endloop
  endfacet
  facet normal 0.000000e+00 0.000000e+00 -1.000000e+00
    outer loop
      vertex   -2.476355e+01 7.298531e+00 1.000000e+01
      vertex   -2.330000e+01 1.172021e+01 1.000000e+01
      vertex   -2.293823e+01 1.157036e+01 1.000000e+01
    endloop
  endfacet
  facet normal -0.000000e+00 0.000000e+00 -1.000000e+00
    outer loop
      vertex   -2.255000e+01 1.151925e+01 1.000000e+01
      vertex   -2.298038e+01 7.034704e+00 1.000000e+01
      vertex   -2.293823e+01 1.157036e+01 1.000000e+01
    endloop
  endfacet
  facet normal 0.000000e+00 0.000000e+00 -1.000000e+00
    outer loop
      vertex   -2.293823e+01 1.157036e+01 1.000000e+01
      vertex   -2.298038e+01 7.034704e+00 1.000000e+01
      vertex   -2.381053e+01 7.153155e+00 1.000000e+01
    endloop
  endfacet
  facet normal 0.000000e+00 0.000000e+00 -1.000000e+00
    outer loop
      vertex   -2.293823e+01 1.157036e+01 1.000000e+01
      vertex   -2.381053e+01 7.153155e+00 1.000000e+01
      vertex   -2.476355e+01 7.298531e+00 1.000000e+01
    endloop
  endfacet
  facet normal 0.000000e+00 0.000000e+00 -1.000000e+00
    outer loop
      vertex   -2.298038e+01 7.034704e+00 1.000000e+01
      vertex   -2.255000e+01 1.151925e+01 1.000000e+01
      vertex   -2.214183e+01 7.033149e+00 1.000000e+01
    endloop
  endfacet
  facet normal 0.000000e+00 0.000000e+00 -1.000000e+00
    outer loop
      vertex   -2.214183e+01 7.033149e+00 1.000000e+01
      vertex   -2.255000e+01 1.151925e+01 1.000000e+01
      vertex   -2.216177e+01 1.157036e+01 1.000000e+01
    endloop
  endfacet
  facet normal 0.000000e+00 0.000000e+00 -1.000000e+00
    outer loop
      vertex   -2.214183e+01 7.033149e+00 1.000000e+01
      vertex   -2.216177e+01 1.157036e+01 1.000000e+01
      vertex   -2.131124e+01 7.148518e+00 1.000000e+01
    endloop
  endfacet
  facet normal 0.000000e+00 0.000000e+00 -1.000000e+00
    outer loop
      vertex   -2.131124e+01 7.148518e+00 1.000000e+01
      vertex   -2.216177e+01 1.157036e+01 1.000000e+01
      vertex   -2.050485e+01 7.378559e+00 1.000000e+01
    endloop
  endfacet
  facet normal 0.000000e+00 0.000000e+00 -1.000000e+00
    outer loop
      vertex   -2.050485e+01 7.378559e+00 1.000000e+01
      vertex   -2.216177e+01 1.157036e+01 1.000000e+01
      vertex   -2.180000e+01 1.172021e+01 1.000000e+01
    endloop
  endfacet
  facet normal 0.000000e+00 0.000000e+00 -1.000000e+00
    outer loop
      vertex   -2.050485e+01 7.378559e+00 1.000000e+01
      vertex   -2.180000e+01 1.172021e+01 1.000000e+01
      vertex   -1.973841e+01 7.718779e+00 1.000000e+01
    endloop
  endfacet
  facet normal 0.000000e+00 0.000000e+00 -1.000000e+00
    outer loop
      vertex   -1.973841e+01 7.718779e+00 1.000000e+01
      vertex   -2.180000e+01 1.172021e+01 1.000000e+01
      vertex   -1.902689e+01 8.162531e+00 1.000000e+01
    endloop
  endfacet
  facet normal 0.000000e+00 0.000000e+00 -1.000000e+00
    outer loop
      vertex   -1.902689e+01 8.162531e+00 1.000000e+01
      vertex   -2.180000e+01 1.172021e+01 1.000000e+01
      vertex   -2.148934e+01 1.195859e+01 1.000000e+01
    endloop
  endfacet
  facet normal 0.000000e+00 0.000000e+00 -1.000000e+00
    outer loop
      vertex   -1.902689e+01 8.162531e+00 1.000000e+01
      vertex   -2.148934e+01 1.195859e+01 1.000000e+01
      vertex   -1.838419e+01 8.701148e+00 1.000000e+01
    endloop
  endfacet
  facet normal 0.000000e+00 0.000000e+00 -1.000000e+00
    outer loop
      vertex   -1.838419e+01 8.701148e+00 1.000000e+01
      vertex   -2.148934e+01 1.195859e+01 1.000000e+01
      vertex   -1.782285e+01 9.324110e+00 1.000000e+01
    endloop
  endfacet
  facet normal 0.000000e+00 0.000000e+00 -1.000000e+00
    outer loop
      vertex   -1.782285e+01 9.324110e+00 1.000000e+01
      vertex   -2.148934e+01 1.195859e+01 1.000000e+01
      vertex   -2.125096e+01 1.226925e+01 1.000000e+01
    endloop
  endfacet
  facet normal 0.000000e+00 0.000000e+00 -1.000000e+00
    outer loop
      vertex   -1.782285e+01 9.324110e+00 1.000000e+01
      vertex   -2.125096e+01 1.226925e+01 1.000000e+01
      vertex   -1.735385e+01 1.001925e+01 1.000000e+01
    endloop
  endfacet
  facet normal 0.000000e+00 0.000000e+00 -1.000000e+00
    outer loop
      vertex   -1.735385e+01 1.001925e+01 1.000000e+01
      vertex   -2.125096e+01 1.226925e+01 1.000000e+01
      vertex   -1.698634e+01 1.077299e+01 1.000000e+01
    endloop
  endfacet
  facet normal 0.000000e+00 0.000000e+00 -1.000000e+00
    outer loop
      vertex   -1.698634e+01 1.077299e+01 1.000000e+01
      vertex   -2.125096e+01 1.226925e+01 1.000000e+01
      vertex   -2.110111e+01 1.263102e+01 1.000000e+01
    endloop
  endfacet
  facet normal 0.000000e+00 0.000000e+00 -1.000000e+00
    outer loop
      vertex   -1.698634e+01 1.077299e+01 1.000000e+01
      vertex   -2.110111e+01 1.263102e+01 1.000000e+01
      vertex   -1.672751e+01 1.157060e+01 1.000000e+01
    endloop
  endfacet
  facet normal 0.000000e+00 0.000000e+00 -1.000000e+00
    outer loop
      vertex   -1.672751e+01 1.157060e+01 1.000000e+01
      vertex   -2.110111e+01 1.263102e+01 1.000000e+01
      vertex   -1.658240e+01 1.239651e+01 1.000000e+01
    endloop
  endfacet
  facet normal 0.000000e+00 0.000000e+00 -1.000000e+00
    outer loop
      vertex   -1.658240e+01 1.239651e+01 1.000000e+01
      vertex   -2.110111e+01 1.263102e+01 1.000000e+01
      vertex   -2.105000e+01 1.301925e+01 1.000000e+01
    endloop
  endfacet
  facet normal 0.000000e+00 0.000000e+00 -1.000000e+00
    outer loop
      vertex   -1.658240e+01 1.239651e+01 1.000000e+01
      vertex   -2.105000e+01 1.301925e+01 1.000000e+01
      vertex   -1.655387e+01 1.323458e+01 1.000000e+01
    endloop
  endfacet
  facet normal -0.000000e+00 0.000000e+00 -1.000000e+00
    outer loop
      vertex   -1.655387e+01 1.323458e+01 1.000000e+01
      vertex   -2.105000e+01 1.301925e+01 1.000000e+01
      vertex   -1.664245e+01 1.406844e+01 1.000000e+01
    endloop
  endfacet
  facet normal 0.000000e+00 0.000000e+00 -1.000000e+00
    outer loop
      vertex   -1.664245e+01 1.406844e+01 1.000000e+01
      vertex   -2.105000e+01 1.301925e+01 1.000000e+01
      vertex   -2.110111e+01 1.340748e+01 1.000000e+01
    endloop
  endfacet
  facet normal -0.000000e+00 0.000000e+00 -1.000000e+00
    outer loop
      vertex   -1.664245e+01 1.406844e+01 1.000000e+01
      vertex   -2.110111e+01 1.340748e+01 1.000000e+01
      vertex   -1.684642e+01 1.488182e+01 1.000000e+01
    endloop
  endfacet
  facet normal -0.000000e+00 0.000000e+00 -1.000000e+00
    outer loop
      vertex   -1.684642e+01 1.488182e+01 1.000000e+01
      vertex   -2.110111e+01 1.340748e+01 1.000000e+01
      vertex   -1.716180e+01 1.565881e+01 1.000000e+01
    endloop
  endfacet
  facet normal 0.000000e+00 0.000000e+00 -1.000000e+00
    outer loop
      vertex   -1.716180e+01 1.565881e+01 1.000000e+01
      vertex   -2.110111e+01 1.340748e+01 1.000000e+01
      vertex   -2.125096e+01 1.376925e+01 1.000000e+01
    endloop
  endfacet
  facet normal -0.000000e+00 0.000000e+00 -1.000000e+00
    outer loop
      vertex   -1.716180e+01 1.565881e+01 1.000000e+01
      vertex   -2.125096e+01 1.376925e+01 1.000000e+01
      vertex   -1.758242e+01 1.638424e+01 1.000000e+01
    endloop
  endfacet
  facet normal 0.000000e+00 0.000000e+00 -1.000000e+00
    outer loop
      vertex   -1.758242e+01 1.638424e+01 1.000000e+01
      vertex   -2.125096e+01 1.376925e+01 1.000000e+01
      vertex   -2.148934e+01 1.407991e+01 1.000000e+01
    endloop
  endfacet
  facet normal -0.000000e+00 0.000000e+00 -1.000000e+00
    outer loop
      vertex   -1.758242e+01 1.638424e+01 1.000000e+01
      vertex   -2.148934e+01 1.407991e+01 1.000000e+01
      vertex   -1.810008e+01 1.704395e+01 1.000000e+01
    endloop
  endfacet
  facet normal -0.000000e+00 0.000000e+00 -1.000000e+00
    outer loop
      vertex   -1.810008e+01 1.704395e+01 1.000000e+01
      vertex   -2.148934e+01 1.407991e+01 1.000000e+01
      vertex   -1.870249e+01 1.779660e+01 1.000000e+01
    endloop
  endfacet
  facet normal 0.000000e+00 0.000000e+00 -1.000000e+00
    outer loop
      vertex   -1.870249e+01 1.779660e+01 1.000000e+01
      vertex   -2.148934e+01 1.407991e+01 1.000000e+01
      vertex   -2.180000e+01 1.431829e+01 1.000000e+01
    endloop
  endfacet
  facet normal 0.000000e+00 0.000000e+00 -1.000000e+00
    outer loop
      vertex   -1.870249e+01 1.779660e+01 1.000000e+01
      vertex   -2.180000e+01 1.431829e+01 1.000000e+01
      vertex   -2.216177e+01 1.446814e+01 1.000000e+01
    endloop
  endfacet
  facet normal -0.000000e+00 0.000000e+00 -1.000000e+00
    outer loop
      vertex   -1.870249e+01 1.779660e+01 1.000000e+01
      vertex   -2.216177e+01 1.446814e+01 1.000000e+01
      vertex   -1.920999e+01 1.861624e+01 1.000000e+01
    endloop
  endfacet
  facet normal 0.000000e+00 0.000000e+00 -1.000000e+00
    outer loop
      vertex   -1.920999e+01 1.861624e+01 1.000000e+01
      vertex   -2.216177e+01 1.446814e+01 1.000000e+01
      vertex   -2.255000e+01 1.451925e+01 1.000000e+01
    endloop
  endfacet
  facet normal -0.000000e+00 0.000000e+00 -1.000000e+00
    outer loop
      vertex   -1.920999e+01 1.861624e+01 1.000000e+01
      vertex   -2.255000e+01 1.451925e+01 1.000000e+01
      vertex   -1.961521e+01 1.949098e+01 1.000000e+01
    endloop
  endfacet
  facet normal 0.000000e+00 0.000000e+00 -1.000000e+00
    outer loop
      vertex   -1.961521e+01 1.949098e+01 1.000000e+01
      vertex   -2.255000e+01 1.451925e+01 1.000000e+01
      vertex   -2.293823e+01 1.446814e+01 1.000000e+01
    endloop
  endfacet
  facet normal 0.000000e+00 -0.000000e+00 -1.000000e+00
    outer loop
      vertex   -3.493735e+01 2.093145e+00 1.000000e+01
      vertex   -3.330715e+01 1.038048e+00 1.000000e+01
      vertex   -3.500000e+01 4.286264e-15 1.000000e+01
    endloop
  endfacet
  facet normal 0.000000e+00 0.000000e+00 -1.000000e+00
    outer loop
      vertex   -3.500000e+01 4.286264e-15 1.000000e+01
      vertex   -3.330715e+01 1.038048e+00 1.000000e+01
      vertex   -3.345565e+01 8.551332e-02 1.000000e+01
    endloop
  endfacet
  facet normal 0.000000e+00 0.000000e+00 -1.000000e+00
    outer loop
      vertex   -3.500000e+01 4.286264e-15 1.000000e+01
      vertex   -3.345565e+01 8.551332e-02 1.000000e+01
      vertex   -3.348849e+01 -8.779683e-01 1.000000e+01
    endloop
  endfacet
  facet normal 0.000000e+00 -0.000000e+00 -1.000000e+00
    outer loop
      vertex   -3.474964e+01 4.178798e+00 1.000000e+01
      vertex   -3.267345e+01 2.855310e+00 1.000000e+01
      vertex   -3.493735e+01 2.093145e+00 1.000000e+01
    endloop
  endfacet
  facet normal 0.000000e+00 0.000000e+00 -1.000000e+00
    outer loop
      vertex   -3.493735e+01 2.093145e+00 1.000000e+01
      vertex   -3.267345e+01 2.855310e+00 1.000000e+01
      vertex   -3.304515e+01 1.965805e+00 1.000000e+01
    endloop
  endfacet
  facet normal 0.000000e+00 0.000000e+00 -1.000000e+00
    outer loop
      vertex   -3.493735e+01 2.093145e+00 1.000000e+01
      vertex   -3.304515e+01 1.965805e+00 1.000000e+01
      vertex   -3.330715e+01 1.038048e+00 1.000000e+01
    endloop
  endfacet
  facet normal 0.000000e+00 0.000000e+00 -1.000000e+00
    outer loop
      vertex   -3.267345e+01 2.855310e+00 1.000000e+01
      vertex   -3.474964e+01 4.178798e+00 1.000000e+01
      vertex   -3.219746e+01 3.693647e+00 1.000000e+01
    endloop
  endfacet
  facet normal 0.000000e+00 0.000000e+00 -1.000000e+00
    outer loop
      vertex   -3.219746e+01 3.693647e+00 1.000000e+01
      vertex   -3.474964e+01 4.178798e+00 1.000000e+01
      vertex   -3.443754e+01 6.249491e+00 1.000000e+01
    endloop
  endfacet
  facet normal 0.000000e+00 0.000000e+00 -1.000000e+00
    outer loop
      vertex   -3.219746e+01 3.693647e+00 1.000000e+01
      vertex   -3.443754e+01 6.249491e+00 1.000000e+01
      vertex   -3.162409e+01 4.468641e+00 1.000000e+01
    endloop
  endfacet
  facet normal 0.000000e+00 0.000000e+00 -1.000000e+00
    outer loop
      vertex   -3.162409e+01 4.468641e+00 1.000000e+01
      vertex   -3.443754e+01 6.249491e+00 1.000000e+01
      vertex   -3.096165e+01 5.169040e+00 1.000000e+01
    endloop
  endfacet
  facet normal 0.000000e+00 0.000000e+00 -1.000000e+00
    outer loop
      vertex   -3.096165e+01 5.169040e+00 1.000000e+01
      vertex   -3.443754e+01 6.249491e+00 1.000000e+01
      vertex   -3.400215e+01 8.297813e+00 1.000000e+01
    endloop
  endfacet
  facet normal 0.000000e+00 0.000000e+00 -1.000000e+00
    outer loop
      vertex   -3.276822e+01 1.229812e+01 1.000000e+01
      vertex   -3.197409e+01 1.423578e+01 1.000000e+01
      vertex   -2.399889e+01 1.263102e+01 1.000000e+01
    endloop
  endfacet
  facet normal 0.000000e+00 0.000000e+00 -1.000000e+00
    outer loop
      vertex   -2.768749e+01 2.141035e+01 1.000000e+01
      vertex   -2.635750e+01 2.302786e+01 1.000000e+01
      vertex   -1.991228e+01 2.040811e+01 1.000000e+01
    endloop
  endfacet
  facet normal 0.000000e+00 0.000000e+00 -1.000000e+00
    outer loop
      vertex   -1.991228e+01 2.040811e+01 1.000000e+01
      vertex   -2.635750e+01 2.302786e+01 1.000000e+01
      vertex   -2.009686e+01 2.135432e+01 1.000000e+01
    endloop
  endfacet
  facet normal 0.000000e+00 0.000000e+00 -1.000000e+00
    outer loop
      vertex   -2.009686e+01 2.135432e+01 1.000000e+01
      vertex   -2.635750e+01 2.302786e+01 1.000000e+01
      vertex   -2.016630e+01 2.231585e+01 1.000000e+01
    endloop
  endfacet
  facet normal 0.000000e+00 0.000000e+00 -1.000000e+00
    outer loop
      vertex   -2.016630e+01 2.231585e+01 1.000000e+01
      vertex   -2.635750e+01 2.302786e+01 1.000000e+01
      vertex   -2.493316e+01 2.456293e+01 1.000000e+01
    endloop
  endfacet
  facet normal 0.000000e+00 0.000000e+00 -1.000000e+00
    outer loop
      vertex   -2.016630e+01 2.231585e+01 1.000000e+01
      vertex   -2.493316e+01 2.456293e+01 1.000000e+01
      vertex   -2.011956e+01 2.327876e+01 1.000000e+01
    endloop
  endfacet
  facet normal 0.000000e+00 0.000000e+00 -1.000000e+00
    outer loop
      vertex   -2.011956e+01 2.327876e+01 1.000000e+01
      vertex   -2.493316e+01 2.456293e+01 1.000000e+01
      vertex   -2.341957e+01 2.601007e+01 1.000000e+01
    endloop
  endfacet
  facet normal 0.000000e+00 0.000000e+00 -1.000000e+00
    outer loop
      vertex   -2.011956e+01 2.327876e+01 1.000000e+01
      vertex   -2.341957e+01 2.601007e+01 1.000000e+01
      vertex   -1.995735e+01 2.422906e+01 1.000000e+01
    endloop
  endfacet
  facet normal 0.000000e+00 0.000000e+00 -1.000000e+00
    outer loop
      vertex   -1.995735e+01 2.422906e+01 1.000000e+01
      vertex   -2.341957e+01 2.601007e+01 1.000000e+01
      vertex   -1.968200e+01 2.515294e+01 1.000000e+01
    endloop
  endfacet
  facet normal 0.000000e+00 0.000000e+00 -1.000000e+00
    outer loop
      vertex   -1.968200e+01 2.515294e+01 1.000000e+01
      vertex   -2.341957e+01 2.601007e+01 1.000000e+01
      vertex   -2.182214e+01 2.736410e+01 1.000000e+01
    endloop
  endfacet
  facet normal 0.000000e+00 0.000000e+00 -1.000000e+00
    outer loop
      vertex   -1.968200e+01 2.515294e+01 1.000000e+01
      vertex   -2.182214e+01 2.736410e+01 1.000000e+01
      vertex   -1.929752e+01 2.603700e+01 1.000000e+01
    endloop
  endfacet
  facet normal 0.000000e+00 0.000000e+00 -1.000000e+00
    outer loop
      vertex   -1.929752e+01 2.603700e+01 1.000000e+01
      vertex   -2.182214e+01 2.736410e+01 1.000000e+01
      vertex   -1.880950e+01 2.686838e+01 1.000000e+01
    endloop
  endfacet
  facet normal 0.000000e+00 0.000000e+00 -1.000000e+00
    outer loop
      vertex   -1.880950e+01 2.686838e+01 1.000000e+01
      vertex   -2.182214e+01 2.736410e+01 1.000000e+01
      vertex   -2.014660e+01 2.862018e+01 1.000000e+01
    endloop
  endfacet
  facet normal 0.000000e+00 0.000000e+00 -1.000000e+00
    outer loop
      vertex   -1.880950e+01 2.686838e+01 1.000000e+01
      vertex   -2.014660e+01 2.862018e+01 1.000000e+01
      vertex   -1.822501e+01 2.763503e+01 1.000000e+01
    endloop
  endfacet
  facet normal 0.000000e+00 0.000000e+00 -1.000000e+00
    outer loop
      vertex   -1.822501e+01 2.763503e+01 1.000000e+01
      vertex   -2.014660e+01 2.862018e+01 1.000000e+01
      vertex   -1.839893e+01 2.977380e+01 1.000000e+01
    endloop
  endfacet
  facet normal 0.000000e+00 0.000000e+00 -1.000000e+00
    outer loop
      vertex   -1.822501e+01 2.763503e+01 1.000000e+01
      vertex   -1.839893e+01 2.977380e+01 1.000000e+01
      vertex   -1.755255e+01 2.832581e+01 1.000000e+01
    endloop
  endfacet
  facet normal 0.000000e+00 0.000000e+00 -1.000000e+00
    outer loop
      vertex   -1.755255e+01 2.832581e+01 1.000000e+01
      vertex   -1.839893e+01 2.977380e+01 1.000000e+01
      vertex   -1.680188e+01 2.893068e+01 1.000000e+01
    endloop
  endfacet
  facet normal 0.000000e+00 0.000000e+00 -1.000000e+00
    outer loop
      vertex   -1.680188e+01 2.893068e+01 1.000000e+01
      vertex   -1.839893e+01 2.977380e+01 1.000000e+01
      vertex   -1.658540e+01 3.082084e+01 1.000000e+01
    endloop
  endfacet
  facet normal 0.000000e+00 0.000000e+00 -1.000000e+00
    outer loop
      vertex   -1.680188e+01 2.893068e+01 1.000000e+01
      vertex   -1.658540e+01 3.082084e+01 1.000000e+01
      vertex   -1.598390e+01 2.944087e+01 1.000000e+01
    endloop
  endfacet
  facet normal 0.000000e+00 0.000000e+00 -1.000000e+00
    outer loop
      vertex   -1.598390e+01 2.944087e+01 1.000000e+01
      vertex   -1.658540e+01 3.082084e+01 1.000000e+01
      vertex   -1.423476e+01 3.032526e+01 1.000000e+01
    endloop
  endfacet
  facet normal 0.000000e+00 0.000000e+00 -1.000000e+00
    outer loop
      vertex   -1.423476e+01 3.032526e+01 1.000000e+01
      vertex   -1.658540e+01 3.082084e+01 1.000000e+01
      vertex   -1.471250e+01 3.175755e+01 1.000000e+01
    endloop
  endfacet
  facet normal 0.000000e+00 0.000000e+00 -1.000000e+00
    outer loop
      vertex   -1.423476e+01 3.032526e+01 1.000000e+01
      vertex   -1.471250e+01 3.175755e+01 1.000000e+01
      vertex   -1.243689e+01 3.110585e+01 1.000000e+01
    endloop
  endfacet
  facet normal 0.000000e+00 0.000000e+00 -1.000000e+00
    outer loop
      vertex   -1.243689e+01 3.110585e+01 1.000000e+01
      vertex   -1.471250e+01 3.175755e+01 1.000000e+01
      vertex   -1.278694e+01 3.258058e+01 1.000000e+01
    endloop
  endfacet
  facet normal 0.000000e+00 0.000000e+00 -1.000000e+00
    outer loop
      vertex   -1.243689e+01 3.110585e+01 1.000000e+01
      vertex   -1.278694e+01 3.258058e+01 1.000000e+01
      vertex   -1.059645e+01 3.177995e+01 1.000000e+01
    endloop
  endfacet
  facet normal 0.000000e+00 0.000000e+00 -1.000000e+00
    outer loop
      vertex   -1.059645e+01 3.177995e+01 1.000000e+01
      vertex   -1.278694e+01 3.258058e+01 1.000000e+01
      vertex   -1.081559e+01 3.328698e+01 1.000000e+01
    endloop
  endfacet
  facet normal 0.000000e+00 0.000000e+00 -1.000000e+00
    outer loop
      vertex   -1.059645e+01 3.177995e+01 1.000000e+01
      vertex   -1.081559e+01 3.328698e+01 1.000000e+01
      vertex   -8.719728e+00 3.234527e+01 1.000000e+01
    endloop
  endfacet
  facet normal 0.000000e+00 0.000000e+00 -1.000000e+00
    outer loop
      vertex   -8.719728e+00 3.234527e+01 1.000000e+01
      vertex   -1.081559e+01 3.328698e+01 1.000000e+01
      vertex   -8.805537e+00 3.387422e+01 1.000000e+01
    endloop
  endfacet
  facet normal 0.000000e+00 0.000000e+00 -1.000000e+00
    outer loop
      vertex   -8.719728e+00 3.234527e+01 1.000000e+01
      vertex   -8.805537e+00 3.387422e+01 1.000000e+01
      vertex   -6.813161e+00 3.279986e+01 1.000000e+01
    endloop
  endfacet
  facet normal 0.000000e+00 0.000000e+00 -1.000000e+00
    outer loop
      vertex   -6.813161e+00 3.279986e+01 1.000000e+01
      vertex   -8.805537e+00 3.387422e+01 1.000000e+01
      vertex   -6.763957e+00 3.434019e+01 1.000000e+01
    endloop
  endfacet
  facet normal 0.000000e+00 0.000000e+00 -1.000000e+00
    outer loop
      vertex   -6.813161e+00 3.279986e+01 1.000000e+01
      vertex   -6.763957e+00 3.434019e+01 1.000000e+01
      vertex   -4.883271e+00 3.314217e+01 1.000000e+01
    endloop
  endfacet
  facet normal 0.000000e+00 0.000000e+00 -1.000000e+00
    outer loop
      vertex   -4.883271e+00 3.314217e+01 1.000000e+01
      vertex   -6.763957e+00 3.434019e+01 1.000000e+01
      vertex   -4.698164e+00 3.468324e+01 1.000000e+01
    endloop
  endfacet
  facet normal 0.000000e+00 0.000000e+00 -1.000000e+00
    outer loop
      vertex   -4.883271e+00 3.314217e+01 1.000000e+01
      vertex   -4.698164e+00 3.468324e+01 1.000000e+01
      vertex   -2.936665e+00 3.337104e+01 1.000000e+01
    endloop
  endfacet
  facet normal 0.000000e+00 0.000000e+00 -1.000000e+00
    outer loop
      vertex   -2.936665e+00 3.337104e+01 1.000000e+01
      vertex   -4.698164e+00 3.468324e+01 1.000000e+01
      vertex   -2.615553e+00 3.490213e+01 1.000000e+01
    endloop
  endfacet
  facet normal 0.000000e+00 0.000000e+00 -1.000000e+00
    outer loop
      vertex   -2.936665e+00 3.337104e+01 1.000000e+01
      vertex   -2.615553e+00 3.490213e+01 1.000000e+01
      vertex   -9.800066e-01 3.348566e+01 1.000000e+01
    endloop
  endfacet
  facet normal 0.000000e+00 0.000000e+00 -1.000000e+00
    outer loop
      vertex   -9.800066e-01 3.348566e+01 1.000000e+01
      vertex   -2.615553e+00 3.490213e+01 1.000000e+01
      vertex   -5.235792e-01 3.499608e+01 1.000000e+01
    endloop
  endfacet
  facet normal 0.000000e+00 0.000000e+00 -1.000000e+00
    outer loop
      vertex   -9.800066e-01 3.348566e+01 1.000000e+01
      vertex   -5.235792e-01 3.499608e+01 1.000000e+01
      vertex   9.800066e-01 3.348566e+01 1.000000e+01
    endloop
  endfacet
  facet normal 0.000000e+00 0.000000e+00 -1.000000e+00
    outer loop
      vertex   9.800066e-01 3.348566e+01 1.000000e+01
      vertex   -5.235792e-01 3.499608e+01 1.000000e+01
      vertex   1.570269e+00 3.496476e+01 1.000000e+01
    endloop
  endfacet
  facet normal 0.000000e+00 0.000000e+00 -1.000000e+00
    outer loop
      vertex   9.800066e-01 3.348566e+01 1.000000e+01
      vertex   1.570269e+00 3.496476e+01 1.000000e+01
      vertex   2.936665e+00 3.337104e+01 1.000000e+01
    endloop
  endfacet
  facet normal 0.000000e+00 0.000000e+00 -1.000000e+00
    outer loop
      vertex   2.936665e+00 3.337104e+01 1.000000e+01
      vertex   1.570269e+00 3.496476e+01 1.000000e+01
      vertex   3.658496e+00 3.480827e+01 1.000000e+01
    endloop
  endfacet
  facet normal 0.000000e+00 0.000000e+00 -1.000000e+00
    outer loop
      vertex   2.936665e+00 3.337104e+01 1.000000e+01
      vertex   3.658496e+00 3.480827e+01 1.000000e+01
      vertex   4.883271e+00 3.314217e+01 1.000000e+01
    endloop
  endfacet
  facet normal 0.000000e+00 0.000000e+00 -1.000000e+00
    outer loop
      vertex   4.883271e+00 3.314217e+01 1.000000e+01
      vertex   3.658496e+00 3.480827e+01 1.000000e+01
      vertex   5.733627e+00 3.452717e+01 1.000000e+01
    endloop
  endfacet
  facet normal 0.000000e+00 0.000000e+00 -1.000000e+00
    outer loop
      vertex   4.883271e+00 3.314217e+01 1.000000e+01
      vertex   5.733627e+00 3.452717e+01 1.000000e+01
      vertex   6.813161e+00 3.279986e+01 1.000000e+01
    endloop
  endfacet
  facet normal 0.000000e+00 0.000000e+00 -1.000000e+00
    outer loop
      vertex   6.813161e+00 3.279986e+01 1.000000e+01
      vertex   5.733627e+00 3.452717e+01 1.000000e+01
      vertex   7.788233e+00 3.412248e+01 1.000000e+01
    endloop
  endfacet
  facet normal 0.000000e+00 0.000000e+00 -1.000000e+00
    outer loop
      vertex   6.813161e+00 3.279986e+01 1.000000e+01
      vertex   7.788233e+00 3.412248e+01 1.000000e+01
      vertex   8.719728e+00 3.234527e+01 1.000000e+01
    endloop
  endfacet
  facet normal 0.000000e+00 0.000000e+00 -1.000000e+00
    outer loop
      vertex   8.719728e+00 3.234527e+01 1.000000e+01
      vertex   7.788233e+00 3.412248e+01 1.000000e+01
      vertex   9.814959e+00 3.359563e+01 1.000000e+01
    endloop
  endfacet
  facet normal 0.000000e+00 0.000000e+00 -1.000000e+00
    outer loop
      vertex   8.719728e+00 3.234527e+01 1.000000e+01
      vertex   9.814959e+00 3.359563e+01 1.000000e+01
      vertex   1.059645e+01 3.177995e+01 1.000000e+01
    endloop
  endfacet
  facet normal 0.000000e+00 0.000000e+00 -1.000000e+00
    outer loop
      vertex   1.059645e+01 3.177995e+01 1.000000e+01
      vertex   9.814959e+00 3.359563e+01 1.000000e+01
      vertex   1.180655e+01 3.294853e+01 1.000000e+01
    endloop
  endfacet
  facet normal 0.000000e+00 0.000000e+00 -1.000000e+00
    outer loop
      vertex   1.059645e+01 3.177995e+01 1.000000e+01
      vertex   1.180655e+01 3.294853e+01 1.000000e+01
      vertex   1.243689e+01 3.110585e+01 1.000000e+01
    endloop
  endfacet
  facet normal 0.000000e+00 0.000000e+00 -1.000000e+00
    outer loop
      vertex   1.243689e+01 3.110585e+01 1.000000e+01
      vertex   1.180655e+01 3.294853e+01 1.000000e+01
      vertex   1.375588e+01 3.218347e+01 1.000000e+01
    endloop
  endfacet
  facet normal 0.000000e+00 0.000000e+00 -1.000000e+00
    outer loop
      vertex   1.243689e+01 3.110585e+01 1.000000e+01
      vertex   1.375588e+01 3.218347e+01 1.000000e+01
      vertex   1.423476e+01 3.032526e+01 1.000000e+01
    endloop
  endfacet
  facet normal 0.000000e+00 0.000000e+00 -1.000000e+00
    outer loop
      vertex   1.423476e+01 3.032526e+01 1.000000e+01
      vertex   1.375588e+01 3.218347e+01 1.000000e+01
      vertex   1.565596e+01 3.130321e+01 1.000000e+01
    endloop
  endfacet
  facet normal 0.000000e+00 0.000000e+00 -1.000000e+00
    outer loop
      vertex   1.423476e+01 3.032526e+01 1.000000e+01
      vertex   1.565596e+01 3.130321e+01 1.000000e+01
      vertex   1.598390e+01 2.944087e+01 1.000000e+01
    endloop
  endfacet
  facet normal 0.000000e+00 0.000000e+00 -1.000000e+00
    outer loop
      vertex   1.598390e+01 2.944087e+01 1.000000e+01
      vertex   1.565596e+01 3.130321e+01 1.000000e+01
      vertex   1.750000e+01 3.031089e+01 1.000000e+01
    endloop
  endfacet
  facet normal 0.000000e+00 0.000000e+00 -1.000000e+00
    outer loop
      vertex   1.598390e+01 2.944087e+01 1.000000e+01
      vertex   1.750000e+01 3.031089e+01 1.000000e+01
      vertex   1.680188e+01 2.893068e+01 1.000000e+01
    endloop
  endfacet
  facet normal 0.000000e+00 0.000000e+00 -1.000000e+00
    outer loop
      vertex   1.680188e+01 2.893068e+01 1.000000e+01
      vertex   1.750000e+01 3.031089e+01 1.000000e+01
      vertex   1.755255e+01 2.832581e+01 1.000000e+01
    endloop
  endfacet
  facet normal 0.000000e+00 0.000000e+00 -1.000000e+00
    outer loop
      vertex   1.755255e+01 2.832581e+01 1.000000e+01
      vertex   1.750000e+01 3.031089e+01 1.000000e+01
      vertex   1.928139e+01 2.921006e+01 1.000000e+01
    endloop
  endfacet
  facet normal 0.000000e+00 0.000000e+00 -1.000000e+00
    outer loop
      vertex   1.755255e+01 2.832581e+01 1.000000e+01
      vertex   1.928139e+01 2.921006e+01 1.000000e+01
      vertex   1.822501e+01 2.763503e+01 1.000000e+01
    endloop
  endfacet
  facet normal 0.000000e+00 0.000000e+00 -1.000000e+00
    outer loop
      vertex   1.822501e+01 2.763503e+01 1.000000e+01
      vertex   1.928139e+01 2.921006e+01 1.000000e+01
      vertex   1.880950e+01 2.686838e+01 1.000000e+01
    endloop
  endfacet
  facet normal 0.000000e+00 0.000000e+00 -1.000000e+00
    outer loop
      vertex   1.880950e+01 2.686838e+01 1.000000e+01
      vertex   1.928139e+01 2.921006e+01 1.000000e+01
      vertex   2.099377e+01 2.800467e+01 1.000000e+01
    endloop
  endfacet
  facet normal 0.000000e+00 0.000000e+00 -1.000000e+00
    outer loop
      vertex   1.880950e+01 2.686838e+01 1.000000e+01
      vertex   2.099377e+01 2.800467e+01 1.000000e+01
      vertex   1.929752e+01 2.603700e+01 1.000000e+01
    endloop
  endfacet
  facet normal 0.000000e+00 0.000000e+00 -1.000000e+00
    outer loop
      vertex   1.929752e+01 2.603700e+01 1.000000e+01
      vertex   2.099377e+01 2.800467e+01 1.000000e+01
      vertex   2.263099e+01 2.669904e+01 1.000000e+01
    endloop
  endfacet
  facet normal 0.000000e+00 0.000000e+00 -1.000000e+00
    outer loop
      vertex   1.929752e+01 2.603700e+01 1.000000e+01
      vertex   2.263099e+01 2.669904e+01 1.000000e+01
      vertex   1.968200e+01 2.515294e+01 1.000000e+01
    endloop
  endfacet
  facet normal 0.000000e+00 0.000000e+00 -1.000000e+00
    outer loop
      vertex   1.968200e+01 2.515294e+01 1.000000e+01
      vertex   2.263099e+01 2.669904e+01 1.000000e+01
      vertex   1.995735e+01 2.422906e+01 1.000000e+01
    endloop
  endfacet
  facet normal 0.000000e+00 0.000000e+00 -1.000000e+00
    outer loop
      vertex   1.995735e+01 2.422906e+01 1.000000e+01
      vertex   2.263099e+01 2.669904e+01 1.000000e+01
      vertex   2.418719e+01 2.529782e+01 1.000000e+01
    endloop
  endfacet
  facet normal 0.000000e+00 0.000000e+00 -1.000000e+00
    outer loop
      vertex   1.995735e+01 2.422906e+01 1.000000e+01
      vertex   2.418719e+01 2.529782e+01 1.000000e+01
      vertex   2.011956e+01 2.327876e+01 1.000000e+01
    endloop
  endfacet
  facet normal 0.000000e+00 0.000000e+00 -1.000000e+00
    outer loop
      vertex   2.011956e+01 2.327876e+01 1.000000e+01
      vertex   2.418719e+01 2.529782e+01 1.000000e+01
      vertex   2.016630e+01 2.231585e+01 1.000000e+01
    endloop
  endfacet
  facet normal 0.000000e+00 0.000000e+00 -1.000000e+00
    outer loop
      vertex   2.016630e+01 2.231585e+01 1.000000e+01
      vertex   2.418719e+01 2.529782e+01 1.000000e+01
      vertex   2.565682e+01 2.380605e+01 1.000000e+01
    endloop
  endfacet
  facet normal 0.000000e+00 -0.000000e+00 -1.000000e+00
    outer loop
      vertex   2.016630e+01 2.231585e+01 1.000000e+01
      vertex   2.565682e+01 2.380605e+01 1.000000e+01
      vertex   2.009686e+01 2.135432e+01 1.000000e+01
    endloop
  endfacet
  facet normal 0.000000e+00 0.000000e+00 -1.000000e+00
    outer loop
      vertex   2.009686e+01 2.135432e+01 1.000000e+01
      vertex   2.565682e+01 2.380605e+01 1.000000e+01
      vertex   2.703459e+01 2.222905e+01 1.000000e+01
    endloop
  endfacet
  facet normal -0.000000e+00 0.000000e+00 -1.000000e+00
    outer loop
      vertex   3.373870e+01 9.311290e+00 1.000000e+01
      vertex   2.940925e+01 6.306597e+00 1.000000e+01
      vertex   3.312146e+01 1.131234e+01 1.000000e+01
    endloop
  endfacet
  facet normal 0.000000e+00 0.000000e+00 -1.000000e+00
    outer loop
      vertex   3.312146e+01 1.131234e+01 1.000000e+01
      vertex   2.940925e+01 6.306597e+00 1.000000e+01
      vertex   2.854181e+01 6.727236e+00 1.000000e+01
    endloop
  endfacet
  facet normal 0.000000e+00 0.000000e+00 -1.000000e+00
    outer loop
      vertex   3.312146e+01 1.131234e+01 1.000000e+01
      vertex   2.854181e+01 6.727236e+00 1.000000e+01
      vertex   2.763008e+01 7.040480e+00 1.000000e+01
    endloop
  endfacet
  facet normal 0.000000e+00 0.000000e+00 -1.000000e+00
    outer loop
      vertex   2.940925e+01 6.306597e+00 1.000000e+01
      vertex   3.373870e+01 9.311290e+00 1.000000e+01
      vertex   3.021978e+01 5.784672e+00 1.000000e+01
    endloop
  endfacet
  facet normal 0.000000e+00 0.000000e+00 -1.000000e+00
    outer loop
      vertex   3.021978e+01 5.784672e+00 1.000000e+01
      vertex   3.373870e+01 9.311290e+00 1.000000e+01
      vertex   3.423517e+01 7.276909e+00 1.000000e+01
    endloop
  endfacet
  facet normal 0.000000e+00 0.000000e+00 -1.000000e+00
    outer loop
      vertex   3.021978e+01 5.784672e+00 1.000000e+01
      vertex   3.423517e+01 7.276909e+00 1.000000e+01
      vertex   3.096165e+01 5.169040e+00 1.000000e+01
    endloop
  endfacet
  facet normal 0.000000e+00 0.000000e+00 -1.000000e+00
    outer loop
      vertex   3.096165e+01 5.169040e+00 1.000000e+01
      vertex   3.423517e+01 7.276909e+00 1.000000e+01
      vertex   3.162409e+01 4.468641e+00 1.000000e+01
    endloop
  endfacet
  facet normal 0.000000e+00 0.000000e+00 -1.000000e+00
    outer loop
      vertex   3.162409e+01 4.468641e+00 1.000000e+01
      vertex   3.423517e+01 7.276909e+00 1.000000e+01
      vertex   3.460908e+01 5.216479e+00 1.000000e+01
    endloop
  endfacet
  facet normal 0.000000e+00 0.000000e+00 -1.000000e+00
    outer loop
      vertex   3.162409e+01 4.468641e+00 1.000000e+01
      vertex   3.460908e+01 5.216479e+00 1.000000e+01
      vertex   3.219746e+01 3.693647e+00 1.000000e+01
    endloop
  endfacet
  facet normal 0.000000e+00 0.000000e+00 -1.000000e+00
    outer loop
      vertex   3.219746e+01 3.693647e+00 1.000000e+01
      vertex   3.460908e+01 5.216479e+00 1.000000e+01
      vertex   3.267345e+01 2.855310e+00 1.000000e+01
    endloop
  endfacet
  facet normal 0.000000e+00 0.000000e+00 -1.000000e+00
    outer loop
      vertex   3.267345e+01 2.855310e+00 1.000000e+01
      vertex   3.460908e+01 5.216479e+00 1.000000e+01
      vertex   3.485910e+01 3.137376e+00 1.000000e+01
    endloop
  endfacet
  facet normal 0.000000e+00 0.000000e+00 -1.000000e+00
    outer loop
      vertex   3.267345e+01 2.855310e+00 1.000000e+01
      vertex   3.485910e+01 3.137376e+00 1.000000e+01
      vertex   3.304515e+01 1.965805e+00 1.000000e+01
    endloop
  endfacet
  facet normal 0.000000e+00 0.000000e+00 -1.000000e+00
    outer loop
      vertex   3.304515e+01 1.965805e+00 1.000000e+01
      vertex   3.485910e+01 3.137376e+00 1.000000e+01
      vertex   3.498434e+01 1.047041e+00 1.000000e+01
    endloop
  endfacet
  facet normal 0.000000e+00 0.000000e+00 -1.000000e+00
    outer loop
      vertex   3.304515e+01 1.965805e+00 1.000000e+01
      vertex   3.498434e+01 1.047041e+00 1.000000e+01
      vertex   3.330715e+01 1.038048e+00 1.000000e+01
    endloop
  endfacet
  facet normal 0.000000e+00 0.000000e+00 -1.000000e+00
    outer loop
      vertex   3.330715e+01 1.038048e+00 1.000000e+01
      vertex   3.498434e+01 1.047041e+00 1.000000e+01
      vertex   3.345565e+01 8.551332e-02 1.000000e+01
    endloop
  endfacet
  facet normal 0.000000e+00 0.000000e+00 -1.000000e+00
    outer loop
      vertex   3.345565e+01 8.551332e-02 1.000000e+01
      vertex   3.498434e+01 1.047041e+00 1.000000e+01
      vertex   3.498434e+01 -1.047041e+00 1.000000e+01
    endloop
  endfacet
  facet normal 0.000000e+00 0.000000e+00 -1.000000e+00
    outer loop
      vertex   3.345565e+01 8.551332e-02 1.000000e+01
      vertex   3.498434e+01 -1.047041e+00 1.000000e+01
      vertex   3.348849e+01 -8.779683e-01 1.000000e+01
    endloop
  endfacet
  facet normal 0.000000e+00 -0.000000e+00 -1.000000e+00
    outer loop
      vertex   3.348849e+01 -8.779683e-01 1.000000e+01
      vertex   3.498434e+01 -1.047041e+00 1.000000e+01
      vertex   3.337983e+01 -2.834967e+00 1.000000e+01
    endloop
  endfacet
  facet normal 0.000000e+00 0.000000e+00 -1.000000e+00
    outer loop
      vertex   3.337983e+01 -2.834967e+00 1.000000e+01
      vertex   3.498434e+01 -1.047041e+00 1.000000e+01
      vertex   3.485910e+01 -3.137376e+00 1.000000e+01
    endloop
  endfacet
  facet normal 0.000000e+00 -0.000000e+00 -1.000000e+00
    outer loop
      vertex   3.337983e+01 -2.834967e+00 1.000000e+01
      vertex   3.485910e+01 -3.137376e+00 1.000000e+01
      vertex   3.315690e+01 -4.782261e+00 1.000000e+01
    endloop
  endfacet
  facet normal 0.000000e+00 0.000000e+00 -1.000000e+00
    outer loop
      vertex   3.315690e+01 -4.782261e+00 1.000000e+01
      vertex   3.485910e+01 -3.137376e+00 1.000000e+01
      vertex   3.460908e+01 -5.216479e+00 1.000000e+01
    endloop
  endfacet
  facet normal 0.000000e+00 -0.000000e+00 -1.000000e+00
    outer loop
      vertex   3.315690e+01 -4.782261e+00 1.000000e+01
      vertex   3.460908e+01 -5.216479e+00 1.000000e+01
      vertex   3.282047e+01 -6.713185e+00 1.000000e+01
    endloop
  endfacet
  facet normal 0.000000e+00 0.000000e+00 -1.000000e+00
    outer loop
      vertex   3.282047e+01 -6.713185e+00 1.000000e+01
      vertex   3.460908e+01 -5.216479e+00 1.000000e+01
      vertex   3.423517e+01 -7.276909e+00 1.000000e+01
    endloop
  endfacet
  facet normal 0.000000e+00 -0.000000e+00 -1.000000e+00
    outer loop
      vertex   3.282047e+01 -6.713185e+00 1.000000e+01
      vertex   3.423517e+01 -7.276909e+00 1.000000e+01
      vertex   3.237169e+01 -8.621128e+00 1.000000e+01
    endloop
  endfacet
  facet normal 0.000000e+00 0.000000e+00 -1.000000e+00
    outer loop
      vertex   3.237169e+01 -8.621128e+00 1.000000e+01
      vertex   3.423517e+01 -7.276909e+00 1.000000e+01
      vertex   3.373870e+01 -9.311290e+00 1.000000e+01
    endloop
  endfacet
  facet normal 0.000000e+00 -0.000000e+00 -1.000000e+00
    outer loop
      vertex   3.237169e+01 -8.621128e+00 1.000000e+01
      vertex   3.373870e+01 -9.311290e+00 1.000000e+01
      vertex   3.181209e+01 -1.049956e+01 1.000000e+01
    endloop
  endfacet
  facet normal 0.000000e+00 0.000000e+00 -1.000000e+00
    outer loop
      vertex   3.181209e+01 -1.049956e+01 1.000000e+01
      vertex   3.373870e+01 -9.311290e+00 1.000000e+01
      vertex   3.312146e+01 -1.131234e+01 1.000000e+01
    endloop
  endfacet
  facet normal 0.000000e+00 -0.000000e+00 -1.000000e+00
    outer loop
      vertex   3.181209e+01 -1.049956e+01 1.000000e+01
      vertex   3.312146e+01 -1.131234e+01 1.000000e+01
      vertex   3.114360e+01 -1.234205e+01 1.000000e+01
    endloop
  endfacet
  facet normal 0.000000e+00 0.000000e+00 -1.000000e+00
    outer loop
      vertex   3.114360e+01 -1.234205e+01 1.000000e+01
      vertex   3.312146e+01 -1.131234e+01 1.000000e+01
      vertex   3.238565e+01 -1.327289e+01 1.000000e+01
    endloop
  endfacet
  facet normal 0.000000e+00 -0.000000e+00 -1.000000e+00
    outer loop
      vertex   3.114360e+01 -1.234205e+01 1.000000e+01
      vertex   3.238565e+01 -1.327289e+01 1.000000e+01
      vertex   3.036850e+01 -1.414229e+01 1.000000e+01
    endloop
  endfacet
  facet normal 0.000000e+00 0.000000e+00 -1.000000e+00
    outer loop
      vertex   3.036850e+01 -1.414229e+01 1.000000e+01
      vertex   3.238565e+01 -1.327289e+01 1.000000e+01
      vertex   3.153391e+01 -1.518593e+01 1.000000e+01
    endloop
  endfacet
  facet normal 0.000000e+00 -0.000000e+00 -1.000000e+00
    outer loop
      vertex   3.036850e+01 -1.414229e+01 1.000000e+01
      vertex   3.153391e+01 -1.518593e+01 1.000000e+01
      vertex   2.948944e+01 -1.589412e+01 1.000000e+01
    endloop
  endfacet
  facet normal 0.000000e+00 0.000000e+00 -1.000000e+00
    outer loop
      vertex   2.948944e+01 -1.589412e+01 1.000000e+01
      vertex   3.153391e+01 -1.518593e+01 1.000000e+01
      vertex   3.056929e+01 -1.704461e+01 1.000000e+01
    endloop
  endfacet
  facet normal 0.000000e+00 -0.000000e+00 -1.000000e+00
    outer loop
      vertex   2.948944e+01 -1.589412e+01 1.000000e+01
      vertex   3.056929e+01 -1.704461e+01 1.000000e+01
      vertex   2.850943e+01 -1.759154e+01 1.000000e+01
    endloop
  endfacet
  facet normal 0.000000e+00 0.000000e+00 -1.000000e+00
    outer loop
      vertex   2.850943e+01 -1.759154e+01 1.000000e+01
      vertex   3.056929e+01 -1.704461e+01 1.000000e+01
      vertex   2.949523e+01 -1.884227e+01 1.000000e+01
    endloop
  endfacet
  facet normal 0.000000e+00 -0.000000e+00 -1.000000e+00
    outer loop
      vertex   2.850943e+01 -1.759154e+01 1.000000e+01
      vertex   2.949523e+01 -1.884227e+01 1.000000e+01
      vertex   2.743183e+01 -1.922874e+01 1.000000e+01
    endloop
  endfacet
  facet normal 0.000000e+00 0.000000e+00 -1.000000e+00
    outer loop
      vertex   2.743183e+01 -1.922874e+01 1.000000e+01
      vertex   2.949523e+01 -1.884227e+01 1.000000e+01
      vertex   2.831559e+01 -2.057248e+01 1.000000e+01
    endloop
  endfacet
  facet normal 0.000000e+00 -0.000000e+00 -1.000000e+00
    outer loop
      vertex   2.743183e+01 -1.922874e+01 1.000000e+01
      vertex   2.831559e+01 -2.057248e+01 1.000000e+01
      vertex   2.626033e+01 -2.080012e+01 1.000000e+01
    endloop
  endfacet
  facet normal 0.000000e+00 0.000000e+00 -1.000000e+00
    outer loop
      vertex   2.626033e+01 -2.080012e+01 1.000000e+01
      vertex   2.831559e+01 -2.057248e+01 1.000000e+01
      vertex   2.703459e+01 -2.222905e+01 1.000000e+01
    endloop
  endfacet
  facet normal 0.000000e+00 -0.000000e+00 -1.000000e+00
    outer loop
      vertex   2.626033e+01 -2.080012e+01 1.000000e+01
      vertex   2.703459e+01 -2.222905e+01 1.000000e+01
      vertex   2.499893e+01 -2.230030e+01 1.000000e+01
    endloop
  endfacet
  facet normal 0.000000e+00 0.000000e+00 -1.000000e+00
    outer loop
      vertex   2.499893e+01 -2.230030e+01 1.000000e+01
      vertex   2.703459e+01 -2.222905e+01 1.000000e+01
      vertex   2.565682e+01 -2.380605e+01 1.000000e+01
    endloop
  endfacet
  facet normal 0.000000e+00 -0.000000e+00 -1.000000e+00
    outer loop
      vertex   2.499893e+01 -2.230030e+01 1.000000e+01
      vertex   2.565682e+01 -2.380605e+01 1.000000e+01
      vertex   2.365196e+01 -2.372414e+01 1.000000e+01
    endloop
  endfacet
  facet normal 0.000000e+00 0.000000e+00 -1.000000e+00
    outer loop
      vertex   2.365196e+01 -2.372414e+01 1.000000e+01
      vertex   2.565682e+01 -2.380605e+01 1.000000e+01
      vertex   2.418719e+01 -2.529782e+01 1.000000e+01
    endloop
  endfacet
  facet normal 0.000000e+00 -0.000000e+00 -1.000000e+00
    outer loop
      vertex   2.365196e+01 -2.372414e+01 1.000000e+01
      vertex   2.418719e+01 -2.529782e+01 1.000000e+01
      vertex   2.222402e+01 -2.506677e+01 1.000000e+01
    endloop
  endfacet
  facet normal 0.000000e+00 0.000000e+00 -1.000000e+00
    outer loop
      vertex   2.222402e+01 -2.506677e+01 1.000000e+01
      vertex   2.418719e+01 -2.529782e+01 1.000000e+01
      vertex   2.263099e+01 -2.669904e+01 1.000000e+01
    endloop
  endfacet
  facet normal 0.000000e+00 -0.000000e+00 -1.000000e+00
    outer loop
      vertex   2.222402e+01 -2.506677e+01 1.000000e+01
      vertex   2.263099e+01 -2.669904e+01 1.000000e+01
      vertex   2.072001e+01 -2.632359e+01 1.000000e+01
    endloop
  endfacet
  facet normal 0.000000e+00 0.000000e+00 -1.000000e+00
    outer loop
      vertex   2.072001e+01 -2.632359e+01 1.000000e+01
      vertex   2.263099e+01 -2.669904e+01 1.000000e+01
      vertex   2.099377e+01 -2.800467e+01 1.000000e+01
    endloop
  endfacet
  facet normal 0.000000e+00 -0.000000e+00 -1.000000e+00
    outer loop
      vertex   2.072001e+01 -2.632359e+01 1.000000e+01
      vertex   2.099377e+01 -2.800467e+01 1.000000e+01
      vertex   1.914507e+01 -2.749030e+01 1.000000e+01
    endloop
  endfacet
  facet normal 0.000000e+00 0.000000e+00 -1.000000e+00
    outer loop
      vertex   1.914507e+01 -2.749030e+01 1.000000e+01
      vertex   2.099377e+01 -2.800467e+01 1.000000e+01
      vertex   1.928139e+01 -2.921006e+01 1.000000e+01
    endloop
  endfacet
  facet normal 0.000000e+00 -0.000000e+00 -1.000000e+00
    outer loop
      vertex   1.914507e+01 -2.749030e+01 1.000000e+01
      vertex   1.928139e+01 -2.921006e+01 1.000000e+01
      vertex   1.750459e+01 -2.856290e+01 1.000000e+01
    endloop
  endfacet
  facet normal 0.000000e+00 -0.000000e+00 -1.000000e+00
    outer loop
      vertex   1.750459e+01 -2.856290e+01 1.000000e+01
      vertex   1.928139e+01 -2.921006e+01 1.000000e+01
      vertex   1.750000e+01 -3.031089e+01 1.000000e+01
    endloop
  endfacet
  facet normal 0.000000e+00 0.000000e+00 -1.000000e+00
    outer loop
      vertex   1.750459e+01 -2.856290e+01 1.000000e+01
      vertex   1.750000e+01 -3.031089e+01 1.000000e+01
      vertex   1.665377e+01 -2.901620e+01 1.000000e+01
    endloop
  endfacet
  facet normal 0.000000e+00 -0.000000e+00 -1.000000e+00
    outer loop
      vertex   1.665377e+01 -2.901620e+01 1.000000e+01
      vertex   1.750000e+01 -3.031089e+01 1.000000e+01
      vertex   1.575460e+01 -2.936386e+01 1.000000e+01
    endloop
  endfacet
  facet normal 0.000000e+00 -0.000000e+00 -1.000000e+00
    outer loop
      vertex   1.575460e+01 -2.936386e+01 1.000000e+01
      vertex   1.750000e+01 -3.031089e+01 1.000000e+01
      vertex   1.565596e+01 -3.130321e+01 1.000000e+01
    endloop
  endfacet
  facet normal 0.000000e+00 0.000000e+00 -1.000000e+00
    outer loop
      vertex   1.575460e+01 -2.936386e+01 1.000000e+01
      vertex   1.565596e+01 -3.130321e+01 1.000000e+01
      vertex   1.482014e+01 -2.960084e+01 1.000000e+01
    endloop
  endfacet
  facet normal 0.000000e+00 -0.000000e+00 -1.000000e+00
    outer loop
      vertex   1.482014e+01 -2.960084e+01 1.000000e+01
      vertex   1.565596e+01 -3.130321e+01 1.000000e+01
      vertex   1.386395e+01 -2.972369e+01 1.000000e+01
    endloop
  endfacet
  facet normal 0.000000e+00 -0.000000e+00 -1.000000e+00
    outer loop
      vertex   1.386395e+01 -2.972369e+01 1.000000e+01
      vertex   1.565596e+01 -3.130321e+01 1.000000e+01
      vertex   1.375588e+01 -3.218347e+01 1.000000e+01
    endloop
  endfacet
  facet normal 0.000000e+00 0.000000e+00 -1.000000e+00
    outer loop
      vertex   1.386395e+01 -2.972369e+01 1.000000e+01
      vertex   1.375588e+01 -3.218347e+01 1.000000e+01
      vertex   1.289994e+01 -2.973064e+01 1.000000e+01
    endloop
  endfacet
  facet normal 0.000000e+00 -0.000000e+00 -1.000000e+00
    outer loop
      vertex   1.289994e+01 -2.973064e+01 1.000000e+01
      vertex   1.375588e+01 -3.218347e+01 1.000000e+01
      vertex   1.180655e+01 -3.294853e+01 1.000000e+01
    endloop
  endfacet
  facet normal -0.000000e+00 0.000000e+00 -1.000000e+00
    outer loop
      vertex   1.289994e+01 -2.973064e+01 1.000000e+01
      vertex   1.180655e+01 -3.294853e+01 1.000000e+01
      vertex   1.194209e+01 -2.962158e+01 1.000000e+01
    endloop
  endfacet
  facet normal -0.000000e+00 0.000000e+00 -1.000000e+00
    outer loop
      vertex   1.194209e+01 -2.962158e+01 1.000000e+01
      vertex   1.180655e+01 -3.294853e+01 1.000000e+01
      vertex   1.100431e+01 -2.939810e+01 1.000000e+01
    endloop
  endfacet
  facet normal 0.000000e+00 -0.000000e+00 -1.000000e+00
    outer loop
      vertex   1.100431e+01 -2.939810e+01 1.000000e+01
      vertex   1.180655e+01 -3.294853e+01 1.000000e+01
      vertex   9.814959e+00 -3.359563e+01 1.000000e+01
    endloop
  endfacet
  facet normal -0.000000e+00 0.000000e+00 -1.000000e+00
    outer loop
      vertex   1.100431e+01 -2.939810e+01 1.000000e+01
      vertex   9.814959e+00 -3.359563e+01 1.000000e+01
      vertex   1.010022e+01 -2.906343e+01 1.000000e+01
    endloop
  endfacet
  facet normal -0.000000e+00 0.000000e+00 -1.000000e+00
    outer loop
      vertex   1.010022e+01 -2.906343e+01 1.000000e+01
      vertex   9.814959e+00 -3.359563e+01 1.000000e+01
      vertex   9.242949e+00 -2.862245e+01 1.000000e+01
    endloop
  endfacet
  facet normal 0.000000e+00 -0.000000e+00 -1.000000e+00
    outer loop
      vertex   9.242949e+00 -2.862245e+01 1.000000e+01
      vertex   9.814959e+00 -3.359563e+01 1.000000e+01
      vertex   7.788233e+00 -3.412248e+01 1.000000e+01
    endloop
  endfacet
  facet normal -0.000000e+00 0.000000e+00 -1.000000e+00
    outer loop
      vertex   9.242949e+00 -2.862245e+01 1.000000e+01
      vertex   7.788233e+00 -3.412248e+01 1.000000e+01
      vertex   8.444949e+00 -2.808155e+01 1.000000e+01
    endloop
  endfacet
  facet normal 0.000000e+00 0.000000e+00 -1.000000e+00
    outer loop
      vertex   8.444949e+00 -2.808155e+01 1.000000e+01
      vertex   7.788233e+00 -3.412248e+01 1.000000e+01
      vertex   5.733627e+00 -3.452717e+01 1.000000e+01
    endloop
  endfacet
  facet normal 0.000000e+00 0.000000e+00 -1.000000e+00
    outer loop
      vertex   -8.805537e+00 -3.387422e+01 1.000000e+01
      vertex   -9.242949e+00 -2.862245e+01 1.000000e+01
      vertex   -6.763957e+00 -3.434019e+01 1.000000e+01
    endloop
  endfacet
  facet normal 0.000000e+00 0.000000e+00 -1.000000e+00
    outer loop
      vertex   -6.763957e+00 -3.434019e+01 1.000000e+01
      vertex   -9.242949e+00 -2.862245e+01 1.000000e+01
      vertex   -8.444949e+00 -2.808155e+01 1.000000e+01
    endloop
  endfacet
  facet normal 0.000000e+00 0.000000e+00 -1.000000e+00
    outer loop
      vertex   -6.763957e+00 -3.434019e+01 1.000000e+01
      vertex   -8.444949e+00 -2.808155e+01 1.000000e+01
      vertex   -7.717806e+00 -2.744859e+01 1.000000e+01
    endloop
  endfacet
  facet normal 0.000000e+00 -0.000000e+00 -1.000000e+00
    outer loop
      vertex   -9.242949e+00 -2.862245e+01 1.000000e+01
      vertex   -8.805537e+00 -3.387422e+01 1.000000e+01
      vertex   -1.010022e+01 -2.906343e+01 1.000000e+01
    endloop
  endfacet
  facet normal 0.000000e+00 -0.000000e+00 -1.000000e+00
    outer loop
      vertex   -1.010022e+01 -2.906343e+01 1.000000e+01
      vertex   -8.805537e+00 -3.387422e+01 1.000000e+01
      vertex   -1.081559e+01 -3.328698e+01 1.000000e+01
    endloop
  endfacet
  facet normal 0.000000e+00 0.000000e+00 -1.000000e+00
    outer loop
      vertex   -1.010022e+01 -2.906343e+01 1.000000e+01
      vertex   -1.081559e+01 -3.328698e+01 1.000000e+01
      vertex   -1.100431e+01 -2.939810e+01 1.000000e+01
    endloop
  endfacet
  facet normal 0.000000e+00 -0.000000e+00 -1.000000e+00
    outer loop
      vertex   -1.100431e+01 -2.939810e+01 1.000000e+01
      vertex   -1.081559e+01 -3.328698e+01 1.000000e+01
      vertex   -1.194209e+01 -2.962158e+01 1.000000e+01
    endloop
  endfacet
  facet normal 0.000000e+00 -0.000000e+00 -1.000000e+00
    outer loop
      vertex   -1.194209e+01 -2.962158e+01 1.000000e+01
      vertex   -1.081559e+01 -3.328698e+01 1.000000e+01
      vertex   -1.278694e+01 -3.258058e+01 1.000000e+01
    endloop
  endfacet
  facet normal 0.000000e+00 0.000000e+00 -1.000000e+00
    outer loop
      vertex   -1.194209e+01 -2.962158e+01 1.000000e+01
      vertex   -1.278694e+01 -3.258058e+01 1.000000e+01
      vertex   -1.289994e+01 -2.973064e+01 1.000000e+01
    endloop
  endfacet
  facet normal -0.000000e+00 -0.000000e+00 -1.000000e+00
    outer loop
      vertex   -1.289994e+01 -2.973064e+01 1.000000e+01
      vertex   -1.278694e+01 -3.258058e+01 1.000000e+01
      vertex   -1.386395e+01 -2.972369e+01 1.000000e+01
    endloop
  endfacet
  facet normal 0.000000e+00 -0.000000e+00 -1.000000e+00
    outer loop
      vertex   -1.386395e+01 -2.972369e+01 1.000000e+01
      vertex   -1.278694e+01 -3.258058e+01 1.000000e+01
      vertex   -1.471250e+01 -3.175755e+01 1.000000e+01
    endloop
  endfacet
  facet normal -0.000000e+00 0.000000e+00 -1.000000e+00
    outer loop
      vertex   -1.386395e+01 -2.972369e+01 1.000000e+01
      vertex   -1.471250e+01 -3.175755e+01 1.000000e+01
      vertex   -1.482014e+01 -2.960084e+01 1.000000e+01
    endloop
  endfacet
  facet normal 0.000000e+00 -0.000000e+00 -1.000000e+00
    outer loop
      vertex   -1.482014e+01 -2.960084e+01 1.000000e+01
      vertex   -1.471250e+01 -3.175755e+01 1.000000e+01
      vertex   -1.658540e+01 -3.082084e+01 1.000000e+01
    endloop
  endfacet
  facet normal -0.000000e+00 0.000000e+00 -1.000000e+00
    outer loop
      vertex   -1.482014e+01 -2.960084e+01 1.000000e+01
      vertex   -1.658540e+01 -3.082084e+01 1.000000e+01
      vertex   -1.575460e+01 -2.936386e+01 1.000000e+01
    endloop
  endfacet
  facet normal -0.000000e+00 0.000000e+00 -1.000000e+00
    outer loop
      vertex   -1.575460e+01 -2.936386e+01 1.000000e+01
      vertex   -1.658540e+01 -3.082084e+01 1.000000e+01
      vertex   -1.665377e+01 -2.901620e+01 1.000000e+01
    endloop
  endfacet
  facet normal 0.000000e+00 -0.000000e+00 -1.000000e+00
    outer loop
      vertex   -1.665377e+01 -2.901620e+01 1.000000e+01
      vertex   -1.658540e+01 -3.082084e+01 1.000000e+01
      vertex   -1.839893e+01 -2.977380e+01 1.000000e+01
    endloop
  endfacet
  facet normal -0.000000e+00 0.000000e+00 -1.000000e+00
    outer loop
      vertex   -1.665377e+01 -2.901620e+01 1.000000e+01
      vertex   -1.839893e+01 -2.977380e+01 1.000000e+01
      vertex   -1.750459e+01 -2.856290e+01 1.000000e+01
    endloop
  endfacet
  facet normal -0.000000e+00 0.000000e+00 -1.000000e+00
    outer loop
      vertex   -1.750459e+01 -2.856290e+01 1.000000e+01
      vertex   -1.839893e+01 -2.977380e+01 1.000000e+01
      vertex   -1.914507e+01 -2.749030e+01 1.000000e+01
    endloop
  endfacet
  facet normal 0.000000e+00 -0.000000e+00 -1.000000e+00
    outer loop
      vertex   -1.914507e+01 -2.749030e+01 1.000000e+01
      vertex   -1.839893e+01 -2.977380e+01 1.000000e+01
      vertex   -2.014660e+01 -2.862018e+01 1.000000e+01
    endloop
  endfacet
  facet normal -0.000000e+00 0.000000e+00 -1.000000e+00
    outer loop
      vertex   -1.914507e+01 -2.749030e+01 1.000000e+01
      vertex   -2.014660e+01 -2.862018e+01 1.000000e+01
      vertex   -2.072001e+01 -2.632359e+01 1.000000e+01
    endloop
  endfacet
  facet normal 0.000000e+00 -0.000000e+00 -1.000000e+00
    outer loop
      vertex   -2.072001e+01 -2.632359e+01 1.000000e+01
      vertex   -2.014660e+01 -2.862018e+01 1.000000e+01
      vertex   -2.182214e+01 -2.736410e+01 1.000000e+01
    endloop
  endfacet
  facet normal -0.000000e+00 0.000000e+00 -1.000000e+00
    outer loop
      vertex   -2.072001e+01 -2.632359e+01 1.000000e+01
      vertex   -2.182214e+01 -2.736410e+01 1.000000e+01
      vertex   -2.222402e+01 -2.506677e+01 1.000000e+01
    endloop
  endfacet
  facet normal 0.000000e+00 -0.000000e+00 -1.000000e+00
    outer loop
      vertex   -2.222402e+01 -2.506677e+01 1.000000e+01
      vertex   -2.182214e+01 -2.736410e+01 1.000000e+01
      vertex   -2.341957e+01 -2.601007e+01 1.000000e+01
    endloop
  endfacet
  facet normal -0.000000e+00 0.000000e+00 -1.000000e+00
    outer loop
      vertex   -2.222402e+01 -2.506677e+01 1.000000e+01
      vertex   -2.341957e+01 -2.601007e+01 1.000000e+01
      vertex   -2.365196e+01 -2.372414e+01 1.000000e+01
    endloop
  endfacet
  facet normal 0.000000e+00 -0.000000e+00 -1.000000e+00
    outer loop
      vertex   -2.365196e+01 -2.372414e+01 1.000000e+01
      vertex   -2.341957e+01 -2.601007e+01 1.000000e+01
      vertex   -2.493316e+01 -2.456293e+01 1.000000e+01
    endloop
  endfacet
  facet normal -0.000000e+00 0.000000e+00 -1.000000e+00
    outer loop
      vertex   -2.365196e+01 -2.372414e+01 1.000000e+01
      vertex   -2.493316e+01 -2.456293e+01 1.000000e+01
      vertex   -2.499893e+01 -2.230030e+01 1.000000e+01
    endloop
  endfacet
  facet normal 0.000000e+00 -0.000000e+00 -1.000000e+00
    outer loop
      vertex   -2.499893e+01 -2.230030e+01 1.000000e+01
      vertex   -2.493316e+01 -2.456293e+01 1.000000e+01
      vertex   -2.635750e+01 -2.302786e+01 1.000000e+01
    endloop
  endfacet
  facet normal -0.000000e+00 0.000000e+00 -1.000000e+00
    outer loop
      vertex   -2.499893e+01 -2.230030e+01 1.000000e+01
      vertex   -2.635750e+01 -2.302786e+01 1.000000e+01
      vertex   -2.626033e+01 -2.080012e+01 1.000000e+01
    endloop
  endfacet
  facet normal 0.000000e+00 0.000000e+00 -1.000000e+00
    outer loop
      vertex   -2.626033e+01 -2.080012e+01 1.000000e+01
      vertex   -2.635750e+01 -2.302786e+01 1.000000e+01
      vertex   -2.768749e+01 -2.141035e+01 1.000000e+01
    endloop
  endfacet
  facet normal -0.000000e+00 0.000000e+00 -1.000000e+00
    outer loop
      vertex   -2.626033e+01 -2.080012e+01 1.000000e+01
      vertex   -2.768749e+01 -2.141035e+01 1.000000e+01
      vertex   -2.743183e+01 -1.922874e+01 1.000000e+01
    endloop
  endfacet
  facet normal 0.000000e+00 0.000000e+00 -1.000000e+00
    outer loop
      vertex   -2.743183e+01 -1.922874e+01 1.000000e+01
      vertex   -2.768749e+01 -2.141035e+01 1.000000e+01
      vertex   -2.891836e+01 -1.971620e+01 1.000000e+01
    endloop
  endfacet
  facet normal -0.000000e+00 0.000000e+00 -1.000000e+00
    outer loop
      vertex   -2.743183e+01 -1.922874e+01 1.000000e+01
      vertex   -2.891836e+01 -1.971620e+01 1.000000e+01
      vertex   -2.850943e+01 -1.759154e+01 1.000000e+01
    endloop
  endfacet
  facet normal 0.000000e+00 0.000000e+00 -1.000000e+00
    outer loop
      vertex   -2.850943e+01 -1.759154e+01 1.000000e+01
      vertex   -2.891836e+01 -1.971620e+01 1.000000e+01
      vertex   -3.004571e+01 -1.795147e+01 1.000000e+01
    endloop
  endfacet
  facet normal -0.000000e+00 0.000000e+00 -1.000000e+00
    outer loop
      vertex   -2.850943e+01 -1.759154e+01 1.000000e+01
      vertex   -3.004571e+01 -1.795147e+01 1.000000e+01
      vertex   -2.948944e+01 -1.589412e+01 1.000000e+01
    endloop
  endfacet
  facet normal 0.000000e+00 0.000000e+00 -1.000000e+00
    outer loop
      vertex   -2.948944e+01 -1.589412e+01 1.000000e+01
      vertex   -3.004571e+01 -1.795147e+01 1.000000e+01
      vertex   -3.106550e+01 -1.612249e+01 1.000000e+01
    endloop
  endfacet
  facet normal -0.000000e+00 0.000000e+00 -1.000000e+00
    outer loop
      vertex   -2.948944e+01 -1.589412e+01 1.000000e+01
      vertex   -3.106550e+01 -1.612249e+01 1.000000e+01
      vertex   -3.036850e+01 -1.414229e+01 1.000000e+01
    endloop
  endfacet
  facet normal 0.000000e+00 0.000000e+00 -1.000000e+00
    outer loop
      vertex   -3.036850e+01 -1.414229e+01 1.000000e+01
      vertex   -3.106550e+01 -1.612249e+01 1.000000e+01
      vertex   -3.197409e+01 -1.423578e+01 1.000000e+01
    endloop
  endfacet
  facet normal -0.000000e+00 0.000000e+00 -1.000000e+00
    outer loop
      vertex   -3.036850e+01 -1.414229e+01 1.000000e+01
      vertex   -3.197409e+01 -1.423578e+01 1.000000e+01
      vertex   -3.114360e+01 -1.234205e+01 1.000000e+01
    endloop
  endfacet
  facet normal -0.000000e+00 0.000000e+00 -1.000000e+00
    outer loop
      vertex   -3.114360e+01 -1.234205e+01 1.000000e+01
      vertex   -3.197409e+01 -1.423578e+01 1.000000e+01
      vertex   -3.276822e+01 -1.229812e+01 1.000000e+01
    endloop
  endfacet
  facet normal 0.000000e+00 0.000000e+00 -1.000000e+00
    outer loop
      vertex   -3.114360e+01 -1.234205e+01 1.000000e+01
      vertex   -3.276822e+01 -1.229812e+01 1.000000e+01
      vertex   -3.181209e+01 -1.049956e+01 1.000000e+01
    endloop
  endfacet
  facet normal -0.000000e+00 0.000000e+00 -1.000000e+00
    outer loop
      vertex   -3.181209e+01 -1.049956e+01 1.000000e+01
      vertex   -3.276822e+01 -1.229812e+01 1.000000e+01
      vertex   -3.344505e+01 -1.031643e+01 1.000000e+01
    endloop
  endfacet
  facet normal 0.000000e+00 0.000000e+00 -1.000000e+00
    outer loop
      vertex   -3.181209e+01 -1.049956e+01 1.000000e+01
      vertex   -3.344505e+01 -1.031643e+01 1.000000e+01
      vertex   -3.237169e+01 -8.621128e+00 1.000000e+01
    endloop
  endfacet
  facet normal -0.000000e+00 0.000000e+00 -1.000000e+00
    outer loop
      vertex   -3.237169e+01 -8.621128e+00 1.000000e+01
      vertex   -3.344505e+01 -1.031643e+01 1.000000e+01
      vertex   -3.400215e+01 -8.297813e+00 1.000000e+01
    endloop
  endfacet
  facet normal 0.000000e+00 0.000000e+00 -1.000000e+00
    outer loop
      vertex   -3.237169e+01 -8.621128e+00 1.000000e+01
      vertex   -3.400215e+01 -8.297813e+00 1.000000e+01
      vertex   -3.282047e+01 -6.713185e+00 1.000000e+01
    endloop
  endfacet
  facet normal -0.000000e+00 0.000000e+00 -1.000000e+00
    outer loop
      vertex   -3.282047e+01 -6.713185e+00 1.000000e+01
      vertex   -3.400215e+01 -8.297813e+00 1.000000e+01
      vertex   -3.443754e+01 -6.249491e+00 1.000000e+01
    endloop
  endfacet
  facet normal 0.000000e+00 0.000000e+00 -1.000000e+00
    outer loop
      vertex   -3.282047e+01 -6.713185e+00 1.000000e+01
      vertex   -3.443754e+01 -6.249491e+00 1.000000e+01
      vertex   -3.315690e+01 -4.782261e+00 1.000000e+01
    endloop
  endfacet
  facet normal -0.000000e+00 0.000000e+00 -1.000000e+00
    outer loop
      vertex   -3.315690e+01 -4.782261e+00 1.000000e+01
      vertex   -3.443754e+01 -6.249491e+00 1.000000e+01
      vertex   -3.474964e+01 -4.178798e+00 1.000000e+01
    endloop
  endfacet
  facet normal 0.000000e+00 0.000000e+00 -1.000000e+00
    outer loop
      vertex   -3.315690e+01 -4.782261e+00 1.000000e+01
      vertex   -3.474964e+01 -4.178798e+00 1.000000e+01
      vertex   -3.337983e+01 -2.834967e+00 1.000000e+01
    endloop
  endfacet
  facet normal -0.000000e+00 0.000000e+00 -1.000000e+00
    outer loop
      vertex   -3.337983e+01 -2.834967e+00 1.000000e+01
      vertex   -3.474964e+01 -4.178798e+00 1.000000e+01
      vertex   -3.493735e+01 -2.093145e+00 1.000000e+01
    endloop
  endfacet
  facet normal 0.000000e+00 0.000000e+00 -1.000000e+00
    outer loop
      vertex   -3.337983e+01 -2.834967e+00 1.000000e+01
      vertex   -3.493735e+01 -2.093145e+00 1.000000e+01
      vertex   -3.348849e+01 -8.779683e-01 1.000000e+01
    endloop
  endfacet
  facet normal -0.000000e+00 0.000000e+00 -1.000000e+00
    outer loop
      vertex   -3.348849e+01 -8.779683e-01 1.000000e+01
      vertex   -3.493735e+01 -2.093145e+00 1.000000e+01
      vertex   -3.500000e+01 4.286264e-15 1.000000e+01
    endloop
  endfacet
  facet normal -9.999145e-01 1.307760e-02 9.982622e-11
    outer loop
      vertex   3.348849e+01 -8.779683e-01 1.048527e+01
      vertex   3.349124e+01 -6.678661e-01 1.038181e+01
      vertex   3.348849e+01 -8.779683e-01 1.000000e+01
    endloop
  endfacet
  facet normal -9.998647e-01 -1.027214e-02 1.284849e-02
    outer loop
      vertex   3.348849e+01 -8.779683e-01 1.000000e+01
      vertex   3.349124e+01 -6.678661e-01 1.038181e+01
      vertex   3.348801e+01 -4.458291e-01 1.030773e+01
    endloop
  endfacet
  facet normal -9.984294e-01 -3.323753e-02 4.510085e-02
    outer loop
      vertex   3.348849e+01 -8.779683e-01 1.000000e+01
      vertex   3.348801e+01 -4.458291e-01 1.030773e+01
      vertex   3.347848e+01 -2.189245e-01 1.026393e+01
    endloop
  endfacet
  facet normal -9.983105e-01 -3.403369e-02 4.709345e-02
    outer loop
      vertex   3.348849e+01 -8.779683e-01 1.000000e+01
      vertex   3.347848e+01 -2.189245e-01 1.026393e+01
      vertex   3.345565e+01 8.551332e-02 1.000000e+01
    endloop
  endfacet
  facet normal -9.975823e-01 -6.919333e-02 6.473828e-03
    outer loop
      vertex   3.345565e+01 8.551332e-02 1.000000e+01
      vertex   3.347848e+01 -2.189245e-01 1.026393e+01
      vertex   3.346284e+01 5.197670e-03 1.025001e+01
    endloop
  endfacet
  facet normal -9.937241e-01 -1.116225e-01 -7.267320e-03
    outer loop
      vertex   3.345565e+01 8.551332e-02 1.000000e+01
      vertex   3.346284e+01 5.197670e-03 1.025001e+01
      vertex   3.341195e+01 4.542547e-01 1.031078e+01
    endloop
  endfacet
  facet normal -9.815936e-01 -1.769234e-01 7.191793e-02
    outer loop
      vertex   3.341195e+01 4.542547e-01 1.031078e+01
      vertex   3.337788e+01 6.736608e-01 1.038551e+01
      vertex   3.345565e+01 8.551332e-02 1.000000e+01
    endloop
  endfacet
  facet normal -9.874354e-01 -1.539424e-01 3.567902e-02
    outer loop
      vertex   3.345565e+01 8.551332e-02 1.000000e+01
      vertex   3.337788e+01 6.736608e-01 1.038551e+01
      vertex   3.330715e+01 1.038048e+00 1.000000e+01
    endloop
  endfacet
  facet normal -9.828952e-01 -1.840548e-01 6.383436e-03
    outer loop
      vertex   3.330715e+01 1.038048e+00 1.000000e+01
      vertex   3.337788e+01 6.736608e-01 1.038551e+01
      vertex   3.333982e+01 8.805181e-01 1.048897e+01
    endloop
  endfacet
  facet normal -9.769924e-01 -2.132469e-01 -3.415682e-03
    outer loop
      vertex   3.330715e+01 1.038048e+00 1.000000e+01
      vertex   3.333982e+01 8.805181e-01 1.048897e+01
      vertex   3.326113e+01 1.236659e+00 1.076335e+01
    endloop
  endfacet
  facet normal -9.626866e-01 -2.703390e-01 1.230125e-02
    outer loop
      vertex   3.326113e+01 1.236659e+00 1.076335e+01
      vertex   3.318867e+01 1.510934e+00 1.112046e+01
      vertex   3.330715e+01 1.038048e+00 1.000000e+01
    endloop
  endfacet
  facet normal -9.622809e-01 -2.717499e-01 1.293957e-02
    outer loop
      vertex   3.330715e+01 1.038048e+00 1.000000e+01
      vertex   3.318867e+01 1.510934e+00 1.112046e+01
      vertex   3.304515e+01 1.965805e+00 1.000000e+01
    endloop
  endfacet
  facet normal -9.574154e-01 -2.886625e-01 5.450376e-03
    outer loop
      vertex   3.304515e+01 1.965805e+00 1.000000e+01
      vertex   3.318867e+01 1.510934e+00 1.112046e+01
      vertex   3.315865e+01 1.614433e+00 1.132839e+01
    endloop
  endfacet
  facet normal -9.547902e-01 -2.972657e-01 2.950432e-03
    outer loop
      vertex   3.304515e+01 1.965805e+00 1.000000e+01
      vertex   3.315865e+01 1.614433e+00 1.132839e+01
      vertex   3.313613e+01 1.688948e+00 1.154902e+01
    endloop
  endfacet
  facet normal -9.525163e-01 -3.044838e-01 1.526777e-03
    outer loop
      vertex   3.313613e+01 1.688948e+00 1.154902e+01
      vertex   3.312222e+01 1.733584e+00 1.177539e+01
      vertex   3.304515e+01 1.965805e+00 1.000000e+01
    endloop
  endfacet
  facet normal -9.502115e-01 -3.116054e-01 4.952099e-04
    outer loop
      vertex   3.304515e+01 1.965805e+00 1.000000e+01
      vertex   3.312222e+01 1.733584e+00 1.177539e+01
      vertex   3.311747e+01 1.748440e+00 1.200000e+01
    endloop
  endfacet
  facet normal -9.488555e-01 -3.157107e-01 0.000000e+00
    outer loop
      vertex   3.304515e+01 1.965805e+00 1.000000e+01
      vertex   3.311747e+01 1.748440e+00 1.200000e+01
      vertex   3.311747e+01 1.748440e+00 1.400000e+01
    endloop
  endfacet
  facet normal -9.329122e-01 -3.600937e-01 -2.700094e-03
    outer loop
      vertex   3.311747e+01 1.748440e+00 1.400000e+01
      vertex   3.276346e+01 2.665586e+00 1.400000e+01
      vertex   3.304515e+01 1.965805e+00 1.000000e+01
    endloop
  endfacet
  facet normal -9.226807e-01 -3.855570e-01 2.475101e-03
    outer loop
      vertex   3.304515e+01 1.965805e+00 1.000000e+01
      vertex   3.276346e+01 2.665586e+00 1.400000e+01
      vertex   3.267345e+01 2.855310e+00 1.000000e+01
    endloop
  endfacet
  facet normal -8.817013e-01 -4.718013e-01 -2.537668e-03
    outer loop
      vertex   3.267345e+01 2.855310e+00 1.000000e+01
      vertex   3.276346e+01 2.665586e+00 1.400000e+01
      vertex   3.229963e+01 3.532387e+00 1.400000e+01
    endloop
  endfacet
  facet normal -8.696045e-01 -4.937435e-01 2.306984e-03
    outer loop
      vertex   3.267345e+01 2.855310e+00 1.000000e+01
      vertex   3.229963e+01 3.532387e+00 1.400000e+01
      vertex   3.219746e+01 3.693647e+00 1.000000e+01
    endloop
  endfacet
  facet normal -8.171755e-01 -5.763841e-01 -2.363860e-03
    outer loop
      vertex   3.219746e+01 3.693647e+00 1.000000e+01
      vertex   3.229963e+01 3.532387e+00 1.400000e+01
      vertex   3.173299e+01 4.335751e+00 1.400000e+01
    endloop
  endfacet
  facet normal -8.039003e-01 -5.947603e-01 2.127484e-03
    outer loop
      vertex   3.219746e+01 3.693647e+00 1.000000e+01
      vertex   3.173299e+01 4.335751e+00 1.400000e+01
      vertex   3.162409e+01 4.468641e+00 1.000000e+01
    endloop
  endfacet
  facet normal -7.403093e-01 -6.722629e-01 -2.178670e-03
    outer loop
      vertex   3.162409e+01 4.468641e+00 1.000000e+01
      vertex   3.173299e+01 4.335751e+00 1.400000e+01
      vertex   3.107209e+01 5.063549e+00 1.400000e+01
    endloop
  endfacet
  facet normal -7.265222e-01 -6.871403e-01 1.936605e-03
    outer loop
      vertex   3.162409e+01 4.468641e+00 1.000000e+01
      vertex   3.107209e+01 5.063549e+00 1.400000e+01
      vertex   3.096165e+01 5.169040e+00 1.000000e+01
    endloop
  endfacet
  facet normal -6.522634e-01 -7.579898e-01 -1.982101e-03
    outer loop
      vertex   3.096165e+01 5.169040e+00 1.000000e+01
      vertex   3.107209e+01 5.063549e+00 1.400000e+01
      vertex   3.032691e+01 5.704788e+00 1.400000e+01
    endloop
  endfacet
  facet normal -6.385938e-01 -7.695420e-01 1.734345e-03
    outer loop
      vertex   3.096165e+01 5.169040e+00 1.000000e+01
      vertex   3.032691e+01 5.704788e+00 1.400000e+01
      vertex   3.021978e+01 5.784672e+00 1.000000e+01
    endloop
  endfacet
  facet normal -5.543675e-01 -8.322701e-01 -1.774152e-03
    outer loop
      vertex   3.021978e+01 5.784672e+00 1.000000e+01
      vertex   3.032691e+01 5.704788e+00 1.400000e+01
      vertex   2.950871e+01 6.249786e+00 1.400000e+01
    endloop
  endfacet
  facet normal -5.413920e-01 -8.407689e-01 1.520707e-03
    outer loop
      vertex   3.021978e+01 5.784672e+00 1.000000e+01
      vertex   2.950871e+01 6.249786e+00 1.400000e+01
      vertex   2.940925e+01 6.306597e+00 1.000000e+01
    endloop
  endfacet
  facet normal -4.480999e-01 -8.939822e-01 -1.554825e-03
    outer loop
      vertex   2.940925e+01 6.306597e+00 1.000000e+01
      vertex   2.950871e+01 6.249786e+00 1.400000e+01
      vertex   2.862983e+01 6.690312e+00 1.400000e+01
    endloop
  endfacet
  facet normal -4.363284e-01 -8.997866e-01 1.295691e-03
    outer loop
      vertex   2.940925e+01 6.306597e+00 1.000000e+01
      vertex   2.862983e+01 6.690312e+00 1.400000e+01
      vertex   2.854181e+01 6.727236e+00 1.000000e+01
    endloop
  endfacet
  facet normal -3.350652e-01 -9.421940e-01 -1.324121e-03
    outer loop
      vertex   2.854181e+01 6.727236e+00 1.000000e+01
      vertex   2.862983e+01 6.690312e+00 1.400000e+01
      vertex   2.770357e+01 7.019714e+00 1.400000e+01
    endloop
  endfacet
  facet normal -3.249284e-01 -9.457380e-01 1.059299e-03
    outer loop
      vertex   2.854181e+01 6.727236e+00 1.000000e+01
      vertex   2.770357e+01 7.019714e+00 1.400000e+01
      vertex   2.763008e+01 7.040480e+00 1.000000e+01
    endloop
  endfacet
  facet normal -2.169707e-01 -9.761775e-01 -1.082042e-03
    outer loop
      vertex   2.763008e+01 7.040480e+00 1.000000e+01
      vertex   2.770357e+01 7.019714e+00 1.400000e+01
      vertex   2.674389e+01 7.233017e+00 1.400000e+01
    endloop
  endfacet
  facet normal -2.088100e-01 -9.779559e-01 8.115330e-04
    outer loop
      vertex   2.763008e+01 7.040480e+00 1.000000e+01
      vertex   2.674389e+01 7.233017e+00 1.400000e+01
      vertex   2.668729e+01 7.241782e+00 1.000000e+01
    endloop
  endfacet
  facet normal -9.559946e-02 -9.954195e-01 -8.285887e-04
    outer loop
      vertex   2.668729e+01 7.241782e+00 1.000000e+01
      vertex   2.674389e+01 7.233017e+00 1.400000e+01
      vertex   2.576529e+01 7.327000e+00 1.400000e+01
    endloop
  endfacet
  facet normal -8.965929e-02 -9.959723e-01 5.523933e-04
    outer loop
      vertex   2.668729e+01 7.241782e+00 1.000000e+01
      vertex   2.576529e+01 7.327000e+00 1.400000e+01
      vertex   2.572713e+01 7.328217e+00 1.000000e+01
    endloop
  endfacet
  facet normal 2.721546e-02 -9.996294e-01 -5.637630e-04
    outer loop
      vertex   2.572713e+01 7.328217e+00 1.000000e+01
      vertex   2.576529e+01 7.327000e+00 1.400000e+01
      vertex   2.478256e+01 7.300245e+00 1.400000e+01
    endloop
  endfacet
  facet normal 3.079346e-02 -9.995257e-01 2.818817e-04
    outer loop
      vertex   2.572713e+01 7.328217e+00 1.000000e+01
      vertex   2.478256e+01 7.300245e+00 1.400000e+01
      vertex   2.476355e+01 7.298531e+00 1.000000e+01
    endloop
  endfacet
  facet normal 1.496194e-01 -9.887436e-01 -2.875662e-04
    outer loop
      vertex   2.476355e+01 7.298531e+00 1.000000e+01
      vertex   2.478256e+01 7.300245e+00 1.400000e+01
      vertex   2.381053e+01 7.153155e+00 1.400000e+01
    endloop
  endfacet
  facet normal 1.507991e-01 -9.885644e-01 0.000000e+00
    outer loop
      vertex   2.476355e+01 7.298531e+00 1.000000e+01
      vertex   2.381053e+01 7.153155e+00 1.400000e+01
      vertex   2.381053e+01 7.153155e+00 1.000000e+01
    endloop
  endfacet
  facet normal -9.995012e-01 3.157966e-02 -4.083548e-11
    outer loop
      vertex   3.348849e+01 -8.779683e-01 1.048527e+01
      vertex   3.348849e+01 -8.779683e-01 1.000000e+01
      vertex   3.347712e+01 -1.237838e+00 1.076141e+01
    endloop
  endfacet
  facet normal -9.983983e-01 5.543714e-02 1.129244e-02
    outer loop
      vertex   3.347712e+01 -1.237838e+00 1.076141e+01
      vertex   3.348849e+01 -8.779683e-01 1.000000e+01
      vertex   3.337983e+01 -2.834967e+00 1.000000e+01
    endloop
  endfacet
  facet normal -9.983956e-01 5.552082e-02 1.111656e-02
    outer loop
      vertex   3.347712e+01 -1.237838e+00 1.076141e+01
      vertex   3.337983e+01 -2.834967e+00 1.000000e+01
      vertex   3.346575e+01 -1.514233e+00 1.112079e+01
    endloop
  endfacet
  facet normal -9.982069e-01 5.951639e-02 6.393704e-03
    outer loop
      vertex   3.346575e+01 -1.514233e+00 1.112079e+01
      vertex   3.337983e+01 -2.834967e+00 1.000000e+01
      vertex   3.346090e+01 -1.617993e+00 1.132945e+01
    endloop
  endfacet
  facet normal -9.980771e-01 6.183771e-02 4.260857e-03
    outer loop
      vertex   3.346090e+01 -1.617993e+00 1.132945e+01
      vertex   3.337983e+01 -2.834967e+00 1.000000e+01
      vertex   3.345724e+01 -1.692411e+00 1.155030e+01
    endloop
  endfacet
  facet normal -9.978719e-01 6.517987e-02 1.787480e-03
    outer loop
      vertex   3.345724e+01 -1.692411e+00 1.155030e+01
      vertex   3.337983e+01 -2.834967e+00 1.000000e+01
      vertex   3.345418e+01 -1.751560e+00 1.200000e+01
    endloop
  endfacet
  facet normal -9.976535e-01 6.846462e-02 2.280331e-17
    outer loop
      vertex   3.345418e+01 -1.751560e+00 1.200000e+01
      vertex   3.337983e+01 -2.834967e+00 1.000000e+01
      vertex   3.345418e+01 -1.751560e+00 1.400000e+01
    endloop
  endfacet
  facet normal -9.965849e-01 8.248596e-02 -3.817568e-03
    outer loop
      vertex   3.345418e+01 -1.751560e+00 1.400000e+01
      vertex   3.337983e+01 -2.834967e+00 1.000000e+01
      vertex   3.328691e+01 -3.772508e+00 1.400000e+01
    endloop
  endfacet
  facet normal -9.935043e-01 1.137379e-01 3.578992e-03
    outer loop
      vertex   3.328691e+01 -3.772508e+00 1.400000e+01
      vertex   3.337983e+01 -2.834967e+00 1.000000e+01
      vertex   3.315690e+01 -4.782261e+00 1.000000e+01
    endloop
  endfacet
  facet normal -9.897681e-01 1.426335e-01 -3.836806e-03
    outer loop
      vertex   3.328691e+01 -3.772508e+00 1.400000e+01
      vertex   3.315690e+01 -4.782261e+00 1.000000e+01
      vertex   3.299766e+01 -5.779632e+00 1.400000e+01
    endloop
  endfacet
  facet normal -9.851522e-01 1.716462e-01 3.581040e-03
    outer loop
      vertex   3.299766e+01 -5.779632e+00 1.400000e+01
      vertex   3.315690e+01 -4.782261e+00 1.000000e+01
      vertex   3.282047e+01 -6.713185e+00 1.000000e+01
    endloop
  endfacet
  facet normal -9.793247e-01 2.022585e-01 -3.821664e-03
    outer loop
      vertex   3.299766e+01 -5.779632e+00 1.400000e+01
      vertex   3.282047e+01 -6.713185e+00 1.000000e+01
      vertex   3.258751e+01 -7.765579e+00 1.400000e+01
    endloop
  endfacet
  facet normal -9.734277e-01 2.289669e-01 3.548708e-03
    outer loop
      vertex   3.258751e+01 -7.765579e+00 1.400000e+01
      vertex   3.282047e+01 -6.713185e+00 1.000000e+01
      vertex   3.237169e+01 -8.621128e+00 1.000000e+01
    endloop
  endfacet
  facet normal -9.652929e-01 2.611424e-01 -3.772142e-03
    outer loop
      vertex   3.258751e+01 -7.765579e+00 1.400000e+01
      vertex   3.237169e+01 -8.621128e+00 1.000000e+01
      vertex   3.205795e+01 -9.723070e+00 1.400000e+01
    endloop
  endfacet
  facet normal -9.583712e-01 2.855039e-01 3.481996e-03
    outer loop
      vertex   3.205795e+01 -9.723070e+00 1.400000e+01
      vertex   3.237169e+01 -8.621128e+00 1.000000e+01
      vertex   3.181209e+01 -1.049956e+01 1.000000e+01
    endloop
  endfacet
  facet normal -9.477242e-01 3.190694e-01 -3.688240e-03
    outer loop
      vertex   3.205795e+01 -9.723070e+00 1.400000e+01
      vertex   3.181209e+01 -1.049956e+01 1.000000e+01
      vertex   3.141091e+01 -1.164493e+01 1.400000e+01
    endloop
  endfacet
  facet normal -9.400342e-01 3.410636e-01 3.380904e-03
    outer loop
      vertex   3.141091e+01 -1.164493e+01 1.400000e+01
      vertex   3.181209e+01 -1.049956e+01 1.000000e+01
      vertex   3.114360e+01 -1.234205e+01 1.000000e+01
    endloop
  endfacet
  facet normal -9.266828e-01 3.758274e-01 -3.569959e-03
    outer loop
      vertex   3.141091e+01 -1.164493e+01 1.400000e+01
      vertex   3.114360e+01 -1.234205e+01 1.000000e+01
      vertex   3.064878e+01 -1.352413e+01 1.400000e+01
    endloop
  endfacet
  facet normal -9.184793e-01 3.954558e-01 3.245432e-03
    outer loop
      vertex   3.064878e+01 -1.352413e+01 1.400000e+01
      vertex   3.114360e+01 -1.234205e+01 1.000000e+01
      vertex   3.036850e+01 -1.414229e+01 1.000000e+01
    endloop
  endfacet
  facet normal -9.022459e-01 4.312083e-01 -3.417298e-03
    outer loop
      vertex   3.064878e+01 -1.352413e+01 1.400000e+01
      vertex   3.036850e+01 -1.414229e+01 1.000000e+01
      vertex   2.977435e+01 -1.535376e+01 1.400000e+01
    endloop
  endfacet
  facet normal -8.937803e-01 4.484945e-01 3.075581e-03
    outer loop
      vertex   2.977435e+01 -1.535376e+01 1.400000e+01
      vertex   3.036850e+01 -1.414229e+01 1.000000e+01
      vertex   2.948944e+01 -1.589412e+01 1.000000e+01
    endloop
  endfacet
  facet normal -8.745030e-01 4.850093e-01 -3.230258e-03
    outer loop
      vertex   2.977435e+01 -1.535376e+01 1.400000e+01
      vertex   2.948944e+01 -1.589412e+01 1.000000e+01
      vertex   2.879081e+01 -1.712714e+01 1.400000e+01
    endloop
  endfacet
  facet normal -8.660218e-01 4.999979e-01 2.871352e-03
    outer loop
      vertex   2.879081e+01 -1.712714e+01 1.400000e+01
      vertex   2.948944e+01 -1.589412e+01 1.000000e+01
      vertex   2.850943e+01 -1.759154e+01 1.000000e+01
    endloop
  endfacet
  facet normal -8.435557e-01 5.370332e-01 -3.008840e-03
    outer loop
      vertex   2.879081e+01 -1.712714e+01 1.400000e+01
      vertex   2.850943e+01 -1.759154e+01 1.000000e+01
      vertex   2.770178e+01 -1.883776e+01 1.400000e+01
    endloop
  endfacet
  facet normal -8.352988e-01 5.497899e-01 2.632744e-03
    outer loop
      vertex   2.770178e+01 -1.883776e+01 1.400000e+01
      vertex   2.850943e+01 -1.759154e+01 1.000000e+01
      vertex   2.743183e+01 -1.922874e+01 1.000000e+01
    endloop
  endfacet
  facet normal -8.095174e-01 5.870894e-01 -2.753044e-03
    outer loop
      vertex   2.770178e+01 -1.883776e+01 1.400000e+01
      vertex   2.743183e+01 -1.922874e+01 1.000000e+01
      vertex   2.651124e+01 -2.047935e+01 1.400000e+01
    endloop
  endfacet
  facet normal -8.017164e-01 5.976999e-01 2.359760e-03
    outer loop
      vertex   2.651124e+01 -2.047935e+01 1.400000e+01
      vertex   2.743183e+01 -1.922874e+01 1.000000e+01
      vertex   2.626033e+01 -2.080012e+01 1.000000e+01
    endloop
  endfacet
  facet normal -7.725128e-01 6.349944e-01 -2.462872e-03
    outer loop
      vertex   2.651124e+01 -2.047935e+01 1.400000e+01
      vertex   2.626033e+01 -2.080012e+01 1.000000e+01
      vertex   2.522356e+01 -2.204591e+01 1.400000e+01
    endloop
  endfacet
  facet normal -7.653896e-01 6.435640e-01 2.052399e-03
    outer loop
      vertex   2.522356e+01 -2.204591e+01 1.400000e+01
      vertex   2.626033e+01 -2.080012e+01 1.000000e+01
      vertex   2.499893e+01 -2.230030e+01 1.000000e+01
    endloop
  endfacet
  facet normal -7.326775e-01 6.805726e-01 -2.138324e-03
    outer loop
      vertex   2.522356e+01 -2.204591e+01 1.400000e+01
      vertex   2.499893e+01 -2.230030e+01 1.000000e+01
      vertex   2.384345e+01 -2.353168e+01 1.400000e+01
    endloop
  endfacet
  facet normal -7.264426e-01 6.872251e-01 1.710663e-03
    outer loop
      vertex   2.384345e+01 -2.353168e+01 1.400000e+01
      vertex   2.499893e+01 -2.230030e+01 1.000000e+01
      vertex   2.365196e+01 -2.372414e+01 1.000000e+01
    endloop
  endfacet
  facet normal -6.901573e-01 7.236572e-01 -1.779402e-03
    outer loop
      vertex   2.384345e+01 -2.353168e+01 1.400000e+01
      vertex   2.365196e+01 -2.372414e+01 1.000000e+01
      vertex   2.237598e+01 -2.493122e+01 1.400000e+01
    endloop
  endfacet
  facet normal -6.850087e-01 7.285336e-01 1.334554e-03
    outer loop
      vertex   2.237598e+01 -2.493122e+01 1.400000e+01
      vertex   2.365196e+01 -2.372414e+01 1.000000e+01
      vertex   2.222402e+01 -2.506677e+01 1.000000e+01
    endloop
  endfacet
  facet normal -6.451081e-01 7.640900e-01 -1.386107e-03
    outer loop
      vertex   2.237598e+01 -2.493122e+01 1.400000e+01
      vertex   2.222402e+01 -2.506677e+01 1.000000e+01
      vertex   2.082651e+01 -2.623941e+01 1.400000e+01
    endloop
  endfacet
  facet normal -6.412299e-01 7.673483e-01 9.240724e-04
    outer loop
      vertex   2.082651e+01 -2.623941e+01 1.400000e+01
      vertex   2.222402e+01 -2.506677e+01 1.000000e+01
      vertex   2.072001e+01 -2.632359e+01 1.000000e+01
    endloop
  endfacet
  facet normal -5.976950e-01 8.017230e-01 -9.584400e-04
    outer loop
      vertex   2.082651e+01 -2.623941e+01 1.400000e+01
      vertex   2.072001e+01 -2.632359e+01 1.000000e+01
      vertex   1.920073e+01 -2.745145e+01 1.400000e+01
    endloop
  endfacet
  facet normal -5.952558e-01 8.035361e-01 4.792204e-04
    outer loop
      vertex   1.920073e+01 -2.745145e+01 1.400000e+01
      vertex   2.072001e+01 -2.632359e+01 1.000000e+01
      vertex   1.914507e+01 -2.749030e+01 1.000000e+01
    endloop
  endfacet
  facet normal -5.480916e-01 8.364182e-01 -4.964037e-04
    outer loop
      vertex   1.920073e+01 -2.745145e+01 1.400000e+01
      vertex   1.914507e+01 -2.749030e+01 1.000000e+01
      vertex   1.750459e+01 -2.856290e+01 1.400000e+01
    endloop
  endfacet
  facet normal -5.472440e-01 8.369731e-01 0.000000e+00
    outer loop
      vertex   1.750459e+01 -2.856290e+01 1.400000e+01
      vertex   1.914507e+01 -2.749030e+01 1.000000e+01
      vertex   1.750459e+01 -2.856290e+01 1.000000e+01
    endloop
  endfacet
  facet normal 9.994194e-01 -3.407149e-02 0.000000e+00
    outer loop
      vertex   -3.348849e+01 -8.779683e-01 1.400000e+01
      vertex   -3.348849e+01 -8.779683e-01 1.000000e+01
      vertex   -3.345565e+01 8.551332e-02 1.400000e+01
    endloop
  endfacet
  facet normal 9.994194e-01 -3.407149e-02 0.000000e+00
    outer loop
      vertex   -3.345565e+01 8.551332e-02 1.400000e+01
      vertex   -3.348849e+01 -8.779683e-01 1.000000e+01
      vertex   -3.345565e+01 8.551332e-02 1.000000e+01
    endloop
  endfacet
  facet normal 9.880645e-01 -1.540405e-01 0.000000e+00
    outer loop
      vertex   -3.345565e+01 8.551332e-02 1.400000e+01
      vertex   -3.345565e+01 8.551332e-02 1.000000e+01
      vertex   -3.330715e+01 1.038048e+00 1.400000e+01
    endloop
  endfacet
  facet normal 9.880645e-01 -1.540405e-01 0.000000e+00
    outer loop
      vertex   -3.330715e+01 1.038048e+00 1.400000e+01
      vertex   -3.345565e+01 8.551332e-02 1.000000e+01
      vertex   -3.330715e+01 1.038048e+00 1.000000e+01
    endloop
  endfacet
  facet normal 9.623615e-01 -2.717726e-01 0.000000e+00
    outer loop
      vertex   -3.330715e+01 1.038048e+00 1.400000e+01
      vertex   -3.330715e+01 1.038048e+00 1.000000e+01
      vertex   -3.304515e+01 1.965805e+00 1.400000e+01
    endloop
  endfacet
  facet normal 9.623615e-01 -2.717726e-01 0.000000e+00
    outer loop
      vertex   -3.304515e+01 1.965805e+00 1.400000e+01
      vertex   -3.330715e+01 1.038048e+00 1.000000e+01
      vertex   -3.304515e+01 1.965805e+00 1.000000e+01
    endloop
  endfacet
  facet normal 9.226835e-01 -3.855582e-01 0.000000e+00
    outer loop
      vertex   -3.304515e+01 1.965805e+00 1.400000e+01
      vertex   -3.304515e+01 1.965805e+00 1.000000e+01
      vertex   -3.267345e+01 2.855310e+00 1.400000e+01
    endloop
  endfacet
  facet normal 9.226835e-01 -3.855582e-01 0.000000e+00
    outer loop
      vertex   -3.267345e+01 2.855310e+00 1.400000e+01
      vertex   -3.304515e+01 1.965805e+00 1.000000e+01
      vertex   -3.267345e+01 2.855310e+00 1.000000e+01
    endloop
  endfacet
  facet normal 8.696068e-01 -4.937448e-01 0.000000e+00
    outer loop
      vertex   -3.267345e+01 2.855310e+00 1.400000e+01
      vertex   -3.267345e+01 2.855310e+00 1.000000e+01
      vertex   -3.219746e+01 3.693647e+00 1.400000e+01
    endloop
  endfacet
  facet normal 8.696068e-01 -4.937448e-01 0.000000e+00
    outer loop
      vertex   -3.219746e+01 3.693647e+00 1.400000e+01
      vertex   -3.267345e+01 2.855310e+00 1.000000e+01
      vertex   -3.219746e+01 3.693647e+00 1.000000e+01
    endloop
  endfacet
  facet normal 8.039021e-01 -5.947616e-01 0.000000e+00
    outer loop
      vertex   -3.219746e+01 3.693647e+00 1.400000e+01
      vertex   -3.219746e+01 3.693647e+00 1.000000e+01
      vertex   -3.162409e+01 4.468641e+00 1.400000e+01
    endloop
  endfacet
  facet normal 8.039021e-01 -5.947616e-01 0.000000e+00
    outer loop
      vertex   -3.162409e+01 4.468641e+00 1.400000e+01
      vertex   -3.219746e+01 3.693647e+00 1.000000e+01
      vertex   -3.162409e+01 4.468641e+00 1.000000e+01
    endloop
  endfacet
  facet normal 7.265236e-01 -6.871416e-01 0.000000e+00
    outer loop
      vertex   -3.162409e+01 4.468641e+00 1.400000e+01
      vertex   -3.162409e+01 4.468641e+00 1.000000e+01
      vertex   -3.096165e+01 5.169040e+00 1.400000e+01
    endloop
  endfacet
  facet normal 7.265236e-01 -6.871416e-01 0.000000e+00
    outer loop
      vertex   -3.096165e+01 5.169040e+00 1.400000e+01
      vertex   -3.162409e+01 4.468641e+00 1.000000e+01
      vertex   -3.096165e+01 5.169040e+00 1.000000e+01
    endloop
  endfacet
  facet normal 6.385948e-01 -7.695432e-01 0.000000e+00
    outer loop
      vertex   -3.096165e+01 5.169040e+00 1.400000e+01
      vertex   -3.096165e+01 5.169040e+00 1.000000e+01
      vertex   -3.021978e+01 5.784672e+00 1.400000e+01
    endloop
  endfacet
  facet normal 6.385948e-01 -7.695432e-01 0.000000e+00
    outer loop
      vertex   -3.021978e+01 5.784672e+00 1.400000e+01
      vertex   -3.096165e+01 5.169040e+00 1.000000e+01
      vertex   -3.021978e+01 5.784672e+00 1.000000e+01
    endloop
  endfacet
  facet normal 5.413927e-01 -8.407699e-01 0.000000e+00
    outer loop
      vertex   -3.021978e+01 5.784672e+00 1.400000e+01
      vertex   -3.021978e+01 5.784672e+00 1.000000e+01
      vertex   -2.940925e+01 6.306597e+00 1.400000e+01
    endloop
  endfacet
  facet normal 5.413927e-01 -8.407699e-01 0.000000e+00
    outer loop
      vertex   -2.940925e+01 6.306597e+00 1.400000e+01
      vertex   -3.021978e+01 5.784672e+00 1.000000e+01
      vertex   -2.940925e+01 6.306597e+00 1.000000e+01
    endloop
  endfacet
  facet normal 4.363287e-01 -8.997873e-01 0.000000e+00
    outer loop
      vertex   -2.940925e+01 6.306597e+00 1.400000e+01
      vertex   -2.940925e+01 6.306597e+00 1.000000e+01
      vertex   -2.854181e+01 6.727236e+00 1.400000e+01
    endloop
  endfacet
  facet normal 4.363287e-01 -8.997873e-01 0.000000e+00
    outer loop
      vertex   -2.854181e+01 6.727236e+00 1.400000e+01
      vertex   -2.940925e+01 6.306597e+00 1.000000e+01
      vertex   -2.854181e+01 6.727236e+00 1.000000e+01
    endloop
  endfacet
  facet normal 3.249286e-01 -9.457385e-01 0.000000e+00
    outer loop
      vertex   -2.854181e+01 6.727236e+00 1.400000e+01
      vertex   -2.854181e+01 6.727236e+00 1.000000e+01
      vertex   -2.763008e+01 7.040480e+00 1.400000e+01
    endloop
  endfacet
  facet normal 3.249286e-01 -9.457385e-01 0.000000e+00
    outer loop
      vertex   -2.763008e+01 7.040480e+00 1.400000e+01
      vertex   -2.854181e+01 6.727236e+00 1.000000e+01
      vertex   -2.763008e+01 7.040480e+00 1.000000e+01
    endloop
  endfacet
  facet normal 2.088101e-01 -9.779562e-01 0.000000e+00
    outer loop
      vertex   -2.763008e+01 7.040480e+00 1.400000e+01
      vertex   -2.763008e+01 7.040480e+00 1.000000e+01
      vertex   -2.668729e+01 7.241782e+00 1.400000e+01
    endloop
  endfacet
  facet normal 2.088101e-01 -9.779562e-01 0.000000e+00
    outer loop
      vertex   -2.668729e+01 7.241782e+00 1.400000e+01
      vertex   -2.763008e+01 7.040480e+00 1.000000e+01
      vertex   -2.668729e+01 7.241782e+00 1.000000e+01
    endloop
  endfacet
  facet normal 8.965930e-02 -9.959725e-01 0.000000e+00
    outer loop
      vertex   -2.668729e+01 7.241782e+00 1.400000e+01
      vertex   -2.668729e+01 7.241782e+00 1.000000e+01
      vertex   -2.572713e+01 7.328217e+00 1.400000e+01
    endloop
  endfacet
  facet normal 8.965930e-02 -9.959725e-01 0.000000e+00
    outer loop
      vertex   -2.572713e+01 7.328217e+00 1.400000e+01
      vertex   -2.668729e+01 7.241782e+00 1.000000e+01
      vertex   -2.572713e+01 7.328217e+00 1.000000e+01
    endloop
  endfacet
  facet normal -3.079346e-02 -9.995258e-01 -0.000000e+00
    outer loop
      vertex   -2.572713e+01 7.328217e+00 1.400000e+01
      vertex   -2.572713e+01 7.328217e+00 1.000000e+01
      vertex   -2.476355e+01 7.298531e+00 1.400000e+01
    endloop
  endfacet
  facet normal -3.079346e-02 -9.995258e-01 -0.000000e+00
    outer loop
      vertex   -2.476355e+01 7.298531e+00 1.400000e+01
      vertex   -2.572713e+01 7.328217e+00 1.000000e+01
      vertex   -2.476355e+01 7.298531e+00 1.000000e+01
    endloop
  endfacet
  facet normal -1.507991e-01 -9.885644e-01 -0.000000e+00
    outer loop
      vertex   -2.476355e+01 7.298531e+00 1.400000e+01
      vertex   -2.476355e+01 7.298531e+00 1.000000e+01
      vertex   -2.381053e+01 7.153155e+00 1.400000e+01
    endloop
  endfacet
  facet normal -1.507991e-01 -9.885644e-01 -0.000000e+00
    outer loop
      vertex   -2.381053e+01 7.153155e+00 1.400000e+01
      vertex   -2.476355e+01 7.298531e+00 1.000000e+01
      vertex   -2.381053e+01 7.153155e+00 1.000000e+01
    endloop
  endfacet
  facet normal -1.412548e-01 -9.899733e-01 -0.000000e+00
    outer loop
      vertex   -2.381053e+01 7.153155e+00 1.400000e+01
      vertex   -2.381053e+01 7.153155e+00 1.000000e+01
      vertex   -2.298038e+01 7.034704e+00 1.400000e+01
    endloop
  endfacet
  facet normal -1.412548e-01 -9.899733e-01 -0.000000e+00
    outer loop
      vertex   -2.298038e+01 7.034704e+00 1.400000e+01
      vertex   -2.381053e+01 7.153155e+00 1.000000e+01
      vertex   -2.298038e+01 7.034704e+00 1.000000e+01
    endloop
  endfacet
  facet normal -1.855097e-03 -9.999983e-01 -0.000000e+00
    outer loop
      vertex   -2.298038e+01 7.034704e+00 1.400000e+01
      vertex   -2.298038e+01 7.034704e+00 1.000000e+01
      vertex   -2.214183e+01 7.033149e+00 1.400000e+01
    endloop
  endfacet
  facet normal -1.855097e-03 -9.999983e-01 -0.000000e+00
    outer loop
      vertex   -2.214183e+01 7.033149e+00 1.400000e+01
      vertex   -2.298038e+01 7.034704e+00 1.000000e+01
      vertex   -2.214183e+01 7.033149e+00 1.000000e+01
    endloop
  endfacet
  facet normal 1.375808e-01 -9.904905e-01 0.000000e+00
    outer loop
      vertex   -2.214183e+01 7.033149e+00 1.400000e+01
      vertex   -2.214183e+01 7.033149e+00 1.000000e+01
      vertex   -2.131124e+01 7.148518e+00 1.400000e+01
    endloop
  endfacet
  facet normal 1.375808e-01 -9.904905e-01 0.000000e+00
    outer loop
      vertex   -2.131124e+01 7.148518e+00 1.400000e+01
      vertex   -2.214183e+01 7.033149e+00 1.000000e+01
      vertex   -2.131124e+01 7.148518e+00 1.000000e+01
    endloop
  endfacet
  facet normal 2.743294e-01 -9.616358e-01 0.000000e+00
    outer loop
      vertex   -2.131124e+01 7.148518e+00 1.400000e+01
      vertex   -2.131124e+01 7.148518e+00 1.000000e+01
      vertex   -2.050485e+01 7.378559e+00 1.400000e+01
    endloop
  endfacet
  facet normal 2.743294e-01 -9.616358e-01 0.000000e+00
    outer loop
      vertex   -2.050485e+01 7.378559e+00 1.400000e+01
      vertex   -2.131124e+01 7.148518e+00 1.000000e+01
      vertex   -2.050485e+01 7.378559e+00 1.000000e+01
    endloop
  endfacet
  facet normal 4.057196e-01 -9.139976e-01 0.000000e+00
    outer loop
      vertex   -2.050485e+01 7.378559e+00 1.400000e+01
      vertex   -2.050485e+01 7.378559e+00 1.000000e+01
      vertex   -1.973841e+01 7.718779e+00 1.400000e+01
    endloop
  endfacet
  facet normal 4.057196e-01 -9.139976e-01 0.000000e+00
    outer loop
      vertex   -1.973841e+01 7.718779e+00 1.400000e+01
      vertex   -2.050485e+01 7.378559e+00 1.000000e+01
      vertex   -1.973841e+01 7.718779e+00 1.000000e+01
    endloop
  endfacet
  facet normal 5.291849e-01 -8.485065e-01 0.000000e+00
    outer loop
      vertex   -1.973841e+01 7.718779e+00 1.400000e+01
      vertex   -1.973841e+01 7.718779e+00 1.000000e+01
      vertex   -1.902689e+01 8.162531e+00 1.400000e+01
    endloop
  endfacet
  facet normal 5.291849e-01 -8.485065e-01 -4.700106e-16
    outer loop
      vertex   -1.902689e+01 8.162531e+00 1.400000e+01
      vertex   -1.973841e+01 7.718779e+00 1.000000e+01
      vertex   -1.902689e+01 8.162531e+00 1.000000e+01
    endloop
  endfacet
  facet normal 6.423138e-01 -7.664418e-01 -5.704892e-16
    outer loop
      vertex   -1.902689e+01 8.162531e+00 1.400000e+01
      vertex   -1.902689e+01 8.162531e+00 1.000000e+01
      vertex   -1.838419e+01 8.701148e+00 1.400000e+01
    endloop
  endfacet
  facet normal 6.423138e-01 -7.664418e-01 0.000000e+00
    outer loop
      vertex   -1.838419e+01 8.701148e+00 1.400000e+01
      vertex   -1.902689e+01 8.162531e+00 1.000000e+01
      vertex   -1.838419e+01 8.701148e+00 1.000000e+01
    endloop
  endfacet
  facet normal 7.428965e-01 -6.694063e-01 0.000000e+00
    outer loop
      vertex   -1.838419e+01 8.701148e+00 1.400000e+01
      vertex   -1.838419e+01 8.701148e+00 1.000000e+01
      vertex   -1.782285e+01 9.324110e+00 1.400000e+01
    endloop
  endfacet
  facet normal 7.428965e-01 -6.694063e-01 0.000000e+00
    outer loop
      vertex   -1.782285e+01 9.324110e+00 1.400000e+01
      vertex   -1.838419e+01 8.701148e+00 1.000000e+01
      vertex   -1.782285e+01 9.324110e+00 1.000000e+01
    endloop
  endfacet
  facet normal 8.289684e-01 -5.592954e-01 0.000000e+00
    outer loop
      vertex   -1.782285e+01 9.324110e+00 1.400000e+01
      vertex   -1.782285e+01 9.324110e+00 1.000000e+01
      vertex   -1.735385e+01 1.001925e+01 1.400000e+01
    endloop
  endfacet
  facet normal 8.289684e-01 -5.592954e-01 0.000000e+00
    outer loop
      vertex   -1.735385e+01 1.001925e+01 1.400000e+01
      vertex   -1.782285e+01 9.324110e+00 1.000000e+01
      vertex   -1.735385e+01 1.001925e+01 1.000000e+01
    endloop
  endfacet
  facet normal 8.988483e-01 -4.382600e-01 0.000000e+00
    outer loop
      vertex   -1.735385e+01 1.001925e+01 1.400000e+01
      vertex   -1.735385e+01 1.001925e+01 1.000000e+01
      vertex   -1.698634e+01 1.077299e+01 1.400000e+01
    endloop
  endfacet
  facet normal 8.988483e-01 -4.382600e-01 0.000000e+00
    outer loop
      vertex   -1.698634e+01 1.077299e+01 1.400000e+01
      vertex   -1.735385e+01 1.001925e+01 1.000000e+01
      vertex   -1.698634e+01 1.077299e+01 1.000000e+01
    endloop
  endfacet
  facet normal 9.511711e-01 -3.086641e-01 0.000000e+00
    outer loop
      vertex   -1.698634e+01 1.077299e+01 1.400000e+01
      vertex   -1.698634e+01 1.077299e+01 1.000000e+01
      vertex   -1.672751e+01 1.157060e+01 1.400000e+01
    endloop
  endfacet
  facet normal 9.511711e-01 -3.086641e-01 0.000000e+00
    outer loop
      vertex   -1.672751e+01 1.157060e+01 1.400000e+01
      vertex   -1.698634e+01 1.077299e+01 1.000000e+01
      vertex   -1.672751e+01 1.157060e+01 1.000000e+01
    endloop
  endfacet
  facet normal 9.849149e-01 -1.730392e-01 0.000000e+00
    outer loop
      vertex   -1.672751e+01 1.157060e+01 1.400000e+01
      vertex   -1.672751e+01 1.157060e+01 1.000000e+01
      vertex   -1.658240e+01 1.239651e+01 1.400000e+01
    endloop
  endfacet
  facet normal 9.849149e-01 -1.730392e-01 0.000000e+00
    outer loop
      vertex   -1.658240e+01 1.239651e+01 1.400000e+01
      vertex   -1.672751e+01 1.157060e+01 1.000000e+01
      vertex   -1.658240e+01 1.239651e+01 1.000000e+01
    endloop
  endfacet
  facet normal 9.994207e-01 -3.403430e-02 0.000000e+00
    outer loop
      vertex   -1.658240e+01 1.239651e+01 1.400000e+01
      vertex   -1.658240e+01 1.239651e+01 1.000000e+01
      vertex   -1.655387e+01 1.323458e+01 1.400000e+01
    endloop
  endfacet
  facet normal 9.994207e-01 -3.403430e-02 1.511426e-17
    outer loop
      vertex   -1.655387e+01 1.323458e+01 1.400000e+01
      vertex   -1.658240e+01 1.239651e+01 1.000000e+01
      vertex   -1.655387e+01 1.323458e+01 1.000000e+01
    endloop
  endfacet
  facet normal 9.944049e-01 1.056354e-01 -4.691152e-17
    outer loop
      vertex   -1.655387e+01 1.323458e+01 1.400000e+01
      vertex   -1.655387e+01 1.323458e+01 1.000000e+01
      vertex   -1.664245e+01 1.406844e+01 1.400000e+01
    endloop
  endfacet
  facet normal 9.944049e-01 1.056354e-01 0.000000e+00
    outer loop
      vertex   -1.664245e+01 1.406844e+01 1.400000e+01
      vertex   -1.655387e+01 1.323458e+01 1.000000e+01
      vertex   -1.664245e+01 1.406844e+01 1.000000e+01
    endloop
  endfacet
  facet normal 9.699657e-01 2.432417e-01 0.000000e+00
    outer loop
      vertex   -1.664245e+01 1.406844e+01 1.400000e+01
      vertex   -1.664245e+01 1.406844e+01 1.000000e+01
      vertex   -1.684642e+01 1.488182e+01 1.400000e+01
    endloop
  endfacet
  facet normal 9.699657e-01 2.432417e-01 0.000000e+00
    outer loop
      vertex   -1.684642e+01 1.488182e+01 1.400000e+01
      vertex   -1.664245e+01 1.406844e+01 1.000000e+01
      vertex   -1.684642e+01 1.488182e+01 1.000000e+01
    endloop
  endfacet
  facet normal 9.265804e-01 3.760968e-01 0.000000e+00
    outer loop
      vertex   -1.684642e+01 1.488182e+01 1.400000e+01
      vertex   -1.684642e+01 1.488182e+01 1.000000e+01
      vertex   -1.716180e+01 1.565881e+01 1.400000e+01
    endloop
  endfacet
  facet normal 9.265804e-01 3.760968e-01 0.000000e+00
    outer loop
      vertex   -1.716180e+01 1.565881e+01 1.400000e+01
      vertex   -1.684642e+01 1.488182e+01 1.000000e+01
      vertex   -1.716180e+01 1.565881e+01 1.000000e+01
    endloop
  endfacet
  facet normal 8.650964e-01 5.016057e-01 0.000000e+00
    outer loop
      vertex   -1.716180e+01 1.565881e+01 1.400000e+01
      vertex   -1.716180e+01 1.565881e+01 1.000000e+01
      vertex   -1.758242e+01 1.638424e+01 1.400000e+01
    endloop
  endfacet
  facet normal 8.650964e-01 5.016057e-01 0.000000e+00
    outer loop
      vertex   -1.758242e+01 1.638424e+01 1.400000e+01
      vertex   -1.716180e+01 1.565881e+01 1.000000e+01
      vertex   -1.758242e+01 1.638424e+01 1.000000e+01
    endloop
  endfacet
  facet normal 7.867146e-01 6.173169e-01 0.000000e+00
    outer loop
      vertex   -1.758242e+01 1.638424e+01 1.400000e+01
      vertex   -1.758242e+01 1.638424e+01 1.000000e+01
      vertex   -1.810008e+01 1.704395e+01 1.400000e+01
    endloop
  endfacet
  facet normal 7.867146e-01 6.173169e-01 0.000000e+00
    outer loop
      vertex   -1.810008e+01 1.704395e+01 1.400000e+01
      vertex   -1.758242e+01 1.638424e+01 1.000000e+01
      vertex   -1.810008e+01 1.704395e+01 1.000000e+01
    endloop
  endfacet
  facet normal 5.292165e-01 -8.484868e-01 0.000000e+00
    outer loop
      vertex   -1.598390e+01 2.944087e+01 1.000000e+01
      vertex   -1.598390e+01 2.944087e+01 1.400000e+01
      vertex   -1.680188e+01 2.893068e+01 1.000000e+01
    endloop
  endfacet
  facet normal 5.292165e-01 -8.484868e-01 0.000000e+00
    outer loop
      vertex   -1.680188e+01 2.893068e+01 1.000000e+01
      vertex   -1.598390e+01 2.944087e+01 1.400000e+01
      vertex   -1.680188e+01 2.893068e+01 1.400000e+01
    endloop
  endfacet
  facet normal 6.274353e-01 -7.786687e-01 0.000000e+00
    outer loop
      vertex   -1.680188e+01 2.893068e+01 1.000000e+01
      vertex   -1.680188e+01 2.893068e+01 1.400000e+01
      vertex   -1.755255e+01 2.832581e+01 1.000000e+01
    endloop
  endfacet
  facet normal 6.274353e-01 -7.786687e-01 0.000000e+00
    outer loop
      vertex   -1.755255e+01 2.832581e+01 1.000000e+01
      vertex   -1.680188e+01 2.893068e+01 1.400000e+01
      vertex   -1.755255e+01 2.832581e+01 1.400000e+01
    endloop
  endfacet
  facet normal 7.165427e-01 -6.975432e-01 0.000000e+00
    outer loop
      vertex   -1.755255e+01 2.832581e+01 1.000000e+01
      vertex   -1.755255e+01 2.832581e+01 1.400000e+01
      vertex   -1.822501e+01 2.763503e+01 1.000000e+01
    endloop
  endfacet
  facet normal 7.165427e-01 -6.975432e-01 -6.026679e-16
    outer loop
      vertex   -1.822501e+01 2.763503e+01 1.000000e+01
      vertex   -1.755255e+01 2.832581e+01 1.400000e+01
      vertex   -1.822501e+01 2.763503e+01 1.400000e+01
    endloop
  endfacet
  facet normal 7.952449e-01 -6.062883e-01 -3.706650e-16
    outer loop
      vertex   -1.822501e+01 2.763503e+01 1.000000e+01
      vertex   -1.822501e+01 2.763503e+01 1.400000e+01
      vertex   -1.880950e+01 2.686838e+01 1.000000e+01
    endloop
  endfacet
  facet normal 7.952449e-01 -6.062883e-01 0.000000e+00
    outer loop
      vertex   -1.880950e+01 2.686838e+01 1.000000e+01
      vertex   -1.822501e+01 2.763503e+01 1.400000e+01
      vertex   -1.880950e+01 2.686838e+01 1.400000e+01
    endloop
  endfacet
  facet normal 8.623990e-01 -5.062292e-01 0.000000e+00
    outer loop
      vertex   -1.880950e+01 2.686838e+01 1.000000e+01
      vertex   -1.880950e+01 2.686838e+01 1.400000e+01
      vertex   -1.929752e+01 2.603700e+01 1.000000e+01
    endloop
  endfacet
  facet normal 8.623990e-01 -5.062292e-01 0.000000e+00
    outer loop
      vertex   -1.929752e+01 2.603700e+01 1.000000e+01
      vertex   -1.880950e+01 2.686838e+01 1.400000e+01
      vertex   -1.929752e+01 2.603700e+01 1.400000e+01
    endloop
  endfacet
  facet normal 9.170297e-01 -3.988189e-01 0.000000e+00
    outer loop
      vertex   -1.929752e+01 2.603700e+01 1.000000e+01
      vertex   -1.929752e+01 2.603700e+01 1.400000e+01
      vertex   -1.968200e+01 2.515294e+01 1.000000e+01
    endloop
  endfacet
  facet normal 9.170297e-01 -3.988189e-01 -7.084446e-16
    outer loop
      vertex   -1.968200e+01 2.515294e+01 1.000000e+01
      vertex   -1.929752e+01 2.603700e+01 1.400000e+01
      vertex   -1.968200e+01 2.515294e+01 1.400000e+01
    endloop
  endfacet
  facet normal 9.583438e-01 -2.856171e-01 -5.073579e-16
    outer loop
      vertex   -1.968200e+01 2.515294e+01 1.000000e+01
      vertex   -1.968200e+01 2.515294e+01 1.400000e+01
      vertex   -1.995735e+01 2.422906e+01 1.000000e+01
    endloop
  endfacet
  facet normal 9.583438e-01 -2.856171e-01 -2.536789e-16
    outer loop
      vertex   -1.995735e+01 2.422906e+01 1.000000e+01
      vertex   -1.968200e+01 2.515294e+01 1.400000e+01
      vertex   -1.995735e+01 2.422906e+01 1.400000e+01
    endloop
  endfacet
  facet normal 9.857413e-01 -1.682677e-01 -1.494518e-16
    outer loop
      vertex   -1.995735e+01 2.422906e+01 1.000000e+01
      vertex   -1.995735e+01 2.422906e+01 1.400000e+01
      vertex   -2.011956e+01 2.327876e+01 1.000000e+01
    endloop
  endfacet
  facet normal 9.857413e-01 -1.682677e-01 0.000000e+00
    outer loop
      vertex   -2.011956e+01 2.327876e+01 1.000000e+01
      vertex   -1.995735e+01 2.422906e+01 1.400000e+01
      vertex   -2.011956e+01 2.327876e+01 1.400000e+01
    endloop
  endfacet
  facet normal 9.988244e-01 -4.847488e-02 0.000000e+00
    outer loop
      vertex   -2.011956e+01 2.327876e+01 1.000000e+01
      vertex   -2.011956e+01 2.327876e+01 1.400000e+01
      vertex   -2.016630e+01 2.231585e+01 1.000000e+01
    endloop
  endfacet
  facet normal 9.988244e-01 -4.847488e-02 0.000000e+00
    outer loop
      vertex   -2.016630e+01 2.231585e+01 1.000000e+01
      vertex   -2.011956e+01 2.327876e+01 1.400000e+01
      vertex   -2.016630e+01 2.231585e+01 1.400000e+01
    endloop
  endfacet
  facet normal 9.974031e-01 7.202191e-02 -0.000000e+00
    outer loop
      vertex   -2.016630e+01 2.231585e+01 1.000000e+01
      vertex   -2.016630e+01 2.231585e+01 1.400000e+01
      vertex   -2.009686e+01 2.135432e+01 1.000000e+01
    endloop
  endfacet
  facet normal 9.974031e-01 7.202191e-02 -0.000000e+00
    outer loop
      vertex   -2.009686e+01 2.135432e+01 1.000000e+01
      vertex   -2.016630e+01 2.231585e+01 1.400000e+01
      vertex   -2.009686e+01 2.135432e+01 1.400000e+01
    endloop
  endfacet
  facet normal 9.814979e-01 1.914728e-01 -0.000000e+00
    outer loop
      vertex   -2.009686e+01 2.135432e+01 1.000000e+01
      vertex   -2.009686e+01 2.135432e+01 1.400000e+01
      vertex   -1.991228e+01 2.040811e+01 1.000000e+01
    endloop
  endfacet
  facet normal 9.814979e-01 1.914728e-01 -0.000000e+00
    outer loop
      vertex   -1.991228e+01 2.040811e+01 1.000000e+01
      vertex   -2.009686e+01 2.135432e+01 1.400000e+01
      vertex   -1.991228e+01 2.040811e+01 1.400000e+01
    endloop
  endfacet
  facet normal 9.513400e-01 3.081433e-01 -0.000000e+00
    outer loop
      vertex   -1.991228e+01 2.040811e+01 1.000000e+01
      vertex   -1.991228e+01 2.040811e+01 1.400000e+01
      vertex   -1.961521e+01 1.949098e+01 1.000000e+01
    endloop
  endfacet
  facet normal 9.513400e-01 3.081433e-01 -0.000000e+00
    outer loop
      vertex   -1.961521e+01 1.949098e+01 1.000000e+01
      vertex   -1.991228e+01 2.040811e+01 1.400000e+01
      vertex   -1.961521e+01 1.949098e+01 1.400000e+01
    endloop
  endfacet
  facet normal 9.073671e-01 4.203390e-01 -0.000000e+00
    outer loop
      vertex   -1.961521e+01 1.949098e+01 1.000000e+01
      vertex   -1.961521e+01 1.949098e+01 1.400000e+01
      vertex   -1.920999e+01 1.861624e+01 1.000000e+01
    endloop
  endfacet
  facet normal 9.073671e-01 4.203390e-01 -0.000000e+00
    outer loop
      vertex   -1.920999e+01 1.861624e+01 1.000000e+01
      vertex   -1.961521e+01 1.949098e+01 1.400000e+01
      vertex   -1.920999e+01 1.861624e+01 1.400000e+01
    endloop
  endfacet
  facet normal 8.502180e-01 5.264308e-01 -0.000000e+00
    outer loop
      vertex   -1.920999e+01 1.861624e+01 1.000000e+01
      vertex   -1.920999e+01 1.861624e+01 1.400000e+01
      vertex   -1.870249e+01 1.779660e+01 1.000000e+01
    endloop
  endfacet
  facet normal 8.502180e-01 5.264308e-01 -0.000000e+00
    outer loop
      vertex   -1.870249e+01 1.779660e+01 1.000000e+01
      vertex   -1.920999e+01 1.861624e+01 1.400000e+01
      vertex   -1.870249e+01 1.779660e+01 1.400000e+01
    endloop
  endfacet
  facet normal 7.807224e-01 6.248780e-01 -0.000000e+00
    outer loop
      vertex   -1.870249e+01 1.779660e+01 1.000000e+01
      vertex   -1.870249e+01 1.779660e+01 1.400000e+01
      vertex   -1.810008e+01 1.704395e+01 1.000000e+01
    endloop
  endfacet
  facet normal 7.807224e-01 6.248780e-01 -0.000000e+00
    outer loop
      vertex   -1.810008e+01 1.704395e+01 1.000000e+01
      vertex   -1.870249e+01 1.779660e+01 1.400000e+01
      vertex   -1.810008e+01 1.704395e+01 1.400000e+01
    endloop
  endfacet
  facet normal 4.512180e-01 -8.924138e-01 0.000000e+00
    outer loop
      vertex   -1.598390e+01 2.944087e+01 1.400000e+01
      vertex   -1.598390e+01 2.944087e+01 1.000000e+01
      vertex   -1.423476e+01 3.032526e+01 1.400000e+01
    endloop
  endfacet
  facet normal 4.512180e-01 -8.924138e-01 0.000000e+00
    outer loop
      vertex   -1.423476e+01 3.032526e+01 1.400000e+01
      vertex   -1.598390e+01 2.944087e+01 1.000000e+01
      vertex   -1.423476e+01 3.032526e+01 1.000000e+01
    endloop
  endfacet
  facet normal 3.982548e-01 -9.172748e-01 0.000000e+00
    outer loop
      vertex   -1.423476e+01 3.032526e+01 1.400000e+01
      vertex   -1.423476e+01 3.032526e+01 1.000000e+01
      vertex   -1.243689e+01 3.110585e+01 1.400000e+01
    endloop
  endfacet
  facet normal 3.982548e-01 -9.172748e-01 0.000000e+00
    outer loop
      vertex   -1.243689e+01 3.110585e+01 1.400000e+01
      vertex   -1.423476e+01 3.032526e+01 1.000000e+01
      vertex   -1.243689e+01 3.110585e+01 1.000000e+01
    endloop
  endfacet
  facet normal 3.439283e-01 -9.389959e-01 0.000000e+00
    outer loop
      vertex   -1.243689e+01 3.110585e+01 1.400000e+01
      vertex   -1.243689e+01 3.110585e+01 1.000000e+01
      vertex   -1.059645e+01 3.177995e+01 1.400000e+01
    endloop
  endfacet
  facet normal 3.439283e-01 -9.389959e-01 0.000000e+00
    outer loop
      vertex   -1.059645e+01 3.177995e+01 1.400000e+01
      vertex   -1.243689e+01 3.110585e+01 1.000000e+01
      vertex   -1.059645e+01 3.177995e+01 1.000000e+01
    endloop
  endfacet
  facet normal 2.884245e-01 -9.575026e-01 0.000000e+00
    outer loop
      vertex   -1.059645e+01 3.177995e+01 1.400000e+01
      vertex   -1.059645e+01 3.177995e+01 1.000000e+01
      vertex   -8.719728e+00 3.234527e+01 1.400000e+01
    endloop
  endfacet
  facet normal 2.884245e-01 -9.575026e-01 -5.123449e-16
    outer loop
      vertex   -8.719728e+00 3.234527e+01 1.400000e+01
      vertex   -1.059645e+01 3.177995e+01 1.000000e+01
      vertex   -8.719728e+00 3.234527e+01 1.000000e+01
    endloop
  endfacet
  facet normal 2.319334e-01 -9.727317e-01 -4.119965e-16
    outer loop
      vertex   -8.719728e+00 3.234527e+01 1.400000e+01
      vertex   -8.719728e+00 3.234527e+01 1.000000e+01
      vertex   -6.813161e+00 3.279986e+01 1.400000e+01
    endloop
  endfacet
  facet normal 2.319334e-01 -9.727317e-01 0.000000e+00
    outer loop
      vertex   -6.813161e+00 3.279986e+01 1.400000e+01
      vertex   -8.719728e+00 3.234527e+01 1.000000e+01
      vertex   -6.813161e+00 3.279986e+01 1.000000e+01
    endloop
  endfacet
  facet normal 1.746484e-01 -9.846309e-01 0.000000e+00
    outer loop
      vertex   -6.813161e+00 3.279986e+01 1.400000e+01
      vertex   -6.813161e+00 3.279986e+01 1.000000e+01
      vertex   -4.883271e+00 3.314217e+01 1.400000e+01
    endloop
  endfacet
  facet normal 1.746484e-01 -9.846309e-01 0.000000e+00
    outer loop
      vertex   -4.883271e+00 3.314217e+01 1.400000e+01
      vertex   -6.813161e+00 3.279986e+01 1.000000e+01
      vertex   -4.883271e+00 3.314217e+01 1.000000e+01
    endloop
  endfacet
  facet normal 1.167654e-01 -9.931595e-01 0.000000e+00
    outer loop
      vertex   -4.883271e+00 3.314217e+01 1.400000e+01
      vertex   -4.883271e+00 3.314217e+01 1.000000e+01
      vertex   -2.936665e+00 3.337104e+01 1.400000e+01
    endloop
  endfacet
  facet normal 1.167654e-01 -9.931595e-01 0.000000e+00
    outer loop
      vertex   -2.936665e+00 3.337104e+01 1.400000e+01
      vertex   -4.883271e+00 3.314217e+01 1.000000e+01
      vertex   -2.936665e+00 3.337104e+01 1.000000e+01
    endloop
  endfacet
  facet normal 5.848282e-02 -9.982884e-01 0.000000e+00
    outer loop
      vertex   -2.936665e+00 3.337104e+01 1.400000e+01
      vertex   -2.936665e+00 3.337104e+01 1.000000e+01
      vertex   -9.800066e-01 3.348566e+01 1.400000e+01
    endloop
  endfacet
  facet normal 5.848282e-02 -9.982884e-01 0.000000e+00
    outer loop
      vertex   -9.800066e-01 3.348566e+01 1.400000e+01
      vertex   -2.936665e+00 3.337104e+01 1.000000e+01
      vertex   -9.800066e-01 3.348566e+01 1.000000e+01
    endloop
  endfacet
  facet normal 0.000000e+00 -1.000000e+00 0.000000e+00
    outer loop
      vertex   -9.800066e-01 3.348566e+01 1.400000e+01
      vertex   -9.800066e-01 3.348566e+01 1.000000e+01
      vertex   9.800066e-01 3.348566e+01 1.400000e+01
    endloop
  endfacet
  facet normal 0.000000e+00 -1.000000e+00 -0.000000e+00
    outer loop
      vertex   9.800066e-01 3.348566e+01 1.400000e+01
      vertex   -9.800066e-01 3.348566e+01 1.000000e+01
      vertex   9.800066e-01 3.348566e+01 1.000000e+01
    endloop
  endfacet
  facet normal -5.848282e-02 -9.982884e-01 -0.000000e+00
    outer loop
      vertex   9.800066e-01 3.348566e+01 1.400000e+01
      vertex   9.800066e-01 3.348566e+01 1.000000e+01
      vertex   2.936665e+00 3.337104e+01 1.400000e+01
    endloop
  endfacet
  facet normal -5.848282e-02 -9.982884e-01 -0.000000e+00
    outer loop
      vertex   2.936665e+00 3.337104e+01 1.400000e+01
      vertex   9.800066e-01 3.348566e+01 1.000000e+01
      vertex   2.936665e+00 3.337104e+01 1.000000e+01
    endloop
  endfacet
  facet normal -1.167654e-01 -9.931595e-01 -0.000000e+00
    outer loop
      vertex   2.936665e+00 3.337104e+01 1.400000e+01
      vertex   2.936665e+00 3.337104e+01 1.000000e+01
      vertex   4.883271e+00 3.314217e+01 1.400000e+01
    endloop
  endfacet
  facet normal -1.167654e-01 -9.931595e-01 -0.000000e+00
    outer loop
      vertex   4.883271e+00 3.314217e+01 1.400000e+01
      vertex   2.936665e+00 3.337104e+01 1.000000e+01
      vertex   4.883271e+00 3.314217e+01 1.000000e+01
    endloop
  endfacet
  facet normal -1.746484e-01 -9.846309e-01 -0.000000e+00
    outer loop
      vertex   4.883271e+00 3.314217e+01 1.400000e+01
      vertex   4.883271e+00 3.314217e+01 1.000000e+01
      vertex   6.813161e+00 3.279986e+01 1.400000e+01
    endloop
  endfacet
  facet normal -1.746484e-01 -9.846309e-01 -0.000000e+00
    outer loop
      vertex   6.813161e+00 3.279986e+01 1.400000e+01
      vertex   4.883271e+00 3.314217e+01 1.000000e+01
      vertex   6.813161e+00 3.279986e+01 1.000000e+01
    endloop
  endfacet
  facet normal -2.319334e-01 -9.727317e-01 -0.000000e+00
    outer loop
      vertex   6.813161e+00 3.279986e+01 1.400000e+01
      vertex   6.813161e+00 3.279986e+01 1.000000e+01
      vertex   8.719728e+00 3.234527e+01 1.400000e+01
    endloop
  endfacet
  facet normal -2.319334e-01 -9.727317e-01 -0.000000e+00
    outer loop
      vertex   8.719728e+00 3.234527e+01 1.400000e+01
      vertex   6.813161e+00 3.279986e+01 1.000000e+01
      vertex   8.719728e+00 3.234527e+01 1.000000e+01
    endloop
  endfacet
  facet normal -2.884245e-01 -9.575026e-01 -0.000000e+00
    outer loop
      vertex   8.719728e+00 3.234527e+01 1.400000e+01
      vertex   8.719728e+00 3.234527e+01 1.000000e+01
      vertex   1.059645e+01 3.177995e+01 1.400000e+01
    endloop
  endfacet
  facet normal -2.884245e-01 -9.575026e-01 -0.000000e+00
    outer loop
      vertex   1.059645e+01 3.177995e+01 1.400000e+01
      vertex   8.719728e+00 3.234527e+01 1.000000e+01
      vertex   1.059645e+01 3.177995e+01 1.000000e+01
    endloop
  endfacet
  facet normal -3.439283e-01 -9.389959e-01 -0.000000e+00
    outer loop
      vertex   1.059645e+01 3.177995e+01 1.400000e+01
      vertex   1.059645e+01 3.177995e+01 1.000000e+01
      vertex   1.243689e+01 3.110585e+01 1.400000e+01
    endloop
  endfacet
  facet normal -3.439283e-01 -9.389959e-01 -0.000000e+00
    outer loop
      vertex   1.243689e+01 3.110585e+01 1.400000e+01
      vertex   1.059645e+01 3.177995e+01 1.000000e+01
      vertex   1.243689e+01 3.110585e+01 1.000000e+01
    endloop
  endfacet
  facet normal -3.982548e-01 -9.172748e-01 -0.000000e+00
    outer loop
      vertex   1.243689e+01 3.110585e+01 1.400000e+01
      vertex   1.243689e+01 3.110585e+01 1.000000e+01
      vertex   1.423476e+01 3.032526e+01 1.400000e+01
    endloop
  endfacet
  facet normal -3.982548e-01 -9.172748e-01 -0.000000e+00
    outer loop
      vertex   1.423476e+01 3.032526e+01 1.400000e+01
      vertex   1.243689e+01 3.110585e+01 1.000000e+01
      vertex   1.423476e+01 3.032526e+01 1.000000e+01
    endloop
  endfacet
  facet normal -4.512180e-01 -8.924138e-01 -0.000000e+00
    outer loop
      vertex   1.423476e+01 3.032526e+01 1.400000e+01
      vertex   1.423476e+01 3.032526e+01 1.000000e+01
      vertex   1.598390e+01 2.944087e+01 1.400000e+01
    endloop
  endfacet
  facet normal -4.512180e-01 -8.924138e-01 -0.000000e+00
    outer loop
      vertex   1.598390e+01 2.944087e+01 1.400000e+01
      vertex   1.423476e+01 3.032526e+01 1.000000e+01
      vertex   1.598390e+01 2.944087e+01 1.000000e+01
    endloop
  endfacet
  facet normal -4.702029e-01 8.825583e-01 0.000000e+00
    outer loop
      vertex   1.750459e+01 -2.856290e+01 1.400000e+01
      vertex   1.750459e+01 -2.856290e+01 1.000000e+01
      vertex   1.665377e+01 -2.901620e+01 1.400000e+01
    endloop
  endfacet
  facet normal -4.702029e-01 8.825583e-01 0.000000e+00
    outer loop
      vertex   1.665377e+01 -2.901620e+01 1.400000e+01
      vertex   1.750459e+01 -2.856290e+01 1.000000e+01
      vertex   1.665377e+01 -2.901620e+01 1.000000e+01
    endloop
  endfacet
  facet normal -3.606293e-01 9.327092e-01 0.000000e+00
    outer loop
      vertex   1.665377e+01 -2.901620e+01 1.400000e+01
      vertex   1.665377e+01 -2.901620e+01 1.000000e+01
      vertex   1.575460e+01 -2.936386e+01 1.400000e+01
    endloop
  endfacet
  facet normal -3.606293e-01 9.327092e-01 0.000000e+00
    outer loop
      vertex   1.575460e+01 -2.936386e+01 1.400000e+01
      vertex   1.665377e+01 -2.901620e+01 1.000000e+01
      vertex   1.575460e+01 -2.936386e+01 1.000000e+01
    endloop
  endfacet
  facet normal -2.458188e-01 9.693158e-01 0.000000e+00
    outer loop
      vertex   1.575460e+01 -2.936386e+01 1.400000e+01
      vertex   1.575460e+01 -2.936386e+01 1.000000e+01
      vertex   1.482014e+01 -2.960084e+01 1.400000e+01
    endloop
  endfacet
  facet normal -2.458188e-01 9.693158e-01 0.000000e+00
    outer loop
      vertex   1.482014e+01 -2.960084e+01 1.400000e+01
      vertex   1.575460e+01 -2.936386e+01 1.000000e+01
      vertex   1.482014e+01 -2.960084e+01 1.000000e+01
    endloop
  endfacet
  facet normal -1.274386e-01 9.918465e-01 0.000000e+00
    outer loop
      vertex   1.482014e+01 -2.960084e+01 1.400000e+01
      vertex   1.482014e+01 -2.960084e+01 1.000000e+01
      vertex   1.386395e+01 -2.972369e+01 1.400000e+01
    endloop
  endfacet
  facet normal -1.274386e-01 9.918465e-01 0.000000e+00
    outer loop
      vertex   1.386395e+01 -2.972369e+01 1.400000e+01
      vertex   1.482014e+01 -2.960084e+01 1.000000e+01
      vertex   1.386395e+01 -2.972369e+01 1.000000e+01
    endloop
  endfacet
  facet normal -7.207833e-03 9.999740e-01 0.000000e+00
    outer loop
      vertex   1.386395e+01 -2.972369e+01 1.400000e+01
      vertex   1.386395e+01 -2.972369e+01 1.000000e+01
      vertex   1.289994e+01 -2.973064e+01 1.400000e+01
    endloop
  endfacet
  facet normal -7.207833e-03 9.999740e-01 0.000000e+00
    outer loop
      vertex   1.289994e+01 -2.973064e+01 1.400000e+01
      vertex   1.386395e+01 -2.972369e+01 1.000000e+01
      vertex   1.289994e+01 -2.973064e+01 1.000000e+01
    endloop
  endfacet
  facet normal 1.131276e-01 9.935805e-01 0.000000e+00
    outer loop
      vertex   1.289994e+01 -2.973064e+01 1.400000e+01
      vertex   1.289994e+01 -2.973064e+01 1.000000e+01
      vertex   1.194209e+01 -2.962158e+01 1.400000e+01
    endloop
  endfacet
  facet normal 1.131276e-01 9.935805e-01 0.000000e+00
    outer loop
      vertex   1.194209e+01 -2.962158e+01 1.400000e+01
      vertex   1.289994e+01 -2.973064e+01 1.000000e+01
      vertex   1.194209e+01 -2.962158e+01 1.000000e+01
    endloop
  endfacet
  facet normal 2.318203e-01 9.727586e-01 0.000000e+00
    outer loop
      vertex   1.194209e+01 -2.962158e+01 1.400000e+01
      vertex   1.194209e+01 -2.962158e+01 1.000000e+01
      vertex   1.100431e+01 -2.939810e+01 1.400000e+01
    endloop
  endfacet
  facet normal 2.318203e-01 9.727586e-01 0.000000e+00
    outer loop
      vertex   1.100431e+01 -2.939810e+01 1.400000e+01
      vertex   1.194209e+01 -2.962158e+01 1.000000e+01
      vertex   1.100431e+01 -2.939810e+01 1.000000e+01
    endloop
  endfacet
  facet normal 3.471465e-01 9.378109e-01 0.000000e+00
    outer loop
      vertex   1.100431e+01 -2.939810e+01 1.400000e+01
      vertex   1.100431e+01 -2.939810e+01 1.000000e+01
      vertex   1.010022e+01 -2.906343e+01 1.400000e+01
    endloop
  endfacet
  facet normal 3.471465e-01 9.378109e-01 0.000000e+00
    outer loop
      vertex   1.010022e+01 -2.906343e+01 1.400000e+01
      vertex   1.100431e+01 -2.939810e+01 1.000000e+01
      vertex   1.010022e+01 -2.906343e+01 1.000000e+01
    endloop
  endfacet
  facet normal 4.574317e-01 8.892447e-01 0.000000e+00
    outer loop
      vertex   1.010022e+01 -2.906343e+01 1.400000e+01
      vertex   1.010022e+01 -2.906343e+01 1.000000e+01
      vertex   9.242949e+00 -2.862245e+01 1.400000e+01
    endloop
  endfacet
  facet normal 4.574317e-01 8.892447e-01 0.000000e+00
    outer loop
      vertex   9.242949e+00 -2.862245e+01 1.400000e+01
      vertex   1.010022e+01 -2.906343e+01 1.000000e+01
      vertex   9.242949e+00 -2.862245e+01 1.000000e+01
    endloop
  endfacet
  facet normal 5.610743e-01 8.277654e-01 0.000000e+00
    outer loop
      vertex   9.242949e+00 -2.862245e+01 1.400000e+01
      vertex   9.242949e+00 -2.862245e+01 1.000000e+01
      vertex   8.444949e+00 -2.808155e+01 1.400000e+01
    endloop
  endfacet
  facet normal 5.610743e-01 8.277654e-01 0.000000e+00
    outer loop
      vertex   8.444949e+00 -2.808155e+01 1.400000e+01
      vertex   9.242949e+00 -2.862245e+01 1.000000e+01
      vertex   8.444949e+00 -2.808155e+01 1.000000e+01
    endloop
  endfacet
  facet normal 6.565693e-01 7.542657e-01 0.000000e+00
    outer loop
      vertex   8.444949e+00 -2.808155e+01 1.400000e+01
      vertex   8.444949e+00 -2.808155e+01 1.000000e+01
      vertex   7.717806e+00 -2.744859e+01 1.400000e+01
    endloop
  endfacet
  facet normal 6.565693e-01 7.542657e-01 0.000000e+00
    outer loop
      vertex   7.717806e+00 -2.744859e+01 1.400000e+01
      vertex   8.444949e+00 -2.808155e+01 1.000000e+01
      vertex   7.717806e+00 -2.744859e+01 1.000000e+01
    endloop
  endfacet
  facet normal 7.425299e-01 6.698129e-01 0.000000e+00
    outer loop
      vertex   7.717806e+00 -2.744859e+01 1.400000e+01
      vertex   7.717806e+00 -2.744859e+01 1.000000e+01
      vertex   7.072079e+00 -2.673276e+01 1.400000e+01
    endloop
  endfacet
  facet normal 7.425299e-01 6.698129e-01 0.000000e+00
    outer loop
      vertex   7.072079e+00 -2.673276e+01 1.400000e+01
      vertex   7.717806e+00 -2.744859e+01 1.000000e+01
      vertex   7.072079e+00 -2.673276e+01 1.000000e+01
    endloop
  endfacet
  facet normal 8.177078e-01 5.756335e-01 0.000000e+00
    outer loop
      vertex   7.072079e+00 -2.673276e+01 1.400000e+01
      vertex   7.072079e+00 -2.673276e+01 1.000000e+01
      vertex   6.517144e+00 -2.594446e+01 1.400000e+01
    endloop
  endfacet
  facet normal 8.177078e-01 5.756335e-01 0.000000e+00
    outer loop
      vertex   6.517144e+00 -2.594446e+01 1.400000e+01
      vertex   7.072079e+00 -2.673276e+01 1.000000e+01
      vertex   6.517144e+00 -2.594446e+01 1.000000e+01
    endloop
  endfacet
  facet normal 8.810114e-01 4.730950e-01 0.000000e+00
    outer loop
      vertex   6.517144e+00 -2.594446e+01 1.400000e+01
      vertex   6.517144e+00 -2.594446e+01 1.000000e+01
      vertex   6.061061e+00 -2.509513e+01 1.400000e+01
    endloop
  endfacet
  facet normal 8.810114e-01 4.730950e-01 0.000000e+00
    outer loop
      vertex   6.061061e+00 -2.509513e+01 1.400000e+01
      vertex   6.517144e+00 -2.594446e+01 1.000000e+01
      vertex   6.061061e+00 -2.509513e+01 1.000000e+01
    endloop
  endfacet
  facet normal 9.315214e-01 3.636864e-01 0.000000e+00
    outer loop
      vertex   6.061061e+00 -2.509513e+01 1.400000e+01
      vertex   6.061061e+00 -2.509513e+01 1.000000e+01
      vertex   5.710452e+00 -2.419710e+01 1.400000e+01
    endloop
  endfacet
  facet normal 9.315214e-01 3.636864e-01 0.000000e+00
    outer loop
      vertex   5.710452e+00 -2.419710e+01 1.400000e+01
      vertex   6.061061e+00 -2.509513e+01 1.000000e+01
      vertex   5.710452e+00 -2.419710e+01 1.000000e+01
    endloop
  endfacet
  facet normal 9.279694e-01 3.726564e-01 0.000000e+00
    outer loop
      vertex   5.710452e+00 -2.419710e+01 1.400000e+01
      vertex   5.710452e+00 -2.419710e+01 1.000000e+01
      vertex   5.397958e+00 -2.341895e+01 1.400000e+01
    endloop
  endfacet
  facet normal 9.279694e-01 3.726564e-01 0.000000e+00
    outer loop
      vertex   5.397958e+00 -2.341895e+01 1.400000e+01
      vertex   5.710452e+00 -2.419710e+01 1.000000e+01
      vertex   5.397958e+00 -2.341895e+01 1.000000e+01
    endloop
  endfacet
  facet normal 8.669515e-01 4.983926e-01 0.000000e+00
    outer loop
      vertex   5.397958e+00 -2.341895e+01 1.400000e+01
      vertex   5.397958e+00 -2.341895e+01 1.000000e+01
      vertex   4.980027e+00 -2.269196e+01 1.400000e+01
    endloop
  endfacet
  facet normal 8.669515e-01 4.983926e-01 0.000000e+00
    outer loop
      vertex   4.980027e+00 -2.269196e+01 1.400000e+01
      vertex   5.397958e+00 -2.341895e+01 1.000000e+01
      vertex   4.980027e+00 -2.269196e+01 1.000000e+01
    endloop
  endfacet
  facet normal 7.889996e-01 6.143938e-01 0.000000e+00
    outer loop
      vertex   4.980027e+00 -2.269196e+01 1.400000e+01
      vertex   4.980027e+00 -2.269196e+01 1.000000e+01
      vertex   4.464822e+00 -2.203034e+01 1.400000e+01
    endloop
  endfacet
  facet normal 7.889996e-01 6.143938e-01 0.000000e+00
    outer loop
      vertex   4.464822e+00 -2.203034e+01 1.400000e+01
      vertex   4.980027e+00 -2.269196e+01 1.000000e+01
      vertex   4.464822e+00 -2.203034e+01 1.000000e+01
    endloop
  endfacet
  facet normal 6.956363e-01 7.183941e-01 0.000000e+00
    outer loop
      vertex   4.464822e+00 -2.203034e+01 1.400000e+01
      vertex   4.464822e+00 -2.203034e+01 1.000000e+01
      vertex   3.862407e+00 -2.144700e+01 1.400000e+01
    endloop
  endfacet
  facet normal 6.956363e-01 7.183941e-01 0.000000e+00
    outer loop
      vertex   3.862407e+00 -2.144700e+01 1.400000e+01
      vertex   4.464822e+00 -2.203034e+01 1.000000e+01
      vertex   3.862407e+00 -2.144700e+01 1.000000e+01
    endloop
  endfacet
  facet normal 5.886854e-01 8.083623e-01 0.000000e+00
    outer loop
      vertex   3.862407e+00 -2.144700e+01 1.400000e+01
      vertex   3.862407e+00 -2.144700e+01 1.000000e+01
      vertex   3.184548e+00 -2.095336e+01 1.400000e+01
    endloop
  endfacet
  facet normal 5.886854e-01 8.083623e-01 0.000000e+00
    outer loop
      vertex   3.184548e+00 -2.095336e+01 1.400000e+01
      vertex   3.862407e+00 -2.144700e+01 1.000000e+01
      vertex   3.184548e+00 -2.095336e+01 1.000000e+01
    endloop
  endfacet
  facet normal 4.702358e-01 8.825408e-01 0.000000e+00
    outer loop
      vertex   3.184548e+00 -2.095336e+01 1.400000e+01
      vertex   3.184548e+00 -2.095336e+01 1.000000e+01
      vertex   2.444487e+00 -2.055904e+01 1.400000e+01
    endloop
  endfacet
  facet normal 4.702358e-01 8.825408e-01 0.000000e+00
    outer loop
      vertex   2.444487e+00 -2.055904e+01 1.400000e+01
      vertex   3.184548e+00 -2.095336e+01 1.000000e+01
      vertex   2.444487e+00 -2.055904e+01 1.000000e+01
    endloop
  endfacet
  facet normal 3.426012e-01 9.394809e-01 0.000000e+00
    outer loop
      vertex   2.444487e+00 -2.055904e+01 1.400000e+01
      vertex   2.444487e+00 -2.055904e+01 1.000000e+01
      vertex   1.656677e+00 -2.027175e+01 1.400000e+01
    endloop
  endfacet
  facet normal 3.426012e-01 9.394809e-01 -9.509092e-17
    outer loop
      vertex   1.656677e+00 -2.027175e+01 1.400000e+01
      vertex   2.444487e+00 -2.055904e+01 1.000000e+01
      vertex   1.656677e+00 -2.027175e+01 1.000000e+01
    endloop
  endfacet
  facet normal 2.082746e-01 9.780704e-01 -5.780781e-17
    outer loop
      vertex   1.656677e+00 -2.027175e+01 1.400000e+01
      vertex   1.656677e+00 -2.027175e+01 1.000000e+01
      vertex   8.365082e-01 -2.009710e+01 1.400000e+01
    endloop
  endfacet
  facet normal 2.082746e-01 9.780704e-01 8.051124e-16
    outer loop
      vertex   8.365082e-01 -2.009710e+01 1.400000e+01
      vertex   1.656677e+00 -2.027175e+01 1.000000e+01
      vertex   8.365082e-01 -2.009710e+01 1.000000e+01
    endloop
  endfacet
  facet normal 6.987985e-02 9.975554e-01 8.646721e-16
    outer loop
      vertex   8.365082e-01 -2.009710e+01 1.400000e+01
      vertex   8.365082e-01 -2.009710e+01 1.000000e+01
      vertex   -1.206710e-14 -2.003850e+01 1.400000e+01
    endloop
  endfacet
  facet normal 6.987985e-02 9.975554e-01 -2.327466e-17
    outer loop
      vertex   -1.206710e-14 -2.003850e+01 1.400000e+01
      vertex   8.365082e-01 -2.009710e+01 1.000000e+01
      vertex   -1.339937e-14 -2.003850e+01 1.000000e+01
    endloop
  endfacet
  facet normal -6.987985e-02 9.975554e-01 2.327466e-17
    outer loop
      vertex   -1.206710e-14 -2.003850e+01 1.400000e+01
      vertex   -1.339937e-14 -2.003850e+01 1.000000e+01
      vertex   -8.365082e-01 -2.009710e+01 1.400000e+01
    endloop
  endfacet
  facet normal -6.987985e-02 9.975554e-01 1.939555e-17
    outer loop
      vertex   -8.365082e-01 -2.009710e+01 1.400000e+01
      vertex   -1.339937e-14 -2.003850e+01 1.000000e+01
      vertex   -8.365082e-01 -2.009710e+01 1.000000e+01
    endloop
  endfacet
  facet normal -2.082746e-01 9.780704e-01 5.780781e-17
    outer loop
      vertex   -8.365082e-01 -2.009710e+01 1.400000e+01
      vertex   -8.365082e-01 -2.009710e+01 1.000000e+01
      vertex   -1.656677e+00 -2.027175e+01 1.400000e+01
    endloop
  endfacet
  facet normal -2.082746e-01 9.780704e-01 6.936937e-17
    outer loop
      vertex   -1.656677e+00 -2.027175e+01 1.400000e+01
      vertex   -8.365082e-01 -2.009710e+01 1.000000e+01
      vertex   -1.656677e+00 -2.027175e+01 1.000000e+01
    endloop
  endfacet
  facet normal -3.426012e-01 9.394809e-01 1.141091e-16
    outer loop
      vertex   -1.656677e+00 -2.027175e+01 1.400000e+01
      vertex   -1.656677e+00 -2.027175e+01 1.000000e+01
      vertex   -2.444487e+00 -2.055904e+01 1.400000e+01
    endloop
  endfacet
  facet normal -3.426012e-01 9.394809e-01 -1.141091e-16
    outer loop
      vertex   -2.444487e+00 -2.055904e+01 1.400000e+01
      vertex   -1.656677e+00 -2.027175e+01 1.000000e+01
      vertex   -2.444487e+00 -2.055904e+01 1.000000e+01
    endloop
  endfacet
  facet normal -4.702358e-01 8.825408e-01 -1.566200e-16
    outer loop
      vertex   -2.444487e+00 -2.055904e+01 1.400000e+01
      vertex   -2.444487e+00 -2.055904e+01 1.000000e+01
      vertex   -3.184548e+00 -2.095336e+01 1.400000e+01
    endloop
  endfacet
  facet normal -4.702358e-01 8.825408e-01 0.000000e+00
    outer loop
      vertex   -3.184548e+00 -2.095336e+01 1.400000e+01
      vertex   -2.444487e+00 -2.055904e+01 1.000000e+01
      vertex   -3.184548e+00 -2.095336e+01 1.000000e+01
    endloop
  endfacet
  facet normal -5.886854e-01 8.083623e-01 0.000000e+00
    outer loop
      vertex   -3.184548e+00 -2.095336e+01 1.400000e+01
      vertex   -3.184548e+00 -2.095336e+01 1.000000e+01
      vertex   -3.862407e+00 -2.144700e+01 1.400000e+01
    endloop
  endfacet
  facet normal -5.886854e-01 8.083623e-01 0.000000e+00
    outer loop
      vertex   -3.862407e+00 -2.144700e+01 1.400000e+01
      vertex   -3.184548e+00 -2.095336e+01 1.000000e+01
      vertex   -3.862407e+00 -2.144700e+01 1.000000e+01
    endloop
  endfacet
  facet normal -6.956363e-01 7.183941e-01 0.000000e+00
    outer loop
      vertex   -3.862407e+00 -2.144700e+01 1.400000e+01
      vertex   -3.862407e+00 -2.144700e+01 1.000000e+01
      vertex   -4.464822e+00 -2.203034e+01 1.400000e+01
    endloop
  endfacet
  facet normal -6.956363e-01 7.183941e-01 0.000000e+00
    outer loop
      vertex   -4.464822e+00 -2.203034e+01 1.400000e+01
      vertex   -3.862407e+00 -2.144700e+01 1.000000e+01
      vertex   -4.464822e+00 -2.203034e+01 1.000000e+01
    endloop
  endfacet
  facet normal -7.889996e-01 6.143938e-01 0.000000e+00
    outer loop
      vertex   -4.464822e+00 -2.203034e+01 1.400000e+01
      vertex   -4.464822e+00 -2.203034e+01 1.000000e+01
      vertex   -4.980027e+00 -2.269196e+01 1.400000e+01
    endloop
  endfacet
  facet normal -7.889996e-01 6.143938e-01 0.000000e+00
    outer loop
      vertex   -4.980027e+00 -2.269196e+01 1.400000e+01
      vertex   -4.464822e+00 -2.203034e+01 1.000000e+01
      vertex   -4.980027e+00 -2.269196e+01 1.000000e+01
    endloop
  endfacet
  facet normal -8.669515e-01 4.983926e-01 0.000000e+00
    outer loop
      vertex   -4.980027e+00 -2.269196e+01 1.400000e+01
      vertex   -4.980027e+00 -2.269196e+01 1.000000e+01
      vertex   -5.397958e+00 -2.341895e+01 1.400000e+01
    endloop
  endfacet
  facet normal -8.669515e-01 4.983926e-01 0.000000e+00
    outer loop
      vertex   -5.397958e+00 -2.341895e+01 1.400000e+01
      vertex   -4.980027e+00 -2.269196e+01 1.000000e+01
      vertex   -5.397958e+00 -2.341895e+01 1.000000e+01
    endloop
  endfacet
  facet normal -9.279694e-01 3.726564e-01 0.000000e+00
    outer loop
      vertex   -5.397958e+00 -2.341895e+01 1.400000e+01
      vertex   -5.397958e+00 -2.341895e+01 1.000000e+01
      vertex   -5.710452e+00 -2.419710e+01 1.400000e+01
    endloop
  endfacet
  facet normal -9.279694e-01 3.726564e-01 0.000000e+00
    outer loop
      vertex   -5.710452e+00 -2.419710e+01 1.400000e+01
      vertex   -5.397958e+00 -2.341895e+01 1.000000e+01
      vertex   -5.710452e+00 -2.419710e+01 1.000000e+01
    endloop
  endfacet
  facet normal -5.292165e-01 -8.484868e-01 -0.000000e+00
    outer loop
      vertex   1.598390e+01 2.944087e+01 1.400000e+01
      vertex   1.598390e+01 2.944087e+01 1.000000e+01
      vertex   1.680188e+01 2.893068e+01 1.400000e+01
    endloop
  endfacet
  facet normal -5.292165e-01 -8.484868e-01 -0.000000e+00
    outer loop
      vertex   1.680188e+01 2.893068e+01 1.400000e+01
      vertex   1.598390e+01 2.944087e+01 1.000000e+01
      vertex   1.680188e+01 2.893068e+01 1.000000e+01
    endloop
  endfacet
  facet normal -6.274353e-01 -7.786687e-01 -0.000000e+00
    outer loop
      vertex   1.680188e+01 2.893068e+01 1.400000e+01
      vertex   1.680188e+01 2.893068e+01 1.000000e+01
      vertex   1.755255e+01 2.832581e+01 1.400000e+01
    endloop
  endfacet
  facet normal -6.274353e-01 -7.786687e-01 -0.000000e+00
    outer loop
      vertex   1.755255e+01 2.832581e+01 1.400000e+01
      vertex   1.680188e+01 2.893068e+01 1.000000e+01
      vertex   1.755255e+01 2.832581e+01 1.000000e+01
    endloop
  endfacet
  facet normal -7.165427e-01 -6.975432e-01 -0.000000e+00
    outer loop
      vertex   1.755255e+01 2.832581e+01 1.400000e+01
      vertex   1.755255e+01 2.832581e+01 1.000000e+01
      vertex   1.822501e+01 2.763503e+01 1.400000e+01
    endloop
  endfacet
  facet normal -7.165427e-01 -6.975432e-01 -0.000000e+00
    outer loop
      vertex   1.822501e+01 2.763503e+01 1.400000e+01
      vertex   1.755255e+01 2.832581e+01 1.000000e+01
      vertex   1.822501e+01 2.763503e+01 1.000000e+01
    endloop
  endfacet
  facet normal -7.952449e-01 -6.062883e-01 -0.000000e+00
    outer loop
      vertex   1.822501e+01 2.763503e+01 1.400000e+01
      vertex   1.822501e+01 2.763503e+01 1.000000e+01
      vertex   1.880950e+01 2.686838e+01 1.400000e+01
    endloop
  endfacet
  facet normal -7.952449e-01 -6.062883e-01 -0.000000e+00
    outer loop
      vertex   1.880950e+01 2.686838e+01 1.400000e+01
      vertex   1.822501e+01 2.763503e+01 1.000000e+01
      vertex   1.880950e+01 2.686838e+01 1.000000e+01
    endloop
  endfacet
  facet normal -8.623990e-01 -5.062292e-01 -0.000000e+00
    outer loop
      vertex   1.880950e+01 2.686838e+01 1.400000e+01
      vertex   1.880950e+01 2.686838e+01 1.000000e+01
      vertex   1.929752e+01 2.603700e+01 1.400000e+01
    endloop
  endfacet
  facet normal -8.623990e-01 -5.062292e-01 -0.000000e+00
    outer loop
      vertex   1.929752e+01 2.603700e+01 1.400000e+01
      vertex   1.880950e+01 2.686838e+01 1.000000e+01
      vertex   1.929752e+01 2.603700e+01 1.000000e+01
    endloop
  endfacet
  facet normal -9.170297e-01 -3.988189e-01 -0.000000e+00
    outer loop
      vertex   1.929752e+01 2.603700e+01 1.400000e+01
      vertex   1.929752e+01 2.603700e+01 1.000000e+01
      vertex   1.968200e+01 2.515294e+01 1.400000e+01
    endloop
  endfacet
  facet normal -9.170297e-01 -3.988189e-01 -0.000000e+00
    outer loop
      vertex   1.968200e+01 2.515294e+01 1.400000e+01
      vertex   1.929752e+01 2.603700e+01 1.000000e+01
      vertex   1.968200e+01 2.515294e+01 1.000000e+01
    endloop
  endfacet
  facet normal -9.583438e-01 -2.856171e-01 -0.000000e+00
    outer loop
      vertex   1.968200e+01 2.515294e+01 1.400000e+01
      vertex   1.968200e+01 2.515294e+01 1.000000e+01
      vertex   1.995735e+01 2.422906e+01 1.400000e+01
    endloop
  endfacet
  facet normal -9.583438e-01 -2.856171e-01 -0.000000e+00
    outer loop
      vertex   1.995735e+01 2.422906e+01 1.400000e+01
      vertex   1.968200e+01 2.515294e+01 1.000000e+01
      vertex   1.995735e+01 2.422906e+01 1.000000e+01
    endloop
  endfacet
  facet normal -9.857413e-01 -1.682677e-01 -0.000000e+00
    outer loop
      vertex   1.995735e+01 2.422906e+01 1.400000e+01
      vertex   1.995735e+01 2.422906e+01 1.000000e+01
      vertex   2.011956e+01 2.327876e+01 1.400000e+01
    endloop
  endfacet
  facet normal -9.857413e-01 -1.682677e-01 -0.000000e+00
    outer loop
      vertex   2.011956e+01 2.327876e+01 1.400000e+01
      vertex   1.995735e+01 2.422906e+01 1.000000e+01
      vertex   2.011956e+01 2.327876e+01 1.000000e+01
    endloop
  endfacet
  facet normal -9.988244e-01 -4.847488e-02 -0.000000e+00
    outer loop
      vertex   2.011956e+01 2.327876e+01 1.400000e+01
      vertex   2.011956e+01 2.327876e+01 1.000000e+01
      vertex   2.016630e+01 2.231585e+01 1.400000e+01
    endloop
  endfacet
  facet normal -9.988244e-01 -4.847488e-02 -0.000000e+00
    outer loop
      vertex   2.016630e+01 2.231585e+01 1.400000e+01
      vertex   2.011956e+01 2.327876e+01 1.000000e+01
      vertex   2.016630e+01 2.231585e+01 1.000000e+01
    endloop
  endfacet
  facet normal -9.974031e-01 7.202191e-02 0.000000e+00
    outer loop
      vertex   2.016630e+01 2.231585e+01 1.400000e+01
      vertex   2.016630e+01 2.231585e+01 1.000000e+01
      vertex   2.009686e+01 2.135432e+01 1.400000e+01
    endloop
  endfacet
  facet normal -9.974031e-01 7.202191e-02 0.000000e+00
    outer loop
      vertex   2.009686e+01 2.135432e+01 1.400000e+01
      vertex   2.016630e+01 2.231585e+01 1.000000e+01
      vertex   2.009686e+01 2.135432e+01 1.000000e+01
    endloop
  endfacet
  facet normal -9.814979e-01 1.914728e-01 0.000000e+00
    outer loop
      vertex   2.009686e+01 2.135432e+01 1.400000e+01
      vertex   2.009686e+01 2.135432e+01 1.000000e+01
      vertex   1.991228e+01 2.040811e+01 1.400000e+01
    endloop
  endfacet
  facet normal -9.814979e-01 1.914728e-01 0.000000e+00
    outer loop
      vertex   1.991228e+01 2.040811e+01 1.400000e+01
      vertex   2.009686e+01 2.135432e+01 1.000000e+01
      vertex   1.991228e+01 2.040811e+01 1.000000e+01
    endloop
  endfacet
  facet normal -9.513400e-01 3.081433e-01 0.000000e+00
    outer loop
      vertex   1.991228e+01 2.040811e+01 1.400000e+01
      vertex   1.991228e+01 2.040811e+01 1.000000e+01
      vertex   1.961521e+01 1.949098e+01 1.400000e+01
    endloop
  endfacet
  facet normal -9.513400e-01 3.081433e-01 0.000000e+00
    outer loop
      vertex   1.961521e+01 1.949098e+01 1.400000e+01
      vertex   1.991228e+01 2.040811e+01 1.000000e+01
      vertex   1.961521e+01 1.949098e+01 1.000000e+01
    endloop
  endfacet
  facet normal -9.073671e-01 4.203390e-01 0.000000e+00
    outer loop
      vertex   1.961521e+01 1.949098e+01 1.400000e+01
      vertex   1.961521e+01 1.949098e+01 1.000000e+01
      vertex   1.920999e+01 1.861624e+01 1.400000e+01
    endloop
  endfacet
  facet normal -9.073671e-01 4.203390e-01 0.000000e+00
    outer loop
      vertex   1.920999e+01 1.861624e+01 1.400000e+01
      vertex   1.961521e+01 1.949098e+01 1.000000e+01
      vertex   1.920999e+01 1.861624e+01 1.000000e+01
    endloop
  endfacet
  facet normal -8.502180e-01 5.264308e-01 0.000000e+00
    outer loop
      vertex   1.920999e+01 1.861624e+01 1.400000e+01
      vertex   1.920999e+01 1.861624e+01 1.000000e+01
      vertex   1.870249e+01 1.779660e+01 1.400000e+01
    endloop
  endfacet
  facet normal -8.502180e-01 5.264308e-01 0.000000e+00
    outer loop
      vertex   1.870249e+01 1.779660e+01 1.400000e+01
      vertex   1.920999e+01 1.861624e+01 1.000000e+01
      vertex   1.870249e+01 1.779660e+01 1.000000e+01
    endloop
  endfacet
  facet normal -7.807224e-01 6.248780e-01 0.000000e+00
    outer loop
      vertex   1.870249e+01 1.779660e+01 1.400000e+01
      vertex   1.870249e+01 1.779660e+01 1.000000e+01
      vertex   1.810008e+01 1.704395e+01 1.400000e+01
    endloop
  endfacet
  facet normal -7.807224e-01 6.248780e-01 0.000000e+00
    outer loop
      vertex   1.810008e+01 1.704395e+01 1.400000e+01
      vertex   1.870249e+01 1.779660e+01 1.000000e+01
      vertex   1.810008e+01 1.704395e+01 1.000000e+01
    endloop
  endfacet
  facet normal 4.702029e-01 8.825583e-01 -0.000000e+00
    outer loop
      vertex   -1.750459e+01 -2.856290e+01 1.000000e+01
      vertex   -1.750459e+01 -2.856290e+01 1.400000e+01
      vertex   -1.665377e+01 -2.901620e+01 1.000000e+01
    endloop
  endfacet
  facet normal 4.702029e-01 8.825583e-01 -0.000000e+00
    outer loop
      vertex   -1.665377e+01 -2.901620e+01 1.000000e+01
      vertex   -1.750459e+01 -2.856290e+01 1.400000e+01
      vertex   -1.665377e+01 -2.901620e+01 1.400000e+01
    endloop
  endfacet
  facet normal 3.606293e-01 9.327092e-01 -0.000000e+00
    outer loop
      vertex   -1.665377e+01 -2.901620e+01 1.000000e+01
      vertex   -1.665377e+01 -2.901620e+01 1.400000e+01
      vertex   -1.575460e+01 -2.936386e+01 1.000000e+01
    endloop
  endfacet
  facet normal 3.606293e-01 9.327092e-01 -0.000000e+00
    outer loop
      vertex   -1.575460e+01 -2.936386e+01 1.000000e+01
      vertex   -1.665377e+01 -2.901620e+01 1.400000e+01
      vertex   -1.575460e+01 -2.936386e+01 1.400000e+01
    endloop
  endfacet
  facet normal 2.458188e-01 9.693158e-01 -0.000000e+00
    outer loop
      vertex   -1.575460e+01 -2.936386e+01 1.000000e+01
      vertex   -1.575460e+01 -2.936386e+01 1.400000e+01
      vertex   -1.482014e+01 -2.960084e+01 1.000000e+01
    endloop
  endfacet
  facet normal 2.458188e-01 9.693158e-01 -0.000000e+00
    outer loop
      vertex   -1.482014e+01 -2.960084e+01 1.000000e+01
      vertex   -1.575460e+01 -2.936386e+01 1.400000e+01
      vertex   -1.482014e+01 -2.960084e+01 1.400000e+01
    endloop
  endfacet
  facet normal 1.274386e-01 9.918465e-01 -0.000000e+00
    outer loop
      vertex   -1.482014e+01 -2.960084e+01 1.000000e+01
      vertex   -1.482014e+01 -2.960084e+01 1.400000e+01
      vertex   -1.386395e+01 -2.972369e+01 1.000000e+01
    endloop
  endfacet
  facet normal 1.274386e-01 9.918465e-01 -0.000000e+00
    outer loop
      vertex   -1.386395e+01 -2.972369e+01 1.000000e+01
      vertex   -1.482014e+01 -2.960084e+01 1.400000e+01
      vertex   -1.386395e+01 -2.972369e+01 1.400000e+01
    endloop
  endfacet
  facet normal 7.207833e-03 9.999740e-01 -0.000000e+00
    outer loop
      vertex   -1.386395e+01 -2.972369e+01 1.000000e+01
      vertex   -1.386395e+01 -2.972369e+01 1.400000e+01
      vertex   -1.289994e+01 -2.973064e+01 1.000000e+01
    endloop
  endfacet
  facet normal 7.207833e-03 9.999740e-01 -9.602763e-18
    outer loop
      vertex   -1.289994e+01 -2.973064e+01 1.000000e+01
      vertex   -1.386395e+01 -2.972369e+01 1.400000e+01
      vertex   -1.289994e+01 -2.973064e+01 1.400000e+01
    endloop
  endfacet
  facet normal -1.131276e-01 9.935805e-01 1.507162e-16
    outer loop
      vertex   -1.289994e+01 -2.973064e+01 1.000000e+01
      vertex   -1.289994e+01 -2.973064e+01 1.400000e+01
      vertex   -1.194209e+01 -2.962158e+01 1.000000e+01
    endloop
  endfacet
  facet normal -1.131276e-01 9.935805e-01 1.507162e-16
    outer loop
      vertex   -1.194209e+01 -2.962158e+01 1.000000e+01
      vertex   -1.289994e+01 -2.973064e+01 1.400000e+01
      vertex   -1.194209e+01 -2.962158e+01 1.400000e+01
    endloop
  endfacet
  facet normal -2.318203e-01 9.727586e-01 3.088466e-16
    outer loop
      vertex   -1.194209e+01 -2.962158e+01 1.000000e+01
      vertex   -1.194209e+01 -2.962158e+01 1.400000e+01
      vertex   -1.100431e+01 -2.939810e+01 1.000000e+01
    endloop
  endfacet
  facet normal -2.318203e-01 9.727586e-01 0.000000e+00
    outer loop
      vertex   -1.100431e+01 -2.939810e+01 1.000000e+01
      vertex   -1.194209e+01 -2.962158e+01 1.400000e+01
      vertex   -1.100431e+01 -2.939810e+01 1.400000e+01
    endloop
  endfacet
  facet normal -3.471465e-01 9.378109e-01 0.000000e+00
    outer loop
      vertex   -1.100431e+01 -2.939810e+01 1.000000e+01
      vertex   -1.100431e+01 -2.939810e+01 1.400000e+01
      vertex   -1.010022e+01 -2.906343e+01 1.000000e+01
    endloop
  endfacet
  facet normal -3.471465e-01 9.378109e-01 0.000000e+00
    outer loop
      vertex   -1.010022e+01 -2.906343e+01 1.000000e+01
      vertex   -1.100431e+01 -2.939810e+01 1.400000e+01
      vertex   -1.010022e+01 -2.906343e+01 1.400000e+01
    endloop
  endfacet
  facet normal -4.574317e-01 8.892447e-01 0.000000e+00
    outer loop
      vertex   -1.010022e+01 -2.906343e+01 1.000000e+01
      vertex   -1.010022e+01 -2.906343e+01 1.400000e+01
      vertex   -9.242949e+00 -2.862245e+01 1.000000e+01
    endloop
  endfacet
  facet normal -4.574317e-01 8.892447e-01 0.000000e+00
    outer loop
      vertex   -9.242949e+00 -2.862245e+01 1.000000e+01
      vertex   -1.010022e+01 -2.906343e+01 1.400000e+01
      vertex   -9.242949e+00 -2.862245e+01 1.400000e+01
    endloop
  endfacet
  facet normal -5.610743e-01 8.277654e-01 0.000000e+00
    outer loop
      vertex   -9.242949e+00 -2.862245e+01 1.000000e+01
      vertex   -9.242949e+00 -2.862245e+01 1.400000e+01
      vertex   -8.444949e+00 -2.808155e+01 1.000000e+01
    endloop
  endfacet
  facet normal -5.610743e-01 8.277654e-01 0.000000e+00
    outer loop
      vertex   -8.444949e+00 -2.808155e+01 1.000000e+01
      vertex   -9.242949e+00 -2.862245e+01 1.400000e+01
      vertex   -8.444949e+00 -2.808155e+01 1.400000e+01
    endloop
  endfacet
  facet normal -6.565693e-01 7.542657e-01 0.000000e+00
    outer loop
      vertex   -8.444949e+00 -2.808155e+01 1.000000e+01
      vertex   -8.444949e+00 -2.808155e+01 1.400000e+01
      vertex   -7.717806e+00 -2.744859e+01 1.000000e+01
    endloop
  endfacet
  facet normal -6.565693e-01 7.542657e-01 0.000000e+00
    outer loop
      vertex   -7.717806e+00 -2.744859e+01 1.000000e+01
      vertex   -8.444949e+00 -2.808155e+01 1.400000e+01
      vertex   -7.717806e+00 -2.744859e+01 1.400000e+01
    endloop
  endfacet
  facet normal -7.425299e-01 6.698129e-01 0.000000e+00
    outer loop
      vertex   -7.717806e+00 -2.744859e+01 1.000000e+01
      vertex   -7.717806e+00 -2.744859e+01 1.400000e+01
      vertex   -7.072079e+00 -2.673276e+01 1.000000e+01
    endloop
  endfacet
  facet normal -7.425299e-01 6.698129e-01 4.946243e-16
    outer loop
      vertex   -7.072079e+00 -2.673276e+01 1.000000e+01
      vertex   -7.717806e+00 -2.744859e+01 1.400000e+01
      vertex   -7.072079e+00 -2.673276e+01 1.400000e+01
    endloop
  endfacet
  facet normal -8.177078e-01 5.756335e-01 5.447028e-16
    outer loop
      vertex   -7.072079e+00 -2.673276e+01 1.000000e+01
      vertex   -7.072079e+00 -2.673276e+01 1.400000e+01
      vertex   -6.517144e+00 -2.594446e+01 1.000000e+01
    endloop
  endfacet
  facet normal -8.177078e-01 5.756335e-01 0.000000e+00
    outer loop
      vertex   -6.517144e+00 -2.594446e+01 1.000000e+01
      vertex   -7.072079e+00 -2.673276e+01 1.400000e+01
      vertex   -6.517144e+00 -2.594446e+01 1.400000e+01
    endloop
  endfacet
  facet normal -8.810114e-01 4.730950e-01 0.000000e+00
    outer loop
      vertex   -6.517144e+00 -2.594446e+01 1.000000e+01
      vertex   -6.517144e+00 -2.594446e+01 1.400000e+01
      vertex   -6.061061e+00 -2.509513e+01 1.000000e+01
    endloop
  endfacet
  facet normal -8.810114e-01 4.730950e-01 1.666788e-16
    outer loop
      vertex   -6.061061e+00 -2.509513e+01 1.000000e+01
      vertex   -6.517144e+00 -2.594446e+01 1.400000e+01
      vertex   -6.061061e+00 -2.509513e+01 1.400000e+01
    endloop
  endfacet
  facet normal -9.315214e-01 3.636864e-01 2.974995e-16
    outer loop
      vertex   -6.061061e+00 -2.509513e+01 1.000000e+01
      vertex   -6.061061e+00 -2.509513e+01 1.400000e+01
      vertex   -5.710452e+00 -2.419710e+01 1.000000e+01
    endloop
  endfacet
  facet normal -9.315214e-01 3.636864e-01 0.000000e+00
    outer loop
      vertex   -5.710452e+00 -2.419710e+01 1.000000e+01
      vertex   -6.061061e+00 -2.509513e+01 1.400000e+01
      vertex   -5.710452e+00 -2.419710e+01 1.400000e+01
    endloop
  endfacet
  facet normal 1.412548e-01 -9.899733e-01 0.000000e+00
    outer loop
      vertex   2.381053e+01 7.153155e+00 1.000000e+01
      vertex   2.381053e+01 7.153155e+00 1.400000e+01
      vertex   2.298038e+01 7.034704e+00 1.000000e+01
    endloop
  endfacet
  facet normal 1.412548e-01 -9.899733e-01 1.254594e-16
    outer loop
      vertex   2.298038e+01 7.034704e+00 1.000000e+01
      vertex   2.381053e+01 7.153155e+00 1.400000e+01
      vertex   2.298038e+01 7.034704e+00 1.400000e+01
    endloop
  endfacet
  facet normal 1.855097e-03 -9.999983e-01 1.647657e-18
    outer loop
      vertex   2.298038e+01 7.034704e+00 1.000000e+01
      vertex   2.298038e+01 7.034704e+00 1.400000e+01
      vertex   2.214183e+01 7.033149e+00 1.000000e+01
    endloop
  endfacet
  facet normal 1.855097e-03 -9.999983e-01 1.647657e-18
    outer loop
      vertex   2.214183e+01 7.033149e+00 1.000000e+01
      vertex   2.298038e+01 7.034704e+00 1.400000e+01
      vertex   2.214183e+01 7.033149e+00 1.400000e+01
    endloop
  endfacet
  facet normal -1.375808e-01 -9.904905e-01 -1.221963e-16
    outer loop
      vertex   2.214183e+01 7.033149e+00 1.000000e+01
      vertex   2.214183e+01 7.033149e+00 1.400000e+01
      vertex   2.131124e+01 7.148518e+00 1.000000e+01
    endloop
  endfacet
  facet normal -1.375808e-01 -9.904905e-01 0.000000e+00
    outer loop
      vertex   2.131124e+01 7.148518e+00 1.000000e+01
      vertex   2.214183e+01 7.033149e+00 1.400000e+01
      vertex   2.131124e+01 7.148518e+00 1.400000e+01
    endloop
  endfacet
  facet normal -2.743294e-01 -9.616358e-01 0.000000e+00
    outer loop
      vertex   2.131124e+01 7.148518e+00 1.000000e+01
      vertex   2.131124e+01 7.148518e+00 1.400000e+01
      vertex   2.050485e+01 7.378559e+00 1.000000e+01
    endloop
  endfacet
  facet normal -2.743294e-01 -9.616358e-01 -4.873069e-16
    outer loop
      vertex   2.050485e+01 7.378559e+00 1.000000e+01
      vertex   2.131124e+01 7.148518e+00 1.400000e+01
      vertex   2.050485e+01 7.378559e+00 1.400000e+01
    endloop
  endfacet
  facet normal -4.057196e-01 -9.139976e-01 -7.207027e-16
    outer loop
      vertex   2.050485e+01 7.378559e+00 1.000000e+01
      vertex   2.050485e+01 7.378559e+00 1.400000e+01
      vertex   1.973841e+01 7.718779e+00 1.000000e+01
    endloop
  endfacet
  facet normal -4.057196e-01 -9.139976e-01 -1.574031e-16
    outer loop
      vertex   1.973841e+01 7.718779e+00 1.000000e+01
      vertex   2.050485e+01 7.378559e+00 1.400000e+01
      vertex   1.973841e+01 7.718779e+00 1.400000e+01
    endloop
  endfacet
  facet normal -5.291849e-01 -8.485065e-01 -2.816043e-16
    outer loop
      vertex   1.973841e+01 7.718779e+00 1.000000e+01
      vertex   1.973841e+01 7.718779e+00 1.400000e+01
      vertex   1.902689e+01 8.162531e+00 1.000000e+01
    endloop
  endfacet
  facet normal -5.291849e-01 -8.485065e-01 0.000000e+00
    outer loop
      vertex   1.902689e+01 8.162531e+00 1.000000e+01
      vertex   1.973841e+01 7.718779e+00 1.400000e+01
      vertex   1.902689e+01 8.162531e+00 1.400000e+01
    endloop
  endfacet
  facet normal -6.423138e-01 -7.664418e-01 0.000000e+00
    outer loop
      vertex   1.902689e+01 8.162531e+00 1.000000e+01
      vertex   1.902689e+01 8.162531e+00 1.400000e+01
      vertex   1.838419e+01 8.701148e+00 1.000000e+01
    endloop
  endfacet
  facet normal -6.423138e-01 -7.664418e-01 3.403685e-16
    outer loop
      vertex   1.838419e+01 8.701148e+00 1.000000e+01
      vertex   1.902689e+01 8.162531e+00 1.400000e+01
      vertex   1.838419e+01 8.701148e+00 1.400000e+01
    endloop
  endfacet
  facet normal -7.428965e-01 -6.694063e-01 2.972761e-16
    outer loop
      vertex   1.838419e+01 8.701148e+00 1.000000e+01
      vertex   1.838419e+01 8.701148e+00 1.400000e+01
      vertex   1.782285e+01 9.324110e+00 1.000000e+01
    endloop
  endfacet
  facet normal -7.428965e-01 -6.694063e-01 -6.527244e-17
    outer loop
      vertex   1.782285e+01 9.324110e+00 1.000000e+01
      vertex   1.838419e+01 8.701148e+00 1.400000e+01
      vertex   1.782285e+01 9.324110e+00 1.400000e+01
    endloop
  endfacet
  facet normal -8.289684e-01 -5.592954e-01 -2.395177e-16
    outer loop
      vertex   1.782285e+01 9.324110e+00 1.000000e+01
      vertex   1.782285e+01 9.324110e+00 1.400000e+01
      vertex   1.735385e+01 1.001925e+01 1.000000e+01
    endloop
  endfacet
  facet normal -8.289684e-01 -5.592954e-01 4.967541e-16
    outer loop
      vertex   1.735385e+01 1.001925e+01 1.000000e+01
      vertex   1.782285e+01 9.324110e+00 1.400000e+01
      vertex   1.735385e+01 1.001925e+01 1.400000e+01
    endloop
  endfacet
  facet normal -8.988483e-01 -4.382600e-01 3.892531e-16
    outer loop
      vertex   1.735385e+01 1.001925e+01 1.000000e+01
      vertex   1.735385e+01 1.001925e+01 1.400000e+01
      vertex   1.698634e+01 1.077299e+01 1.000000e+01
    endloop
  endfacet
  facet normal -8.988483e-01 -4.382600e-01 3.892531e-16
    outer loop
      vertex   1.698634e+01 1.077299e+01 1.000000e+01
      vertex   1.735385e+01 1.001925e+01 1.400000e+01
      vertex   1.698634e+01 1.077299e+01 1.400000e+01
    endloop
  endfacet
  facet normal -9.511711e-01 -3.086641e-01 2.741488e-16
    outer loop
      vertex   1.698634e+01 1.077299e+01 1.000000e+01
      vertex   1.698634e+01 1.077299e+01 1.400000e+01
      vertex   1.672751e+01 1.157060e+01 1.000000e+01
    endloop
  endfacet
  facet normal -9.511711e-01 -3.086641e-01 1.370744e-16
    outer loop
      vertex   1.672751e+01 1.157060e+01 1.000000e+01
      vertex   1.698634e+01 1.077299e+01 1.400000e+01
      vertex   1.672751e+01 1.157060e+01 1.400000e+01
    endloop
  endfacet
  facet normal -9.849149e-01 -1.730392e-01 7.684483e-17
    outer loop
      vertex   1.672751e+01 1.157060e+01 1.000000e+01
      vertex   1.672751e+01 1.157060e+01 1.400000e+01
      vertex   1.658240e+01 1.239651e+01 1.000000e+01
    endloop
  endfacet
  facet normal -9.849149e-01 -1.730392e-01 0.000000e+00
    outer loop
      vertex   1.658240e+01 1.239651e+01 1.000000e+01
      vertex   1.672751e+01 1.157060e+01 1.400000e+01
      vertex   1.658240e+01 1.239651e+01 1.400000e+01
    endloop
  endfacet
  facet normal -9.994207e-01 -3.403430e-02 0.000000e+00
    outer loop
      vertex   1.658240e+01 1.239651e+01 1.000000e+01
      vertex   1.658240e+01 1.239651e+01 1.400000e+01
      vertex   1.655387e+01 1.323458e+01 1.000000e+01
    endloop
  endfacet
  facet normal -9.994207e-01 -3.403430e-02 3.022853e-17
    outer loop
      vertex   1.655387e+01 1.323458e+01 1.000000e+01
      vertex   1.658240e+01 1.239651e+01 1.400000e+01
      vertex   1.655387e+01 1.323458e+01 1.400000e+01
    endloop
  endfacet
  facet normal -9.944049e-01 1.056354e-01 -9.382305e-17
    outer loop
      vertex   1.655387e+01 1.323458e+01 1.000000e+01
      vertex   1.655387e+01 1.323458e+01 1.400000e+01
      vertex   1.664245e+01 1.406844e+01 1.000000e+01
    endloop
  endfacet
  facet normal -9.944049e-01 1.056354e-01 -4.691152e-17
    outer loop
      vertex   1.664245e+01 1.406844e+01 1.000000e+01
      vertex   1.655387e+01 1.323458e+01 1.400000e+01
      vertex   1.664245e+01 1.406844e+01 1.400000e+01
    endloop
  endfacet
  facet normal -9.699657e-01 2.432417e-01 -1.080210e-16
    outer loop
      vertex   1.664245e+01 1.406844e+01 1.000000e+01
      vertex   1.664245e+01 1.406844e+01 1.400000e+01
      vertex   1.684642e+01 1.488182e+01 1.000000e+01
    endloop
  endfacet
  facet normal -9.699657e-01 2.432417e-01 -1.080210e-16
    outer loop
      vertex   1.684642e+01 1.488182e+01 1.000000e+01
      vertex   1.664245e+01 1.406844e+01 1.400000e+01
      vertex   1.684642e+01 1.488182e+01 1.400000e+01
    endloop
  endfacet
  facet normal -9.265804e-01 3.760968e-01 -1.670205e-16
    outer loop
      vertex   1.684642e+01 1.488182e+01 1.000000e+01
      vertex   1.684642e+01 1.488182e+01 1.400000e+01
      vertex   1.716180e+01 1.565881e+01 1.000000e+01
    endloop
  endfacet
  facet normal -9.265804e-01 3.760968e-01 6.559482e-16
    outer loop
      vertex   1.716180e+01 1.565881e+01 1.000000e+01
      vertex   1.684642e+01 1.488182e+01 1.400000e+01
      vertex   1.716180e+01 1.565881e+01 1.400000e+01
    endloop
  endfacet
  facet normal -8.650964e-01 5.016057e-01 5.456022e-16
    outer loop
      vertex   1.716180e+01 1.565881e+01 1.000000e+01
      vertex   1.716180e+01 1.565881e+01 1.400000e+01
      vertex   1.758242e+01 1.638424e+01 1.000000e+01
    endloop
  endfacet
  facet normal -8.650964e-01 5.016057e-01 -4.455154e-16
    outer loop
      vertex   1.758242e+01 1.638424e+01 1.000000e+01
      vertex   1.716180e+01 1.565881e+01 1.400000e+01
      vertex   1.758242e+01 1.638424e+01 1.400000e+01
    endloop
  endfacet
  facet normal -7.867146e-01 6.173169e-01 -5.482875e-16
    outer loop
      vertex   1.758242e+01 1.638424e+01 1.000000e+01
      vertex   1.758242e+01 1.638424e+01 1.400000e+01
      vertex   1.810008e+01 1.704395e+01 1.000000e+01
    endloop
  endfacet
  facet normal -7.867146e-01 6.173169e-01 0.000000e+00
    outer loop
      vertex   1.810008e+01 1.704395e+01 1.000000e+01
      vertex   1.758242e+01 1.638424e+01 1.400000e+01
      vertex   1.810008e+01 1.704395e+01 1.400000e+01
    endloop
  endfacet
  facet normal -0.000000e+00 -1.000000e+00 0.000000e+00
    outer loop
      vertex   3.495630e+01 1.748440e+00 1.200000e+01
      vertex   3.495630e+01 1.748440e+00 1.400000e+01
      vertex   3.311747e+01 1.748440e+00 1.200000e+01
    endloop
  endfacet
  facet normal 0.000000e+00 -1.000000e+00 0.000000e+00
    outer loop
      vertex   3.311747e+01 1.748440e+00 1.200000e+01
      vertex   3.495630e+01 1.748440e+00 1.400000e+01
      vertex   3.311747e+01 1.748440e+00 1.400000e+01
    endloop
  endfacet
  facet normal -0.000000e+00 1.000000e+00 3.330670e-16
    outer loop
      vertex   3.345418e+01 -1.751560e+00 1.200000e+01
      vertex   3.345418e+01 -1.751560e+00 1.400000e+01
      vertex   3.495614e+01 -1.751560e+00 1.200000e+01
    endloop
  endfacet
  facet normal 0.000000e+00 1.000000e+00 3.330670e-16
    outer loop
      vertex   3.495614e+01 -1.751560e+00 1.200000e+01
      vertex   3.345418e+01 -1.751560e+00 1.400000e+01
      vertex   3.495614e+01 -1.751560e+00 1.400000e+01
    endloop
  endfacet
  facet normal 7.239279e-03 6.085989e-01 7.934450e-01
    outer loop
      vertex   3.347712e+01 -1.237838e+00 1.076141e+01
      vertex   3.498632e+01 -9.777358e-01 1.054813e+01
      vertex   3.348849e+01 -8.779683e-01 1.048527e+01
    endloop
  endfacet
  facet normal -5.383319e-03 4.739611e-01 8.805293e-01
    outer loop
      vertex   3.348849e+01 -8.779683e-01 1.048527e+01
      vertex   3.498632e+01 -9.777358e-01 1.054813e+01
      vertex   3.499356e+01 -6.713079e-01 1.038323e+01
    endloop
  endfacet
  facet normal 1.632703e-04 4.417636e-01 8.971315e-01
    outer loop
      vertex   3.348849e+01 -8.779683e-01 1.048527e+01
      vertex   3.499356e+01 -6.713079e-01 1.038323e+01
      vertex   3.349124e+01 -6.678661e-01 1.038181e+01
    endloop
  endfacet
  facet normal -1.723922e-04 3.164996e-01 9.485926e-01
    outer loop
      vertex   3.349124e+01 -6.678661e-01 1.038181e+01
      vertex   3.499356e+01 -6.713079e-01 1.038323e+01
      vertex   3.348801e+01 -4.458291e-01 1.030773e+01
    endloop
  endfacet
  facet normal -4.940748e-03 2.877118e-01 9.577043e-01
    outer loop
      vertex   3.348801e+01 -4.458291e-01 1.030773e+01
      vertex   3.499356e+01 -6.713079e-01 1.038323e+01
      vertex   3.499833e+01 -3.380084e-01 1.028313e+01
    endloop
  endfacet
  facet normal 2.453706e-03 1.896415e-01 9.818503e-01
    outer loop
      vertex   3.348801e+01 -4.458291e-01 1.030773e+01
      vertex   3.499833e+01 -3.380084e-01 1.028313e+01
      vertex   3.347848e+01 -2.189245e-01 1.026393e+01
    endloop
  endfacet
  facet normal -4.893975e-03 9.801232e-02 9.951732e-01
    outer loop
      vertex   3.347848e+01 -2.189245e-01 1.026393e+01
      vertex   3.499833e+01 -3.380084e-01 1.028313e+01
      vertex   3.500000e+01 -1.561232e-03 1.025000e+01
    endloop
  endfacet
  facet normal 2.814490e-04 6.197088e-02 9.980779e-01
    outer loop
      vertex   3.347848e+01 -2.189245e-01 1.026393e+01
      vertex   3.500000e+01 -1.561232e-03 1.025000e+01
      vertex   3.346284e+01 5.197670e-03 1.025001e+01
    endloop
  endfacet
  facet normal -4.219261e-04 -9.799002e-02 9.951873e-01
    outer loop
      vertex   3.346284e+01 5.197670e-03 1.025001e+01
      vertex   3.500000e+01 -1.561232e-03 1.025000e+01
      vertex   3.499836e+01 3.348860e-01 1.028313e+01
    endloop
  endfacet
  facet normal 7.245638e-03 -1.332861e-01 9.910511e-01
    outer loop
      vertex   3.346284e+01 5.197670e-03 1.025001e+01
      vertex   3.499836e+01 3.348860e-01 1.028313e+01
      vertex   3.341195e+01 4.542547e-01 1.031078e+01
    endloop
  endfacet
  facet normal -4.955234e-03 -2.877103e-01 9.577047e-01
    outer loop
      vertex   3.341195e+01 4.542547e-01 1.031078e+01
      vertex   3.499836e+01 3.348860e-01 1.028313e+01
      vertex   3.499362e+01 6.681860e-01 1.038323e+01
    endloop
  endfacet
  facet normal 2.427411e-04 -3.223830e-01 9.466093e-01
    outer loop
      vertex   3.341195e+01 4.542547e-01 1.031078e+01
      vertex   3.499362e+01 6.681860e-01 1.038323e+01
      vertex   3.337788e+01 6.736608e-01 1.038551e+01
    endloop
  endfacet
  facet normal -2.544691e-04 -4.473685e-01 8.943497e-01
    outer loop
      vertex   3.337788e+01 6.736608e-01 1.038551e+01
      vertex   3.499362e+01 6.681860e-01 1.038323e+01
      vertex   3.333982e+01 8.805181e-01 1.048897e+01
    endloop
  endfacet
  facet normal -4.549686e-03 -4.739466e-01 8.805418e-01
    outer loop
      vertex   3.333982e+01 8.805181e-01 1.048897e+01
      vertex   3.499362e+01 6.681860e-01 1.038323e+01
      vertex   3.498641e+01 9.746146e-01 1.054813e+01
    endloop
  endfacet
  facet normal 6.342071e-03 -6.094034e-01 7.928349e-01
    outer loop
      vertex   3.333982e+01 8.805181e-01 1.048897e+01
      vertex   3.498641e+01 9.746146e-01 1.054813e+01
      vertex   3.326113e+01 1.236659e+00 1.076335e+01
    endloop
  endfacet
  facet normal 6.349534e-05 -6.344327e-01 7.729781e-01
    outer loop
      vertex   3.326113e+01 1.236659e+00 1.076335e+01
      vertex   3.498641e+01 9.746146e-01 1.054813e+01
      vertex   3.497817e+01 1.235877e+00 1.076256e+01
    endloop
  endfacet
  facet normal -6.287867e-05 -7.729778e-01 6.344330e-01
    outer loop
      vertex   3.326113e+01 1.236659e+00 1.076335e+01
      vertex   3.497817e+01 1.235877e+00 1.076256e+01
      vertex   3.496993e+01 1.450312e+00 1.102382e+01
    endloop
  endfacet
  facet normal 7.270879e-03 7.925464e-01 6.097683e-01
    outer loop
      vertex   3.346575e+01 -1.514233e+00 1.112079e+01
      vertex   3.496980e+01 -1.453432e+00 1.102383e+01
      vertex   3.347712e+01 -1.237838e+00 1.076141e+01
    endloop
  endfacet
  facet normal 1.074757e-04 7.729755e-01 6.344359e-01
    outer loop
      vertex   3.347712e+01 -1.237838e+00 1.076141e+01
      vertex   3.496980e+01 -1.453432e+00 1.102383e+01
      vertex   3.497806e+01 -1.238997e+00 1.076256e+01
    endloop
  endfacet
  facet normal -1.064293e-04 6.344365e-01 7.729750e-01
    outer loop
      vertex   3.347712e+01 -1.237838e+00 1.076141e+01
      vertex   3.497806e+01 -1.238997e+00 1.076256e+01
      vertex   3.498632e+01 -9.777358e-01 1.054813e+01
    endloop
  endfacet
  facet normal -5.057365e-03 8.806341e-01 4.737701e-01
    outer loop
      vertex   3.496980e+01 -1.453432e+00 1.102383e+01
      vertex   3.346575e+01 -1.514233e+00 1.112079e+01
      vertex   3.496257e+01 -1.618328e+00 1.133025e+01
    endloop
  endfacet
  facet normal -3.986902e-05 8.954034e-01 4.452558e-01
    outer loop
      vertex   3.496257e+01 -1.618328e+00 1.133025e+01
      vertex   3.346575e+01 -1.514233e+00 1.112079e+01
      vertex   3.346090e+01 -1.617993e+00 1.132945e+01
    endloop
  endfacet
  facet normal 3.959155e-05 9.476494e-01 3.193127e-01
    outer loop
      vertex   3.496257e+01 -1.618328e+00 1.133025e+01
      vertex   3.346090e+01 -1.617993e+00 1.132945e+01
      vertex   3.345724e+01 -1.692411e+00 1.155030e+01
    endloop
  endfacet
  facet normal -5.095961e-03 9.577433e-01 2.875793e-01
    outer loop
      vertex   3.496257e+01 -1.618328e+00 1.133025e+01
      vertex   3.345724e+01 -1.692411e+00 1.155030e+01
      vertex   3.495781e+01 -1.718433e+00 1.166355e+01
    endloop
  endfacet
  facet normal 7.346802e-03 9.914274e-01 1.304523e-01
    outer loop
      vertex   3.495781e+01 -1.718433e+00 1.166355e+01
      vertex   3.345724e+01 -1.692411e+00 1.155030e+01
      vertex   3.345418e+01 -1.751560e+00 1.200000e+01
    endloop
  endfacet
  facet normal 0.000000e+00 9.951875e-01 9.798868e-02
    outer loop
      vertex   3.495781e+01 -1.718433e+00 1.166355e+01
      vertex   3.345418e+01 -1.751560e+00 1.200000e+01
      vertex   3.495614e+01 -1.751560e+00 1.200000e+01
    endloop
  endfacet
  facet normal 6.116578e-03 -7.924690e-01 6.098815e-01
    outer loop
      vertex   3.326113e+01 1.236659e+00 1.076335e+01
      vertex   3.496993e+01 1.450312e+00 1.102382e+01
      vertex   3.318867e+01 1.510934e+00 1.112046e+01
    endloop
  endfacet
  facet normal -4.267177e-03 -8.806293e-01 4.737867e-01
    outer loop
      vertex   3.318867e+01 1.510934e+00 1.112046e+01
      vertex   3.496993e+01 1.450312e+00 1.102382e+01
      vertex   3.496271e+01 1.615208e+00 1.133025e+01
    endloop
  endfacet
  facet normal -7.675621e-05 -8.952283e-01 4.456078e-01
    outer loop
      vertex   3.318867e+01 1.510934e+00 1.112046e+01
      vertex   3.496271e+01 1.615208e+00 1.133025e+01
      vertex   3.315865e+01 1.614433e+00 1.132839e+01
    endloop
  endfacet
  facet normal 7.575440e-05 -9.474256e-01 3.199762e-01
    outer loop
      vertex   3.315865e+01 1.614433e+00 1.132839e+01
      vertex   3.496271e+01 1.615208e+00 1.133025e+01
      vertex   3.313613e+01 1.688948e+00 1.154902e+01
    endloop
  endfacet
  facet normal -4.219438e-03 -9.577437e-01 2.875921e-01
    outer loop
      vertex   3.313613e+01 1.688948e+00 1.154902e+01
      vertex   3.496271e+01 1.615208e+00 1.133025e+01
      vertex   3.495796e+01 1.715313e+00 1.166355e+01
    endloop
  endfacet
  facet normal 2.028286e-03 -9.810820e-01 1.935819e-01
    outer loop
      vertex   3.313613e+01 1.688948e+00 1.154902e+01
      vertex   3.495796e+01 1.715313e+00 1.166355e+01
      vertex   3.312222e+01 1.733584e+00 1.177539e+01
    endloop
  endfacet
  facet normal -3.936766e-03 -9.951817e-01 9.796872e-02
    outer loop
      vertex   3.312222e+01 1.733584e+00 1.177539e+01
      vertex   3.495796e+01 1.715313e+00 1.166355e+01
      vertex   3.495630e+01 1.748440e+00 1.200000e+01
    endloop
  endfacet
  facet normal -6.391040e-17 -9.978198e-01 6.599783e-02
    outer loop
      vertex   3.312222e+01 1.733584e+00 1.177539e+01
      vertex   3.495630e+01 1.748440e+00 1.200000e+01
      vertex   3.311747e+01 1.748440e+00 1.200000e+01
    endloop
  endfacet
  facet normal 0.000000e+00 0.000000e+00 1.000000e+00
    outer loop
      vertex   -2.399889e+01 1.340748e+01 1.400000e+01
      vertex   -3.111450e+01 1.602773e+01 1.400000e+01
      vertex   -2.405000e+01 1.301925e+01 1.400000e+01
    endloop
  endfacet
  facet normal 0.000000e+00 0.000000e+00 1.000000e+00
    outer loop
      vertex   -2.405000e+01 1.301925e+01 1.400000e+01
      vertex   -3.111450e+01 1.602773e+01 1.400000e+01
      vertex   -3.201186e+01 1.415064e+01 1.400000e+01
    endloop
  endfacet
  facet normal 0.000000e+00 0.000000e+00 1.000000e+00
    outer loop
      vertex   -2.405000e+01 1.301925e+01 1.400000e+01
      vertex   -3.201186e+01 1.415064e+01 1.400000e+01
      vertex   -2.399889e+01 1.263102e+01 1.400000e+01
    endloop
  endfacet
  facet normal 0.000000e+00 0.000000e+00 1.000000e+00
    outer loop
      vertex   -2.399889e+01 1.263102e+01 1.400000e+01
      vertex   -3.201186e+01 1.415064e+01 1.400000e+01
      vertex   -3.279611e+01 1.222355e+01 1.400000e+01
    endloop
  endfacet
  facet normal 0.000000e+00 0.000000e+00 1.000000e+00
    outer loop
      vertex   -2.399889e+01 1.263102e+01 1.400000e+01
      vertex   -3.279611e+01 1.222355e+01 1.400000e+01
      vertex   -2.763008e+01 7.040480e+00 1.400000e+01
    endloop
  endfacet
  facet normal 0.000000e+00 0.000000e+00 1.000000e+00
    outer loop
      vertex   -2.763008e+01 7.040480e+00 1.400000e+01
      vertex   -3.279611e+01 1.222355e+01 1.400000e+01
      vertex   -2.854181e+01 6.727236e+00 1.400000e+01
    endloop
  endfacet
  facet normal 0.000000e+00 0.000000e+00 1.000000e+00
    outer loop
      vertex   -2.854181e+01 6.727236e+00 1.400000e+01
      vertex   -3.279611e+01 1.222355e+01 1.400000e+01
      vertex   -3.346447e+01 1.025326e+01 1.400000e+01
    endloop
  endfacet
  facet normal 0.000000e+00 0.000000e+00 1.000000e+00
    outer loop
      vertex   -2.854181e+01 6.727236e+00 1.400000e+01
      vertex   -3.346447e+01 1.025326e+01 1.400000e+01
      vertex   -2.940925e+01 6.306597e+00 1.400000e+01
    endloop
  endfacet
  facet normal 0.000000e+00 0.000000e+00 1.000000e+00
    outer loop
      vertex   -2.940925e+01 6.306597e+00 1.400000e+01
      vertex   -3.346447e+01 1.025326e+01 1.400000e+01
      vertex   -3.401457e+01 8.246746e+00 1.400000e+01
    endloop
  endfacet
  facet normal 0.000000e+00 0.000000e+00 1.000000e+00
    outer loop
      vertex   -2.940925e+01 6.306597e+00 1.400000e+01
      vertex   -3.401457e+01 8.246746e+00 1.400000e+01
      vertex   -3.021978e+01 5.784672e+00 1.400000e+01
    endloop
  endfacet
  facet normal 0.000000e+00 0.000000e+00 1.000000e+00
    outer loop
      vertex   -3.021978e+01 5.784672e+00 1.400000e+01
      vertex   -3.401457e+01 8.246746e+00 1.400000e+01
      vertex   -3.096165e+01 5.169040e+00 1.400000e+01
    endloop
  endfacet
  facet normal 0.000000e+00 0.000000e+00 1.000000e+00
    outer loop
      vertex   -3.096165e+01 5.169040e+00 1.400000e+01
      vertex   -3.401457e+01 8.246746e+00 1.400000e+01
      vertex   -3.444448e+01 6.211088e+00 1.400000e+01
    endloop
  endfacet
  facet normal 0.000000e+00 0.000000e+00 1.000000e+00
    outer loop
      vertex   -3.096165e+01 5.169040e+00 1.400000e+01
      vertex   -3.444448e+01 6.211088e+00 1.400000e+01
      vertex   -3.162409e+01 4.468641e+00 1.400000e+01
    endloop
  endfacet
  facet normal 0.000000e+00 0.000000e+00 1.000000e+00
    outer loop
      vertex   -3.162409e+01 4.468641e+00 1.400000e+01
      vertex   -3.444448e+01 6.211088e+00 1.400000e+01
      vertex   -3.219746e+01 3.693647e+00 1.400000e+01
    endloop
  endfacet
  facet normal 0.000000e+00 0.000000e+00 1.000000e+00
    outer loop
      vertex   -3.219746e+01 3.693647e+00 1.400000e+01
      vertex   -3.444448e+01 6.211088e+00 1.400000e+01
      vertex   -3.475268e+01 4.153482e+00 1.400000e+01
    endloop
  endfacet
  facet normal 0.000000e+00 0.000000e+00 1.000000e+00
    outer loop
      vertex   -3.219746e+01 3.693647e+00 1.400000e+01
      vertex   -3.475268e+01 4.153482e+00 1.400000e+01
      vertex   -3.267345e+01 2.855310e+00 1.400000e+01
    endloop
  endfacet
  facet normal 0.000000e+00 0.000000e+00 1.000000e+00
    outer loop
      vertex   -3.267345e+01 2.855310e+00 1.400000e+01
      vertex   -3.475268e+01 4.153482e+00 1.400000e+01
      vertex   -3.493807e+01 2.081199e+00 1.400000e+01
    endloop
  endfacet
  facet normal 0.000000e+00 0.000000e+00 1.000000e+00
    outer loop
      vertex   -3.267345e+01 2.855310e+00 1.400000e+01
      vertex   -3.493807e+01 2.081199e+00 1.400000e+01
      vertex   -3.304515e+01 1.965805e+00 1.400000e+01
    endloop
  endfacet
  facet normal 0.000000e+00 0.000000e+00 1.000000e+00
    outer loop
      vertex   -3.304515e+01 1.965805e+00 1.400000e+01
      vertex   -3.493807e+01 2.081199e+00 1.400000e+01
      vertex   -3.330715e+01 1.038048e+00 1.400000e+01
    endloop
  endfacet
  facet normal 0.000000e+00 0.000000e+00 1.000000e+00
    outer loop
      vertex   -3.330715e+01 1.038048e+00 1.400000e+01
      vertex   -3.493807e+01 2.081199e+00 1.400000e+01
      vertex   -3.500000e+01 1.561929e-03 1.400000e+01
    endloop
  endfacet
  facet normal 0.000000e+00 0.000000e+00 1.000000e+00
    outer loop
      vertex   -3.330715e+01 1.038048e+00 1.400000e+01
      vertex   -3.500000e+01 1.561929e-03 1.400000e+01
      vertex   -3.345565e+01 8.551332e-02 1.400000e+01
    endloop
  endfacet
  facet normal 0.000000e+00 0.000000e+00 1.000000e+00
    outer loop
      vertex   -3.345565e+01 8.551332e-02 1.400000e+01
      vertex   -3.500000e+01 1.561929e-03 1.400000e+01
      vertex   -3.348849e+01 -8.779683e-01 1.400000e+01
    endloop
  endfacet
  facet normal 0.000000e+00 0.000000e+00 1.000000e+00
    outer loop
      vertex   -3.348849e+01 -8.779683e-01 1.400000e+01
      vertex   -3.500000e+01 1.561929e-03 1.400000e+01
      vertex   -3.493825e+01 -2.078081e+00 1.400000e+01
    endloop
  endfacet
  facet normal 0.000000e+00 0.000000e+00 1.000000e+00
    outer loop
      vertex   -3.348849e+01 -8.779683e-01 1.400000e+01
      vertex   -3.493825e+01 -2.078081e+00 1.400000e+01
      vertex   -3.337983e+01 -2.834967e+00 1.400000e+01
    endloop
  endfacet
  facet normal 0.000000e+00 0.000000e+00 1.000000e+00
    outer loop
      vertex   -3.337983e+01 -2.834967e+00 1.400000e+01
      vertex   -3.493825e+01 -2.078081e+00 1.400000e+01
      vertex   -3.475305e+01 -4.150380e+00 1.400000e+01
    endloop
  endfacet
  facet normal 0.000000e+00 0.000000e+00 1.000000e+00
    outer loop
      vertex   -3.337983e+01 -2.834967e+00 1.400000e+01
      vertex   -3.475305e+01 -4.150380e+00 1.400000e+01
      vertex   -3.315690e+01 -4.782261e+00 1.400000e+01
    endloop
  endfacet
  facet normal 0.000000e+00 0.000000e+00 1.000000e+00
    outer loop
      vertex   -3.315690e+01 -4.782261e+00 1.400000e+01
      vertex   -3.475305e+01 -4.150380e+00 1.400000e+01
      vertex   -3.444504e+01 -6.208014e+00 1.400000e+01
    endloop
  endfacet
  facet normal 0.000000e+00 0.000000e+00 1.000000e+00
    outer loop
      vertex   -3.315690e+01 -4.782261e+00 1.400000e+01
      vertex   -3.444504e+01 -6.208014e+00 1.400000e+01
      vertex   -3.282047e+01 -6.713185e+00 1.400000e+01
    endloop
  endfacet
  facet normal 0.000000e+00 0.000000e+00 1.000000e+00
    outer loop
      vertex   -3.282047e+01 -6.713185e+00 1.400000e+01
      vertex   -3.444504e+01 -6.208014e+00 1.400000e+01
      vertex   -3.401531e+01 -8.243710e+00 1.400000e+01
    endloop
  endfacet
  facet normal 0.000000e+00 0.000000e+00 1.000000e+00
    outer loop
      vertex   -3.282047e+01 -6.713185e+00 1.400000e+01
      vertex   -3.401531e+01 -8.243710e+00 1.400000e+01
      vertex   -3.237169e+01 -8.621128e+00 1.400000e+01
    endloop
  endfacet
  facet normal 0.000000e+00 0.000000e+00 1.000000e+00
    outer loop
      vertex   -3.237169e+01 -8.621128e+00 1.400000e+01
      vertex   -3.401531e+01 -8.243710e+00 1.400000e+01
      vertex   -3.346538e+01 -1.025028e+01 1.400000e+01
    endloop
  endfacet
  facet normal 0.000000e+00 0.000000e+00 1.000000e+00
    outer loop
      vertex   -3.237169e+01 -8.621128e+00 1.400000e+01
      vertex   -3.346538e+01 -1.025028e+01 1.400000e+01
      vertex   -3.181209e+01 -1.049956e+01 1.400000e+01
    endloop
  endfacet
  facet normal 0.000000e+00 0.000000e+00 1.000000e+00
    outer loop
      vertex   -3.181209e+01 -1.049956e+01 1.400000e+01
      vertex   -3.346538e+01 -1.025028e+01 1.400000e+01
      vertex   -3.279720e+01 -1.222062e+01 1.400000e+01
    endloop
  endfacet
  facet normal 0.000000e+00 0.000000e+00 1.000000e+00
    outer loop
      vertex   -3.181209e+01 -1.049956e+01 1.400000e+01
      vertex   -3.279720e+01 -1.222062e+01 1.400000e+01
      vertex   -3.114360e+01 -1.234205e+01 1.400000e+01
    endloop
  endfacet
  facet normal 0.000000e+00 0.000000e+00 1.000000e+00
    outer loop
      vertex   -3.114360e+01 -1.234205e+01 1.400000e+01
      vertex   -3.279720e+01 -1.222062e+01 1.400000e+01
      vertex   -3.201313e+01 -1.414778e+01 1.400000e+01
    endloop
  endfacet
  facet normal 0.000000e+00 0.000000e+00 1.000000e+00
    outer loop
      vertex   -3.114360e+01 -1.234205e+01 1.400000e+01
      vertex   -3.201313e+01 -1.414778e+01 1.400000e+01
      vertex   -3.036850e+01 -1.414229e+01 1.400000e+01
    endloop
  endfacet
  facet normal 0.000000e+00 0.000000e+00 1.000000e+00
    outer loop
      vertex   -3.036850e+01 -1.414229e+01 1.400000e+01
      vertex   -3.201313e+01 -1.414778e+01 1.400000e+01
      vertex   -3.111593e+01 -1.602495e+01 1.400000e+01
    endloop
  endfacet
  facet normal 0.000000e+00 0.000000e+00 1.000000e+00
    outer loop
      vertex   -3.036850e+01 -1.414229e+01 1.400000e+01
      vertex   -3.111593e+01 -1.602495e+01 1.400000e+01
      vertex   -2.948944e+01 -1.589412e+01 1.400000e+01
    endloop
  endfacet
  facet normal 0.000000e+00 0.000000e+00 1.000000e+00
    outer loop
      vertex   -2.948944e+01 -1.589412e+01 1.400000e+01
      vertex   -3.111593e+01 -1.602495e+01 1.400000e+01
      vertex   -3.010878e+01 -1.784549e+01 1.400000e+01
    endloop
  endfacet
  facet normal 0.000000e+00 0.000000e+00 1.000000e+00
    outer loop
      vertex   -2.948944e+01 -1.589412e+01 1.400000e+01
      vertex   -3.010878e+01 -1.784549e+01 1.400000e+01
      vertex   -2.850943e+01 -1.759154e+01 1.400000e+01
    endloop
  endfacet
  facet normal 0.000000e+00 0.000000e+00 1.000000e+00
    outer loop
      vertex   -2.850943e+01 -1.759154e+01 1.400000e+01
      vertex   -3.010878e+01 -1.784549e+01 1.400000e+01
      vertex   -2.899523e+01 -1.960298e+01 1.400000e+01
    endloop
  endfacet
  facet normal 0.000000e+00 0.000000e+00 1.000000e+00
    outer loop
      vertex   -2.850943e+01 -1.759154e+01 1.400000e+01
      vertex   -2.899523e+01 -1.960298e+01 1.400000e+01
      vertex   -2.743183e+01 -1.922874e+01 1.400000e+01
    endloop
  endfacet
  facet normal 0.000000e+00 0.000000e+00 1.000000e+00
    outer loop
      vertex   -2.743183e+01 -1.922874e+01 1.400000e+01
      vertex   -2.899523e+01 -1.960298e+01 1.400000e+01
      vertex   -2.777923e+01 -2.129119e+01 1.400000e+01
    endloop
  endfacet
  facet normal 0.000000e+00 0.000000e+00 1.000000e+00
    outer loop
      vertex   -2.743183e+01 -1.922874e+01 1.400000e+01
      vertex   -2.777923e+01 -2.129119e+01 1.400000e+01
      vertex   -2.626033e+01 -2.080012e+01 1.400000e+01
    endloop
  endfacet
  facet normal 0.000000e+00 0.000000e+00 1.000000e+00
    outer loop
      vertex   -2.626033e+01 -2.080012e+01 1.400000e+01
      vertex   -2.777923e+01 -2.129119e+01 1.400000e+01
      vertex   -2.646506e+01 -2.290416e+01 1.400000e+01
    endloop
  endfacet
  facet normal 0.000000e+00 0.000000e+00 1.000000e+00
    outer loop
      vertex   -2.626033e+01 -2.080012e+01 1.400000e+01
      vertex   -2.646506e+01 -2.290416e+01 1.400000e+01
      vertex   -2.499893e+01 -2.230030e+01 1.400000e+01
    endloop
  endfacet
  facet normal 0.000000e+00 0.000000e+00 1.000000e+00
    outer loop
      vertex   -2.499893e+01 -2.230030e+01 1.400000e+01
      vertex   -2.646506e+01 -2.290416e+01 1.400000e+01
      vertex   -2.505737e+01 -2.443620e+01 1.400000e+01
    endloop
  endfacet
  facet normal 0.000000e+00 0.000000e+00 1.000000e+00
    outer loop
      vertex   -2.499893e+01 -2.230030e+01 1.400000e+01
      vertex   -2.505737e+01 -2.443620e+01 1.400000e+01
      vertex   -2.365196e+01 -2.372414e+01 1.400000e+01
    endloop
  endfacet
  facet normal 0.000000e+00 0.000000e+00 1.000000e+00
    outer loop
      vertex   -2.365196e+01 -2.372414e+01 1.400000e+01
      vertex   -2.505737e+01 -2.443620e+01 1.400000e+01
      vertex   -2.356114e+01 -2.588190e+01 1.400000e+01
    endloop
  endfacet
  facet normal 0.000000e+00 0.000000e+00 1.000000e+00
    outer loop
      vertex   -2.365196e+01 -2.372414e+01 1.400000e+01
      vertex   -2.356114e+01 -2.588190e+01 1.400000e+01
      vertex   -2.222402e+01 -2.506677e+01 1.400000e+01
    endloop
  endfacet
  facet normal 0.000000e+00 0.000000e+00 1.000000e+00
    outer loop
      vertex   -2.222402e+01 -2.506677e+01 1.400000e+01
      vertex   -2.356114e+01 -2.588190e+01 1.400000e+01
      vertex   -2.198166e+01 -2.723613e+01 1.400000e+01
    endloop
  endfacet
  facet normal 0.000000e+00 0.000000e+00 1.000000e+00
    outer loop
      vertex   -2.222402e+01 -2.506677e+01 1.400000e+01
      vertex   -2.198166e+01 -2.723613e+01 1.400000e+01
      vertex   -2.072001e+01 -2.632359e+01 1.400000e+01
    endloop
  endfacet
  facet normal 0.000000e+00 0.000000e+00 1.000000e+00
    outer loop
      vertex   -2.072001e+01 -2.632359e+01 1.400000e+01
      vertex   -2.198166e+01 -2.723613e+01 1.400000e+01
      vertex   -2.032450e+01 -2.849412e+01 1.400000e+01
    endloop
  endfacet
  facet normal 0.000000e+00 0.000000e+00 1.000000e+00
    outer loop
      vertex   -2.072001e+01 -2.632359e+01 1.400000e+01
      vertex   -2.032450e+01 -2.849412e+01 1.400000e+01
      vertex   -1.914507e+01 -2.749030e+01 1.400000e+01
    endloop
  endfacet
  facet normal 0.000000e+00 0.000000e+00 1.000000e+00
    outer loop
      vertex   -1.914507e+01 -2.749030e+01 1.400000e+01
      vertex   -2.032450e+01 -2.849412e+01 1.400000e+01
      vertex   -1.859551e+01 -2.965142e+01 1.400000e+01
    endloop
  endfacet
  facet normal 0.000000e+00 0.000000e+00 1.000000e+00
    outer loop
      vertex   -1.914507e+01 -2.749030e+01 1.400000e+01
      vertex   -1.859551e+01 -2.965142e+01 1.400000e+01
      vertex   -1.750459e+01 -2.856290e+01 1.400000e+01
    endloop
  endfacet
  facet normal 0.000000e+00 0.000000e+00 1.000000e+00
    outer loop
      vertex   -1.750459e+01 -2.856290e+01 1.400000e+01
      vertex   -1.859551e+01 -2.965142e+01 1.400000e+01
      vertex   -1.665377e+01 -2.901620e+01 1.400000e+01
    endloop
  endfacet
  facet normal 0.000000e+00 0.000000e+00 1.000000e+00
    outer loop
      vertex   -1.665377e+01 -2.901620e+01 1.400000e+01
      vertex   -1.859551e+01 -2.965142e+01 1.400000e+01
      vertex   -1.680082e+01 -3.070395e+01 1.400000e+01
    endloop
  endfacet
  facet normal 0.000000e+00 0.000000e+00 1.000000e+00
    outer loop
      vertex   -1.665377e+01 -2.901620e+01 1.400000e+01
      vertex   -1.680082e+01 -3.070395e+01 1.400000e+01
      vertex   -1.575460e+01 -2.936386e+01 1.400000e+01
    endloop
  endfacet
  facet normal 0.000000e+00 0.000000e+00 1.000000e+00
    outer loop
      vertex   -1.575460e+01 -2.936386e+01 1.400000e+01
      vertex   -1.680082e+01 -3.070395e+01 1.400000e+01
      vertex   -1.494676e+01 -3.164797e+01 1.400000e+01
    endloop
  endfacet
  facet normal 0.000000e+00 0.000000e+00 1.000000e+00
    outer loop
      vertex   -1.575460e+01 -2.936386e+01 1.400000e+01
      vertex   -1.494676e+01 -3.164797e+01 1.400000e+01
      vertex   -1.482014e+01 -2.960084e+01 1.400000e+01
    endloop
  endfacet
  facet normal 0.000000e+00 0.000000e+00 1.000000e+00
    outer loop
      vertex   -1.482014e+01 -2.960084e+01 1.400000e+01
      vertex   -1.494676e+01 -3.164797e+01 1.400000e+01
      vertex   -1.386395e+01 -2.972369e+01 1.400000e+01
    endloop
  endfacet
  facet normal 0.000000e+00 0.000000e+00 1.000000e+00
    outer loop
      vertex   -1.386395e+01 -2.972369e+01 1.400000e+01
      vertex   -1.494676e+01 -3.164797e+01 1.400000e+01
      vertex   -1.303989e+01 -3.248017e+01 1.400000e+01
    endloop
  endfacet
  facet normal 0.000000e+00 0.000000e+00 1.000000e+00
    outer loop
      vertex   -1.386395e+01 -2.972369e+01 1.400000e+01
      vertex   -1.303989e+01 -3.248017e+01 1.400000e+01
      vertex   -1.289994e+01 -2.973064e+01 1.400000e+01
    endloop
  endfacet
  facet normal -0.000000e+00 0.000000e+00 1.000000e+00
    outer loop
      vertex   -1.289994e+01 -2.973064e+01 1.400000e+01
      vertex   -1.303989e+01 -3.248017e+01 1.400000e+01
      vertex   -1.194209e+01 -2.962158e+01 1.400000e+01
    endloop
  endfacet
  facet normal 0.000000e+00 0.000000e+00 1.000000e+00
    outer loop
      vertex   -1.194209e+01 -2.962158e+01 1.400000e+01
      vertex   -1.303989e+01 -3.248017e+01 1.400000e+01
      vertex   -1.108693e+01 -3.319759e+01 1.400000e+01
    endloop
  endfacet
  facet normal -0.000000e+00 0.000000e+00 1.000000e+00
    outer loop
      vertex   -1.194209e+01 -2.962158e+01 1.400000e+01
      vertex   -1.108693e+01 -3.319759e+01 1.400000e+01
      vertex   -1.100431e+01 -2.939810e+01 1.400000e+01
    endloop
  endfacet
  facet normal -0.000000e+00 0.000000e+00 1.000000e+00
    outer loop
      vertex   -1.100431e+01 -2.939810e+01 1.400000e+01
      vertex   -1.108693e+01 -3.319759e+01 1.400000e+01
      vertex   -1.010022e+01 -2.906343e+01 1.400000e+01
    endloop
  endfacet
  facet normal 0.000000e+00 0.000000e+00 1.000000e+00
    outer loop
      vertex   -1.010022e+01 -2.906343e+01 1.400000e+01
      vertex   -1.108693e+01 -3.319759e+01 1.400000e+01
      vertex   -9.094798e+00 -3.379770e+01 1.400000e+01
    endloop
  endfacet
  facet normal -0.000000e+00 0.000000e+00 1.000000e+00
    outer loop
      vertex   -1.010022e+01 -2.906343e+01 1.400000e+01
      vertex   -9.094798e+00 -3.379770e+01 1.400000e+01
      vertex   -9.242949e+00 -2.862245e+01 1.400000e+01
    endloop
  endfacet
  facet normal 0.000000e+00 0.000000e+00 1.000000e+00
    outer loop
      vertex   -9.242949e+00 -2.862245e+01 1.400000e+01
      vertex   -9.094798e+00 -3.379770e+01 1.400000e+01
      vertex   -7.070527e+00 -3.427838e+01 1.400000e+01
    endloop
  endfacet
  facet normal -0.000000e+00 0.000000e+00 1.000000e+00
    outer loop
      vertex   -9.242949e+00 -2.862245e+01 1.400000e+01
      vertex   -7.070527e+00 -3.427838e+01 1.400000e+01
      vertex   -8.444949e+00 -2.808155e+01 1.400000e+01
    endloop
  endfacet
  facet normal -0.000000e+00 0.000000e+00 1.000000e+00
    outer loop
      vertex   -8.444949e+00 -2.808155e+01 1.400000e+01
      vertex   -7.070527e+00 -3.427838e+01 1.400000e+01
      vertex   -7.717806e+00 -2.744859e+01 1.400000e+01
    endloop
  endfacet
  facet normal 0.000000e+00 0.000000e+00 1.000000e+00
    outer loop
      vertex   -7.717806e+00 -2.744859e+01 1.400000e+01
      vertex   -7.070527e+00 -3.427838e+01 1.400000e+01
      vertex   -5.021272e+00 -3.463794e+01 1.400000e+01
    endloop
  endfacet
  facet normal -0.000000e+00 0.000000e+00 1.000000e+00
    outer loop
      vertex   -7.717806e+00 -2.744859e+01 1.400000e+01
      vertex   -5.021272e+00 -3.463794e+01 1.400000e+01
      vertex   -1.060660e+00 -2.709916e+01 1.400000e+01
    endloop
  endfacet
  facet normal 0.000000e+00 0.000000e+00 1.000000e+00
    outer loop
      vertex   -1.060660e+00 -2.709916e+01 1.400000e+01
      vertex   -5.021272e+00 -3.463794e+01 1.400000e+01
      vertex   -7.500000e-01 -2.733754e+01 1.400000e+01
    endloop
  endfacet
  facet normal 0.000000e+00 0.000000e+00 1.000000e+00
    outer loop
      vertex   -7.500000e-01 -2.733754e+01 1.400000e+01
      vertex   -5.021272e+00 -3.463794e+01 1.400000e+01
      vertex   -2.954273e+00 -3.487510e+01 1.400000e+01
    endloop
  endfacet
  facet normal 0.000000e+00 0.000000e+00 1.000000e+00
    outer loop
      vertex   -7.500000e-01 -2.733754e+01 1.400000e+01
      vertex   -2.954273e+00 -3.487510e+01 1.400000e+01
      vertex   -3.882286e-01 -2.748739e+01 1.400000e+01
    endloop
  endfacet
  facet normal 0.000000e+00 0.000000e+00 1.000000e+00
    outer loop
      vertex   -3.882286e-01 -2.748739e+01 1.400000e+01
      vertex   -2.954273e+00 -3.487510e+01 1.400000e+01
      vertex   -8.768352e-01 -3.498901e+01 1.400000e+01
    endloop
  endfacet
  facet normal 0.000000e+00 0.000000e+00 1.000000e+00
    outer loop
      vertex   -3.882286e-01 -2.748739e+01 1.400000e+01
      vertex   -8.768352e-01 -3.498901e+01 1.400000e+01
      vertex   9.184851e-17 -2.753850e+01 1.400000e+01
    endloop
  endfacet
  facet normal 0.000000e+00 0.000000e+00 1.000000e+00
    outer loop
      vertex   9.184851e-17 -2.753850e+01 1.400000e+01
      vertex   -8.768352e-01 -3.498901e+01 1.400000e+01
      vertex   1.203701e+00 -3.497930e+01 1.400000e+01
    endloop
  endfacet
  facet normal -0.000000e+00 0.000000e+00 1.000000e+00
    outer loop
      vertex   9.184851e-17 -2.753850e+01 1.400000e+01
      vertex   1.203701e+00 -3.497930e+01 1.400000e+01
      vertex   3.882286e-01 -2.748739e+01 1.400000e+01
    endloop
  endfacet
  facet normal 0.000000e+00 0.000000e+00 1.000000e+00
    outer loop
      vertex   3.882286e-01 -2.748739e+01 1.400000e+01
      vertex   1.203701e+00 -3.497930e+01 1.400000e+01
      vertex   3.279984e+00 -3.484597e+01 1.400000e+01
    endloop
  endfacet
  facet normal -0.000000e+00 0.000000e+00 1.000000e+00
    outer loop
      vertex   3.882286e-01 -2.748739e+01 1.400000e+01
      vertex   3.279984e+00 -3.484597e+01 1.400000e+01
      vertex   7.500000e-01 -2.733754e+01 1.400000e+01
    endloop
  endfacet
  facet normal -0.000000e+00 0.000000e+00 1.000000e+00
    outer loop
      vertex   7.500000e-01 -2.733754e+01 1.400000e+01
      vertex   3.279984e+00 -3.484597e+01 1.400000e+01
      vertex   1.060660e+00 -2.709916e+01 1.400000e+01
    endloop
  endfacet
  facet normal 0.000000e+00 0.000000e+00 1.000000e+00
    outer loop
      vertex   1.060660e+00 -2.709916e+01 1.400000e+01
      vertex   3.279984e+00 -3.484597e+01 1.400000e+01
      vertex   5.344677e+00 -3.458951e+01 1.400000e+01
    endloop
  endfacet
  facet normal 0.000000e+00 0.000000e+00 1.000000e+00
    outer loop
      vertex   1.060660e+00 -2.709916e+01 1.400000e+01
      vertex   5.344677e+00 -3.458951e+01 1.400000e+01
      vertex   7.717806e+00 -2.744859e+01 1.400000e+01
    endloop
  endfacet
  facet normal 0.000000e+00 0.000000e+00 1.000000e+00
    outer loop
      vertex   7.717806e+00 -2.744859e+01 1.400000e+01
      vertex   5.344677e+00 -3.458951e+01 1.400000e+01
      vertex   8.444949e+00 -2.808155e+01 1.400000e+01
    endloop
  endfacet
  facet normal 0.000000e+00 0.000000e+00 1.000000e+00
    outer loop
      vertex   8.444949e+00 -2.808155e+01 1.400000e+01
      vertex   5.344677e+00 -3.458951e+01 1.400000e+01
      vertex   7.390483e+00 -3.421083e+01 1.400000e+01
    endloop
  endfacet
  facet normal 0.000000e+00 0.000000e+00 1.000000e+00
    outer loop
      vertex   8.444949e+00 -2.808155e+01 1.400000e+01
      vertex   7.390483e+00 -3.421083e+01 1.400000e+01
      vertex   9.242949e+00 -2.862245e+01 1.400000e+01
    endloop
  endfacet
  facet normal 0.000000e+00 0.000000e+00 1.000000e+00
    outer loop
      vertex   9.242949e+00 -2.862245e+01 1.400000e+01
      vertex   7.390483e+00 -3.421083e+01 1.400000e+01
      vertex   9.410174e+00 -3.371125e+01 1.400000e+01
    endloop
  endfacet
  facet normal 0.000000e+00 0.000000e+00 1.000000e+00
    outer loop
      vertex   9.242949e+00 -2.862245e+01 1.400000e+01
      vertex   9.410174e+00 -3.371125e+01 1.400000e+01
      vertex   1.010022e+01 -2.906343e+01 1.400000e+01
    endloop
  endfacet
  facet normal 0.000000e+00 0.000000e+00 1.000000e+00
    outer loop
      vertex   1.010022e+01 -2.906343e+01 1.400000e+01
      vertex   9.410174e+00 -3.371125e+01 1.400000e+01
      vertex   1.100431e+01 -2.939810e+01 1.400000e+01
    endloop
  endfacet
  facet normal 0.000000e+00 0.000000e+00 1.000000e+00
    outer loop
      vertex   1.100431e+01 -2.939810e+01 1.400000e+01
      vertex   9.410174e+00 -3.371125e+01 1.400000e+01
      vertex   1.139661e+01 -3.309256e+01 1.400000e+01
    endloop
  endfacet
  facet normal 0.000000e+00 0.000000e+00 1.000000e+00
    outer loop
      vertex   1.100431e+01 -2.939810e+01 1.400000e+01
      vertex   1.139661e+01 -3.309256e+01 1.400000e+01
      vertex   1.194209e+01 -2.962158e+01 1.400000e+01
    endloop
  endfacet
  facet normal 0.000000e+00 0.000000e+00 1.000000e+00
    outer loop
      vertex   1.194209e+01 -2.962158e+01 1.400000e+01
      vertex   1.139661e+01 -3.309256e+01 1.400000e+01
      vertex   1.334278e+01 -3.235692e+01 1.400000e+01
    endloop
  endfacet
  facet normal 0.000000e+00 0.000000e+00 1.000000e+00
    outer loop
      vertex   1.194209e+01 -2.962158e+01 1.400000e+01
      vertex   1.334278e+01 -3.235692e+01 1.400000e+01
      vertex   1.289994e+01 -2.973064e+01 1.400000e+01
    endloop
  endfacet
  facet normal -0.000000e+00 0.000000e+00 1.000000e+00
    outer loop
      vertex   1.289994e+01 -2.973064e+01 1.400000e+01
      vertex   1.334278e+01 -3.235692e+01 1.400000e+01
      vertex   1.386395e+01 -2.972369e+01 1.400000e+01
    endloop
  endfacet
  facet normal 0.000000e+00 0.000000e+00 1.000000e+00
    outer loop
      vertex   1.386395e+01 -2.972369e+01 1.400000e+01
      vertex   1.334278e+01 -3.235692e+01 1.400000e+01
      vertex   1.524180e+01 -3.150694e+01 1.400000e+01
    endloop
  endfacet
  facet normal -0.000000e+00 0.000000e+00 1.000000e+00
    outer loop
      vertex   1.386395e+01 -2.972369e+01 1.400000e+01
      vertex   1.524180e+01 -3.150694e+01 1.400000e+01
      vertex   1.482014e+01 -2.960084e+01 1.400000e+01
    endloop
  endfacet
  facet normal -0.000000e+00 0.000000e+00 1.000000e+00
    outer loop
      vertex   1.482014e+01 -2.960084e+01 1.400000e+01
      vertex   1.524180e+01 -3.150694e+01 1.400000e+01
      vertex   1.575460e+01 -2.936386e+01 1.400000e+01
    endloop
  endfacet
  facet normal 0.000000e+00 0.000000e+00 1.000000e+00
    outer loop
      vertex   1.575460e+01 -2.936386e+01 1.400000e+01
      vertex   1.524180e+01 -3.150694e+01 1.400000e+01
      vertex   1.708696e+01 -3.054564e+01 1.400000e+01
    endloop
  endfacet
  facet normal -0.000000e+00 0.000000e+00 1.000000e+00
    outer loop
      vertex   1.575460e+01 -2.936386e+01 1.400000e+01
      vertex   1.708696e+01 -3.054564e+01 1.400000e+01
      vertex   1.665377e+01 -2.901620e+01 1.400000e+01
    endloop
  endfacet
  facet normal -0.000000e+00 0.000000e+00 1.000000e+00
    outer loop
      vertex   1.665377e+01 -2.901620e+01 1.400000e+01
      vertex   1.708696e+01 -3.054564e+01 1.400000e+01
      vertex   1.750459e+01 -2.856290e+01 1.400000e+01
    endloop
  endfacet
  facet normal 0.000000e+00 0.000000e+00 1.000000e+00
    outer loop
      vertex   1.750459e+01 -2.856290e+01 1.400000e+01
      vertex   1.708696e+01 -3.054564e+01 1.400000e+01
      vertex   1.887174e+01 -2.947639e+01 1.400000e+01
    endloop
  endfacet
  facet normal -0.000000e+00 0.000000e+00 1.000000e+00
    outer loop
      vertex   1.750459e+01 -2.856290e+01 1.400000e+01
      vertex   1.887174e+01 -2.947639e+01 1.400000e+01
      vertex   1.920073e+01 -2.745145e+01 1.400000e+01
    endloop
  endfacet
  facet normal 0.000000e+00 0.000000e+00 1.000000e+00
    outer loop
      vertex   1.920073e+01 -2.745145e+01 1.400000e+01
      vertex   1.887174e+01 -2.947639e+01 1.400000e+01
      vertex   2.058983e+01 -2.830298e+01 1.400000e+01
    endloop
  endfacet
  facet normal -0.000000e+00 0.000000e+00 1.000000e+00
    outer loop
      vertex   1.920073e+01 -2.745145e+01 1.400000e+01
      vertex   2.058983e+01 -2.830298e+01 1.400000e+01
      vertex   2.082651e+01 -2.623941e+01 1.400000e+01
    endloop
  endfacet
  facet normal 0.000000e+00 0.000000e+00 1.000000e+00
    outer loop
      vertex   2.082651e+01 -2.623941e+01 1.400000e+01
      vertex   2.058983e+01 -2.830298e+01 1.400000e+01
      vertex   2.223517e+01 -2.702956e+01 1.400000e+01
    endloop
  endfacet
  facet normal -0.000000e+00 0.000000e+00 1.000000e+00
    outer loop
      vertex   2.082651e+01 -2.623941e+01 1.400000e+01
      vertex   2.223517e+01 -2.702956e+01 1.400000e+01
      vertex   2.237598e+01 -2.493122e+01 1.400000e+01
    endloop
  endfacet
  facet normal 0.000000e+00 0.000000e+00 1.000000e+00
    outer loop
      vertex   2.237598e+01 -2.493122e+01 1.400000e+01
      vertex   2.223517e+01 -2.702956e+01 1.400000e+01
      vertex   2.380193e+01 -2.566063e+01 1.400000e+01
    endloop
  endfacet
  facet normal -0.000000e+00 0.000000e+00 1.000000e+00
    outer loop
      vertex   2.237598e+01 -2.493122e+01 1.400000e+01
      vertex   2.380193e+01 -2.566063e+01 1.400000e+01
      vertex   2.384345e+01 -2.353168e+01 1.400000e+01
    endloop
  endfacet
  facet normal 0.000000e+00 0.000000e+00 1.000000e+00
    outer loop
      vertex   2.384345e+01 -2.353168e+01 1.400000e+01
      vertex   2.380193e+01 -2.566063e+01 1.400000e+01
      vertex   2.528459e+01 -2.420102e+01 1.400000e+01
    endloop
  endfacet
  facet normal -0.000000e+00 0.000000e+00 1.000000e+00
    outer loop
      vertex   2.384345e+01 -2.353168e+01 1.400000e+01
      vertex   2.528459e+01 -2.420102e+01 1.400000e+01
      vertex   2.522356e+01 -2.204591e+01 1.400000e+01
    endloop
  endfacet
  facet normal 0.000000e+00 0.000000e+00 1.000000e+00
    outer loop
      vertex   2.522356e+01 -2.204591e+01 1.400000e+01
      vertex   2.528459e+01 -2.420102e+01 1.400000e+01
      vertex   2.667790e+01 -2.265590e+01 1.400000e+01
    endloop
  endfacet
  facet normal -0.000000e+00 0.000000e+00 1.000000e+00
    outer loop
      vertex   2.522356e+01 -2.204591e+01 1.400000e+01
      vertex   2.667790e+01 -2.265590e+01 1.400000e+01
      vertex   2.651124e+01 -2.047935e+01 1.400000e+01
    endloop
  endfacet
  facet normal 0.000000e+00 0.000000e+00 1.000000e+00
    outer loop
      vertex   2.651124e+01 -2.047935e+01 1.400000e+01
      vertex   2.667790e+01 -2.265590e+01 1.400000e+01
      vertex   2.797694e+01 -2.103071e+01 1.400000e+01
    endloop
  endfacet
  facet normal -0.000000e+00 0.000000e+00 1.000000e+00
    outer loop
      vertex   2.651124e+01 -2.047935e+01 1.400000e+01
      vertex   2.797694e+01 -2.103071e+01 1.400000e+01
      vertex   2.770178e+01 -1.883776e+01 1.400000e+01
    endloop
  endfacet
  facet normal 0.000000e+00 0.000000e+00 1.000000e+00
    outer loop
      vertex   2.770178e+01 -1.883776e+01 1.400000e+01
      vertex   2.797694e+01 -2.103071e+01 1.400000e+01
      vertex   2.917712e+01 -1.933122e+01 1.400000e+01
    endloop
  endfacet
  facet normal -0.000000e+00 0.000000e+00 1.000000e+00
    outer loop
      vertex   2.770178e+01 -1.883776e+01 1.400000e+01
      vertex   2.917712e+01 -1.933122e+01 1.400000e+01
      vertex   2.879081e+01 -1.712714e+01 1.400000e+01
    endloop
  endfacet
  facet normal 0.000000e+00 0.000000e+00 1.000000e+00
    outer loop
      vertex   2.879081e+01 -1.712714e+01 1.400000e+01
      vertex   2.917712e+01 -1.933122e+01 1.400000e+01
      vertex   3.027419e+01 -1.756341e+01 1.400000e+01
    endloop
  endfacet
  facet normal -0.000000e+00 0.000000e+00 1.000000e+00
    outer loop
      vertex   2.879081e+01 -1.712714e+01 1.400000e+01
      vertex   3.027419e+01 -1.756341e+01 1.400000e+01
      vertex   2.977435e+01 -1.535376e+01 1.400000e+01
    endloop
  endfacet
  facet normal 0.000000e+00 0.000000e+00 1.000000e+00
    outer loop
      vertex   2.977435e+01 -1.535376e+01 1.400000e+01
      vertex   3.027419e+01 -1.756341e+01 1.400000e+01
      vertex   3.126429e+01 -1.573353e+01 1.400000e+01
    endloop
  endfacet
  facet normal -0.000000e+00 0.000000e+00 1.000000e+00
    outer loop
      vertex   2.977435e+01 -1.535376e+01 1.400000e+01
      vertex   3.126429e+01 -1.573353e+01 1.400000e+01
      vertex   3.064878e+01 -1.352413e+01 1.400000e+01
    endloop
  endfacet
  facet normal 0.000000e+00 0.000000e+00 1.000000e+00
    outer loop
      vertex   3.064878e+01 -1.352413e+01 1.400000e+01
      vertex   3.126429e+01 -1.573353e+01 1.400000e+01
      vertex   3.214391e+01 -1.384807e+01 1.400000e+01
    endloop
  endfacet
  facet normal -0.000000e+00 0.000000e+00 1.000000e+00
    outer loop
      vertex   3.064878e+01 -1.352413e+01 1.400000e+01
      vertex   3.214391e+01 -1.384807e+01 1.400000e+01
      vertex   3.141091e+01 -1.164493e+01 1.400000e+01
    endloop
  endfacet
  facet normal 0.000000e+00 0.000000e+00 1.000000e+00
    outer loop
      vertex   3.141091e+01 -1.164493e+01 1.400000e+01
      vertex   3.214391e+01 -1.384807e+01 1.400000e+01
      vertex   3.290995e+01 -1.191366e+01 1.400000e+01
    endloop
  endfacet
  facet normal -0.000000e+00 0.000000e+00 1.000000e+00
    outer loop
      vertex   3.141091e+01 -1.164493e+01 1.400000e+01
      vertex   3.290995e+01 -1.191366e+01 1.400000e+01
      vertex   3.205795e+01 -9.723070e+00 1.400000e+01
    endloop
  endfacet
  facet normal 0.000000e+00 0.000000e+00 1.000000e+00
    outer loop
      vertex   3.205795e+01 -9.723070e+00 1.400000e+01
      vertex   3.290995e+01 -1.191366e+01 1.400000e+01
      vertex   3.355969e+01 -9.937160e+00 1.400000e+01
    endloop
  endfacet
  facet normal -0.000000e+00 0.000000e+00 1.000000e+00
    outer loop
      vertex   3.205795e+01 -9.723070e+00 1.400000e+01
      vertex   3.355969e+01 -9.937160e+00 1.400000e+01
      vertex   3.258751e+01 -7.765579e+00 1.400000e+01
    endloop
  endfacet
  facet normal 0.000000e+00 0.000000e+00 1.000000e+00
    outer loop
      vertex   3.258751e+01 -7.765579e+00 1.400000e+01
      vertex   3.355969e+01 -9.937160e+00 1.400000e+01
      vertex   3.409085e+01 -7.925544e+00 1.400000e+01
    endloop
  endfacet
  facet normal -0.000000e+00 0.000000e+00 1.000000e+00
    outer loop
      vertex   3.258751e+01 -7.765579e+00 1.400000e+01
      vertex   3.409085e+01 -7.925544e+00 1.400000e+01
      vertex   3.299766e+01 -5.779632e+00 1.400000e+01
    endloop
  endfacet
  facet normal 0.000000e+00 0.000000e+00 1.000000e+00
    outer loop
      vertex   3.299766e+01 -5.779632e+00 1.400000e+01
      vertex   3.409085e+01 -7.925544e+00 1.400000e+01
      vertex   3.450154e+01 -5.885921e+00 1.400000e+01
    endloop
  endfacet
  facet normal -0.000000e+00 0.000000e+00 1.000000e+00
    outer loop
      vertex   3.299766e+01 -5.779632e+00 1.400000e+01
      vertex   3.450154e+01 -5.885921e+00 1.400000e+01
      vertex   3.328691e+01 -3.772508e+00 1.400000e+01
    endloop
  endfacet
  facet normal 0.000000e+00 0.000000e+00 1.000000e+00
    outer loop
      vertex   3.328691e+01 -3.772508e+00 1.400000e+01
      vertex   3.450154e+01 -5.885921e+00 1.400000e+01
      vertex   3.479031e+01 -3.825499e+00 1.400000e+01
    endloop
  endfacet
  facet normal 5.441913e-09 1.543900e-07 1.000000e+00
    outer loop
      vertex   3.328691e+01 -3.772508e+00 1.400000e+01
      vertex   3.479031e+01 -3.825499e+00 1.400000e+01
      vertex   3.345418e+01 -1.751560e+00 1.400000e+01
    endloop
  endfacet
  facet normal -0.000000e+00 1.508841e-07 1.000000e+00
    outer loop
      vertex   3.345418e+01 -1.751560e+00 1.400000e+01
      vertex   3.479031e+01 -3.825499e+00 1.400000e+01
      vertex   3.495614e+01 -1.751560e+00 1.400000e+01
    endloop
  endfacet
  facet normal 0.000000e+00 -0.000000e+00 1.000000e+00
    outer loop
      vertex   -2.399889e+01 1.340748e+01 1.400000e+01
      vertex   -2.384904e+01 1.376925e+01 1.400000e+01
      vertex   -3.111450e+01 1.602773e+01 1.400000e+01
    endloop
  endfacet
  facet normal -0.000000e+00 0.000000e+00 1.000000e+00
    outer loop
      vertex   -3.111450e+01 1.602773e+01 1.400000e+01
      vertex   -2.384904e+01 1.376925e+01 1.400000e+01
      vertex   -3.010718e+01 1.784818e+01 1.400000e+01
    endloop
  endfacet
  facet normal 0.000000e+00 0.000000e+00 1.000000e+00
    outer loop
      vertex   -3.010718e+01 1.784818e+01 1.400000e+01
      vertex   -2.384904e+01 1.376925e+01 1.400000e+01
      vertex   -2.361066e+01 1.407991e+01 1.400000e+01
    endloop
  endfacet
  facet normal -0.000000e+00 0.000000e+00 1.000000e+00
    outer loop
      vertex   -3.010718e+01 1.784818e+01 1.400000e+01
      vertex   -2.361066e+01 1.407991e+01 1.400000e+01
      vertex   -2.899348e+01 1.960556e+01 1.400000e+01
    endloop
  endfacet
  facet normal 0.000000e+00 0.000000e+00 1.000000e+00
    outer loop
      vertex   -2.899348e+01 1.960556e+01 1.400000e+01
      vertex   -2.361066e+01 1.407991e+01 1.400000e+01
      vertex   -2.330000e+01 1.431829e+01 1.400000e+01
    endloop
  endfacet
  facet normal -0.000000e+00 0.000000e+00 1.000000e+00
    outer loop
      vertex   -2.899348e+01 1.960556e+01 1.400000e+01
      vertex   -2.330000e+01 1.431829e+01 1.400000e+01
      vertex   -2.777732e+01 2.129367e+01 1.400000e+01
    endloop
  endfacet
  facet normal 0.000000e+00 0.000000e+00 1.000000e+00
    outer loop
      vertex   -2.777732e+01 2.129367e+01 1.400000e+01
      vertex   -2.330000e+01 1.431829e+01 1.400000e+01
      vertex   -2.293823e+01 1.446814e+01 1.400000e+01
    endloop
  endfacet
  facet normal 0.000000e+00 0.000000e+00 1.000000e+00
    outer loop
      vertex   -2.777732e+01 2.129367e+01 1.400000e+01
      vertex   -2.293823e+01 1.446814e+01 1.400000e+01
      vertex   -1.991228e+01 2.040811e+01 1.400000e+01
    endloop
  endfacet
  facet normal 0.000000e+00 0.000000e+00 1.000000e+00
    outer loop
      vertex   -1.991228e+01 2.040811e+01 1.400000e+01
      vertex   -2.293823e+01 1.446814e+01 1.400000e+01
      vertex   -1.961521e+01 1.949098e+01 1.400000e+01
    endloop
  endfacet
  facet normal 0.000000e+00 0.000000e+00 1.000000e+00
    outer loop
      vertex   -1.961521e+01 1.949098e+01 1.400000e+01
      vertex   -2.293823e+01 1.446814e+01 1.400000e+01
      vertex   -2.255000e+01 1.451925e+01 1.400000e+01
    endloop
  endfacet
  facet normal 0.000000e+00 0.000000e+00 1.000000e+00
    outer loop
      vertex   -1.961521e+01 1.949098e+01 1.400000e+01
      vertex   -2.255000e+01 1.451925e+01 1.400000e+01
      vertex   -1.920999e+01 1.861624e+01 1.400000e+01
    endloop
  endfacet
  facet normal 0.000000e+00 0.000000e+00 1.000000e+00
    outer loop
      vertex   -1.920999e+01 1.861624e+01 1.400000e+01
      vertex   -2.255000e+01 1.451925e+01 1.400000e+01
      vertex   -2.216177e+01 1.446814e+01 1.400000e+01
    endloop
  endfacet
  facet normal 0.000000e+00 0.000000e+00 1.000000e+00
    outer loop
      vertex   -1.920999e+01 1.861624e+01 1.400000e+01
      vertex   -2.216177e+01 1.446814e+01 1.400000e+01
      vertex   -1.870249e+01 1.779660e+01 1.400000e+01
    endloop
  endfacet
  facet normal 0.000000e+00 0.000000e+00 1.000000e+00
    outer loop
      vertex   -1.870249e+01 1.779660e+01 1.400000e+01
      vertex   -2.216177e+01 1.446814e+01 1.400000e+01
      vertex   -2.180000e+01 1.431829e+01 1.400000e+01
    endloop
  endfacet
  facet normal 0.000000e+00 0.000000e+00 1.000000e+00
    outer loop
      vertex   -1.870249e+01 1.779660e+01 1.400000e+01
      vertex   -2.180000e+01 1.431829e+01 1.400000e+01
      vertex   -2.148934e+01 1.407991e+01 1.400000e+01
    endloop
  endfacet
  facet normal 0.000000e+00 -0.000000e+00 1.000000e+00
    outer loop
      vertex   -2.125096e+01 1.376925e+01 1.400000e+01
      vertex   -1.758242e+01 1.638424e+01 1.400000e+01
      vertex   -2.148934e+01 1.407991e+01 1.400000e+01
    endloop
  endfacet
  facet normal 0.000000e+00 0.000000e+00 1.000000e+00
    outer loop
      vertex   -2.148934e+01 1.407991e+01 1.400000e+01
      vertex   -1.758242e+01 1.638424e+01 1.400000e+01
      vertex   -1.810008e+01 1.704395e+01 1.400000e+01
    endloop
  endfacet
  facet normal 0.000000e+00 0.000000e+00 1.000000e+00
    outer loop
      vertex   -2.148934e+01 1.407991e+01 1.400000e+01
      vertex   -1.810008e+01 1.704395e+01 1.400000e+01
      vertex   -1.870249e+01 1.779660e+01 1.400000e+01
    endloop
  endfacet
  facet normal 0.000000e+00 0.000000e+00 1.000000e+00
    outer loop
      vertex   -1.758242e+01 1.638424e+01 1.400000e+01
      vertex   -2.125096e+01 1.376925e+01 1.400000e+01
      vertex   -1.716180e+01 1.565881e+01 1.400000e+01
    endloop
  endfacet
  facet normal 0.000000e+00 0.000000e+00 1.000000e+00
    outer loop
      vertex   -1.716180e+01 1.565881e+01 1.400000e+01
      vertex   -2.125096e+01 1.376925e+01 1.400000e+01
      vertex   -2.110111e+01 1.340748e+01 1.400000e+01
    endloop
  endfacet
  facet normal 0.000000e+00 0.000000e+00 1.000000e+00
    outer loop
      vertex   -1.716180e+01 1.565881e+01 1.400000e+01
      vertex   -2.110111e+01 1.340748e+01 1.400000e+01
      vertex   -1.684642e+01 1.488182e+01 1.400000e+01
    endloop
  endfacet
  facet normal 0.000000e+00 0.000000e+00 1.000000e+00
    outer loop
      vertex   -1.684642e+01 1.488182e+01 1.400000e+01
      vertex   -2.110111e+01 1.340748e+01 1.400000e+01
      vertex   -1.664245e+01 1.406844e+01 1.400000e+01
    endloop
  endfacet
  facet normal 0.000000e+00 0.000000e+00 1.000000e+00
    outer loop
      vertex   -1.664245e+01 1.406844e+01 1.400000e+01
      vertex   -2.110111e+01 1.340748e+01 1.400000e+01
      vertex   -2.105000e+01 1.301925e+01 1.400000e+01
    endloop
  endfacet
  facet normal 0.000000e+00 0.000000e+00 1.000000e+00
    outer loop
      vertex   -1.664245e+01 1.406844e+01 1.400000e+01
      vertex   -2.105000e+01 1.301925e+01 1.400000e+01
      vertex   -1.655387e+01 1.323458e+01 1.400000e+01
    endloop
  endfacet
  facet normal 0.000000e+00 0.000000e+00 1.000000e+00
    outer loop
      vertex   -1.655387e+01 1.323458e+01 1.400000e+01
      vertex   -2.105000e+01 1.301925e+01 1.400000e+01
      vertex   -1.658240e+01 1.239651e+01 1.400000e+01
    endloop
  endfacet
  facet normal 0.000000e+00 0.000000e+00 1.000000e+00
    outer loop
      vertex   -1.658240e+01 1.239651e+01 1.400000e+01
      vertex   -2.105000e+01 1.301925e+01 1.400000e+01
      vertex   -2.110111e+01 1.263102e+01 1.400000e+01
    endloop
  endfacet
  facet normal 0.000000e+00 0.000000e+00 1.000000e+00
    outer loop
      vertex   -1.658240e+01 1.239651e+01 1.400000e+01
      vertex   -2.110111e+01 1.263102e+01 1.400000e+01
      vertex   -1.672751e+01 1.157060e+01 1.400000e+01
    endloop
  endfacet
  facet normal 0.000000e+00 0.000000e+00 1.000000e+00
    outer loop
      vertex   -1.672751e+01 1.157060e+01 1.400000e+01
      vertex   -2.110111e+01 1.263102e+01 1.400000e+01
      vertex   -1.698634e+01 1.077299e+01 1.400000e+01
    endloop
  endfacet
  facet normal 0.000000e+00 0.000000e+00 1.000000e+00
    outer loop
      vertex   -1.698634e+01 1.077299e+01 1.400000e+01
      vertex   -2.110111e+01 1.263102e+01 1.400000e+01
      vertex   -2.125096e+01 1.226925e+01 1.400000e+01
    endloop
  endfacet
  facet normal 0.000000e+00 0.000000e+00 1.000000e+00
    outer loop
      vertex   -1.698634e+01 1.077299e+01 1.400000e+01
      vertex   -2.125096e+01 1.226925e+01 1.400000e+01
      vertex   -1.735385e+01 1.001925e+01 1.400000e+01
    endloop
  endfacet
  facet normal 0.000000e+00 0.000000e+00 1.000000e+00
    outer loop
      vertex   -1.735385e+01 1.001925e+01 1.400000e+01
      vertex   -2.125096e+01 1.226925e+01 1.400000e+01
      vertex   -1.782285e+01 9.324110e+00 1.400000e+01
    endloop
  endfacet
  facet normal 0.000000e+00 0.000000e+00 1.000000e+00
    outer loop
      vertex   -1.782285e+01 9.324110e+00 1.400000e+01
      vertex   -2.125096e+01 1.226925e+01 1.400000e+01
      vertex   -2.148934e+01 1.195859e+01 1.400000e+01
    endloop
  endfacet
  facet normal 0.000000e+00 0.000000e+00 1.000000e+00
    outer loop
      vertex   -1.782285e+01 9.324110e+00 1.400000e+01
      vertex   -2.148934e+01 1.195859e+01 1.400000e+01
      vertex   -1.838419e+01 8.701148e+00 1.400000e+01
    endloop
  endfacet
  facet normal 0.000000e+00 0.000000e+00 1.000000e+00
    outer loop
      vertex   -1.838419e+01 8.701148e+00 1.400000e+01
      vertex   -2.148934e+01 1.195859e+01 1.400000e+01
      vertex   -1.902689e+01 8.162531e+00 1.400000e+01
    endloop
  endfacet
  facet normal 0.000000e+00 0.000000e+00 1.000000e+00
    outer loop
      vertex   -1.902689e+01 8.162531e+00 1.400000e+01
      vertex   -2.148934e+01 1.195859e+01 1.400000e+01
      vertex   -2.180000e+01 1.172021e+01 1.400000e+01
    endloop
  endfacet
  facet normal 0.000000e+00 0.000000e+00 1.000000e+00
    outer loop
      vertex   -1.902689e+01 8.162531e+00 1.400000e+01
      vertex   -2.180000e+01 1.172021e+01 1.400000e+01
      vertex   -1.973841e+01 7.718779e+00 1.400000e+01
    endloop
  endfacet
  facet normal 0.000000e+00 0.000000e+00 1.000000e+00
    outer loop
      vertex   -1.973841e+01 7.718779e+00 1.400000e+01
      vertex   -2.180000e+01 1.172021e+01 1.400000e+01
      vertex   -2.050485e+01 7.378559e+00 1.400000e+01
    endloop
  endfacet
  facet normal 0.000000e+00 0.000000e+00 1.000000e+00
    outer loop
      vertex   -2.050485e+01 7.378559e+00 1.400000e+01
      vertex   -2.180000e+01 1.172021e+01 1.400000e+01
      vertex   -2.216177e+01 1.157036e+01 1.400000e+01
    endloop
  endfacet
  facet normal 0.000000e+00 0.000000e+00 1.000000e+00
    outer loop
      vertex   -2.050485e+01 7.378559e+00 1.400000e+01
      vertex   -2.216177e+01 1.157036e+01 1.400000e+01
      vertex   -2.131124e+01 7.148518e+00 1.400000e+01
    endloop
  endfacet
  facet normal 0.000000e+00 0.000000e+00 1.000000e+00
    outer loop
      vertex   -2.131124e+01 7.148518e+00 1.400000e+01
      vertex   -2.216177e+01 1.157036e+01 1.400000e+01
      vertex   -2.214183e+01 7.033149e+00 1.400000e+01
    endloop
  endfacet
  facet normal 0.000000e+00 0.000000e+00 1.000000e+00
    outer loop
      vertex   -2.214183e+01 7.033149e+00 1.400000e+01
      vertex   -2.216177e+01 1.157036e+01 1.400000e+01
      vertex   -2.255000e+01 1.151925e+01 1.400000e+01
    endloop
  endfacet
  facet normal 0.000000e+00 0.000000e+00 1.000000e+00
    outer loop
      vertex   -2.214183e+01 7.033149e+00 1.400000e+01
      vertex   -2.255000e+01 1.151925e+01 1.400000e+01
      vertex   -2.298038e+01 7.034704e+00 1.400000e+01
    endloop
  endfacet
  facet normal 0.000000e+00 0.000000e+00 1.000000e+00
    outer loop
      vertex   -2.298038e+01 7.034704e+00 1.400000e+01
      vertex   -2.255000e+01 1.151925e+01 1.400000e+01
      vertex   -2.293823e+01 1.157036e+01 1.400000e+01
    endloop
  endfacet
  facet normal 0.000000e+00 -0.000000e+00 1.000000e+00
    outer loop
      vertex   -2.298038e+01 7.034704e+00 1.400000e+01
      vertex   -2.293823e+01 1.157036e+01 1.400000e+01
      vertex   -2.381053e+01 7.153155e+00 1.400000e+01
    endloop
  endfacet
  facet normal 0.000000e+00 -0.000000e+00 1.000000e+00
    outer loop
      vertex   -2.381053e+01 7.153155e+00 1.400000e+01
      vertex   -2.293823e+01 1.157036e+01 1.400000e+01
      vertex   -2.476355e+01 7.298531e+00 1.400000e+01
    endloop
  endfacet
  facet normal 0.000000e+00 0.000000e+00 1.000000e+00
    outer loop
      vertex   -2.476355e+01 7.298531e+00 1.400000e+01
      vertex   -2.293823e+01 1.157036e+01 1.400000e+01
      vertex   -2.330000e+01 1.172021e+01 1.400000e+01
    endloop
  endfacet
  facet normal 0.000000e+00 0.000000e+00 1.000000e+00
    outer loop
      vertex   -2.476355e+01 7.298531e+00 1.400000e+01
      vertex   -2.330000e+01 1.172021e+01 1.400000e+01
      vertex   -2.361066e+01 1.195859e+01 1.400000e+01
    endloop
  endfacet
  facet normal 0.000000e+00 -0.000000e+00 1.000000e+00
    outer loop
      vertex   -2.476355e+01 7.298531e+00 1.400000e+01
      vertex   -2.361066e+01 1.195859e+01 1.400000e+01
      vertex   -2.572713e+01 7.328217e+00 1.400000e+01
    endloop
  endfacet
  facet normal 0.000000e+00 0.000000e+00 1.000000e+00
    outer loop
      vertex   -2.572713e+01 7.328217e+00 1.400000e+01
      vertex   -2.361066e+01 1.195859e+01 1.400000e+01
      vertex   -2.384904e+01 1.226925e+01 1.400000e+01
    endloop
  endfacet
  facet normal 0.000000e+00 -0.000000e+00 1.000000e+00
    outer loop
      vertex   -2.572713e+01 7.328217e+00 1.400000e+01
      vertex   -2.384904e+01 1.226925e+01 1.400000e+01
      vertex   -2.668729e+01 7.241782e+00 1.400000e+01
    endloop
  endfacet
  facet normal 0.000000e+00 0.000000e+00 1.000000e+00
    outer loop
      vertex   -2.668729e+01 7.241782e+00 1.400000e+01
      vertex   -2.384904e+01 1.226925e+01 1.400000e+01
      vertex   -2.399889e+01 1.263102e+01 1.400000e+01
    endloop
  endfacet
  facet normal 0.000000e+00 -0.000000e+00 1.000000e+00
    outer loop
      vertex   -2.668729e+01 7.241782e+00 1.400000e+01
      vertex   -2.399889e+01 1.263102e+01 1.400000e+01
      vertex   -2.763008e+01 7.040480e+00 1.400000e+01
    endloop
  endfacet
  facet normal 0.000000e+00 0.000000e+00 1.000000e+00
    outer loop
      vertex   2.110111e+01 1.340748e+01 1.400000e+01
      vertex   1.664245e+01 1.406844e+01 1.400000e+01
      vertex   2.105000e+01 1.301925e+01 1.400000e+01
    endloop
  endfacet
  facet normal 0.000000e+00 0.000000e+00 1.000000e+00
    outer loop
      vertex   2.105000e+01 1.301925e+01 1.400000e+01
      vertex   1.664245e+01 1.406844e+01 1.400000e+01
      vertex   1.655387e+01 1.323458e+01 1.400000e+01
    endloop
  endfacet
  facet normal 0.000000e+00 0.000000e+00 1.000000e+00
    outer loop
      vertex   2.105000e+01 1.301925e+01 1.400000e+01
      vertex   1.655387e+01 1.323458e+01 1.400000e+01
      vertex   1.658240e+01 1.239651e+01 1.400000e+01
    endloop
  endfacet
  facet normal 0.000000e+00 0.000000e+00 1.000000e+00
    outer loop
      vertex   2.125096e+01 1.376925e+01 1.400000e+01
      vertex   1.716180e+01 1.565881e+01 1.400000e+01
      vertex   2.110111e+01 1.340748e+01 1.400000e+01
    endloop
  endfacet
  facet normal 0.000000e+00 0.000000e+00 1.000000e+00
    outer loop
      vertex   2.110111e+01 1.340748e+01 1.400000e+01
      vertex   1.716180e+01 1.565881e+01 1.400000e+01
      vertex   1.684642e+01 1.488182e+01 1.400000e+01
    endloop
  endfacet
  facet normal 0.000000e+00 0.000000e+00 1.000000e+00
    outer loop
      vertex   2.110111e+01 1.340748e+01 1.400000e+01
      vertex   1.684642e+01 1.488182e+01 1.400000e+01
      vertex   1.664245e+01 1.406844e+01 1.400000e+01
    endloop
  endfacet
  facet normal -0.000000e+00 0.000000e+00 1.000000e+00
    outer loop
      vertex   1.716180e+01 1.565881e+01 1.400000e+01
      vertex   2.125096e+01 1.376925e+01 1.400000e+01
      vertex   1.758242e+01 1.638424e+01 1.400000e+01
    endloop
  endfacet
  facet normal 0.000000e+00 0.000000e+00 1.000000e+00
    outer loop
      vertex   1.758242e+01 1.638424e+01 1.400000e+01
      vertex   2.125096e+01 1.376925e+01 1.400000e+01
      vertex   2.148934e+01 1.407991e+01 1.400000e+01
    endloop
  endfacet
  facet normal -0.000000e+00 0.000000e+00 1.000000e+00
    outer loop
      vertex   1.758242e+01 1.638424e+01 1.400000e+01
      vertex   2.148934e+01 1.407991e+01 1.400000e+01
      vertex   1.810008e+01 1.704395e+01 1.400000e+01
    endloop
  endfacet
  facet normal -0.000000e+00 0.000000e+00 1.000000e+00
    outer loop
      vertex   1.810008e+01 1.704395e+01 1.400000e+01
      vertex   2.148934e+01 1.407991e+01 1.400000e+01
      vertex   1.870249e+01 1.779660e+01 1.400000e+01
    endloop
  endfacet
  facet normal 0.000000e+00 0.000000e+00 1.000000e+00
    outer loop
      vertex   1.870249e+01 1.779660e+01 1.400000e+01
      vertex   2.148934e+01 1.407991e+01 1.400000e+01
      vertex   2.180000e+01 1.431829e+01 1.400000e+01
    endloop
  endfacet
  facet normal 0.000000e+00 0.000000e+00 1.000000e+00
    outer loop
      vertex   1.870249e+01 1.779660e+01 1.400000e+01
      vertex   2.180000e+01 1.431829e+01 1.400000e+01
      vertex   2.216177e+01 1.446814e+01 1.400000e+01
    endloop
  endfacet
  facet normal -0.000000e+00 0.000000e+00 1.000000e+00
    outer loop
      vertex   1.870249e+01 1.779660e+01 1.400000e+01
      vertex   2.216177e+01 1.446814e+01 1.400000e+01
      vertex   1.920999e+01 1.861624e+01 1.400000e+01
    endloop
  endfacet
  facet normal 0.000000e+00 0.000000e+00 1.000000e+00
    outer loop
      vertex   1.920999e+01 1.861624e+01 1.400000e+01
      vertex   2.216177e+01 1.446814e+01 1.400000e+01
      vertex   2.255000e+01 1.451925e+01 1.400000e+01
    endloop
  endfacet
  facet normal -0.000000e+00 0.000000e+00 1.000000e+00
    outer loop
      vertex   1.920999e+01 1.861624e+01 1.400000e+01
      vertex   2.255000e+01 1.451925e+01 1.400000e+01
      vertex   1.961521e+01 1.949098e+01 1.400000e+01
    endloop
  endfacet
  facet normal 0.000000e+00 0.000000e+00 1.000000e+00
    outer loop
      vertex   1.961521e+01 1.949098e+01 1.400000e+01
      vertex   2.255000e+01 1.451925e+01 1.400000e+01
      vertex   2.293823e+01 1.446814e+01 1.400000e+01
    endloop
  endfacet
  facet normal -0.000000e+00 0.000000e+00 1.000000e+00
    outer loop
      vertex   1.961521e+01 1.949098e+01 1.400000e+01
      vertex   2.293823e+01 1.446814e+01 1.400000e+01
      vertex   1.991228e+01 2.040811e+01 1.400000e+01
    endloop
  endfacet
  facet normal -0.000000e+00 0.000000e+00 1.000000e+00
    outer loop
      vertex   1.991228e+01 2.040811e+01 1.400000e+01
      vertex   2.293823e+01 1.446814e+01 1.400000e+01
      vertex   2.797881e+01 2.102822e+01 1.400000e+01
    endloop
  endfacet
  facet normal 0.000000e+00 0.000000e+00 1.000000e+00
    outer loop
      vertex   1.991228e+01 2.040811e+01 1.400000e+01
      vertex   2.797881e+01 2.102822e+01 1.400000e+01
      vertex   2.667992e+01 2.265352e+01 1.400000e+01
    endloop
  endfacet
  facet normal -0.000000e+00 0.000000e+00 1.000000e+00
    outer loop
      vertex   2.293823e+01 1.446814e+01 1.400000e+01
      vertex   2.330000e+01 1.431829e+01 1.400000e+01
      vertex   2.797881e+01 2.102822e+01 1.400000e+01
    endloop
  endfacet
  facet normal 0.000000e+00 0.000000e+00 1.000000e+00
    outer loop
      vertex   2.797881e+01 2.102822e+01 1.400000e+01
      vertex   2.330000e+01 1.431829e+01 1.400000e+01
      vertex   2.917884e+01 1.932861e+01 1.400000e+01
    endloop
  endfacet
  facet normal 0.000000e+00 0.000000e+00 1.000000e+00
    outer loop
      vertex   2.917884e+01 1.932861e+01 1.400000e+01
      vertex   2.330000e+01 1.431829e+01 1.400000e+01
      vertex   2.361066e+01 1.407991e+01 1.400000e+01
    endloop
  endfacet
  facet normal 0.000000e+00 0.000000e+00 1.000000e+00
    outer loop
      vertex   2.917884e+01 1.932861e+01 1.400000e+01
      vertex   2.361066e+01 1.407991e+01 1.400000e+01
      vertex   3.027576e+01 1.756070e+01 1.400000e+01
    endloop
  endfacet
  facet normal 0.000000e+00 0.000000e+00 1.000000e+00
    outer loop
      vertex   3.027576e+01 1.756070e+01 1.400000e+01
      vertex   2.361066e+01 1.407991e+01 1.400000e+01
      vertex   2.384904e+01 1.376925e+01 1.400000e+01
    endloop
  endfacet
  facet normal 0.000000e+00 0.000000e+00 1.000000e+00
    outer loop
      vertex   3.027576e+01 1.756070e+01 1.400000e+01
      vertex   2.384904e+01 1.376925e+01 1.400000e+01
      vertex   2.399889e+01 1.340748e+01 1.400000e+01
    endloop
  endfacet
  facet normal 0.000000e+00 0.000000e+00 1.000000e+00
    outer loop
      vertex   3.027576e+01 1.756070e+01 1.400000e+01
      vertex   2.399889e+01 1.340748e+01 1.400000e+01
      vertex   3.126570e+01 1.573074e+01 1.400000e+01
    endloop
  endfacet
  facet normal 0.000000e+00 0.000000e+00 1.000000e+00
    outer loop
      vertex   3.126570e+01 1.573074e+01 1.400000e+01
      vertex   2.399889e+01 1.340748e+01 1.400000e+01
      vertex   2.405000e+01 1.301925e+01 1.400000e+01
    endloop
  endfacet
  facet normal 0.000000e+00 0.000000e+00 1.000000e+00
    outer loop
      vertex   3.126570e+01 1.573074e+01 1.400000e+01
      vertex   2.405000e+01 1.301925e+01 1.400000e+01
      vertex   3.214515e+01 1.384520e+01 1.400000e+01
    endloop
  endfacet
  facet normal 0.000000e+00 0.000000e+00 1.000000e+00
    outer loop
      vertex   3.214515e+01 1.384520e+01 1.400000e+01
      vertex   2.405000e+01 1.301925e+01 1.400000e+01
      vertex   2.399889e+01 1.263102e+01 1.400000e+01
    endloop
  endfacet
  facet normal 0.000000e+00 0.000000e+00 1.000000e+00
    outer loop
      vertex   3.214515e+01 1.384520e+01 1.400000e+01
      vertex   2.399889e+01 1.263102e+01 1.400000e+01
      vertex   2.770357e+01 7.019714e+00 1.400000e+01
    endloop
  endfacet
  facet normal 0.000000e+00 0.000000e+00 1.000000e+00
    outer loop
      vertex   2.770357e+01 7.019714e+00 1.400000e+01
      vertex   2.399889e+01 1.263102e+01 1.400000e+01
      vertex   2.674389e+01 7.233017e+00 1.400000e+01
    endloop
  endfacet
  facet normal 0.000000e+00 0.000000e+00 1.000000e+00
    outer loop
      vertex   2.674389e+01 7.233017e+00 1.400000e+01
      vertex   2.399889e+01 1.263102e+01 1.400000e+01
      vertex   2.384904e+01 1.226925e+01 1.400000e+01
    endloop
  endfacet
  facet normal 0.000000e+00 0.000000e+00 1.000000e+00
    outer loop
      vertex   2.674389e+01 7.233017e+00 1.400000e+01
      vertex   2.384904e+01 1.226925e+01 1.400000e+01
      vertex   2.576529e+01 7.327000e+00 1.400000e+01
    endloop
  endfacet
  facet normal 0.000000e+00 0.000000e+00 1.000000e+00
    outer loop
      vertex   2.576529e+01 7.327000e+00 1.400000e+01
      vertex   2.384904e+01 1.226925e+01 1.400000e+01
      vertex   2.361066e+01 1.195859e+01 1.400000e+01
    endloop
  endfacet
  facet normal 0.000000e+00 0.000000e+00 1.000000e+00
    outer loop
      vertex   2.576529e+01 7.327000e+00 1.400000e+01
      vertex   2.361066e+01 1.195859e+01 1.400000e+01
      vertex   2.478256e+01 7.300245e+00 1.400000e+01
    endloop
  endfacet
  facet normal 0.000000e+00 0.000000e+00 1.000000e+00
    outer loop
      vertex   2.478256e+01 7.300245e+00 1.400000e+01
      vertex   2.361066e+01 1.195859e+01 1.400000e+01
      vertex   2.330000e+01 1.172021e+01 1.400000e+01
    endloop
  endfacet
  facet normal 0.000000e+00 0.000000e+00 1.000000e+00
    outer loop
      vertex   2.478256e+01 7.300245e+00 1.400000e+01
      vertex   2.330000e+01 1.172021e+01 1.400000e+01
      vertex   2.293823e+01 1.157036e+01 1.400000e+01
    endloop
  endfacet
  facet normal -0.000000e+00 0.000000e+00 1.000000e+00
    outer loop
      vertex   2.255000e+01 1.151925e+01 1.400000e+01
      vertex   2.298038e+01 7.034704e+00 1.400000e+01
      vertex   2.293823e+01 1.157036e+01 1.400000e+01
    endloop
  endfacet
  facet normal 0.000000e+00 0.000000e+00 1.000000e+00
    outer loop
      vertex   2.293823e+01 1.157036e+01 1.400000e+01
      vertex   2.298038e+01 7.034704e+00 1.400000e+01
      vertex   2.381053e+01 7.153155e+00 1.400000e+01
    endloop
  endfacet
  facet normal 0.000000e+00 0.000000e+00 1.000000e+00
    outer loop
      vertex   2.293823e+01 1.157036e+01 1.400000e+01
      vertex   2.381053e+01 7.153155e+00 1.400000e+01
      vertex   2.478256e+01 7.300245e+00 1.400000e+01
    endloop
  endfacet
  facet normal 0.000000e+00 0.000000e+00 1.000000e+00
    outer loop
      vertex   2.298038e+01 7.034704e+00 1.400000e+01
      vertex   2.255000e+01 1.151925e+01 1.400000e+01
      vertex   2.214183e+01 7.033149e+00 1.400000e+01
    endloop
  endfacet
  facet normal 0.000000e+00 0.000000e+00 1.000000e+00
    outer loop
      vertex   2.214183e+01 7.033149e+00 1.400000e+01
      vertex   2.255000e+01 1.151925e+01 1.400000e+01
      vertex   2.216177e+01 1.157036e+01 1.400000e+01
    endloop
  endfacet
  facet normal 0.000000e+00 -0.000000e+00 1.000000e+00
    outer loop
      vertex   2.214183e+01 7.033149e+00 1.400000e+01
      vertex   2.216177e+01 1.157036e+01 1.400000e+01
      vertex   2.131124e+01 7.148518e+00 1.400000e+01
    endloop
  endfacet
  facet normal 0.000000e+00 -0.000000e+00 1.000000e+00
    outer loop
      vertex   2.131124e+01 7.148518e+00 1.400000e+01
      vertex   2.216177e+01 1.157036e+01 1.400000e+01
      vertex   2.050485e+01 7.378559e+00 1.400000e+01
    endloop
  endfacet
  facet normal 0.000000e+00 0.000000e+00 1.000000e+00
    outer loop
      vertex   2.050485e+01 7.378559e+00 1.400000e+01
      vertex   2.216177e+01 1.157036e+01 1.400000e+01
      vertex   2.180000e+01 1.172021e+01 1.400000e+01
    endloop
  endfacet
  facet normal 0.000000e+00 -0.000000e+00 1.000000e+00
    outer loop
      vertex   2.050485e+01 7.378559e+00 1.400000e+01
      vertex   2.180000e+01 1.172021e+01 1.400000e+01
      vertex   1.973841e+01 7.718779e+00 1.400000e+01
    endloop
  endfacet
  facet normal 0.000000e+00 -0.000000e+00 1.000000e+00
    outer loop
      vertex   1.973841e+01 7.718779e+00 1.400000e+01
      vertex   2.180000e+01 1.172021e+01 1.400000e+01
      vertex   1.902689e+01 8.162531e+00 1.400000e+01
    endloop
  endfacet
  facet normal 0.000000e+00 0.000000e+00 1.000000e+00
    outer loop
      vertex   1.902689e+01 8.162531e+00 1.400000e+01
      vertex   2.180000e+01 1.172021e+01 1.400000e+01
      vertex   2.148934e+01 1.195859e+01 1.400000e+01
    endloop
  endfacet
  facet normal 0.000000e+00 -0.000000e+00 1.000000e+00
    outer loop
      vertex   1.902689e+01 8.162531e+00 1.400000e+01
      vertex   2.148934e+01 1.195859e+01 1.400000e+01
      vertex   1.838419e+01 8.701148e+00 1.400000e+01
    endloop
  endfacet
  facet normal 0.000000e+00 -0.000000e+00 1.000000e+00
    outer loop
      vertex   1.838419e+01 8.701148e+00 1.400000e+01
      vertex   2.148934e+01 1.195859e+01 1.400000e+01
      vertex   1.782285e+01 9.324110e+00 1.400000e+01
    endloop
  endfacet
  facet normal 0.000000e+00 0.000000e+00 1.000000e+00
    outer loop
      vertex   1.782285e+01 9.324110e+00 1.400000e+01
      vertex   2.148934e+01 1.195859e+01 1.400000e+01
      vertex   2.125096e+01 1.226925e+01 1.400000e+01
    endloop
  endfacet
  facet normal 0.000000e+00 -0.000000e+00 1.000000e+00
    outer loop
      vertex   1.782285e+01 9.324110e+00 1.400000e+01
      vertex   2.125096e+01 1.226925e+01 1.400000e+01
      vertex   1.735385e+01 1.001925e+01 1.400000e+01
    endloop
  endfacet
  facet normal 0.000000e+00 -0.000000e+00 1.000000e+00
    outer loop
      vertex   1.735385e+01 1.001925e+01 1.400000e+01
      vertex   2.125096e+01 1.226925e+01 1.400000e+01
      vertex   1.698634e+01 1.077299e+01 1.400000e+01
    endloop
  endfacet
  facet normal 0.000000e+00 0.000000e+00 1.000000e+00
    outer loop
      vertex   1.698634e+01 1.077299e+01 1.400000e+01
      vertex   2.125096e+01 1.226925e+01 1.400000e+01
      vertex   2.110111e+01 1.263102e+01 1.400000e+01
    endloop
  endfacet
  facet normal 0.000000e+00 -0.000000e+00 1.000000e+00
    outer loop
      vertex   1.698634e+01 1.077299e+01 1.400000e+01
      vertex   2.110111e+01 1.263102e+01 1.400000e+01
      vertex   1.672751e+01 1.157060e+01 1.400000e+01
    endloop
  endfacet
  facet normal 0.000000e+00 -0.000000e+00 1.000000e+00
    outer loop
      vertex   1.672751e+01 1.157060e+01 1.400000e+01
      vertex   2.110111e+01 1.263102e+01 1.400000e+01
      vertex   1.658240e+01 1.239651e+01 1.400000e+01
    endloop
  endfacet
  facet normal 0.000000e+00 0.000000e+00 1.000000e+00
    outer loop
      vertex   1.658240e+01 1.239651e+01 1.400000e+01
      vertex   2.110111e+01 1.263102e+01 1.400000e+01
      vertex   2.105000e+01 1.301925e+01 1.400000e+01
    endloop
  endfacet
  facet normal 0.000000e+00 0.000000e+00 1.000000e+00
    outer loop
      vertex   -1.448889e+00 -2.642673e+01 1.400000e+01
      vertex   -1.500000e+00 -2.603850e+01 1.400000e+01
      vertex   -6.061061e+00 -2.509513e+01 1.400000e+01
    endloop
  endfacet
  facet normal 0.000000e+00 0.000000e+00 1.000000e+00
    outer loop
      vertex   -6.061061e+00 -2.509513e+01 1.400000e+01
      vertex   -1.500000e+00 -2.603850e+01 1.400000e+01
      vertex   -1.448889e+00 -2.565027e+01 1.400000e+01
    endloop
  endfacet
  facet normal -0.000000e+00 0.000000e+00 1.000000e+00
    outer loop
      vertex   -6.061061e+00 -2.509513e+01 1.400000e+01
      vertex   -1.448889e+00 -2.565027e+01 1.400000e+01
      vertex   -5.710452e+00 -2.419710e+01 1.400000e+01
    endloop
  endfacet
  facet normal -0.000000e+00 0.000000e+00 1.000000e+00
    outer loop
      vertex   -5.710452e+00 -2.419710e+01 1.400000e+01
      vertex   -1.448889e+00 -2.565027e+01 1.400000e+01
      vertex   -5.397958e+00 -2.341895e+01 1.400000e+01
    endloop
  endfacet
  facet normal 0.000000e+00 0.000000e+00 1.000000e+00
    outer loop
      vertex   -5.397958e+00 -2.341895e+01 1.400000e+01
      vertex   -1.448889e+00 -2.565027e+01 1.400000e+01
      vertex   -1.299038e+00 -2.528850e+01 1.400000e+01
    endloop
  endfacet
  facet normal -0.000000e+00 0.000000e+00 1.000000e+00
    outer loop
      vertex   -5.397958e+00 -2.341895e+01 1.400000e+01
      vertex   -1.299038e+00 -2.528850e+01 1.400000e+01
      vertex   -4.980027e+00 -2.269196e+01 1.400000e+01
    endloop
  endfacet
  facet normal 0.000000e+00 0.000000e+00 1.000000e+00
    outer loop
      vertex   -4.980027e+00 -2.269196e+01 1.400000e+01
      vertex   -1.299038e+00 -2.528850e+01 1.400000e+01
      vertex   -1.060660e+00 -2.497784e+01 1.400000e+01
    endloop
  endfacet
  facet normal -0.000000e+00 0.000000e+00 1.000000e+00
    outer loop
      vertex   -4.980027e+00 -2.269196e+01 1.400000e+01
      vertex   -1.060660e+00 -2.497784e+01 1.400000e+01
      vertex   -4.464822e+00 -2.203034e+01 1.400000e+01
    endloop
  endfacet
  facet normal -0.000000e+00 0.000000e+00 1.000000e+00
    outer loop
      vertex   -4.464822e+00 -2.203034e+01 1.400000e+01
      vertex   -1.060660e+00 -2.497784e+01 1.400000e+01
      vertex   -3.862407e+00 -2.144700e+01 1.400000e+01
    endloop
  endfacet
  facet normal 0.000000e+00 0.000000e+00 1.000000e+00
    outer loop
      vertex   -3.862407e+00 -2.144700e+01 1.400000e+01
      vertex   -1.060660e+00 -2.497784e+01 1.400000e+01
      vertex   -7.500000e-01 -2.473946e+01 1.400000e+01
    endloop
  endfacet
  facet normal -0.000000e+00 0.000000e+00 1.000000e+00
    outer loop
      vertex   -3.862407e+00 -2.144700e+01 1.400000e+01
      vertex   -7.500000e-01 -2.473946e+01 1.400000e+01
      vertex   -3.184548e+00 -2.095336e+01 1.400000e+01
    endloop
  endfacet
  facet normal -0.000000e+00 0.000000e+00 1.000000e+00
    outer loop
      vertex   -3.184548e+00 -2.095336e+01 1.400000e+01
      vertex   -7.500000e-01 -2.473946e+01 1.400000e+01
      vertex   -2.444487e+00 -2.055904e+01 1.400000e+01
    endloop
  endfacet
  facet normal 0.000000e+00 0.000000e+00 1.000000e+00
    outer loop
      vertex   -2.444487e+00 -2.055904e+01 1.400000e+01
      vertex   -7.500000e-01 -2.473946e+01 1.400000e+01
      vertex   -3.882286e-01 -2.458961e+01 1.400000e+01
    endloop
  endfacet
  facet normal -0.000000e+00 0.000000e+00 1.000000e+00
    outer loop
      vertex   -2.444487e+00 -2.055904e+01 1.400000e+01
      vertex   -3.882286e-01 -2.458961e+01 1.400000e+01
      vertex   -1.656677e+00 -2.027175e+01 1.400000e+01
    endloop
  endfacet
  facet normal -0.000000e+00 0.000000e+00 1.000000e+00
    outer loop
      vertex   -1.656677e+00 -2.027175e+01 1.400000e+01
      vertex   -3.882286e-01 -2.458961e+01 1.400000e+01
      vertex   -8.365082e-01 -2.009710e+01 1.400000e+01
    endloop
  endfacet
  facet normal 0.000000e+00 0.000000e+00 1.000000e+00
    outer loop
      vertex   -8.365082e-01 -2.009710e+01 1.400000e+01
      vertex   -3.882286e-01 -2.458961e+01 1.400000e+01
      vertex   9.184851e-17 -2.453850e+01 1.400000e+01
    endloop
  endfacet
  facet normal -0.000000e+00 0.000000e+00 1.000000e+00
    outer loop
      vertex   -8.365082e-01 -2.009710e+01 1.400000e+01
      vertex   9.184851e-17 -2.453850e+01 1.400000e+01
      vertex   -1.206710e-14 -2.003850e+01 1.400000e+01
    endloop
  endfacet
  facet normal 0.000000e+00 0.000000e+00 1.000000e+00
    outer loop
      vertex   -1.206710e-14 -2.003850e+01 1.400000e+01
      vertex   9.184851e-17 -2.453850e+01 1.400000e+01
      vertex   8.365082e-01 -2.009710e+01 1.400000e+01
    endloop
  endfacet
  facet normal 0.000000e+00 0.000000e+00 1.000000e+00
    outer loop
      vertex   8.365082e-01 -2.009710e+01 1.400000e+01
      vertex   9.184851e-17 -2.453850e+01 1.400000e+01
      vertex   3.882286e-01 -2.458961e+01 1.400000e+01
    endloop
  endfacet
  facet normal 0.000000e+00 0.000000e+00 1.000000e+00
    outer loop
      vertex   8.365082e-01 -2.009710e+01 1.400000e+01
      vertex   3.882286e-01 -2.458961e+01 1.400000e+01
      vertex   1.656677e+00 -2.027175e+01 1.400000e+01
    endloop
  endfacet
  facet normal 0.000000e+00 0.000000e+00 1.000000e+00
    outer loop
      vertex   1.656677e+00 -2.027175e+01 1.400000e+01
      vertex   3.882286e-01 -2.458961e+01 1.400000e+01
      vertex   2.444487e+00 -2.055904e+01 1.400000e+01
    endloop
  endfacet
  facet normal 0.000000e+00 0.000000e+00 1.000000e+00
    outer loop
      vertex   2.444487e+00 -2.055904e+01 1.400000e+01
      vertex   3.882286e-01 -2.458961e+01 1.400000e+01
      vertex   7.500000e-01 -2.473946e+01 1.400000e+01
    endloop
  endfacet
  facet normal 0.000000e+00 0.000000e+00 1.000000e+00
    outer loop
      vertex   2.444487e+00 -2.055904e+01 1.400000e+01
      vertex   7.500000e-01 -2.473946e+01 1.400000e+01
      vertex   3.184548e+00 -2.095336e+01 1.400000e+01
    endloop
  endfacet
  facet normal 0.000000e+00 0.000000e+00 1.000000e+00
    outer loop
      vertex   3.184548e+00 -2.095336e+01 1.400000e+01
      vertex   7.500000e-01 -2.473946e+01 1.400000e+01
      vertex   3.862407e+00 -2.144700e+01 1.400000e+01
    endloop
  endfacet
  facet normal 0.000000e+00 0.000000e+00 1.000000e+00
    outer loop
      vertex   3.862407e+00 -2.144700e+01 1.400000e+01
      vertex   7.500000e-01 -2.473946e+01 1.400000e+01
      vertex   1.060660e+00 -2.497784e+01 1.400000e+01
    endloop
  endfacet
  facet normal 0.000000e+00 0.000000e+00 1.000000e+00
    outer loop
      vertex   3.862407e+00 -2.144700e+01 1.400000e+01
      vertex   1.060660e+00 -2.497784e+01 1.400000e+01
      vertex   4.464822e+00 -2.203034e+01 1.400000e+01
    endloop
  endfacet
  facet normal 0.000000e+00 0.000000e+00 1.000000e+00
    outer loop
      vertex   4.464822e+00 -2.203034e+01 1.400000e+01
      vertex   1.060660e+00 -2.497784e+01 1.400000e+01
      vertex   4.980027e+00 -2.269196e+01 1.400000e+01
    endloop
  endfacet
  facet normal 0.000000e+00 0.000000e+00 1.000000e+00
    outer loop
      vertex   4.980027e+00 -2.269196e+01 1.400000e+01
      vertex   1.060660e+00 -2.497784e+01 1.400000e+01
      vertex   1.299038e+00 -2.528850e+01 1.400000e+01
    endloop
  endfacet
  facet normal 0.000000e+00 0.000000e+00 1.000000e+00
    outer loop
      vertex   4.980027e+00 -2.269196e+01 1.400000e+01
      vertex   1.299038e+00 -2.528850e+01 1.400000e+01
      vertex   5.397958e+00 -2.341895e+01 1.400000e+01
    endloop
  endfacet
  facet normal 0.000000e+00 0.000000e+00 1.000000e+00
    outer loop
      vertex   5.397958e+00 -2.341895e+01 1.400000e+01
      vertex   1.299038e+00 -2.528850e+01 1.400000e+01
      vertex   1.448889e+00 -2.565027e+01 1.400000e+01
    endloop
  endfacet
  facet normal 0.000000e+00 0.000000e+00 1.000000e+00
    outer loop
      vertex   5.397958e+00 -2.341895e+01 1.400000e+01
      vertex   1.448889e+00 -2.565027e+01 1.400000e+01
      vertex   5.710452e+00 -2.419710e+01 1.400000e+01
    endloop
  endfacet
  facet normal 0.000000e+00 0.000000e+00 1.000000e+00
    outer loop
      vertex   5.710452e+00 -2.419710e+01 1.400000e+01
      vertex   1.448889e+00 -2.565027e+01 1.400000e+01
      vertex   6.061061e+00 -2.509513e+01 1.400000e+01
    endloop
  endfacet
  facet normal 0.000000e+00 0.000000e+00 1.000000e+00
    outer loop
      vertex   6.061061e+00 -2.509513e+01 1.400000e+01
      vertex   1.448889e+00 -2.565027e+01 1.400000e+01
      vertex   1.500000e+00 -2.603850e+01 1.400000e+01
    endloop
  endfacet
  facet normal 0.000000e+00 0.000000e+00 1.000000e+00
    outer loop
      vertex   6.061061e+00 -2.509513e+01 1.400000e+01
      vertex   1.500000e+00 -2.603850e+01 1.400000e+01
      vertex   1.448889e+00 -2.642673e+01 1.400000e+01
    endloop
  endfacet
  facet normal 0.000000e+00 0.000000e+00 1.000000e+00
    outer loop
      vertex   6.061061e+00 -2.509513e+01 1.400000e+01
      vertex   1.448889e+00 -2.642673e+01 1.400000e+01
      vertex   6.517144e+00 -2.594446e+01 1.400000e+01
    endloop
  endfacet
  facet normal 0.000000e+00 0.000000e+00 1.000000e+00
    outer loop
      vertex   6.517144e+00 -2.594446e+01 1.400000e+01
      vertex   1.448889e+00 -2.642673e+01 1.400000e+01
      vertex   1.299038e+00 -2.678850e+01 1.400000e+01
    endloop
  endfacet
  facet normal 0.000000e+00 0.000000e+00 1.000000e+00
    outer loop
      vertex   6.517144e+00 -2.594446e+01 1.400000e+01
      vertex   1.299038e+00 -2.678850e+01 1.400000e+01
      vertex   7.072079e+00 -2.673276e+01 1.400000e+01
    endloop
  endfacet
  facet normal 0.000000e+00 0.000000e+00 1.000000e+00
    outer loop
      vertex   7.072079e+00 -2.673276e+01 1.400000e+01
      vertex   1.299038e+00 -2.678850e+01 1.400000e+01
      vertex   1.060660e+00 -2.709916e+01 1.400000e+01
    endloop
  endfacet
  facet normal 0.000000e+00 0.000000e+00 1.000000e+00
    outer loop
      vertex   7.072079e+00 -2.673276e+01 1.400000e+01
      vertex   1.060660e+00 -2.709916e+01 1.400000e+01
      vertex   7.717806e+00 -2.744859e+01 1.400000e+01
    endloop
  endfacet
  facet normal 0.000000e+00 0.000000e+00 1.000000e+00
    outer loop
      vertex   -7.717806e+00 -2.744859e+01 1.400000e+01
      vertex   -1.060660e+00 -2.709916e+01 1.400000e+01
      vertex   -7.072079e+00 -2.673276e+01 1.400000e+01
    endloop
  endfacet
  facet normal 0.000000e+00 0.000000e+00 1.000000e+00
    outer loop
      vertex   -7.072079e+00 -2.673276e+01 1.400000e+01
      vertex   -1.060660e+00 -2.709916e+01 1.400000e+01
      vertex   -1.299038e+00 -2.678850e+01 1.400000e+01
    endloop
  endfacet
  facet normal -0.000000e+00 0.000000e+00 1.000000e+00
    outer loop
      vertex   -7.072079e+00 -2.673276e+01 1.400000e+01
      vertex   -1.299038e+00 -2.678850e+01 1.400000e+01
      vertex   -6.517144e+00 -2.594446e+01 1.400000e+01
    endloop
  endfacet
  facet normal 0.000000e+00 0.000000e+00 1.000000e+00
    outer loop
      vertex   -6.517144e+00 -2.594446e+01 1.400000e+01
      vertex   -1.299038e+00 -2.678850e+01 1.400000e+01
      vertex   -1.448889e+00 -2.642673e+01 1.400000e+01
    endloop
  endfacet
  facet normal -0.000000e+00 0.000000e+00 1.000000e+00
    outer loop
      vertex   -6.517144e+00 -2.594446e+01 1.400000e+01
      vertex   -1.448889e+00 -2.642673e+01 1.400000e+01
      vertex   -6.061061e+00 -2.509513e+01 1.400000e+01
    endloop
  endfacet
  facet normal -0.000000e+00 0.000000e+00 1.000000e+00
    outer loop
      vertex   -2.777732e+01 2.129367e+01 1.400000e+01
      vertex   -1.991228e+01 2.040811e+01 1.400000e+01
      vertex   -2.646301e+01 2.290653e+01 1.400000e+01
    endloop
  endfacet
  facet normal 0.000000e+00 0.000000e+00 1.000000e+00
    outer loop
      vertex   -2.646301e+01 2.290653e+01 1.400000e+01
      vertex   -1.991228e+01 2.040811e+01 1.400000e+01
      vertex   -2.009686e+01 2.135432e+01 1.400000e+01
    endloop
  endfacet
  facet normal -0.000000e+00 0.000000e+00 1.000000e+00
    outer loop
      vertex   -2.646301e+01 2.290653e+01 1.400000e+01
      vertex   -2.009686e+01 2.135432e+01 1.400000e+01
      vertex   -2.505519e+01 2.443844e+01 1.400000e+01
    endloop
  endfacet
  facet normal 0.000000e+00 0.000000e+00 1.000000e+00
    outer loop
      vertex   -2.505519e+01 2.443844e+01 1.400000e+01
      vertex   -2.009686e+01 2.135432e+01 1.400000e+01
      vertex   -2.016630e+01 2.231585e+01 1.400000e+01
    endloop
  endfacet
  facet normal 0.000000e+00 0.000000e+00 1.000000e+00
    outer loop
      vertex   -2.505519e+01 2.443844e+01 1.400000e+01
      vertex   -2.016630e+01 2.231585e+01 1.400000e+01
      vertex   -2.011956e+01 2.327876e+01 1.400000e+01
    endloop
  endfacet
  facet normal -0.000000e+00 0.000000e+00 1.000000e+00
    outer loop
      vertex   -2.505519e+01 2.443844e+01 1.400000e+01
      vertex   -2.011956e+01 2.327876e+01 1.400000e+01
      vertex   -2.355883e+01 2.588400e+01 1.400000e+01
    endloop
  endfacet
  facet normal 0.000000e+00 0.000000e+00 1.000000e+00
    outer loop
      vertex   -2.355883e+01 2.588400e+01 1.400000e+01
      vertex   -2.011956e+01 2.327876e+01 1.400000e+01
      vertex   -1.995735e+01 2.422906e+01 1.400000e+01
    endloop
  endfacet
  facet normal 0.000000e+00 0.000000e+00 1.000000e+00
    outer loop
      vertex   -2.355883e+01 2.588400e+01 1.400000e+01
      vertex   -1.995735e+01 2.422906e+01 1.400000e+01
      vertex   -1.968200e+01 2.515294e+01 1.400000e+01
    endloop
  endfacet
  facet normal -0.000000e+00 0.000000e+00 1.000000e+00
    outer loop
      vertex   -2.355883e+01 2.588400e+01 1.400000e+01
      vertex   -1.968200e+01 2.515294e+01 1.400000e+01
      vertex   -2.197923e+01 2.723809e+01 1.400000e+01
    endloop
  endfacet
  facet normal 0.000000e+00 0.000000e+00 1.000000e+00
    outer loop
      vertex   -2.197923e+01 2.723809e+01 1.400000e+01
      vertex   -1.968200e+01 2.515294e+01 1.400000e+01
      vertex   -1.929752e+01 2.603700e+01 1.400000e+01
    endloop
  endfacet
  facet normal -0.000000e+00 0.000000e+00 1.000000e+00
    outer loop
      vertex   -2.197923e+01 2.723809e+01 1.400000e+01
      vertex   -1.929752e+01 2.603700e+01 1.400000e+01
      vertex   -2.032195e+01 2.849593e+01 1.400000e+01
    endloop
  endfacet
  facet normal 0.000000e+00 0.000000e+00 1.000000e+00
    outer loop
      vertex   -2.032195e+01 2.849593e+01 1.400000e+01
      vertex   -1.929752e+01 2.603700e+01 1.400000e+01
      vertex   -1.880950e+01 2.686838e+01 1.400000e+01
    endloop
  endfacet
  facet normal 0.000000e+00 0.000000e+00 1.000000e+00
    outer loop
      vertex   -2.032195e+01 2.849593e+01 1.400000e+01
      vertex   -1.880950e+01 2.686838e+01 1.400000e+01
      vertex   -1.822501e+01 2.763503e+01 1.400000e+01
    endloop
  endfacet
  facet normal -0.000000e+00 0.000000e+00 1.000000e+00
    outer loop
      vertex   -2.032195e+01 2.849593e+01 1.400000e+01
      vertex   -1.822501e+01 2.763503e+01 1.400000e+01
      vertex   -1.859287e+01 2.965308e+01 1.400000e+01
    endloop
  endfacet
  facet normal 0.000000e+00 0.000000e+00 1.000000e+00
    outer loop
      vertex   -1.859287e+01 2.965308e+01 1.400000e+01
      vertex   -1.822501e+01 2.763503e+01 1.400000e+01
      vertex   -1.755255e+01 2.832581e+01 1.400000e+01
    endloop
  endfacet
  facet normal 0.000000e+00 0.000000e+00 1.000000e+00
    outer loop
      vertex   -1.859287e+01 2.965308e+01 1.400000e+01
      vertex   -1.755255e+01 2.832581e+01 1.400000e+01
      vertex   -1.680188e+01 2.893068e+01 1.400000e+01
    endloop
  endfacet
  facet normal -0.000000e+00 0.000000e+00 1.000000e+00
    outer loop
      vertex   -1.859287e+01 2.965308e+01 1.400000e+01
      vertex   -1.680188e+01 2.893068e+01 1.400000e+01
      vertex   -1.679808e+01 3.070545e+01 1.400000e+01
    endloop
  endfacet
  facet normal 0.000000e+00 0.000000e+00 1.000000e+00
    outer loop
      vertex   -1.679808e+01 3.070545e+01 1.400000e+01
      vertex   -1.680188e+01 2.893068e+01 1.400000e+01
      vertex   -1.598390e+01 2.944087e+01 1.400000e+01
    endloop
  endfacet
  facet normal -0.000000e+00 0.000000e+00 1.000000e+00
    outer loop
      vertex   -1.679808e+01 3.070545e+01 1.400000e+01
      vertex   -1.598390e+01 2.944087e+01 1.400000e+01
      vertex   -1.494394e+01 3.164931e+01 1.400000e+01
    endloop
  endfacet
  facet normal 0.000000e+00 0.000000e+00 1.000000e+00
    outer loop
      vertex   -1.494394e+01 3.164931e+01 1.400000e+01
      vertex   -1.598390e+01 2.944087e+01 1.400000e+01
      vertex   -1.423476e+01 3.032526e+01 1.400000e+01
    endloop
  endfacet
  facet normal -0.000000e+00 0.000000e+00 1.000000e+00
    outer loop
      vertex   -1.494394e+01 3.164931e+01 1.400000e+01
      vertex   -1.423476e+01 3.032526e+01 1.400000e+01
      vertex   -1.303699e+01 3.248133e+01 1.400000e+01
    endloop
  endfacet
  facet normal 0.000000e+00 0.000000e+00 1.000000e+00
    outer loop
      vertex   -1.303699e+01 3.248133e+01 1.400000e+01
      vertex   -1.423476e+01 3.032526e+01 1.400000e+01
      vertex   -1.243689e+01 3.110585e+01 1.400000e+01
    endloop
  endfacet
  facet normal -0.000000e+00 0.000000e+00 1.000000e+00
    outer loop
      vertex   -1.303699e+01 3.248133e+01 1.400000e+01
      vertex   -1.243689e+01 3.110585e+01 1.400000e+01
      vertex   -1.108397e+01 3.319858e+01 1.400000e+01
    endloop
  endfacet
  facet normal 0.000000e+00 0.000000e+00 1.000000e+00
    outer loop
      vertex   -1.108397e+01 3.319858e+01 1.400000e+01
      vertex   -1.243689e+01 3.110585e+01 1.400000e+01
      vertex   -1.059645e+01 3.177995e+01 1.400000e+01
    endloop
  endfacet
  facet normal 0.000000e+00 0.000000e+00 1.000000e+00
    outer loop
      vertex   -1.108397e+01 3.319858e+01 1.400000e+01
      vertex   -1.059645e+01 3.177995e+01 1.400000e+01
      vertex   -8.719728e+00 3.234527e+01 1.400000e+01
    endloop
  endfacet
  facet normal -0.000000e+00 0.000000e+00 1.000000e+00
    outer loop
      vertex   -1.108397e+01 3.319858e+01 1.400000e+01
      vertex   -8.719728e+00 3.234527e+01 1.400000e+01
      vertex   -9.091781e+00 3.379851e+01 1.400000e+01
    endloop
  endfacet
  facet normal 0.000000e+00 0.000000e+00 1.000000e+00
    outer loop
      vertex   -9.091781e+00 3.379851e+01 1.400000e+01
      vertex   -8.719728e+00 3.234527e+01 1.400000e+01
      vertex   -6.813161e+00 3.279986e+01 1.400000e+01
    endloop
  endfacet
  facet normal -0.000000e+00 0.000000e+00 1.000000e+00
    outer loop
      vertex   -9.091781e+00 3.379851e+01 1.400000e+01
      vertex   -6.813161e+00 3.279986e+01 1.400000e+01
      vertex   -7.067468e+00 3.427902e+01 1.400000e+01
    endloop
  endfacet
  facet normal 0.000000e+00 0.000000e+00 1.000000e+00
    outer loop
      vertex   -7.067468e+00 3.427902e+01 1.400000e+01
      vertex   -6.813161e+00 3.279986e+01 1.400000e+01
      vertex   -4.883271e+00 3.314217e+01 1.400000e+01
    endloop
  endfacet
  facet normal -0.000000e+00 0.000000e+00 1.000000e+00
    outer loop
      vertex   -7.067468e+00 3.427902e+01 1.400000e+01
      vertex   -4.883271e+00 3.314217e+01 1.400000e+01
      vertex   -5.018180e+00 3.463839e+01 1.400000e+01
    endloop
  endfacet
  facet normal 0.000000e+00 0.000000e+00 1.000000e+00
    outer loop
      vertex   -5.018180e+00 3.463839e+01 1.400000e+01
      vertex   -4.883271e+00 3.314217e+01 1.400000e+01
      vertex   -2.936665e+00 3.337104e+01 1.400000e+01
    endloop
  endfacet
  facet normal -0.000000e+00 0.000000e+00 1.000000e+00
    outer loop
      vertex   -5.018180e+00 3.463839e+01 1.400000e+01
      vertex   -2.936665e+00 3.337104e+01 1.400000e+01
      vertex   -2.951160e+00 3.487536e+01 1.400000e+01
    endloop
  endfacet
  facet normal 0.000000e+00 0.000000e+00 1.000000e+00
    outer loop
      vertex   -2.951160e+00 3.487536e+01 1.400000e+01
      vertex   -2.936665e+00 3.337104e+01 1.400000e+01
      vertex   -9.800066e-01 3.348566e+01 1.400000e+01
    endloop
  endfacet
  facet normal -0.000000e+00 0.000000e+00 1.000000e+00
    outer loop
      vertex   -2.951160e+00 3.487536e+01 1.400000e+01
      vertex   -9.800066e-01 3.348566e+01 1.400000e+01
      vertex   -8.737123e-01 3.498909e+01 1.400000e+01
    endloop
  endfacet
  facet normal 0.000000e+00 0.000000e+00 1.000000e+00
    outer loop
      vertex   -8.737123e-01 3.498909e+01 1.400000e+01
      vertex   -9.800066e-01 3.348566e+01 1.400000e+01
      vertex   9.800066e-01 3.348566e+01 1.400000e+01
    endloop
  endfacet
  facet normal 0.000000e+00 0.000000e+00 1.000000e+00
    outer loop
      vertex   -8.737123e-01 3.498909e+01 1.400000e+01
      vertex   9.800066e-01 3.348566e+01 1.400000e+01
      vertex   1.206823e+00 3.497919e+01 1.400000e+01
    endloop
  endfacet
  facet normal 0.000000e+00 0.000000e+00 1.000000e+00
    outer loop
      vertex   1.206823e+00 3.497919e+01 1.400000e+01
      vertex   9.800066e-01 3.348566e+01 1.400000e+01
      vertex   2.936665e+00 3.337104e+01 1.400000e+01
    endloop
  endfacet
  facet normal 0.000000e+00 0.000000e+00 1.000000e+00
    outer loop
      vertex   1.206823e+00 3.497919e+01 1.400000e+01
      vertex   2.936665e+00 3.337104e+01 1.400000e+01
      vertex   3.283094e+00 3.484568e+01 1.400000e+01
    endloop
  endfacet
  facet normal 0.000000e+00 0.000000e+00 1.000000e+00
    outer loop
      vertex   3.283094e+00 3.484568e+01 1.400000e+01
      vertex   2.936665e+00 3.337104e+01 1.400000e+01
      vertex   4.883271e+00 3.314217e+01 1.400000e+01
    endloop
  endfacet
  facet normal 0.000000e+00 0.000000e+00 1.000000e+00
    outer loop
      vertex   3.283094e+00 3.484568e+01 1.400000e+01
      vertex   4.883271e+00 3.314217e+01 1.400000e+01
      vertex   5.347764e+00 3.458904e+01 1.400000e+01
    endloop
  endfacet
  facet normal 0.000000e+00 0.000000e+00 1.000000e+00
    outer loop
      vertex   5.347764e+00 3.458904e+01 1.400000e+01
      vertex   4.883271e+00 3.314217e+01 1.400000e+01
      vertex   6.813161e+00 3.279986e+01 1.400000e+01
    endloop
  endfacet
  facet normal 0.000000e+00 0.000000e+00 1.000000e+00
    outer loop
      vertex   5.347764e+00 3.458904e+01 1.400000e+01
      vertex   6.813161e+00 3.279986e+01 1.400000e+01
      vertex   7.393537e+00 3.421017e+01 1.400000e+01
    endloop
  endfacet
  facet normal 0.000000e+00 0.000000e+00 1.000000e+00
    outer loop
      vertex   7.393537e+00 3.421017e+01 1.400000e+01
      vertex   6.813161e+00 3.279986e+01 1.400000e+01
      vertex   8.719728e+00 3.234527e+01 1.400000e+01
    endloop
  endfacet
  facet normal 0.000000e+00 0.000000e+00 1.000000e+00
    outer loop
      vertex   7.393537e+00 3.421017e+01 1.400000e+01
      vertex   8.719728e+00 3.234527e+01 1.400000e+01
      vertex   9.413183e+00 3.371041e+01 1.400000e+01
    endloop
  endfacet
  facet normal 0.000000e+00 0.000000e+00 1.000000e+00
    outer loop
      vertex   9.413183e+00 3.371041e+01 1.400000e+01
      vertex   8.719728e+00 3.234527e+01 1.400000e+01
      vertex   1.059645e+01 3.177995e+01 1.400000e+01
    endloop
  endfacet
  facet normal 0.000000e+00 0.000000e+00 1.000000e+00
    outer loop
      vertex   9.413183e+00 3.371041e+01 1.400000e+01
      vertex   1.059645e+01 3.177995e+01 1.400000e+01
      vertex   1.139957e+01 3.309154e+01 1.400000e+01
    endloop
  endfacet
  facet normal 0.000000e+00 0.000000e+00 1.000000e+00
    outer loop
      vertex   1.139957e+01 3.309154e+01 1.400000e+01
      vertex   1.059645e+01 3.177995e+01 1.400000e+01
      vertex   1.243689e+01 3.110585e+01 1.400000e+01
    endloop
  endfacet
  facet normal 0.000000e+00 0.000000e+00 1.000000e+00
    outer loop
      vertex   1.139957e+01 3.309154e+01 1.400000e+01
      vertex   1.243689e+01 3.110585e+01 1.400000e+01
      vertex   1.334567e+01 3.235573e+01 1.400000e+01
    endloop
  endfacet
  facet normal 0.000000e+00 0.000000e+00 1.000000e+00
    outer loop
      vertex   1.334567e+01 3.235573e+01 1.400000e+01
      vertex   1.243689e+01 3.110585e+01 1.400000e+01
      vertex   1.423476e+01 3.032526e+01 1.400000e+01
    endloop
  endfacet
  facet normal 0.000000e+00 0.000000e+00 1.000000e+00
    outer loop
      vertex   1.334567e+01 3.235573e+01 1.400000e+01
      vertex   1.423476e+01 3.032526e+01 1.400000e+01
      vertex   1.524461e+01 3.150558e+01 1.400000e+01
    endloop
  endfacet
  facet normal 0.000000e+00 0.000000e+00 1.000000e+00
    outer loop
      vertex   1.524461e+01 3.150558e+01 1.400000e+01
      vertex   1.423476e+01 3.032526e+01 1.400000e+01
      vertex   1.598390e+01 2.944087e+01 1.400000e+01
    endloop
  endfacet
  facet normal 0.000000e+00 0.000000e+00 1.000000e+00
    outer loop
      vertex   1.524461e+01 3.150558e+01 1.400000e+01
      vertex   1.598390e+01 2.944087e+01 1.400000e+01
      vertex   1.708968e+01 3.054411e+01 1.400000e+01
    endloop
  endfacet
  facet normal 0.000000e+00 0.000000e+00 1.000000e+00
    outer loop
      vertex   1.708968e+01 3.054411e+01 1.400000e+01
      vertex   1.598390e+01 2.944087e+01 1.400000e+01
      vertex   1.680188e+01 2.893068e+01 1.400000e+01
    endloop
  endfacet
  facet normal 0.000000e+00 0.000000e+00 1.000000e+00
    outer loop
      vertex   1.708968e+01 3.054411e+01 1.400000e+01
      vertex   1.680188e+01 2.893068e+01 1.400000e+01
      vertex   1.887437e+01 2.947471e+01 1.400000e+01
    endloop
  endfacet
  facet normal 0.000000e+00 0.000000e+00 1.000000e+00
    outer loop
      vertex   1.887437e+01 2.947471e+01 1.400000e+01
      vertex   1.680188e+01 2.893068e+01 1.400000e+01
      vertex   1.755255e+01 2.832581e+01 1.400000e+01
    endloop
  endfacet
  facet normal 0.000000e+00 0.000000e+00 1.000000e+00
    outer loop
      vertex   1.887437e+01 2.947471e+01 1.400000e+01
      vertex   1.755255e+01 2.832581e+01 1.400000e+01
      vertex   1.822501e+01 2.763503e+01 1.400000e+01
    endloop
  endfacet
  facet normal 0.000000e+00 0.000000e+00 1.000000e+00
    outer loop
      vertex   1.887437e+01 2.947471e+01 1.400000e+01
      vertex   1.822501e+01 2.763503e+01 1.400000e+01
      vertex   2.059236e+01 2.830115e+01 1.400000e+01
    endloop
  endfacet
  facet normal 0.000000e+00 0.000000e+00 1.000000e+00
    outer loop
      vertex   2.059236e+01 2.830115e+01 1.400000e+01
      vertex   1.822501e+01 2.763503e+01 1.400000e+01
      vertex   1.880950e+01 2.686838e+01 1.400000e+01
    endloop
  endfacet
  facet normal 0.000000e+00 0.000000e+00 1.000000e+00
    outer loop
      vertex   2.059236e+01 2.830115e+01 1.400000e+01
      vertex   1.880950e+01 2.686838e+01 1.400000e+01
      vertex   1.929752e+01 2.603700e+01 1.400000e+01
    endloop
  endfacet
  facet normal 0.000000e+00 0.000000e+00 1.000000e+00
    outer loop
      vertex   2.059236e+01 2.830115e+01 1.400000e+01
      vertex   1.929752e+01 2.603700e+01 1.400000e+01
      vertex   2.223758e+01 2.702758e+01 1.400000e+01
    endloop
  endfacet
  facet normal 0.000000e+00 0.000000e+00 1.000000e+00
    outer loop
      vertex   2.223758e+01 2.702758e+01 1.400000e+01
      vertex   1.929752e+01 2.603700e+01 1.400000e+01
      vertex   1.968200e+01 2.515294e+01 1.400000e+01
    endloop
  endfacet
  facet normal 0.000000e+00 0.000000e+00 1.000000e+00
    outer loop
      vertex   2.223758e+01 2.702758e+01 1.400000e+01
      vertex   1.968200e+01 2.515294e+01 1.400000e+01
      vertex   1.995735e+01 2.422906e+01 1.400000e+01
    endloop
  endfacet
  facet normal 0.000000e+00 0.000000e+00 1.000000e+00
    outer loop
      vertex   2.223758e+01 2.702758e+01 1.400000e+01
      vertex   1.995735e+01 2.422906e+01 1.400000e+01
      vertex   2.380422e+01 2.565851e+01 1.400000e+01
    endloop
  endfacet
  facet normal 0.000000e+00 0.000000e+00 1.000000e+00
    outer loop
      vertex   2.380422e+01 2.565851e+01 1.400000e+01
      vertex   1.995735e+01 2.422906e+01 1.400000e+01
      vertex   2.011956e+01 2.327876e+01 1.400000e+01
    endloop
  endfacet
  facet normal 0.000000e+00 0.000000e+00 1.000000e+00
    outer loop
      vertex   2.380422e+01 2.565851e+01 1.400000e+01
      vertex   2.011956e+01 2.327876e+01 1.400000e+01
      vertex   2.528675e+01 2.419877e+01 1.400000e+01
    endloop
  endfacet
  facet normal 0.000000e+00 0.000000e+00 1.000000e+00
    outer loop
      vertex   2.528675e+01 2.419877e+01 1.400000e+01
      vertex   2.011956e+01 2.327876e+01 1.400000e+01
      vertex   2.016630e+01 2.231585e+01 1.400000e+01
    endloop
  endfacet
  facet normal 0.000000e+00 0.000000e+00 1.000000e+00
    outer loop
      vertex   2.528675e+01 2.419877e+01 1.400000e+01
      vertex   2.016630e+01 2.231585e+01 1.400000e+01
      vertex   2.009686e+01 2.135432e+01 1.400000e+01
    endloop
  endfacet
  facet normal 0.000000e+00 0.000000e+00 1.000000e+00
    outer loop
      vertex   2.528675e+01 2.419877e+01 1.400000e+01
      vertex   2.009686e+01 2.135432e+01 1.400000e+01
      vertex   2.667992e+01 2.265352e+01 1.400000e+01
    endloop
  endfacet
  facet normal 0.000000e+00 0.000000e+00 1.000000e+00
    outer loop
      vertex   2.667992e+01 2.265352e+01 1.400000e+01
      vertex   2.009686e+01 2.135432e+01 1.400000e+01
      vertex   1.991228e+01 2.040811e+01 1.400000e+01
    endloop
  endfacet
  facet normal 0.000000e+00 0.000000e+00 1.000000e+00
    outer loop
      vertex   3.214515e+01 1.384520e+01 1.400000e+01
      vertex   2.770357e+01 7.019714e+00 1.400000e+01
      vertex   3.291101e+01 1.191072e+01 1.400000e+01
    endloop
  endfacet
  facet normal 0.000000e+00 0.000000e+00 1.000000e+00
    outer loop
      vertex   3.291101e+01 1.191072e+01 1.400000e+01
      vertex   2.770357e+01 7.019714e+00 1.400000e+01
      vertex   2.862983e+01 6.690312e+00 1.400000e+01
    endloop
  endfacet
  facet normal 0.000000e+00 0.000000e+00 1.000000e+00
    outer loop
      vertex   3.291101e+01 1.191072e+01 1.400000e+01
      vertex   2.862983e+01 6.690312e+00 1.400000e+01
      vertex   3.356058e+01 9.934165e+00 1.400000e+01
    endloop
  endfacet
  facet normal 0.000000e+00 0.000000e+00 1.000000e+00
    outer loop
      vertex   3.356058e+01 9.934165e+00 1.400000e+01
      vertex   2.862983e+01 6.690312e+00 1.400000e+01
      vertex   2.950871e+01 6.249786e+00 1.400000e+01
    endloop
  endfacet
  facet normal 0.000000e+00 0.000000e+00 1.000000e+00
    outer loop
      vertex   3.356058e+01 9.934165e+00 1.400000e+01
      vertex   2.950871e+01 6.249786e+00 1.400000e+01
      vertex   3.409155e+01 7.922501e+00 1.400000e+01
    endloop
  endfacet
  facet normal 0.000000e+00 0.000000e+00 1.000000e+00
    outer loop
      vertex   3.409155e+01 7.922501e+00 1.400000e+01
      vertex   2.950871e+01 6.249786e+00 1.400000e+01
      vertex   3.032691e+01 5.704788e+00 1.400000e+01
    endloop
  endfacet
  facet normal 0.000000e+00 0.000000e+00 1.000000e+00
    outer loop
      vertex   3.409155e+01 7.922501e+00 1.400000e+01
      vertex   3.032691e+01 5.704788e+00 1.400000e+01
      vertex   3.107209e+01 5.063549e+00 1.400000e+01
    endloop
  endfacet
  facet normal 0.000000e+00 0.000000e+00 1.000000e+00
    outer loop
      vertex   3.409155e+01 7.922501e+00 1.400000e+01
      vertex   3.107209e+01 5.063549e+00 1.400000e+01
      vertex   3.450206e+01 5.882842e+00 1.400000e+01
    endloop
  endfacet
  facet normal 0.000000e+00 0.000000e+00 1.000000e+00
    outer loop
      vertex   3.450206e+01 5.882842e+00 1.400000e+01
      vertex   3.107209e+01 5.063549e+00 1.400000e+01
      vertex   3.173299e+01 4.335751e+00 1.400000e+01
    endloop
  endfacet
  facet normal 0.000000e+00 0.000000e+00 1.000000e+00
    outer loop
      vertex   3.450206e+01 5.882842e+00 1.400000e+01
      vertex   3.173299e+01 4.335751e+00 1.400000e+01
      vertex   3.229963e+01 3.532387e+00 1.400000e+01
    endloop
  endfacet
  facet normal 0.000000e+00 0.000000e+00 1.000000e+00
    outer loop
      vertex   3.450206e+01 5.882842e+00 1.400000e+01
      vertex   3.229963e+01 3.532387e+00 1.400000e+01
      vertex   3.479065e+01 3.822394e+00 1.400000e+01
    endloop
  endfacet
  facet normal 0.000000e+00 0.000000e+00 1.000000e+00
    outer loop
      vertex   3.479065e+01 3.822394e+00 1.400000e+01
      vertex   3.229963e+01 3.532387e+00 1.400000e+01
      vertex   3.276346e+01 2.665586e+00 1.400000e+01
    endloop
  endfacet
  facet normal 8.234752e-08 -1.443057e-07 1.000000e+00
    outer loop
      vertex   3.479065e+01 3.822394e+00 1.400000e+01
      vertex   3.276346e+01 2.665586e+00 1.400000e+01
      vertex   3.495630e+01 1.748440e+00 1.400000e+01
    endloop
  endfacet
  facet normal 1.701756e-07 6.568590e-08 1.000000e+00
    outer loop
      vertex   3.495630e+01 1.748440e+00 1.400000e+01
      vertex   3.276346e+01 2.665586e+00 1.400000e+01
      vertex   3.311747e+01 1.748440e+00 1.400000e+01
    endloop
  endfacet
  facet normal -9.995524e-01 -2.991547e-02 -1.120535e-04
    outer loop
      vertex   -3.493735e+01 -2.093145e+00 1.000000e+01
      vertex   -3.493825e+01 -2.078081e+00 1.400000e+01
      vertex   -3.500000e+01 4.286264e-15 1.000000e+01
    endloop
  endfacet
  facet normal -9.995595e-01 -2.967767e-02 1.159731e-05
    outer loop
      vertex   -3.500000e+01 4.286264e-15 1.000000e+01
      vertex   -3.493825e+01 -2.078081e+00 1.400000e+01
      vertex   -3.500000e+01 1.561929e-03 1.400000e+01
    endloop
  endfacet
  facet normal -9.995569e-01 2.976688e-02 -1.161473e-05
    outer loop
      vertex   -3.500000e+01 4.286264e-15 1.000000e+01
      vertex   -3.500000e+01 1.561929e-03 1.400000e+01
      vertex   -3.493807e+01 2.081199e+00 1.400000e+01
    endloop
  endfacet
  facet normal -9.960301e-01 -8.901734e-02 1.113246e-04
    outer loop
      vertex   -3.493825e+01 -2.078081e+00 1.400000e+01
      vertex   -3.493735e+01 -2.093145e+00 1.000000e+01
      vertex   -3.475305e+01 -4.150380e+00 1.400000e+01
    endloop
  endfacet
  facet normal -9.959743e-01 -8.963931e-02 -2.111274e-04
    outer loop
      vertex   -3.475305e+01 -4.150380e+00 1.400000e+01
      vertex   -3.493735e+01 -2.093145e+00 1.000000e+01
      vertex   -3.474964e+01 -4.178798e+00 1.000000e+01
    endloop
  endfacet
  facet normal -9.889810e-01 -1.480425e-01 2.097450e-04
    outer loop
      vertex   -3.475305e+01 -4.150380e+00 1.400000e+01
      vertex   -3.474964e+01 -4.178798e+00 1.000000e+01
      vertex   -3.444504e+01 -6.208014e+00 1.400000e+01
    endloop
  endfacet
  facet normal -9.888308e-01 -1.490423e-01 -3.088943e-04
    outer loop
      vertex   -3.444504e+01 -6.208014e+00 1.400000e+01
      vertex   -3.474964e+01 -4.178798e+00 1.000000e+01
      vertex   -3.443754e+01 -6.249491e+00 1.000000e+01
    endloop
  endfacet
  facet normal -9.784372e-01 -2.065444e-01 3.068585e-04
    outer loop
      vertex   -3.444504e+01 -6.208014e+00 1.400000e+01
      vertex   -3.443754e+01 -6.249491e+00 1.000000e+01
      vertex   -3.401531e+01 -8.243710e+00 1.400000e+01
    endloop
  endfacet
  facet normal -9.781475e-01 -2.079117e-01 -4.053543e-04
    outer loop
      vertex   -3.401531e+01 -8.243710e+00 1.400000e+01
      vertex   -3.443754e+01 -6.249491e+00 1.000000e+01
      vertex   -3.400215e+01 -8.297813e+00 1.000000e+01
    endloop
  endfacet
  facet normal -9.644359e-01 -2.643166e-01 4.026650e-04
    outer loop
      vertex   -3.401531e+01 -8.243710e+00 1.400000e+01
      vertex   -3.400215e+01 -8.297813e+00 1.000000e+01
      vertex   -3.346538e+01 -1.025028e+01 1.400000e+01
    endloop
  endfacet
  facet normal -9.639627e-01 -2.660368e-01 -5.005074e-04
    outer loop
      vertex   -3.346538e+01 -1.025028e+01 1.400000e+01
      vertex   -3.400215e+01 -8.297813e+00 1.000000e+01
      vertex   -3.344505e+01 -1.031643e+01 1.000000e+01
    endloop
  endfacet
  facet normal -9.470266e-01 -3.211547e-01 4.971646e-04
    outer loop
      vertex   -3.346538e+01 -1.025028e+01 1.400000e+01
      vertex   -3.344505e+01 -1.031643e+01 1.000000e+01
      vertex   -3.279720e+01 -1.222062e+01 1.400000e+01
    endloop
  endfacet
  facet normal -9.463272e-01 -3.232096e-01 -5.943534e-04
    outer loop
      vertex   -3.279720e+01 -1.222062e+01 1.400000e+01
      vertex   -3.344505e+01 -1.031643e+01 1.000000e+01
      vertex   -3.276822e+01 -1.229812e+01 1.000000e+01
    endloop
  endfacet
  facet normal -9.262709e-01 -3.768579e-01 5.903571e-04
    outer loop
      vertex   -3.279720e+01 -1.222062e+01 1.400000e+01
      vertex   -3.276822e+01 -1.229812e+01 1.000000e+01
      vertex   -3.201313e+01 -1.414778e+01 1.400000e+01
    endloop
  endfacet
  facet normal -9.253041e-01 -3.792254e-01 -6.868925e-04
    outer loop
      vertex   -3.201313e+01 -1.414778e+01 1.400000e+01
      vertex   -3.276822e+01 -1.229812e+01 1.000000e+01
      vertex   -3.197409e+01 -1.423578e+01 1.000000e+01
    endloop
  endfacet
  facet normal -9.022420e-01 -4.312295e-01 6.822427e-04
    outer loop
      vertex   -3.201313e+01 -1.414778e+01 1.400000e+01
      vertex   -3.197409e+01 -1.423578e+01 1.000000e+01
      vertex   -3.111593e+01 -1.602495e+01 1.400000e+01
    endloop
  endfacet
  facet normal -9.009686e-01 -4.338836e-01 -7.781245e-04
    outer loop
      vertex   -3.111593e+01 -1.602495e+01 1.400000e+01
      vertex   -3.197409e+01 -1.423578e+01 1.000000e+01
      vertex   -3.106550e+01 -1.612249e+01 1.000000e+01
    endloop
  endfacet
  facet normal -8.750249e-01 -4.840772e-01 7.728213e-04
    outer loop
      vertex   -3.111593e+01 -1.602495e+01 1.400000e+01
      vertex   -3.106550e+01 -1.612249e+01 1.000000e+01
      vertex   -3.010878e+01 -1.784549e+01 1.400000e+01
    endloop
  endfacet
  facet normal -8.734079e-01 -4.869886e-01 -8.680495e-04
    outer loop
      vertex   -3.010878e+01 -1.784549e+01 1.400000e+01
      vertex   -3.106550e+01 -1.612249e+01 1.000000e+01
      vertex   -3.004571e+01 -1.795147e+01 1.000000e+01
    endloop
  endfacet
  facet normal -8.447158e-01 -5.352144e-01 8.620928e-04
    outer loop
      vertex   -3.010878e+01 -1.784549e+01 1.400000e+01
      vertex   -3.004571e+01 -1.795147e+01 1.000000e+01
      vertex   -2.899523e+01 -1.960298e+01 1.400000e+01
    endloop
  endfacet
  facet normal -8.427206e-01 -5.383504e-01 -9.566675e-04
    outer loop
      vertex   -2.899523e+01 -1.960298e+01 1.400000e+01
      vertex   -3.004571e+01 -1.795147e+01 1.000000e+01
      vertex   -2.891836e+01 -1.971620e+01 1.000000e+01
    endloop
  endfacet
  facet normal -8.114218e-01 -5.844603e-01 9.500573e-04
    outer loop
      vertex   -2.899523e+01 -1.960298e+01 1.400000e+01
      vertex   -2.891836e+01 -1.971620e+01 1.000000e+01
      vertex   -2.777923e+01 -2.129119e+01 1.400000e+01
    endloop
  endfacet
  facet normal -8.090166e-01 -5.877849e-01 -1.043978e-03
    outer loop
      vertex   -2.777923e+01 -2.129119e+01 1.400000e+01
      vertex   -2.891836e+01 -1.971620e+01 1.000000e+01
      vertex   -2.768749e+01 -2.141035e+01 1.000000e+01
    endloop
  endfacet
  facet normal -7.752604e-01 -6.316409e-01 1.036715e-03
    outer loop
      vertex   -2.777923e+01 -2.129119e+01 1.400000e+01
      vertex   -2.768749e+01 -2.141035e+01 1.000000e+01
      vertex   -2.646506e+01 -2.290416e+01 1.400000e+01
    endloop
  endfacet
  facet normal -7.724165e-01 -6.351154e-01 -1.129982e-03
    outer loop
      vertex   -2.646506e+01 -2.290416e+01 1.400000e+01
      vertex   -2.768749e+01 -2.141035e+01 1.000000e+01
      vertex   -2.635750e+01 -2.302786e+01 1.000000e+01
    endloop
  endfacet
  facet normal -7.363596e-01 -6.765895e-01 1.122065e-03
    outer loop
      vertex   -2.646506e+01 -2.290416e+01 1.400000e+01
      vertex   -2.635750e+01 -2.302786e+01 1.000000e+01
      vertex   -2.505737e+01 -2.443620e+01 1.400000e+01
    endloop
  endfacet
  facet normal -7.330513e-01 -6.801722e-01 -1.214679e-03
    outer loop
      vertex   -2.505737e+01 -2.443620e+01 1.400000e+01
      vertex   -2.635750e+01 -2.302786e+01 1.000000e+01
      vertex   -2.493316e+01 -2.456293e+01 1.000000e+01
    endloop
  endfacet
  facet normal -6.948567e-01 -7.191472e-01 1.206108e-03
    outer loop
      vertex   -2.505737e+01 -2.443620e+01 1.400000e+01
      vertex   -2.493316e+01 -2.456293e+01 1.000000e+01
      vertex   -2.356114e+01 -2.588190e+01 1.400000e+01
    endloop
  endfacet
  facet normal -6.910621e-01 -7.227943e-01 -1.298069e-03
    outer loop
      vertex   -2.356114e+01 -2.588190e+01 1.400000e+01
      vertex   -2.493316e+01 -2.456293e+01 1.000000e+01
      vertex   -2.341957e+01 -2.601007e+01 1.000000e+01
    endloop
  endfacet
  facet normal -6.508985e-01 -7.591637e-01 1.288844e-03
    outer loop
      vertex   -2.356114e+01 -2.588190e+01 1.400000e+01
      vertex   -2.341957e+01 -2.601007e+01 1.000000e+01
      vertex   -2.198166e+01 -2.723613e+01 1.400000e+01
    endloop
  endfacet
  facet normal -6.465990e-01 -7.628288e-01 -1.380151e-03
    outer loop
      vertex   -2.198166e+01 -2.723613e+01 1.400000e+01
      vertex   -2.341957e+01 -2.601007e+01 1.000000e+01
      vertex   -2.182214e+01 -2.736410e+01 1.000000e+01
    endloop
  endfacet
  facet normal -6.046402e-01 -7.964976e-01 1.370273e-03
    outer loop
      vertex   -2.198166e+01 -2.723613e+01 1.400000e+01
      vertex   -2.182214e+01 -2.736410e+01 1.000000e+01
      vertex   -2.032450e+01 -2.849412e+01 1.400000e+01
    endloop
  endfacet
  facet normal -5.998213e-01 -8.001327e-01 -1.460927e-03
    outer loop
      vertex   -2.032450e+01 -2.849412e+01 1.400000e+01
      vertex   -2.182214e+01 -2.736410e+01 1.000000e+01
      vertex   -2.014660e+01 -2.862018e+01 1.000000e+01
    endloop
  endfacet
  facet normal -5.562453e-01 -8.310169e-01 1.450395e-03
    outer loop
      vertex   -2.032450e+01 -2.849412e+01 1.400000e+01
      vertex   -2.014660e+01 -2.862018e+01 1.000000e+01
      vertex   -1.859551e+01 -2.965142e+01 1.400000e+01
    endloop
  endfacet
  facet normal -5.508963e-01 -8.345723e-01 -1.540395e-03
    outer loop
      vertex   -1.859551e+01 -2.965142e+01 1.400000e+01
      vertex   -2.014660e+01 -2.862018e+01 1.000000e+01
      vertex   -1.839893e+01 -2.977380e+01 1.000000e+01
    endloop
  endfacet
  facet normal -5.058849e-01 -8.625997e-01 1.529210e-03
    outer loop
      vertex   -1.859551e+01 -2.965142e+01 1.400000e+01
      vertex   -1.839893e+01 -2.977380e+01 1.000000e+01
      vertex   -1.680082e+01 -3.070395e+01 1.400000e+01
    endloop
  endfacet
  facet normal -4.999993e-01 -8.660243e-01 -1.618556e-03
    outer loop
      vertex   -1.680082e+01 -3.070395e+01 1.400000e+01
      vertex   -1.839893e+01 -2.977380e+01 1.000000e+01
      vertex   -1.658540e+01 -3.082084e+01 1.000000e+01
    endloop
  endfacet
  facet normal -4.537368e-01 -8.911343e-01 1.606718e-03
    outer loop
      vertex   -1.680082e+01 -3.070395e+01 1.400000e+01
      vertex   -1.658540e+01 -3.082084e+01 1.000000e+01
      vertex   -1.494676e+01 -3.164797e+01 1.400000e+01
    endloop
  endfacet
  facet normal -4.473125e-01 -8.943761e-01 -1.695410e-03
    outer loop
      vertex   -1.494676e+01 -3.164797e+01 1.400000e+01
      vertex   -1.658540e+01 -3.082084e+01 1.000000e+01
      vertex   -1.471250e+01 -3.175755e+01 1.000000e+01
    endloop
  endfacet
  facet normal -3.999854e-01 -9.165200e-01 1.682918e-03
    outer loop
      vertex   -1.494676e+01 -3.164797e+01 1.400000e+01
      vertex   -1.471250e+01 -3.175755e+01 1.000000e+01
      vertex   -1.303989e+01 -3.248017e+01 1.400000e+01
    endloop
  endfacet
  facet normal -3.930244e-01 -9.195263e-01 -1.770957e-03
    outer loop
      vertex   -1.303989e+01 -3.248017e+01 1.400000e+01
      vertex   -1.471250e+01 -3.175755e+01 1.000000e+01
      vertex   -1.278694e+01 -3.258058e+01 1.000000e+01
    endloop
  endfacet
  facet normal -3.448206e-01 -9.386670e-01 1.757812e-03
    outer loop
      vertex   -1.303989e+01 -3.248017e+01 1.400000e+01
      vertex   -1.278694e+01 -3.258058e+01 1.000000e+01
      vertex   -1.108693e+01 -3.319759e+01 1.400000e+01
    endloop
  endfacet
  facet normal -3.373294e-01 -9.413849e-01 -1.845197e-03
    outer loop
      vertex   -1.108693e+01 -3.319759e+01 1.400000e+01
      vertex   -1.278694e+01 -3.258058e+01 1.000000e+01
      vertex   -1.081559e+01 -3.328698e+01 1.000000e+01
    endloop
  endfacet
  facet normal -2.884373e-01 -9.574970e-01 1.831398e-03
    outer loop
      vertex   -1.108693e+01 -3.319759e+01 1.400000e+01
      vertex   -1.081559e+01 -3.328698e+01 1.000000e+01
      vertex   -9.094798e+00 -3.379770e+01 1.400000e+01
    endloop
  endfacet
  facet normal -2.804269e-01 -9.598735e-01 -1.918129e-03
    outer loop
      vertex   -9.094798e+00 -3.379770e+01 1.400000e+01
      vertex   -1.081559e+01 -3.328698e+01 1.000000e+01
      vertex   -8.805537e+00 -3.387422e+01 1.000000e+01
    endloop
  endfacet
  facet normal -2.310349e-01 -9.729436e-01 1.903677e-03
    outer loop
      vertex   -9.094798e+00 -3.379770e+01 1.400000e+01
      vertex   -8.805537e+00 -3.387422e+01 1.000000e+01
      vertex   -7.070527e+00 -3.427838e+01 1.400000e+01
    endloop
  endfacet
  facet normal -2.225205e-01 -9.749260e-01 -1.989755e-03
    outer loop
      vertex   -7.070527e+00 -3.427838e+01 1.400000e+01
      vertex   -8.805537e+00 -3.387422e+01 1.000000e+01
      vertex   -6.763957e+00 -3.434019e+01 1.000000e+01
    endloop
  endfacet
  facet normal -1.728160e-01 -9.849521e-01 1.974648e-03
    outer loop
      vertex   -7.070527e+00 -3.427838e+01 1.400000e+01
      vertex   -6.763957e+00 -3.434019e+01 1.000000e+01
      vertex   -5.021272e+00 -3.463794e+01 1.400000e+01
    endloop
  endfacet
  facet normal -1.638176e-01 -9.864885e-01 -2.060073e-03
    outer loop
      vertex   -5.021272e+00 -3.463794e+01 1.400000e+01
      vertex   -6.763957e+00 -3.434019e+01 1.000000e+01
      vertex   -4.698164e+00 -3.468324e+01 1.000000e+01
    endloop
  endfacet
  facet normal -1.139865e-01 -9.934802e-01 2.044313e-03
    outer loop
      vertex   -5.021272e+00 -3.463794e+01 1.400000e+01
      vertex   -4.698164e+00 -3.468324e+01 1.000000e+01
      vertex   -2.954273e+00 -3.487510e+01 1.400000e+01
    endloop
  endfacet
  facet normal -1.045282e-01 -9.945196e-01 -2.129084e-03
    outer loop
      vertex   -2.954273e+00 -3.487510e+01 1.400000e+01
      vertex   -4.698164e+00 -3.468324e+01 1.000000e+01
      vertex   -2.615553e+00 -3.490213e+01 1.000000e+01
    endloop
  endfacet
  facet normal -5.475419e-02 -9.984976e-01 2.112670e-03
    outer loop
      vertex   -2.954273e+00 -3.487510e+01 1.400000e+01
      vertex   -2.615553e+00 -3.490213e+01 1.000000e+01
      vertex   -8.768352e-01 -3.498901e+01 1.400000e+01
    endloop
  endfacet
  facet normal -4.486472e-02 -9.989907e-01 -2.196787e-03
    outer loop
      vertex   -8.768352e-01 -3.498901e+01 1.400000e+01
      vertex   -2.615553e+00 -3.490213e+01 1.000000e+01
      vertex   -5.235792e-01 -3.499608e+01 1.000000e+01
    endloop
  endfacet
  facet normal 4.671569e-03 -9.999867e-01 2.179720e-03
    outer loop
      vertex   -8.768352e-01 -3.498901e+01 1.400000e+01
      vertex   -5.235792e-01 -3.499608e+01 1.000000e+01
      vertex   1.203701e+00 -3.497930e+01 1.400000e+01
    endloop
  endfacet
  facet normal 1.495937e-02 -9.998855e-01 -2.263184e-03
    outer loop
      vertex   1.203701e+00 -3.497930e+01 1.400000e+01
      vertex   -5.235792e-01 -3.499608e+01 1.000000e+01
      vertex   1.570269e+00 -3.496476e+01 1.000000e+01
    endloop
  endfacet
  facet normal 6.408080e-02 -9.979422e-01 2.245463e-03
    outer loop
      vertex   1.203701e+00 -3.497930e+01 1.400000e+01
      vertex   1.570269e+00 -3.496476e+01 1.000000e+01
      vertex   3.279984e+00 -3.484597e+01 1.400000e+01
    endloop
  endfacet
  facet normal 7.472989e-02 -9.972011e-01 -2.328273e-03
    outer loop
      vertex   3.279984e+00 -3.484597e+01 1.400000e+01
      vertex   1.570269e+00 -3.496476e+01 1.000000e+01
      vertex   3.658496e+00 -3.480827e+01 1.000000e+01
    endloop
  endfacet
  facet normal 1.232636e-01 -9.923713e-01 2.309898e-03
    outer loop
      vertex   3.279984e+00 -3.484597e+01 1.400000e+01
      vertex   3.658496e+00 -3.480827e+01 1.000000e+01
      vertex   5.344677e+00 -3.458951e+01 1.400000e+01
    endloop
  endfacet
  facet normal 1.342329e-01 -9.909469e-01 -2.392055e-03
    outer loop
      vertex   5.344677e+00 -3.458951e+01 1.400000e+01
      vertex   3.658496e+00 -3.480827e+01 1.000000e+01
      vertex   5.733627e+00 -3.452717e+01 1.000000e+01
    endloop
  endfacet
  facet normal 1.820108e-01 -9.832937e-01 2.373027e-03
    outer loop
      vertex   5.344677e+00 -3.458951e+01 1.400000e+01
      vertex   5.733627e+00 -3.452717e+01 1.000000e+01
      vertex   7.390483e+00 -3.421083e+01 1.400000e+01
    endloop
  endfacet
  facet normal 1.932553e-01 -9.811454e-01 -2.454529e-03
    outer loop
      vertex   7.390483e+00 -3.421083e+01 1.400000e+01
      vertex   5.733627e+00 -3.452717e+01 1.000000e+01
      vertex   7.788233e+00 -3.412248e+01 1.000000e+01
    endloop
  endfacet
  facet normal 2.401148e-01 -9.707415e-01 2.434848e-03
    outer loop
      vertex   7.390483e+00 -3.421083e+01 1.400000e+01
      vertex   7.788233e+00 -3.412248e+01 1.000000e+01
      vertex   9.410174e+00 -3.371125e+01 1.400000e+01
    endloop
  endfacet
  facet normal 2.515860e-01 -9.678317e-01 -2.515697e-03
    outer loop
      vertex   9.410174e+00 -3.371125e+01 1.400000e+01
      vertex   7.788233e+00 -3.412248e+01 1.000000e+01
      vertex   9.814959e+00 -3.359563e+01 1.000000e+01
    endloop
  endfacet
  facet normal 2.973703e-01 -9.547590e-01 2.495361e-03
    outer loop
      vertex   9.410174e+00 -3.371125e+01 1.400000e+01
      vertex   9.814959e+00 -3.359563e+01 1.000000e+01
      vertex   1.139661e+01 -3.309256e+01 1.400000e+01
    endloop
  endfacet
  facet normal 3.090160e-01 -9.510534e-01 -2.575557e-03
    outer loop
      vertex   1.139661e+01 -3.309256e+01 1.400000e+01
      vertex   9.814959e+00 -3.359563e+01 1.000000e+01
      vertex   1.180655e+01 -3.294853e+01 1.000000e+01
    endloop
  endfacet
  facet normal 3.535750e-01 -9.354027e-01 2.554568e-03
    outer loop
      vertex   1.139661e+01 -3.309256e+01 1.400000e+01
      vertex   1.180655e+01 -3.294853e+01 1.000000e+01
      vertex   1.334278e+01 -3.235692e+01 1.400000e+01
    endloop
  endfacet
  facet normal 3.653398e-01 -9.308705e-01 -2.634110e-03
    outer loop
      vertex   1.334278e+01 -3.235692e+01 1.400000e+01
      vertex   1.180655e+01 -3.294853e+01 1.000000e+01
      vertex   1.375588e+01 -3.218347e+01 1.000000e+01
    endloop
  endfacet
  facet normal 4.085302e-01 -9.127411e-01 2.612467e-03
    outer loop
      vertex   1.334278e+01 -3.235692e+01 1.400000e+01
      vertex   1.375588e+01 -3.218347e+01 1.000000e+01
      vertex   1.524180e+01 -3.150694e+01 1.400000e+01
    endloop
  endfacet
  facet normal 4.203557e-01 -9.073554e-01 -2.691355e-03
    outer loop
      vertex   1.524180e+01 -3.150694e+01 1.400000e+01
      vertex   1.375588e+01 -3.218347e+01 1.000000e+01
      vertex   1.565596e+01 -3.130321e+01 1.000000e+01
    endloop
  endfacet
  facet normal 4.620419e-01 -8.868541e-01 2.669059e-03
    outer loop
      vertex   1.524180e+01 -3.150694e+01 1.400000e+01
      vertex   1.565596e+01 -3.130321e+01 1.000000e+01
      vertex   1.708696e+01 -3.054564e+01 1.400000e+01
    endloop
  endfacet
  facet normal 4.738669e-01 -8.805922e-01 -2.747293e-03
    outer loop
      vertex   1.708696e+01 -3.054564e+01 1.400000e+01
      vertex   1.565596e+01 -3.130321e+01 1.000000e+01
      vertex   1.750000e+01 -3.031089e+01 1.000000e+01
    endloop
  endfacet
  facet normal 5.139208e-01 -8.578333e-01 2.724343e-03
    outer loop
      vertex   1.708696e+01 -3.054564e+01 1.400000e+01
      vertex   1.750000e+01 -3.031089e+01 1.000000e+01
      vertex   1.887174e+01 -2.947639e+01 1.400000e+01
    endloop
  endfacet
  facet normal 5.256817e-01 -8.506767e-01 -2.801924e-03
    outer loop
      vertex   1.887174e+01 -2.947639e+01 1.400000e+01
      vertex   1.750000e+01 -3.031089e+01 1.000000e+01
      vertex   1.928139e+01 -2.921006e+01 1.000000e+01
    endloop
  endfacet
  facet normal 5.639837e-01 -8.257813e-01 2.778321e-03
    outer loop
      vertex   1.887174e+01 -2.947639e+01 1.400000e+01
      vertex   1.928139e+01 -2.921006e+01 1.000000e+01
      vertex   2.058983e+01 -2.830298e+01 1.400000e+01
    endloop
  endfacet
  facet normal 5.756147e-01 -8.177161e-01 -2.855248e-03
    outer loop
      vertex   2.058983e+01 -2.830298e+01 1.400000e+01
      vertex   1.928139e+01 -2.921006e+01 1.000000e+01
      vertex   2.099377e+01 -2.800467e+01 1.000000e+01
    endloop
  endfacet
  facet normal 6.120536e-01 -7.908112e-01 2.830991e-03
    outer loop
      vertex   2.058983e+01 -2.830298e+01 1.400000e+01
      vertex   2.099377e+01 -2.800467e+01 1.000000e+01
      vertex   2.223517e+01 -2.702956e+01 1.400000e+01
    endloop
  endfacet
  facet normal 6.234872e-01 -7.818282e-01 -2.907264e-03
    outer loop
      vertex   2.223517e+01 -2.702956e+01 1.400000e+01
      vertex   2.099377e+01 -2.800467e+01 1.000000e+01
      vertex   2.263099e+01 -2.669904e+01 1.000000e+01
    endloop
  endfacet
  facet normal 6.579608e-01 -7.530467e-01 2.882353e-03
    outer loop
      vertex   2.223517e+01 -2.702956e+01 1.400000e+01
      vertex   2.263099e+01 -2.669904e+01 1.000000e+01
      vertex   2.380193e+01 -2.566063e+01 1.400000e+01
    endloop
  endfacet
  facet normal 6.691277e-01 -7.431416e-01 -2.957973e-03
    outer loop
      vertex   2.380193e+01 -2.566063e+01 1.400000e+01
      vertex   2.263099e+01 -2.669904e+01 1.000000e+01
      vertex   2.418719e+01 -2.529782e+01 1.000000e+01
    endloop
  endfacet
  facet normal 7.015429e-01 -7.126212e-01 2.932408e-03
    outer loop
      vertex   2.380193e+01 -2.566063e+01 1.400000e+01
      vertex   2.418719e+01 -2.529782e+01 1.000000e+01
      vertex   2.528459e+01 -2.420102e+01 1.400000e+01
    endloop
  endfacet
  facet normal 7.123729e-01 -7.017947e-01 -3.007374e-03
    outer loop
      vertex   2.528459e+01 -2.420102e+01 1.400000e+01
      vertex   2.418719e+01 -2.529782e+01 1.000000e+01
      vertex   2.565682e+01 -2.380605e+01 1.000000e+01
    endloop
  endfacet
  facet normal 7.426460e-01 -6.696775e-01 2.981156e-03
    outer loop
      vertex   2.528459e+01 -2.420102e+01 1.400000e+01
      vertex   2.565682e+01 -2.380605e+01 1.000000e+01
      vertex   2.667790e+01 -2.265590e+01 1.400000e+01
    endloop
  endfacet
  facet normal 7.530680e-01 -6.579357e-01 -3.055469e-03
    outer loop
      vertex   2.667790e+01 -2.265590e+01 1.400000e+01
      vertex   2.565682e+01 -2.380605e+01 1.000000e+01
      vertex   2.703459e+01 -2.222905e+01 1.000000e+01
    endloop
  endfacet
  facet normal 7.811249e-01 -6.243675e-01 3.028597e-03
    outer loop
      vertex   2.667790e+01 -2.265590e+01 1.400000e+01
      vertex   2.703459e+01 -2.222905e+01 1.000000e+01
      vertex   2.797694e+01 -2.103071e+01 1.400000e+01
    endloop
  endfacet
  facet normal 7.910672e-01 -6.117214e-01 -3.102255e-03
    outer loop
      vertex   2.797694e+01 -2.103071e+01 1.400000e+01
      vertex   2.703459e+01 -2.222905e+01 1.000000e+01
      vertex   2.831559e+01 -2.057248e+01 1.000000e+01
    endloop
  endfacet
  facet normal 8.168435e-01 -5.768511e-01 3.074730e-03
    outer loop
      vertex   2.797694e+01 -2.103071e+01 1.400000e+01
      vertex   2.831559e+01 -2.057248e+01 1.000000e+01
      vertex   2.917712e+01 -1.933122e+01 1.400000e+01
    endloop
  endfacet
  facet normal 8.262347e-01 -5.633173e-01 -3.147735e-03
    outer loop
      vertex   2.917712e+01 -1.933122e+01 1.400000e+01
      vertex   2.831559e+01 -2.057248e+01 1.000000e+01
      vertex   2.949523e+01 -1.884227e+01 1.000000e+01
    endloop
  endfacet
  facet normal 8.496757e-01 -5.272964e-01 3.119556e-03
    outer loop
      vertex   2.917712e+01 -1.933122e+01 1.400000e+01
      vertex   2.949523e+01 -1.884227e+01 1.000000e+01
      vertex   3.027419e+01 -1.756341e+01 1.400000e+01
    endloop
  endfacet
  facet normal 8.584444e-01 -5.128967e-01 -3.191907e-03
    outer loop
      vertex   3.027419e+01 -1.756341e+01 1.400000e+01
      vertex   2.949523e+01 -1.884227e+01 1.000000e+01
      vertex   3.056929e+01 -1.704461e+01 1.000000e+01
    endloop
  endfacet
  facet normal 8.795054e-01 -4.758784e-01 3.163074e-03
    outer loop
      vertex   3.027419e+01 -1.756341e+01 1.400000e+01
      vertex   3.056929e+01 -1.704461e+01 1.000000e+01
      vertex   3.126429e+01 -1.573353e+01 1.400000e+01
    endloop
  endfacet
  facet normal 8.875811e-01 -4.606400e-01 -3.234772e-03
    outer loop
      vertex   3.126429e+01 -1.573353e+01 1.400000e+01
      vertex   3.056929e+01 -1.704461e+01 1.000000e+01
      vertex   3.153391e+01 -1.518593e+01 1.000000e+01
    endloop
  endfacet
  facet normal 9.062272e-01 -4.227789e-01 3.205286e-03
    outer loop
      vertex   3.126429e+01 -1.573353e+01 1.400000e+01
      vertex   3.153391e+01 -1.518593e+01 1.000000e+01
      vertex   3.214391e+01 -1.384807e+01 1.400000e+01
    endloop
  endfacet
  facet normal 9.135406e-01 -4.067345e-01 -3.276329e-03
    outer loop
      vertex   3.214391e+01 -1.384807e+01 1.400000e+01
      vertex   3.153391e+01 -1.518593e+01 1.000000e+01
      vertex   3.238565e+01 -1.327289e+01 1.000000e+01
    endloop
  endfacet
  facet normal 9.297467e-01 -3.681854e-01 3.246189e-03
    outer loop
      vertex   3.214391e+01 -1.384807e+01 1.400000e+01
      vertex   3.238565e+01 -1.327289e+01 1.000000e+01
      vertex   3.290995e+01 -1.191366e+01 1.400000e+01
    endloop
  endfacet
  facet normal 9.362297e-01 -3.513729e-01 -3.316579e-03
    outer loop
      vertex   3.290995e+01 -1.191366e+01 1.400000e+01
      vertex   3.238565e+01 -1.327289e+01 1.000000e+01
      vertex   3.312146e+01 -1.131234e+01 1.000000e+01
    endloop
  endfacet
  facet normal 9.499808e-01 -3.122909e-01 3.285786e-03
    outer loop
      vertex   3.290995e+01 -1.191366e+01 1.400000e+01
      vertex   3.312146e+01 -1.131234e+01 1.000000e+01
      vertex   3.355969e+01 -9.937160e+00 1.400000e+01
    endloop
  endfacet
  facet normal 9.555674e-01 -2.947535e-01 -3.355522e-03
    outer loop
      vertex   3.355969e+01 -9.937160e+00 1.400000e+01
      vertex   3.312146e+01 -1.131234e+01 1.000000e+01
      vertex   3.373870e+01 -9.311290e+00 1.000000e+01
    endloop
  endfacet
  facet normal 9.668581e-01 -2.552929e-01 3.324075e-03
    outer loop
      vertex   3.355969e+01 -9.937160e+00 1.400000e+01
      vertex   3.373870e+01 -9.311290e+00 1.000000e+01
      vertex   3.409085e+01 -7.925544e+00 1.400000e+01
    endloop
  endfacet
  facet normal 9.714844e-01 -2.370790e-01 -3.393157e-03
    outer loop
      vertex   3.409085e+01 -7.925544e+00 1.400000e+01
      vertex   3.373870e+01 -9.311290e+00 1.000000e+01
      vertex   3.423517e+01 -7.276909e+00 1.000000e+01
    endloop
  endfacet
  facet normal 9.803187e-01 -1.973927e-01 3.361056e-03
    outer loop
      vertex   3.409085e+01 -7.925544e+00 1.400000e+01
      vertex   3.423517e+01 -7.276909e+00 1.000000e+01
      vertex   3.450154e+01 -5.885921e+00 1.400000e+01
    endloop
  endfacet
  facet normal 9.839238e-01 -1.785558e-01 -3.429485e-03
    outer loop
      vertex   3.450154e+01 -5.885921e+00 1.400000e+01
      vertex   3.423517e+01 -7.276909e+00 1.000000e+01
      vertex   3.460908e+01 -5.216479e+00 1.000000e+01
    endloop
  endfacet
  facet normal 9.903153e-01 -1.387951e-01 3.396731e-03
    outer loop
      vertex   3.450154e+01 -5.885921e+00 1.400000e+01
      vertex   3.460908e+01 -5.216479e+00 1.000000e+01
      vertex   3.479031e+01 -3.825499e+00 1.400000e+01
    endloop
  endfacet
  facet normal 9.928410e-01 -1.193935e-01 -3.464506e-03
    outer loop
      vertex   3.479031e+01 -3.825499e+00 1.400000e+01
      vertex   3.460908e+01 -5.216479e+00 1.000000e+01
      vertex   3.485910e+01 -3.137376e+00 1.000000e+01
    endloop
  endfacet
  facet normal 9.968124e-01 -7.970702e-02 3.431097e-03
    outer loop
      vertex   3.479031e+01 -3.825499e+00 1.400000e+01
      vertex   3.485910e+01 -3.137376e+00 1.000000e+01
      vertex   3.495614e+01 -1.751560e+00 1.400000e+01
    endloop
  endfacet
  facet normal 9.975571e-01 -6.985570e-02 -2.326663e-17
    outer loop
      vertex   3.495614e+01 -1.751560e+00 1.400000e+01
      vertex   3.485910e+01 -3.137376e+00 1.000000e+01
      vertex   3.495614e+01 -1.751560e+00 1.200000e+01
    endloop
  endfacet
  facet normal 9.977248e-01 -6.739724e-02 -1.711621e-03
    outer loop
      vertex   3.495614e+01 -1.751560e+00 1.200000e+01
      vertex   3.485910e+01 -3.137376e+00 1.000000e+01
      vertex   3.495781e+01 -1.718433e+00 1.166355e+01
    endloop
  endfacet
  facet normal 9.979571e-01 -6.370154e-02 -4.877686e-03
    outer loop
      vertex   3.495781e+01 -1.718433e+00 1.166355e+01
      vertex   3.485910e+01 -3.137376e+00 1.000000e+01
      vertex   3.496257e+01 -1.618328e+00 1.133025e+01
    endloop
  endfacet
  facet normal 9.981449e-01 -6.023732e-02 -8.848163e-03
    outer loop
      vertex   3.496257e+01 -1.618328e+00 1.133025e+01
      vertex   3.485910e+01 -3.137376e+00 1.000000e+01
      vertex   3.496980e+01 -1.453432e+00 1.102383e+01
    endloop
  endfacet
  facet normal 9.981644e-01 -5.980142e-02 -9.567238e-03
    outer loop
      vertex   3.496980e+01 -1.453432e+00 1.102383e+01
      vertex   3.485910e+01 -3.137376e+00 1.000000e+01
      vertex   3.498434e+01 -1.047041e+00 1.000000e+01
    endloop
  endfacet
  facet normal 9.991534e-01 -4.108419e-02 -2.123700e-03
    outer loop
      vertex   3.496980e+01 -1.453432e+00 1.102383e+01
      vertex   3.498434e+01 -1.047041e+00 1.000000e+01
      vertex   3.497806e+01 -1.238997e+00 1.076256e+01
    endloop
  endfacet
  facet normal 9.995089e-01 -3.133453e-02 3.334524e-04
    outer loop
      vertex   3.497806e+01 -1.238997e+00 1.076256e+01
      vertex   3.498434e+01 -1.047041e+00 1.000000e+01
      vertex   3.498632e+01 -9.777358e-01 1.054813e+01
    endloop
  endfacet
  facet normal 9.997134e-01 -2.393344e-02 -6.030845e-04
    outer loop
      vertex   3.498632e+01 -9.777358e-01 1.054813e+01
      vertex   3.498434e+01 -1.047041e+00 1.000000e+01
      vertex   3.499356e+01 -6.713079e-01 1.038323e+01
    endloop
  endfacet
  facet normal 9.998315e-01 -1.663066e-02 -7.765814e-03
    outer loop
      vertex   3.499356e+01 -6.713079e-01 1.038323e+01
      vertex   3.498434e+01 -1.047041e+00 1.000000e+01
      vertex   3.499833e+01 -3.380084e-01 1.028313e+01
    endloop
  endfacet
  facet normal 9.995293e-01 -7.886724e-03 -2.964817e-02
    outer loop
      vertex   3.499833e+01 -3.380084e-01 1.028313e+01
      vertex   3.498434e+01 -1.047041e+00 1.000000e+01
      vertex   3.500000e+01 -1.561232e-03 1.025000e+01
    endloop
  endfacet
  facet normal 9.980427e-01 0.000000e+00 -6.253665e-02
    outer loop
      vertex   3.500000e+01 -1.561232e-03 1.025000e+01
      vertex   3.498434e+01 -1.047041e+00 1.000000e+01
      vertex   3.498434e+01 1.047041e+00 1.000000e+01
    endloop
  endfacet
  facet normal 9.995240e-01 7.816679e-03 -2.984314e-02
    outer loop
      vertex   3.500000e+01 -1.561232e-03 1.025000e+01
      vertex   3.498434e+01 1.047041e+00 1.000000e+01
      vertex   3.499836e+01 3.348860e-01 1.028313e+01
    endloop
  endfacet
  facet normal 9.998320e-01 1.656659e-02 -7.849581e-03
    outer loop
      vertex   3.499836e+01 3.348860e-01 1.028313e+01
      vertex   3.498434e+01 1.047041e+00 1.000000e+01
      vertex   3.499362e+01 6.681860e-01 1.038323e+01
    endloop
  endfacet
  facet normal 9.997151e-01 2.386150e-02 -6.351490e-04
    outer loop
      vertex   3.499362e+01 6.681860e-01 1.038323e+01
      vertex   3.498434e+01 1.047041e+00 1.000000e+01
      vertex   3.498641e+01 9.746146e-01 1.054813e+01
    endloop
  endfacet
  facet normal 9.995119e-01 3.123956e-02 3.405197e-04
    outer loop
      vertex   3.498641e+01 9.746146e-01 1.054813e+01
      vertex   3.498434e+01 1.047041e+00 1.000000e+01
      vertex   3.497817e+01 1.235877e+00 1.076256e+01
    endloop
  endfacet
  facet normal 9.991605e-01 4.091566e-02 -2.058436e-03
    outer loop
      vertex   3.497817e+01 1.235877e+00 1.076256e+01
      vertex   3.498434e+01 1.047041e+00 1.000000e+01
      vertex   3.496993e+01 1.450312e+00 1.102382e+01
    endloop
  endfacet
  facet normal 9.977713e-01 6.566953e-02 -1.182819e-02
    outer loop
      vertex   3.496993e+01 1.450312e+00 1.102382e+01
      vertex   3.498434e+01 1.047041e+00 1.000000e+01
      vertex   3.496271e+01 1.615208e+00 1.133025e+01
    endloop
  endfacet
  facet normal 9.981668e-01 5.980156e-02 -9.315480e-03
    outer loop
      vertex   3.496271e+01 1.615208e+00 1.133025e+01
      vertex   3.498434e+01 1.047041e+00 1.000000e+01
      vertex   3.485910e+01 3.137376e+00 1.000000e+01
    endloop
  endfacet
  facet normal 9.979600e-01 6.365467e-02 -4.890378e-03
    outer loop
      vertex   3.496271e+01 1.615208e+00 1.133025e+01
      vertex   3.485910e+01 3.137376e+00 1.000000e+01
      vertex   3.495796e+01 1.715313e+00 1.166355e+01
    endloop
  endfacet
  facet normal 9.977278e-01 6.735203e-02 -1.715944e-03
    outer loop
      vertex   3.495796e+01 1.715313e+00 1.166355e+01
      vertex   3.485910e+01 3.137376e+00 1.000000e+01
      vertex   3.495630e+01 1.748440e+00 1.200000e+01
    endloop
  endfacet
  facet normal 9.971232e-01 7.568686e-02 4.101710e-03
    outer loop
      vertex   3.495630e+01 1.748440e+00 1.200000e+01
      vertex   3.485910e+01 3.137376e+00 1.000000e+01
      vertex   3.479065e+01 3.822394e+00 1.400000e+01
    endloop
  endfacet
  facet normal 9.968254e-01 7.961852e-02 -0.000000e+00
    outer loop
      vertex   3.495630e+01 1.748440e+00 1.200000e+01
      vertex   3.479065e+01 3.822394e+00 1.400000e+01
      vertex   3.495630e+01 1.748440e+00 1.400000e+01
    endloop
  endfacet
  facet normal 9.928410e-01 1.193935e-01 -3.456536e-03
    outer loop
      vertex   3.485910e+01 3.137376e+00 1.000000e+01
      vertex   3.460908e+01 5.216479e+00 1.000000e+01
      vertex   3.479065e+01 3.822394e+00 1.400000e+01
    endloop
  endfacet
  facet normal 9.903277e-01 1.387067e-01 3.388610e-03
    outer loop
      vertex   3.479065e+01 3.822394e+00 1.400000e+01
      vertex   3.460908e+01 5.216479e+00 1.000000e+01
      vertex   3.450206e+01 5.882842e+00 1.400000e+01
    endloop
  endfacet
  facet normal 9.839238e-01 1.785558e-01 -3.421213e-03
    outer loop
      vertex   3.450206e+01 5.882842e+00 1.400000e+01
      vertex   3.460908e+01 5.216479e+00 1.000000e+01
      vertex   3.423517e+01 7.276909e+00 1.000000e+01
    endloop
  endfacet
  facet normal 9.803364e-01 1.973052e-01 3.352634e-03
    outer loop
      vertex   3.450206e+01 5.882842e+00 1.400000e+01
      vertex   3.423517e+01 7.276909e+00 1.000000e+01
      vertex   3.409155e+01 7.922501e+00 1.400000e+01
    endloop
  endfacet
  facet normal 9.714845e-01 2.370790e-01 -3.384584e-03
    outer loop
      vertex   3.409155e+01 7.922501e+00 1.400000e+01
      vertex   3.423517e+01 7.276909e+00 1.000000e+01
      vertex   3.373870e+01 9.311290e+00 1.000000e+01
    endloop
  endfacet
  facet normal 9.668809e-01 2.552066e-01 3.315350e-03
    outer loop
      vertex   3.409155e+01 7.922501e+00 1.400000e+01
      vertex   3.373870e+01 9.311290e+00 1.000000e+01
      vertex   3.356058e+01 9.934165e+00 1.400000e+01
    endloop
  endfacet
  facet normal 9.555675e-01 2.947535e-01 -3.346647e-03
    outer loop
      vertex   3.356058e+01 9.934165e+00 1.400000e+01
      vertex   3.373870e+01 9.311290e+00 1.000000e+01
      vertex   3.312146e+01 1.131234e+01 1.000000e+01
    endloop
  endfacet
  facet normal 9.500087e-01 3.122061e-01 3.276759e-03
    outer loop
      vertex   3.356058e+01 9.934165e+00 1.400000e+01
      vertex   3.312146e+01 1.131234e+01 1.000000e+01
      vertex   3.291101e+01 1.191072e+01 1.400000e+01
    endloop
  endfacet
  facet normal 9.362297e-01 3.513729e-01 -3.307402e-03
    outer loop
      vertex   3.291101e+01 1.191072e+01 1.400000e+01
      vertex   3.312146e+01 1.131234e+01 1.000000e+01
      vertex   3.238565e+01 1.327289e+01 1.000000e+01
    endloop
  endfacet
  facet normal 9.297796e-01 3.681024e-01 3.236861e-03
    outer loop
      vertex   3.291101e+01 1.191072e+01 1.400000e+01
      vertex   3.238565e+01 1.327289e+01 1.000000e+01
      vertex   3.214515e+01 1.384520e+01 1.400000e+01
    endloop
  endfacet
  facet normal 9.135406e-01 4.067345e-01 -3.266850e-03
    outer loop
      vertex   3.214515e+01 1.384520e+01 1.400000e+01
      vertex   3.238565e+01 1.327289e+01 1.000000e+01
      vertex   3.153391e+01 1.518593e+01 1.000000e+01
    endloop
  endfacet
  facet normal 9.062650e-01 4.226980e-01 3.195655e-03
    outer loop
      vertex   3.214515e+01 1.384520e+01 1.400000e+01
      vertex   3.153391e+01 1.518593e+01 1.000000e+01
      vertex   3.126570e+01 1.573074e+01 1.400000e+01
    endloop
  endfacet
  facet normal 8.875812e-01 4.606401e-01 -3.224991e-03
    outer loop
      vertex   3.126570e+01 1.573074e+01 1.400000e+01
      vertex   3.153391e+01 1.518593e+01 1.000000e+01
      vertex   3.056929e+01 1.704461e+01 1.000000e+01
    endloop
  endfacet
  facet normal 8.795479e-01 4.758000e-01 3.153142e-03
    outer loop
      vertex   3.126570e+01 1.573074e+01 1.400000e+01
      vertex   3.056929e+01 1.704461e+01 1.000000e+01
      vertex   3.027576e+01 1.756070e+01 1.400000e+01
    endloop
  endfacet
  facet normal 8.584444e-01 5.128967e-01 -3.181824e-03
    outer loop
      vertex   3.027576e+01 1.756070e+01 1.400000e+01
      vertex   3.056929e+01 1.704461e+01 1.000000e+01
      vertex   2.949523e+01 1.884227e+01 1.000000e+01
    endloop
  endfacet
  facet normal 8.497228e-01 5.272206e-01 3.109322e-03
    outer loop
      vertex   3.027576e+01 1.756070e+01 1.400000e+01
      vertex   2.949523e+01 1.884227e+01 1.000000e+01
      vertex   2.917884e+01 1.932861e+01 1.400000e+01
    endloop
  endfacet
  facet normal 8.262347e-01 5.633173e-01 -3.137350e-03
    outer loop
      vertex   2.917884e+01 1.932861e+01 1.400000e+01
      vertex   2.949523e+01 1.884227e+01 1.000000e+01
      vertex   2.831559e+01 2.057248e+01 1.000000e+01
    endloop
  endfacet
  facet normal 8.168950e-01 5.767782e-01 3.064194e-03
    outer loop
      vertex   2.917884e+01 1.932861e+01 1.400000e+01
      vertex   2.831559e+01 2.057248e+01 1.000000e+01
      vertex   2.797881e+01 2.102822e+01 1.400000e+01
    endloop
  endfacet
  facet normal 7.910673e-01 6.117214e-01 -3.091569e-03
    outer loop
      vertex   2.797881e+01 2.102822e+01 1.400000e+01
      vertex   2.831559e+01 2.057248e+01 1.000000e+01
      vertex   2.703459e+01 2.222905e+01 1.000000e+01
    endloop
  endfacet
  facet normal 7.811806e-01 6.242978e-01 3.017759e-03
    outer loop
      vertex   2.797881e+01 2.102822e+01 1.400000e+01
      vertex   2.703459e+01 2.222905e+01 1.000000e+01
      vertex   2.667992e+01 2.265352e+01 1.400000e+01
    endloop
  endfacet
  facet normal 7.530680e-01 6.579357e-01 -3.044480e-03
    outer loop
      vertex   2.667992e+01 2.265352e+01 1.400000e+01
      vertex   2.703459e+01 2.222905e+01 1.000000e+01
      vertex   2.565682e+01 2.380605e+01 1.000000e+01
    endloop
  endfacet
  facet normal 7.427058e-01 6.696113e-01 2.970017e-03
    outer loop
      vertex   2.667992e+01 2.265352e+01 1.400000e+01
      vertex   2.565682e+01 2.380605e+01 1.000000e+01
      vertex   2.528675e+01 2.419877e+01 1.400000e+01
    endloop
  endfacet
  facet normal 7.123729e-01 7.017948e-01 -2.996084e-03
    outer loop
      vertex   2.528675e+01 2.419877e+01 1.400000e+01
      vertex   2.565682e+01 2.380605e+01 1.000000e+01
      vertex   2.418719e+01 2.529782e+01 1.000000e+01
    endloop
  endfacet
  facet normal 7.016065e-01 7.125586e-01 2.920967e-03
    outer loop
      vertex   2.528675e+01 2.419877e+01 1.400000e+01
      vertex   2.418719e+01 2.529782e+01 1.000000e+01
      vertex   2.380422e+01 2.565851e+01 1.400000e+01
    endloop
  endfacet
  facet normal 6.691277e-01 7.431416e-01 -2.946381e-03
    outer loop
      vertex   2.380422e+01 2.565851e+01 1.400000e+01
      vertex   2.418719e+01 2.529782e+01 1.000000e+01
      vertex   2.263099e+01 2.669904e+01 1.000000e+01
    endloop
  endfacet
  facet normal 6.580280e-01 7.529880e-01 2.870610e-03
    outer loop
      vertex   2.380422e+01 2.565851e+01 1.400000e+01
      vertex   2.263099e+01 2.669904e+01 1.000000e+01
      vertex   2.223758e+01 2.702758e+01 1.400000e+01
    endloop
  endfacet
  facet normal 6.234872e-01 7.818282e-01 -2.895370e-03
    outer loop
      vertex   2.223758e+01 2.702758e+01 1.400000e+01
      vertex   2.263099e+01 2.669904e+01 1.000000e+01
      vertex   2.099377e+01 2.800467e+01 1.000000e+01
    endloop
  endfacet
  facet normal 6.121242e-01 7.907566e-01 2.818946e-03
    outer loop
      vertex   2.223758e+01 2.702758e+01 1.400000e+01
      vertex   2.099377e+01 2.800467e+01 1.000000e+01
      vertex   2.059236e+01 2.830115e+01 1.400000e+01
    endloop
  endfacet
  facet normal 5.756147e-01 8.177161e-01 -2.843052e-03
    outer loop
      vertex   2.059236e+01 2.830115e+01 1.400000e+01
      vertex   2.099377e+01 2.800467e+01 1.000000e+01
      vertex   1.928139e+01 2.921006e+01 1.000000e+01
    endloop
  endfacet
  facet normal 5.640574e-01 8.257310e-01 2.765974e-03
    outer loop
      vertex   2.059236e+01 2.830115e+01 1.400000e+01
      vertex   1.928139e+01 2.921006e+01 1.000000e+01
      vertex   1.887437e+01 2.947471e+01 1.400000e+01
    endloop
  endfacet
  facet normal 5.256817e-01 8.506768e-01 -2.789426e-03
    outer loop
      vertex   1.887437e+01 2.947471e+01 1.400000e+01
      vertex   1.928139e+01 2.921006e+01 1.000000e+01
      vertex   1.750000e+01 3.031089e+01 1.000000e+01
    endloop
  endfacet
  facet normal 5.139974e-01 8.577875e-01 2.711695e-03
    outer loop
      vertex   1.887437e+01 2.947471e+01 1.400000e+01
      vertex   1.750000e+01 3.031089e+01 1.000000e+01
      vertex   1.708968e+01 3.054411e+01 1.400000e+01
    endloop
  endfacet
  facet normal 4.738669e-01 8.805922e-01 -2.734494e-03
    outer loop
      vertex   1.708968e+01 3.054411e+01 1.400000e+01
      vertex   1.750000e+01 3.031089e+01 1.000000e+01
      vertex   1.565596e+01 3.130321e+01 1.000000e+01
    endloop
  endfacet
  facet normal 4.621210e-01 8.868129e-01 2.656108e-03
    outer loop
      vertex   1.708968e+01 3.054411e+01 1.400000e+01
      vertex   1.565596e+01 3.130321e+01 1.000000e+01
      vertex   1.524461e+01 3.150558e+01 1.400000e+01
    endloop
  endfacet
  facet normal 4.203557e-01 9.073554e-01 -2.678254e-03
    outer loop
      vertex   1.524461e+01 3.150558e+01 1.400000e+01
      vertex   1.565596e+01 3.130321e+01 1.000000e+01
      vertex   1.375588e+01 3.218347e+01 1.000000e+01
    endloop
  endfacet
  facet normal 4.086117e-01 9.127046e-01 2.599215e-03
    outer loop
      vertex   1.524461e+01 3.150558e+01 1.400000e+01
      vertex   1.375588e+01 3.218347e+01 1.000000e+01
      vertex   1.334567e+01 3.235573e+01 1.400000e+01
    endloop
  endfacet
  facet normal 3.653398e-01 9.308706e-01 -2.620706e-03
    outer loop
      vertex   1.334567e+01 3.235573e+01 1.400000e+01
      vertex   1.375588e+01 3.218347e+01 1.000000e+01
      vertex   1.180655e+01 3.294853e+01 1.000000e+01
    endloop
  endfacet
  facet normal 3.536585e-01 9.353712e-01 2.541014e-03
    outer loop
      vertex   1.334567e+01 3.235573e+01 1.400000e+01
      vertex   1.180655e+01 3.294853e+01 1.000000e+01
      vertex   1.139957e+01 3.309154e+01 1.400000e+01
    endloop
  endfacet
  facet normal 3.090160e-01 9.510534e-01 -2.561852e-03
    outer loop
      vertex   1.139957e+01 3.309154e+01 1.400000e+01
      vertex   1.180655e+01 3.294853e+01 1.000000e+01
      vertex   9.814959e+00 3.359563e+01 1.000000e+01
    endloop
  endfacet
  facet normal 2.974555e-01 9.547325e-01 2.481505e-03
    outer loop
      vertex   1.139957e+01 3.309154e+01 1.400000e+01
      vertex   9.814959e+00 3.359563e+01 1.000000e+01
      vertex   9.413183e+00 3.371041e+01 1.400000e+01
    endloop
  endfacet
  facet normal 2.515860e-01 9.678317e-01 -2.501690e-03
    outer loop
      vertex   9.413183e+00 3.371041e+01 1.400000e+01
      vertex   9.814959e+00 3.359563e+01 1.000000e+01
      vertex   7.788233e+00 3.412248e+01 1.000000e+01
    endloop
  endfacet
  facet normal 2.402014e-01 9.707201e-01 2.420690e-03
    outer loop
      vertex   9.413183e+00 3.371041e+01 1.400000e+01
      vertex   7.788233e+00 3.412248e+01 1.000000e+01
      vertex   7.393537e+00 3.421017e+01 1.400000e+01
    endloop
  endfacet
  facet normal 1.932553e-01 9.811455e-01 -2.440220e-03
    outer loop
      vertex   7.393537e+00 3.421017e+01 1.400000e+01
      vertex   7.788233e+00 3.412248e+01 1.000000e+01
      vertex   5.733627e+00 3.452717e+01 1.000000e+01
    endloop
  endfacet
  facet normal 1.820985e-01 9.832775e-01 2.358567e-03
    outer loop
      vertex   7.393537e+00 3.421017e+01 1.400000e+01
      vertex   5.733627e+00 3.452717e+01 1.000000e+01
      vertex   5.347764e+00 3.458904e+01 1.400000e+01
    endloop
  endfacet
  facet normal 1.342329e-01 9.909470e-01 -2.377444e-03
    outer loop
      vertex   5.347764e+00 3.458904e+01 1.400000e+01
      vertex   5.733627e+00 3.452717e+01 1.000000e+01
      vertex   3.658496e+00 3.480827e+01 1.000000e+01
    endloop
  endfacet
  facet normal 1.233522e-01 9.923603e-01 2.295137e-03
    outer loop
      vertex   5.347764e+00 3.458904e+01 1.400000e+01
      vertex   3.658496e+00 3.480827e+01 1.000000e+01
      vertex   3.283094e+00 3.484568e+01 1.400000e+01
    endloop
  endfacet
  facet normal 7.472989e-02 9.972011e-01 -2.313360e-03
    outer loop
      vertex   3.283094e+00 3.484568e+01 1.400000e+01
      vertex   3.658496e+00 3.480827e+01 1.000000e+01
      vertex   1.570269e+00 3.496476e+01 1.000000e+01
    endloop
  endfacet
  facet normal 6.416987e-02 9.979365e-01 2.230399e-03
    outer loop
      vertex   3.283094e+00 3.484568e+01 1.400000e+01
      vertex   1.570269e+00 3.496476e+01 1.000000e+01
      vertex   1.206823e+00 3.497919e+01 1.400000e+01
    endloop
  endfacet
  facet normal 1.495937e-02 9.998856e-01 -2.247969e-03
    outer loop
      vertex   1.206823e+00 3.497919e+01 1.400000e+01
      vertex   1.570269e+00 3.496476e+01 1.000000e+01
      vertex   -5.235792e-01 3.499608e+01 1.000000e+01
    endloop
  endfacet
  facet normal 4.760821e-03 9.999863e-01 2.164355e-03
    outer loop
      vertex   1.206823e+00 3.497919e+01 1.400000e+01
      vertex   -5.235792e-01 3.499608e+01 1.000000e+01
      vertex   -8.737123e-01 3.498909e+01 1.400000e+01
    endloop
  endfacet
  facet normal -4.486472e-02 9.989907e-01 -2.181271e-03
    outer loop
      vertex   -8.737123e-01 3.498909e+01 1.400000e+01
      vertex   -5.235792e-01 3.499608e+01 1.000000e+01
      vertex   -2.615553e+00 3.490213e+01 1.000000e+01
    endloop
  endfacet
  facet normal -5.466507e-02 9.985025e-01 2.097003e-03
    outer loop
      vertex   -8.737123e-01 3.498909e+01 1.400000e+01
      vertex   -2.615553e+00 3.490213e+01 1.000000e+01
      vertex   -2.951160e+00 3.487536e+01 1.400000e+01
    endloop
  endfacet
  facet normal -1.045282e-01 9.945197e-01 -2.113266e-03
    outer loop
      vertex   -2.951160e+00 3.487536e+01 1.400000e+01
      vertex   -2.615553e+00 3.490213e+01 1.000000e+01
      vertex   -4.698164e+00 3.468324e+01 1.000000e+01
    endloop
  endfacet
  facet normal -1.138978e-01 9.934904e-01 2.028344e-03
    outer loop
      vertex   -2.951160e+00 3.487536e+01 1.400000e+01
      vertex   -4.698164e+00 3.468324e+01 1.000000e+01
      vertex   -5.018180e+00 3.463839e+01 1.400000e+01
    endloop
  endfacet
  facet normal -1.638176e-01 9.864885e-01 -2.043953e-03
    outer loop
      vertex   -5.018180e+00 3.463839e+01 1.400000e+01
      vertex   -4.698164e+00 3.468324e+01 1.000000e+01
      vertex   -6.763957e+00 3.434019e+01 1.000000e+01
    endloop
  endfacet
  facet normal -1.727281e-01 9.849676e-01 1.958377e-03
    outer loop
      vertex   -5.018180e+00 3.463839e+01 1.400000e+01
      vertex   -6.763957e+00 3.434019e+01 1.000000e+01
      vertex   -7.067468e+00 3.427902e+01 1.400000e+01
    endloop
  endfacet
  facet normal -2.225205e-01 9.749260e-01 -1.973333e-03
    outer loop
      vertex   -7.067468e+00 3.427902e+01 1.400000e+01
      vertex   -6.763957e+00 3.434019e+01 1.000000e+01
      vertex   -8.805537e+00 3.387422e+01 1.000000e+01
    endloop
  endfacet
  facet normal -2.309480e-01 9.729643e-01 1.887104e-03
    outer loop
      vertex   -7.067468e+00 3.427902e+01 1.400000e+01
      vertex   -8.805537e+00 3.387422e+01 1.000000e+01
      vertex   -9.091781e+00 3.379851e+01 1.400000e+01
    endloop
  endfacet
  facet normal -2.804269e-01 9.598735e-01 -1.901406e-03
    outer loop
      vertex   -9.091781e+00 3.379851e+01 1.400000e+01
      vertex   -8.805537e+00 3.387422e+01 1.000000e+01
      vertex   -1.081559e+01 3.328698e+01 1.000000e+01
    endloop
  endfacet
  facet normal -2.883519e-01 9.575228e-01 1.814523e-03
    outer loop
      vertex   -9.091781e+00 3.379851e+01 1.400000e+01
      vertex   -1.081559e+01 3.328698e+01 1.000000e+01
      vertex   -1.108397e+01 3.319858e+01 1.400000e+01
    endloop
  endfacet
  facet normal -3.373294e-01 9.413849e-01 -1.828172e-03
    outer loop
      vertex   -1.108397e+01 3.319858e+01 1.400000e+01
      vertex   -1.081559e+01 3.328698e+01 1.000000e+01
      vertex   -1.278694e+01 3.258058e+01 1.000000e+01
    endloop
  endfacet
  facet normal -3.447368e-01 9.386978e-01 1.740635e-03
    outer loop
      vertex   -1.108397e+01 3.319858e+01 1.400000e+01
      vertex   -1.278694e+01 3.258058e+01 1.000000e+01
      vertex   -1.303699e+01 3.248133e+01 1.400000e+01
    endloop
  endfacet
  facet normal -3.930244e-01 9.195264e-01 -1.753630e-03
    outer loop
      vertex   -1.303699e+01 3.248133e+01 1.400000e+01
      vertex   -1.278694e+01 3.258058e+01 1.000000e+01
      vertex   -1.471250e+01 3.175755e+01 1.000000e+01
    endloop
  endfacet
  facet normal -3.999036e-01 9.165557e-01 1.665440e-03
    outer loop
      vertex   -1.303699e+01 3.248133e+01 1.400000e+01
      vertex   -1.471250e+01 3.175755e+01 1.000000e+01
      vertex   -1.494394e+01 3.164931e+01 1.400000e+01
    endloop
  endfacet
  facet normal -4.473125e-01 8.943761e-01 -1.677781e-03
    outer loop
      vertex   -1.494394e+01 3.164931e+01 1.400000e+01
      vertex   -1.471250e+01 3.175755e+01 1.000000e+01
      vertex   -1.658540e+01 3.082084e+01 1.000000e+01
    endloop
  endfacet
  facet normal -4.536573e-01 8.911748e-01 1.588938e-03
    outer loop
      vertex   -1.494394e+01 3.164931e+01 1.400000e+01
      vertex   -1.658540e+01 3.082084e+01 1.000000e+01
      vertex   -1.679808e+01 3.070545e+01 1.400000e+01
    endloop
  endfacet
  facet normal -4.999994e-01 8.660243e-01 -1.600626e-03
    outer loop
      vertex   -1.679808e+01 3.070545e+01 1.400000e+01
      vertex   -1.658540e+01 3.082084e+01 1.000000e+01
      vertex   -1.839893e+01 2.977380e+01 1.000000e+01
    endloop
  endfacet
  facet normal -5.058079e-01 8.626448e-01 1.511128e-03
    outer loop
      vertex   -1.679808e+01 3.070545e+01 1.400000e+01
      vertex   -1.839893e+01 2.977380e+01 1.000000e+01
      vertex   -1.859287e+01 2.965308e+01 1.400000e+01
    endloop
  endfacet
  facet normal -5.508963e-01 8.345723e-01 -1.522163e-03
    outer loop
      vertex   -1.859287e+01 2.965308e+01 1.400000e+01
      vertex   -1.839893e+01 2.977380e+01 1.000000e+01
      vertex   -2.014660e+01 2.862018e+01 1.000000e+01
    endloop
  endfacet
  facet normal -5.561711e-01 8.310666e-01 1.432012e-03
    outer loop
      vertex   -1.859287e+01 2.965308e+01 1.400000e+01
      vertex   -2.014660e+01 2.862018e+01 1.000000e+01
      vertex   -2.032195e+01 2.849593e+01 1.400000e+01
    endloop
  endfacet
  facet normal -5.998213e-01 8.001327e-01 -1.442392e-03
    outer loop
      vertex   -2.032195e+01 2.849593e+01 1.400000e+01
      vertex   -2.014660e+01 2.862018e+01 1.000000e+01
      vertex   -2.182214e+01 2.736410e+01 1.000000e+01
    endloop
  endfacet
  facet normal -6.045691e-01 7.965516e-01 1.351588e-03
    outer loop
      vertex   -2.032195e+01 2.849593e+01 1.400000e+01
      vertex   -2.182214e+01 2.736410e+01 1.000000e+01
      vertex   -2.197923e+01 2.723809e+01 1.400000e+01
    endloop
  endfacet
  facet normal -6.465990e-01 7.628289e-01 -1.361315e-03
    outer loop
      vertex   -2.197923e+01 2.723809e+01 1.400000e+01
      vertex   -2.182214e+01 2.736410e+01 1.000000e+01
      vertex   -2.341957e+01 2.601007e+01 1.000000e+01
    endloop
  endfacet
  facet normal -6.508307e-01 7.592218e-01 1.269857e-03
    outer loop
      vertex   -2.197923e+01 2.723809e+01 1.400000e+01
      vertex   -2.341957e+01 2.601007e+01 1.000000e+01
      vertex   -2.355883e+01 2.588400e+01 1.400000e+01
    endloop
  endfacet
  facet normal -6.910621e-01 7.227943e-01 -1.278931e-03
    outer loop
      vertex   -2.355883e+01 2.588400e+01 1.400000e+01
      vertex   -2.341957e+01 2.601007e+01 1.000000e+01
      vertex   -2.493316e+01 2.456293e+01 1.000000e+01
    endloop
  endfacet
  facet normal -6.947925e-01 7.192092e-01 1.186819e-03
    outer loop
      vertex   -2.355883e+01 2.588400e+01 1.400000e+01
      vertex   -2.493316e+01 2.456293e+01 1.000000e+01
      vertex   -2.505519e+01 2.443844e+01 1.400000e+01
    endloop
  endfacet
  facet normal -7.330513e-01 6.801723e-01 -1.195239e-03
    outer loop
      vertex   -2.505519e+01 2.443844e+01 1.400000e+01
      vertex   -2.493316e+01 2.456293e+01 1.000000e+01
      vertex   -2.635750e+01 2.302786e+01 1.000000e+01
    endloop
  endfacet
  facet normal -7.362992e-01 6.766552e-01 1.102474e-03
    outer loop
      vertex   -2.505519e+01 2.443844e+01 1.400000e+01
      vertex   -2.635750e+01 2.302786e+01 1.000000e+01
      vertex   -2.646301e+01 2.290653e+01 1.400000e+01
    endloop
  endfacet
  facet normal -7.724165e-01 6.351154e-01 -1.110241e-03
    outer loop
      vertex   -2.646301e+01 2.290653e+01 1.400000e+01
      vertex   -2.635750e+01 2.302786e+01 1.000000e+01
      vertex   -2.768749e+01 2.141035e+01 1.000000e+01
    endloop
  endfacet
  facet normal -7.752041e-01 6.317101e-01 1.016822e-03
    outer loop
      vertex   -2.646301e+01 2.290653e+01 1.400000e+01
      vertex   -2.768749e+01 2.141035e+01 1.000000e+01
      vertex   -2.777732e+01 2.129367e+01 1.400000e+01
    endloop
  endfacet
  facet normal -8.090166e-01 5.877849e-01 -1.023935e-03
    outer loop
      vertex   -2.777732e+01 2.129367e+01 1.400000e+01
      vertex   -2.768749e+01 2.141035e+01 1.000000e+01
      vertex   -2.891836e+01 1.971620e+01 1.000000e+01
    endloop
  endfacet
  facet normal -8.113696e-01 5.845327e-01 9.298629e-04
    outer loop
      vertex   -2.777732e+01 2.129367e+01 1.400000e+01
      vertex   -2.891836e+01 1.971620e+01 1.000000e+01
      vertex   -2.899348e+01 1.960556e+01 1.400000e+01
    endloop
  endfacet
  facet normal -8.427206e-01 5.383504e-01 -9.363223e-04
    outer loop
      vertex   -2.899348e+01 1.960556e+01 1.400000e+01
      vertex   -2.891836e+01 1.971620e+01 1.000000e+01
      vertex   -3.004571e+01 1.795147e+01 1.000000e+01
    endloop
  endfacet
  facet normal -8.446681e-01 5.352898e-01 8.415967e-04
    outer loop
      vertex   -2.899348e+01 1.960556e+01 1.400000e+01
      vertex   -3.004571e+01 1.795147e+01 1.000000e+01
      vertex   -3.010718e+01 1.784818e+01 1.400000e+01
    endloop
  endfacet
  facet normal -8.734079e-01 4.869886e-01 -8.474025e-04
    outer loop
      vertex   -3.010718e+01 1.784818e+01 1.400000e+01
      vertex   -3.004571e+01 1.795147e+01 1.000000e+01
      vertex   -3.106550e+01 1.612249e+01 1.000000e+01
    endloop
  endfacet
  facet normal -8.749817e-01 4.841553e-01 7.520234e-04
    outer loop
      vertex   -3.010718e+01 1.784818e+01 1.400000e+01
      vertex   -3.106550e+01 1.612249e+01 1.000000e+01
      vertex   -3.111450e+01 1.602773e+01 1.400000e+01
    endloop
  endfacet
  facet normal -9.009686e-01 4.338836e-01 -7.571757e-04
    outer loop
      vertex   -3.111450e+01 1.602773e+01 1.400000e+01
      vertex   -3.106550e+01 1.612249e+01 1.000000e+01
      vertex   -3.197409e+01 1.423578e+01 1.000000e+01
    endloop
  endfacet
  facet normal -9.022035e-01 4.313100e-01 6.611430e-04
    outer loop
      vertex   -3.111450e+01 1.602773e+01 1.400000e+01
      vertex   -3.197409e+01 1.423578e+01 1.000000e+01
      vertex   -3.201186e+01 1.415064e+01 1.400000e+01
    endloop
  endfacet
  facet normal -9.253041e-01 3.792254e-01 -6.656419e-04
    outer loop
      vertex   -3.201186e+01 1.415064e+01 1.400000e+01
      vertex   -3.197409e+01 1.423578e+01 1.000000e+01
      vertex   -3.276822e+01 1.229812e+01 1.000000e+01
    endloop
  endfacet
  facet normal -9.262373e-01 3.769406e-01 5.689557e-04
    outer loop
      vertex   -3.201186e+01 1.415064e+01 1.400000e+01
      vertex   -3.276822e+01 1.229812e+01 1.000000e+01
      vertex   -3.279611e+01 1.222355e+01 1.400000e+01
    endloop
  endfacet
  facet normal -9.463272e-01 3.232096e-01 -5.728011e-04
    outer loop
      vertex   -3.279611e+01 1.222355e+01 1.400000e+01
      vertex   -3.276822e+01 1.229812e+01 1.000000e+01
      vertex   -3.344505e+01 1.031643e+01 1.000000e+01
    endloop
  endfacet
  facet normal -9.469980e-01 3.212392e-01 4.754614e-04
    outer loop
      vertex   -3.279611e+01 1.222355e+01 1.400000e+01
      vertex   -3.344505e+01 1.031643e+01 1.000000e+01
      vertex   -3.346447e+01 1.025326e+01 1.400000e+01
    endloop
  endfacet
  facet normal -9.639628e-01 2.660368e-01 -4.786532e-04
    outer loop
      vertex   -3.346447e+01 1.025326e+01 1.400000e+01
      vertex   -3.344505e+01 1.031643e+01 1.000000e+01
      vertex   -3.400215e+01 8.297813e+00 1.000000e+01
    endloop
  endfacet
  facet normal -9.644123e-01 2.644026e-01 3.806600e-04
    outer loop
      vertex   -3.346447e+01 1.025326e+01 1.400000e+01
      vertex   -3.400215e+01 8.297813e+00 1.000000e+01
      vertex   -3.401457e+01 8.246746e+00 1.400000e+01
    endloop
  endfacet
  facet normal -9.781475e-01 2.079117e-01 -3.831984e-04
    outer loop
      vertex   -3.401457e+01 8.246746e+00 1.400000e+01
      vertex   -3.400215e+01 8.297813e+00 1.000000e+01
      vertex   -3.443754e+01 6.249491e+00 1.000000e+01
    endloop
  endfacet
  facet normal -9.784187e-01 2.066318e-01 2.845517e-04
    outer loop
      vertex   -3.401457e+01 8.246746e+00 1.400000e+01
      vertex   -3.443754e+01 6.249491e+00 1.000000e+01
      vertex   -3.444448e+01 6.211088e+00 1.400000e+01
    endloop
  endfacet
  facet normal -9.888308e-01 1.490423e-01 -2.864367e-04
    outer loop
      vertex   -3.444448e+01 6.211088e+00 1.400000e+01
      vertex   -3.443754e+01 6.249491e+00 1.000000e+01
      vertex   -3.474964e+01 4.178798e+00 1.000000e+01
    endloop
  endfacet
  facet normal -9.889678e-01 1.481307e-01 1.871365e-04
    outer loop
      vertex   -3.444448e+01 6.211088e+00 1.400000e+01
      vertex   -3.474964e+01 4.178798e+00 1.000000e+01
      vertex   -3.475268e+01 4.153482e+00 1.400000e+01
    endloop
  endfacet
  facet normal -9.959743e-01 8.963931e-02 -1.883680e-04
    outer loop
      vertex   -3.475268e+01 4.153482e+00 1.400000e+01
      vertex   -3.474964e+01 4.178798e+00 1.000000e+01
      vertex   -3.493735e+01 2.093145e+00 1.000000e+01
    endloop
  endfacet
  facet normal -9.960221e-01 8.910624e-02 8.841435e-05
    outer loop
      vertex   -3.475268e+01 4.153482e+00 1.400000e+01
      vertex   -3.493735e+01 2.093145e+00 1.000000e+01
      vertex   -3.493807e+01 2.081199e+00 1.400000e+01
    endloop
  endfacet
  facet normal -9.995524e-01 2.991547e-02 -8.899236e-05
    outer loop
      vertex   -3.493807e+01 2.081199e+00 1.400000e+01
      vertex   -3.493735e+01 2.093145e+00 1.000000e+01
      vertex   -3.500000e+01 4.286264e-15 1.000000e+01
    endloop
  endfacet
  facet normal 9.984620e-01 5.544067e-02 -0.000000e+00
    outer loop
      vertex   -3.348849e+01 -8.779683e-01 1.000000e+01
      vertex   -3.348849e+01 -8.779683e-01 1.400000e+01
      vertex   -3.337983e+01 -2.834967e+00 1.000000e+01
    endloop
  endfacet
  facet normal 9.984620e-01 5.544067e-02 -1.231030e-16
    outer loop
      vertex   -3.337983e+01 -2.834967e+00 1.000000e+01
      vertex   -3.348849e+01 -8.779683e-01 1.400000e+01
      vertex   -3.337983e+01 -2.834967e+00 1.400000e+01
    endloop
  endfacet
  facet normal 9.935107e-01 1.137387e-01 -2.525505e-16
    outer loop
      vertex   -3.337983e+01 -2.834967e+00 1.000000e+01
      vertex   -3.337983e+01 -2.834967e+00 1.400000e+01
      vertex   -3.315690e+01 -4.782261e+00 1.000000e+01
    endloop
  endfacet
  facet normal 9.935107e-01 1.137387e-01 -2.020404e-16
    outer loop
      vertex   -3.315690e+01 -4.782261e+00 1.000000e+01
      vertex   -3.337983e+01 -2.834967e+00 1.400000e+01
      vertex   -3.315690e+01 -4.782261e+00 1.400000e+01
    endloop
  endfacet
  facet normal 9.851585e-01 1.716473e-01 -3.049068e-16
    outer loop
      vertex   -3.315690e+01 -4.782261e+00 1.000000e+01
      vertex   -3.315690e+01 -4.782261e+00 1.400000e+01
      vertex   -3.282047e+01 -6.713185e+00 1.000000e+01
    endloop
  endfacet
  facet normal 9.851585e-01 1.716473e-01 -3.430202e-16
    outer loop
      vertex   -3.282047e+01 -6.713185e+00 1.000000e+01
      vertex   -3.315690e+01 -4.782261e+00 1.400000e+01
      vertex   -3.282047e+01 -6.713185e+00 1.400000e+01
    endloop
  endfacet
  facet normal 9.734339e-01 2.289683e-01 -4.575707e-16
    outer loop
      vertex   -3.282047e+01 -6.713185e+00 1.000000e+01
      vertex   -3.282047e+01 -6.713185e+00 1.400000e+01
      vertex   -3.237169e+01 -8.621128e+00 1.000000e+01
    endloop
  endfacet
  facet normal 9.734339e-01 2.289683e-01 -4.067295e-16
    outer loop
      vertex   -3.237169e+01 -8.621128e+00 1.000000e+01
      vertex   -3.282047e+01 -6.713185e+00 1.400000e+01
      vertex   -3.237169e+01 -8.621128e+00 1.400000e+01
    endloop
  endfacet
  facet normal 9.583770e-01 2.855056e-01 -5.071598e-16
    outer loop
      vertex   -3.237169e+01 -8.621128e+00 1.000000e+01
      vertex   -3.237169e+01 -8.621128e+00 1.400000e+01
      vertex   -3.181209e+01 -1.049956e+01 1.000000e+01
    endloop
  endfacet
  facet normal 9.583770e-01 2.855056e-01 -5.071598e-16
    outer loop
      vertex   -3.181209e+01 -1.049956e+01 1.000000e+01
      vertex   -3.237169e+01 -8.621128e+00 1.400000e+01
      vertex   -3.181209e+01 -1.049956e+01 1.400000e+01
    endloop
  endfacet
  facet normal 9.400395e-01 3.410655e-01 -6.058541e-16
    outer loop
      vertex   -3.181209e+01 -1.049956e+01 1.000000e+01
      vertex   -3.181209e+01 -1.049956e+01 1.400000e+01
      vertex   -3.114360e+01 -1.234205e+01 1.000000e+01
    endloop
  endfacet
  facet normal 9.400395e-01 3.410655e-01 2.290687e-16
    outer loop
      vertex   -3.114360e+01 -1.234205e+01 1.000000e+01
      vertex   -3.181209e+01 -1.049956e+01 1.400000e+01
      vertex   -3.114360e+01 -1.234205e+01 1.400000e+01
    endloop
  endfacet
  facet normal 9.184841e-01 3.954579e-01 1.133034e-16
    outer loop
      vertex   -3.114360e+01 -1.234205e+01 1.000000e+01
      vertex   -3.114360e+01 -1.234205e+01 1.400000e+01
      vertex   -3.036850e+01 -1.414229e+01 1.000000e+01
    endloop
  endfacet
  facet normal 9.184841e-01 3.954579e-01 -6.231523e-17
    outer loop
      vertex   -3.036850e+01 -1.414229e+01 1.000000e+01
      vertex   -3.114360e+01 -1.234205e+01 1.400000e+01
      vertex   -3.036850e+01 -1.414229e+01 1.400000e+01
    endloop
  endfacet
  facet normal 8.937845e-01 4.484966e-01 -2.020224e-16
    outer loop
      vertex   -3.036850e+01 -1.414229e+01 1.000000e+01
      vertex   -3.036850e+01 -1.414229e+01 1.400000e+01
      vertex   -2.948944e+01 -1.589412e+01 1.000000e+01
    endloop
  endfacet
  facet normal 8.937845e-01 4.484966e-01 2.849866e-18
    outer loop
      vertex   -2.948944e+01 -1.589412e+01 1.000000e+01
      vertex   -3.036850e+01 -1.414229e+01 1.400000e+01
      vertex   -2.948944e+01 -1.589412e+01 1.400000e+01
    endloop
  endfacet
  facet normal 8.660254e-01 5.000000e-01 1.189933e-16
    outer loop
      vertex   -2.948944e+01 -1.589412e+01 1.000000e+01
      vertex   -2.948944e+01 -1.589412e+01 1.400000e+01
      vertex   -2.850943e+01 -1.759154e+01 1.000000e+01
    endloop
  endfacet
  facet normal 8.660254e-01 5.000000e-01 -6.501917e-16
    outer loop
      vertex   -2.850943e+01 -1.759154e+01 1.000000e+01
      vertex   -2.948944e+01 -1.589412e+01 1.400000e+01
      vertex   -2.850943e+01 -1.759154e+01 1.400000e+01
    endloop
  endfacet
  facet normal 8.353017e-01 5.497918e-01 -5.071675e-16
    outer loop
      vertex   -2.850943e+01 -1.759154e+01 1.000000e+01
      vertex   -2.850943e+01 -1.759154e+01 1.400000e+01
      vertex   -2.743183e+01 -1.922874e+01 1.000000e+01
    endloop
  endfacet
  facet normal 8.353017e-01 5.497918e-01 1.737378e-15
    outer loop
      vertex   -2.743183e+01 -1.922874e+01 1.000000e+01
      vertex   -2.850943e+01 -1.759154e+01 1.400000e+01
      vertex   -2.743183e+01 -1.922874e+01 1.400000e+01
    endloop
  endfacet
  facet normal 8.017187e-01 5.977016e-01 1.605342e-15
    outer loop
      vertex   -2.743183e+01 -1.922874e+01 1.000000e+01
      vertex   -2.743183e+01 -1.922874e+01 1.400000e+01
      vertex   -2.626033e+01 -2.080012e+01 1.000000e+01
    endloop
  endfacet
  facet normal 8.017187e-01 5.977016e-01 7.120692e-16
    outer loop
      vertex   -2.626033e+01 -2.080012e+01 1.000000e+01
      vertex   -2.743183e+01 -1.922874e+01 1.400000e+01
      vertex   -2.626033e+01 -2.080012e+01 1.400000e+01
    endloop
  endfacet
  facet normal 7.653912e-01 6.435653e-01 6.798039e-16
    outer loop
      vertex   -2.626033e+01 -2.080012e+01 1.000000e+01
      vertex   -2.626033e+01 -2.080012e+01 1.400000e+01
      vertex   -2.499893e+01 -2.230030e+01 1.000000e+01
    endloop
  endfacet
  facet normal 7.653912e-01 6.435653e-01 3.246092e-16
    outer loop
      vertex   -2.499893e+01 -2.230030e+01 1.000000e+01
      vertex   -2.626033e+01 -2.080012e+01 1.400000e+01
      vertex   -2.499893e+01 -2.230030e+01 1.400000e+01
    endloop
  endfacet
  facet normal 7.264436e-01 6.872261e-01 1.044966e-16
    outer loop
      vertex   -2.499893e+01 -2.230030e+01 1.000000e+01
      vertex   -2.499893e+01 -2.230030e+01 1.400000e+01
      vertex   -2.365196e+01 -2.372414e+01 1.000000e+01
    endloop
  endfacet
  facet normal 7.264436e-01 6.872261e-01 1.325255e-15
    outer loop
      vertex   -2.365196e+01 -2.372414e+01 1.000000e+01
      vertex   -2.499893e+01 -2.230030e+01 1.400000e+01
      vertex   -2.365196e+01 -2.372414e+01 1.400000e+01
    endloop
  endfacet
  facet normal 6.850093e-01 7.285343e-01 1.178163e-15
    outer loop
      vertex   -2.365196e+01 -2.372414e+01 1.000000e+01
      vertex   -2.365196e+01 -2.372414e+01 1.400000e+01
      vertex   -2.222402e+01 -2.506677e+01 1.000000e+01
    endloop
  endfacet
  facet normal 6.850093e-01 7.285343e-01 -1.159738e-16
    outer loop
      vertex   -2.222402e+01 -2.506677e+01 1.000000e+01
      vertex   -2.365196e+01 -2.372414e+01 1.400000e+01
      vertex   -2.222402e+01 -2.506677e+01 1.400000e+01
    endloop
  endfacet
  facet normal 6.412301e-01 7.673486e-01 -3.360471e-16
    outer loop
      vertex   -2.222402e+01 -2.506677e+01 1.000000e+01
      vertex   -2.222402e+01 -2.506677e+01 1.400000e+01
      vertex   -2.072001e+01 -2.632359e+01 1.000000e+01
    endloop
  endfacet
  facet normal 6.412301e-01 7.673486e-01 -2.240314e-16
    outer loop
      vertex   -2.072001e+01 -2.632359e+01 1.000000e+01
      vertex   -2.222402e+01 -2.506677e+01 1.400000e+01
      vertex   -2.072001e+01 -2.632359e+01 1.400000e+01
    endloop
  endfacet
  facet normal 5.952559e-01 8.035362e-01 -3.699801e-16
    outer loop
      vertex   -2.072001e+01 -2.632359e+01 1.000000e+01
      vertex   -2.072001e+01 -2.632359e+01 1.400000e+01
      vertex   -1.914507e+01 -2.749030e+01 1.000000e+01
    endloop
  endfacet
  facet normal 5.952559e-01 8.035362e-01 2.273487e-15
    outer loop
      vertex   -1.914507e+01 -2.749030e+01 1.000000e+01
      vertex   -2.072001e+01 -2.632359e+01 1.400000e+01
      vertex   -1.914507e+01 -2.749030e+01 1.400000e+01
    endloop
  endfacet
  facet normal 5.472440e-01 8.369731e-01 1.915589e-15
    outer loop
      vertex   -1.914507e+01 -2.749030e+01 1.000000e+01
      vertex   -1.914507e+01 -2.749030e+01 1.400000e+01
      vertex   -1.750459e+01 -2.856290e+01 1.000000e+01
    endloop
  endfacet
  facet normal 5.472440e-01 8.369731e-01 -0.000000e+00
    outer loop
      vertex   -1.750459e+01 -2.856290e+01 1.000000e+01
      vertex   -1.914507e+01 -2.749030e+01 1.400000e+01
      vertex   -1.750459e+01 -2.856290e+01 1.400000e+01
    endloop
  endfacet
  facet normal 9.914449e-01 -1.305262e-01 0.000000e+00
    outer loop
      vertex   -2.399889e+01 1.340748e+01 1.000000e+01
      vertex   -2.399889e+01 1.340748e+01 1.400000e+01
      vertex   -2.405000e+01 1.301925e+01 1.000000e+01
    endloop
  endfacet
  facet normal 9.914449e-01 -1.305262e-01 0.000000e+00
    outer loop
      vertex   -2.405000e+01 1.301925e+01 1.000000e+01
      vertex   -2.399889e+01 1.340748e+01 1.400000e+01
      vertex   -2.405000e+01 1.301925e+01 1.400000e+01
    endloop
  endfacet
  facet normal 9.914449e-01 1.305262e-01 -0.000000e+00
    outer loop
      vertex   -2.405000e+01 1.301925e+01 1.000000e+01
      vertex   -2.405000e+01 1.301925e+01 1.400000e+01
      vertex   -2.399889e+01 1.263102e+01 1.000000e+01
    endloop
  endfacet
  facet normal 9.914449e-01 1.305262e-01 -0.000000e+00
    outer loop
      vertex   -2.399889e+01 1.263102e+01 1.000000e+01
      vertex   -2.405000e+01 1.301925e+01 1.400000e+01
      vertex   -2.399889e+01 1.263102e+01 1.400000e+01
    endloop
  endfacet
  facet normal 9.238795e-01 3.826834e-01 -0.000000e+00
    outer loop
      vertex   -2.399889e+01 1.263102e+01 1.000000e+01
      vertex   -2.399889e+01 1.263102e+01 1.400000e+01
      vertex   -2.384904e+01 1.226925e+01 1.000000e+01
    endloop
  endfacet
  facet normal 9.238795e-01 3.826834e-01 -0.000000e+00
    outer loop
      vertex   -2.384904e+01 1.226925e+01 1.000000e+01
      vertex   -2.399889e+01 1.263102e+01 1.400000e+01
      vertex   -2.384904e+01 1.226925e+01 1.400000e+01
    endloop
  endfacet
  facet normal 7.933533e-01 6.087614e-01 -0.000000e+00
    outer loop
      vertex   -2.384904e+01 1.226925e+01 1.000000e+01
      vertex   -2.384904e+01 1.226925e+01 1.400000e+01
      vertex   -2.361066e+01 1.195859e+01 1.000000e+01
    endloop
  endfacet
  facet normal 7.933533e-01 6.087614e-01 -0.000000e+00
    outer loop
      vertex   -2.361066e+01 1.195859e+01 1.000000e+01
      vertex   -2.384904e+01 1.226925e+01 1.400000e+01
      vertex   -2.361066e+01 1.195859e+01 1.400000e+01
    endloop
  endfacet
  facet normal 6.087614e-01 7.933533e-01 -0.000000e+00
    outer loop
      vertex   -2.361066e+01 1.195859e+01 1.000000e+01
      vertex   -2.361066e+01 1.195859e+01 1.400000e+01
      vertex   -2.330000e+01 1.172021e+01 1.000000e+01
    endloop
  endfacet
  facet normal 6.087614e-01 7.933533e-01 -0.000000e+00
    outer loop
      vertex   -2.330000e+01 1.172021e+01 1.000000e+01
      vertex   -2.361066e+01 1.195859e+01 1.400000e+01
      vertex   -2.330000e+01 1.172021e+01 1.400000e+01
    endloop
  endfacet
  facet normal 3.826834e-01 9.238795e-01 -0.000000e+00
    outer loop
      vertex   -2.330000e+01 1.172021e+01 1.000000e+01
      vertex   -2.330000e+01 1.172021e+01 1.400000e+01
      vertex   -2.293823e+01 1.157036e+01 1.000000e+01
    endloop
  endfacet
  facet normal 3.826834e-01 9.238795e-01 -0.000000e+00
    outer loop
      vertex   -2.293823e+01 1.157036e+01 1.000000e+01
      vertex   -2.330000e+01 1.172021e+01 1.400000e+01
      vertex   -2.293823e+01 1.157036e+01 1.400000e+01
    endloop
  endfacet
  facet normal 1.305262e-01 9.914449e-01 -0.000000e+00
    outer loop
      vertex   -2.293823e+01 1.157036e+01 1.000000e+01
      vertex   -2.293823e+01 1.157036e+01 1.400000e+01
      vertex   -2.255000e+01 1.151925e+01 1.000000e+01
    endloop
  endfacet
  facet normal 1.305262e-01 9.914449e-01 -0.000000e+00
    outer loop
      vertex   -2.255000e+01 1.151925e+01 1.000000e+01
      vertex   -2.293823e+01 1.157036e+01 1.400000e+01
      vertex   -2.255000e+01 1.151925e+01 1.400000e+01
    endloop
  endfacet
  facet normal -1.305262e-01 9.914449e-01 0.000000e+00
    outer loop
      vertex   -2.255000e+01 1.151925e+01 1.000000e+01
      vertex   -2.255000e+01 1.151925e+01 1.400000e+01
      vertex   -2.216177e+01 1.157036e+01 1.000000e+01
    endloop
  endfacet
  facet normal -1.305262e-01 9.914449e-01 0.000000e+00
    outer loop
      vertex   -2.216177e+01 1.157036e+01 1.000000e+01
      vertex   -2.255000e+01 1.151925e+01 1.400000e+01
      vertex   -2.216177e+01 1.157036e+01 1.400000e+01
    endloop
  endfacet
  facet normal -3.826834e-01 9.238795e-01 0.000000e+00
    outer loop
      vertex   -2.216177e+01 1.157036e+01 1.000000e+01
      vertex   -2.216177e+01 1.157036e+01 1.400000e+01
      vertex   -2.180000e+01 1.172021e+01 1.000000e+01
    endloop
  endfacet
  facet normal -3.826834e-01 9.238795e-01 0.000000e+00
    outer loop
      vertex   -2.180000e+01 1.172021e+01 1.000000e+01
      vertex   -2.216177e+01 1.157036e+01 1.400000e+01
      vertex   -2.180000e+01 1.172021e+01 1.400000e+01
    endloop
  endfacet
  facet normal -6.087614e-01 7.933533e-01 0.000000e+00
    outer loop
      vertex   -2.180000e+01 1.172021e+01 1.000000e+01
      vertex   -2.180000e+01 1.172021e+01 1.400000e+01
      vertex   -2.148934e+01 1.195859e+01 1.000000e+01
    endloop
  endfacet
  facet normal -6.087614e-01 7.933533e-01 0.000000e+00
    outer loop
      vertex   -2.148934e+01 1.195859e+01 1.000000e+01
      vertex   -2.180000e+01 1.172021e+01 1.400000e+01
      vertex   -2.148934e+01 1.195859e+01 1.400000e+01
    endloop
  endfacet
  facet normal -7.933533e-01 6.087614e-01 0.000000e+00
    outer loop
      vertex   -2.148934e+01 1.195859e+01 1.000000e+01
      vertex   -2.148934e+01 1.195859e+01 1.400000e+01
      vertex   -2.125096e+01 1.226925e+01 1.000000e+01
    endloop
  endfacet
  facet normal -7.933533e-01 6.087614e-01 0.000000e+00
    outer loop
      vertex   -2.125096e+01 1.226925e+01 1.000000e+01
      vertex   -2.148934e+01 1.195859e+01 1.400000e+01
      vertex   -2.125096e+01 1.226925e+01 1.400000e+01
    endloop
  endfacet
  facet normal -9.238795e-01 3.826834e-01 0.000000e+00
    outer loop
      vertex   -2.125096e+01 1.226925e+01 1.000000e+01
      vertex   -2.125096e+01 1.226925e+01 1.400000e+01
      vertex   -2.110111e+01 1.263102e+01 1.000000e+01
    endloop
  endfacet
  facet normal -9.238795e-01 3.826834e-01 0.000000e+00
    outer loop
      vertex   -2.110111e+01 1.263102e+01 1.000000e+01
      vertex   -2.125096e+01 1.226925e+01 1.400000e+01
      vertex   -2.110111e+01 1.263102e+01 1.400000e+01
    endloop
  endfacet
  facet normal -9.914449e-01 1.305262e-01 0.000000e+00
    outer loop
      vertex   -2.110111e+01 1.263102e+01 1.000000e+01
      vertex   -2.110111e+01 1.263102e+01 1.400000e+01
      vertex   -2.105000e+01 1.301925e+01 1.000000e+01
    endloop
  endfacet
  facet normal -9.914449e-01 1.305262e-01 0.000000e+00
    outer loop
      vertex   -2.105000e+01 1.301925e+01 1.000000e+01
      vertex   -2.110111e+01 1.263102e+01 1.400000e+01
      vertex   -2.105000e+01 1.301925e+01 1.400000e+01
    endloop
  endfacet
  facet normal -9.914449e-01 -1.305262e-01 0.000000e+00
    outer loop
      vertex   -2.105000e+01 1.301925e+01 1.000000e+01
      vertex   -2.105000e+01 1.301925e+01 1.400000e+01
      vertex   -2.110111e+01 1.340748e+01 1.000000e+01
    endloop
  endfacet
  facet normal -9.914449e-01 -1.305262e-01 0.000000e+00
    outer loop
      vertex   -2.110111e+01 1.340748e+01 1.000000e+01
      vertex   -2.105000e+01 1.301925e+01 1.400000e+01
      vertex   -2.110111e+01 1.340748e+01 1.400000e+01
    endloop
  endfacet
  facet normal -9.238795e-01 -3.826834e-01 0.000000e+00
    outer loop
      vertex   -2.110111e+01 1.340748e+01 1.000000e+01
      vertex   -2.110111e+01 1.340748e+01 1.400000e+01
      vertex   -2.125096e+01 1.376925e+01 1.000000e+01
    endloop
  endfacet
  facet normal -9.238795e-01 -3.826834e-01 0.000000e+00
    outer loop
      vertex   -2.125096e+01 1.376925e+01 1.000000e+01
      vertex   -2.110111e+01 1.340748e+01 1.400000e+01
      vertex   -2.125096e+01 1.376925e+01 1.400000e+01
    endloop
  endfacet
  facet normal -7.933533e-01 -6.087614e-01 0.000000e+00
    outer loop
      vertex   -2.125096e+01 1.376925e+01 1.000000e+01
      vertex   -2.125096e+01 1.376925e+01 1.400000e+01
      vertex   -2.148934e+01 1.407991e+01 1.000000e+01
    endloop
  endfacet
  facet normal -7.933533e-01 -6.087614e-01 0.000000e+00
    outer loop
      vertex   -2.148934e+01 1.407991e+01 1.000000e+01
      vertex   -2.125096e+01 1.376925e+01 1.400000e+01
      vertex   -2.148934e+01 1.407991e+01 1.400000e+01
    endloop
  endfacet
  facet normal -6.087614e-01 -7.933533e-01 0.000000e+00
    outer loop
      vertex   -2.148934e+01 1.407991e+01 1.000000e+01
      vertex   -2.148934e+01 1.407991e+01 1.400000e+01
      vertex   -2.180000e+01 1.431829e+01 1.000000e+01
    endloop
  endfacet
  facet normal -6.087614e-01 -7.933533e-01 0.000000e+00
    outer loop
      vertex   -2.180000e+01 1.431829e+01 1.000000e+01
      vertex   -2.148934e+01 1.407991e+01 1.400000e+01
      vertex   -2.180000e+01 1.431829e+01 1.400000e+01
    endloop
  endfacet
  facet normal -3.826834e-01 -9.238795e-01 0.000000e+00
    outer loop
      vertex   -2.180000e+01 1.431829e+01 1.000000e+01
      vertex   -2.180000e+01 1.431829e+01 1.400000e+01
      vertex   -2.216177e+01 1.446814e+01 1.000000e+01
    endloop
  endfacet
  facet normal -3.826834e-01 -9.238795e-01 0.000000e+00
    outer loop
      vertex   -2.216177e+01 1.446814e+01 1.000000e+01
      vertex   -2.180000e+01 1.431829e+01 1.400000e+01
      vertex   -2.216177e+01 1.446814e+01 1.400000e+01
    endloop
  endfacet
  facet normal -1.305262e-01 -9.914449e-01 0.000000e+00
    outer loop
      vertex   -2.216177e+01 1.446814e+01 1.000000e+01
      vertex   -2.216177e+01 1.446814e+01 1.400000e+01
      vertex   -2.255000e+01 1.451925e+01 1.000000e+01
    endloop
  endfacet
  facet normal -1.305262e-01 -9.914449e-01 0.000000e+00
    outer loop
      vertex   -2.255000e+01 1.451925e+01 1.000000e+01
      vertex   -2.216177e+01 1.446814e+01 1.400000e+01
      vertex   -2.255000e+01 1.451925e+01 1.400000e+01
    endloop
  endfacet
  facet normal 1.305262e-01 -9.914449e-01 0.000000e+00
    outer loop
      vertex   -2.255000e+01 1.451925e+01 1.000000e+01
      vertex   -2.255000e+01 1.451925e+01 1.400000e+01
      vertex   -2.293823e+01 1.446814e+01 1.000000e+01
    endloop
  endfacet
  facet normal 1.305262e-01 -9.914449e-01 0.000000e+00
    outer loop
      vertex   -2.293823e+01 1.446814e+01 1.000000e+01
      vertex   -2.255000e+01 1.451925e+01 1.400000e+01
      vertex   -2.293823e+01 1.446814e+01 1.400000e+01
    endloop
  endfacet
  facet normal 3.826834e-01 -9.238795e-01 0.000000e+00
    outer loop
      vertex   -2.293823e+01 1.446814e+01 1.000000e+01
      vertex   -2.293823e+01 1.446814e+01 1.400000e+01
      vertex   -2.330000e+01 1.431829e+01 1.000000e+01
    endloop
  endfacet
  facet normal 3.826834e-01 -9.238795e-01 0.000000e+00
    outer loop
      vertex   -2.330000e+01 1.431829e+01 1.000000e+01
      vertex   -2.293823e+01 1.446814e+01 1.400000e+01
      vertex   -2.330000e+01 1.431829e+01 1.400000e+01
    endloop
  endfacet
  facet normal 6.087614e-01 -7.933533e-01 0.000000e+00
    outer loop
      vertex   -2.330000e+01 1.431829e+01 1.000000e+01
      vertex   -2.330000e+01 1.431829e+01 1.400000e+01
      vertex   -2.361066e+01 1.407991e+01 1.000000e+01
    endloop
  endfacet
  facet normal 6.087614e-01 -7.933533e-01 0.000000e+00
    outer loop
      vertex   -2.361066e+01 1.407991e+01 1.000000e+01
      vertex   -2.330000e+01 1.431829e+01 1.400000e+01
      vertex   -2.361066e+01 1.407991e+01 1.400000e+01
    endloop
  endfacet
  facet normal 7.933533e-01 -6.087614e-01 0.000000e+00
    outer loop
      vertex   -2.361066e+01 1.407991e+01 1.000000e+01
      vertex   -2.361066e+01 1.407991e+01 1.400000e+01
      vertex   -2.384904e+01 1.376925e+01 1.000000e+01
    endloop
  endfacet
  facet normal 7.933533e-01 -6.087614e-01 0.000000e+00
    outer loop
      vertex   -2.384904e+01 1.376925e+01 1.000000e+01
      vertex   -2.361066e+01 1.407991e+01 1.400000e+01
      vertex   -2.384904e+01 1.376925e+01 1.400000e+01
    endloop
  endfacet
  facet normal 9.238795e-01 -3.826834e-01 0.000000e+00
    outer loop
      vertex   -2.384904e+01 1.376925e+01 1.000000e+01
      vertex   -2.384904e+01 1.376925e+01 1.400000e+01
      vertex   -2.399889e+01 1.340748e+01 1.000000e+01
    endloop
  endfacet
  facet normal 9.238795e-01 -3.826834e-01 0.000000e+00
    outer loop
      vertex   -2.399889e+01 1.340748e+01 1.000000e+01
      vertex   -2.384904e+01 1.376925e+01 1.400000e+01
      vertex   -2.399889e+01 1.340748e+01 1.400000e+01
    endloop
  endfacet
  facet normal 9.914449e-01 -1.305262e-01 0.000000e+00
    outer loop
      vertex   -1.448889e+00 -2.565027e+01 1.000000e+01
      vertex   -1.448889e+00 -2.565027e+01 1.400000e+01
      vertex   -1.500000e+00 -2.603850e+01 1.000000e+01
    endloop
  endfacet
  facet normal 9.914449e-01 -1.305262e-01 0.000000e+00
    outer loop
      vertex   -1.500000e+00 -2.603850e+01 1.000000e+01
      vertex   -1.448889e+00 -2.565027e+01 1.400000e+01
      vertex   -1.500000e+00 -2.603850e+01 1.400000e+01
    endloop
  endfacet
  facet normal 9.914449e-01 1.305262e-01 -0.000000e+00
    outer loop
      vertex   -1.500000e+00 -2.603850e+01 1.000000e+01
      vertex   -1.500000e+00 -2.603850e+01 1.400000e+01
      vertex   -1.448889e+00 -2.642673e+01 1.000000e+01
    endloop
  endfacet
  facet normal 9.914449e-01 1.305262e-01 -0.000000e+00
    outer loop
      vertex   -1.448889e+00 -2.642673e+01 1.000000e+01
      vertex   -1.500000e+00 -2.603850e+01 1.400000e+01
      vertex   -1.448889e+00 -2.642673e+01 1.400000e+01
    endloop
  endfacet
  facet normal 9.238795e-01 3.826834e-01 -0.000000e+00
    outer loop
      vertex   -1.448889e+00 -2.642673e+01 1.000000e+01
      vertex   -1.448889e+00 -2.642673e+01 1.400000e+01
      vertex   -1.299038e+00 -2.678850e+01 1.000000e+01
    endloop
  endfacet
  facet normal 9.238795e-01 3.826834e-01 -0.000000e+00
    outer loop
      vertex   -1.299038e+00 -2.678850e+01 1.000000e+01
      vertex   -1.448889e+00 -2.642673e+01 1.400000e+01
      vertex   -1.299038e+00 -2.678850e+01 1.400000e+01
    endloop
  endfacet
  facet normal 7.933533e-01 6.087614e-01 -0.000000e+00
    outer loop
      vertex   -1.299038e+00 -2.678850e+01 1.000000e+01
      vertex   -1.299038e+00 -2.678850e+01 1.400000e+01
      vertex   -1.060660e+00 -2.709916e+01 1.000000e+01
    endloop
  endfacet
  facet normal 7.933533e-01 6.087614e-01 -0.000000e+00
    outer loop
      vertex   -1.060660e+00 -2.709916e+01 1.000000e+01
      vertex   -1.299038e+00 -2.678850e+01 1.400000e+01
      vertex   -1.060660e+00 -2.709916e+01 1.400000e+01
    endloop
  endfacet
  facet normal 6.087614e-01 7.933533e-01 -0.000000e+00
    outer loop
      vertex   -1.060660e+00 -2.709916e+01 1.000000e+01
      vertex   -1.060660e+00 -2.709916e+01 1.400000e+01
      vertex   -7.500000e-01 -2.733754e+01 1.000000e+01
    endloop
  endfacet
  facet normal 6.087614e-01 7.933533e-01 -0.000000e+00
    outer loop
      vertex   -7.500000e-01 -2.733754e+01 1.000000e+01
      vertex   -1.060660e+00 -2.709916e+01 1.400000e+01
      vertex   -7.500000e-01 -2.733754e+01 1.400000e+01
    endloop
  endfacet
  facet normal 3.826834e-01 9.238795e-01 -0.000000e+00
    outer loop
      vertex   -7.500000e-01 -2.733754e+01 1.000000e+01
      vertex   -7.500000e-01 -2.733754e+01 1.400000e+01
      vertex   -3.882286e-01 -2.748739e+01 1.000000e+01
    endloop
  endfacet
  facet normal 3.826834e-01 9.238795e-01 -0.000000e+00
    outer loop
      vertex   -3.882286e-01 -2.748739e+01 1.000000e+01
      vertex   -7.500000e-01 -2.733754e+01 1.400000e+01
      vertex   -3.882286e-01 -2.748739e+01 1.400000e+01
    endloop
  endfacet
  facet normal 1.305262e-01 9.914449e-01 -0.000000e+00
    outer loop
      vertex   -3.882286e-01 -2.748739e+01 1.000000e+01
      vertex   -3.882286e-01 -2.748739e+01 1.400000e+01
      vertex   9.184851e-17 -2.753850e+01 1.000000e+01
    endloop
  endfacet
  facet normal 1.305262e-01 9.914449e-01 -0.000000e+00
    outer loop
      vertex   9.184851e-17 -2.753850e+01 1.000000e+01
      vertex   -3.882286e-01 -2.748739e+01 1.400000e+01
      vertex   9.184851e-17 -2.753850e+01 1.400000e+01
    endloop
  endfacet
  facet normal -1.305262e-01 9.914449e-01 0.000000e+00
    outer loop
      vertex   9.184851e-17 -2.753850e+01 1.000000e+01
      vertex   9.184851e-17 -2.753850e+01 1.400000e+01
      vertex   3.882286e-01 -2.748739e+01 1.000000e+01
    endloop
  endfacet
  facet normal -1.305262e-01 9.914449e-01 0.000000e+00
    outer loop
      vertex   3.882286e-01 -2.748739e+01 1.000000e+01
      vertex   9.184851e-17 -2.753850e+01 1.400000e+01
      vertex   3.882286e-01 -2.748739e+01 1.400000e+01
    endloop
  endfacet
  facet normal -3.826834e-01 9.238795e-01 0.000000e+00
    outer loop
      vertex   3.882286e-01 -2.748739e+01 1.000000e+01
      vertex   3.882286e-01 -2.748739e+01 1.400000e+01
      vertex   7.500000e-01 -2.733754e+01 1.000000e+01
    endloop
  endfacet
  facet normal -3.826834e-01 9.238795e-01 0.000000e+00
    outer loop
      vertex   7.500000e-01 -2.733754e+01 1.000000e+01
      vertex   3.882286e-01 -2.748739e+01 1.400000e+01
      vertex   7.500000e-01 -2.733754e+01 1.400000e+01
    endloop
  endfacet
  facet normal -6.087614e-01 7.933533e-01 0.000000e+00
    outer loop
      vertex   7.500000e-01 -2.733754e+01 1.000000e+01
      vertex   7.500000e-01 -2.733754e+01 1.400000e+01
      vertex   1.060660e+00 -2.709916e+01 1.000000e+01
    endloop
  endfacet
  facet normal -6.087614e-01 7.933533e-01 0.000000e+00
    outer loop
      vertex   1.060660e+00 -2.709916e+01 1.000000e+01
      vertex   7.500000e-01 -2.733754e+01 1.400000e+01
      vertex   1.060660e+00 -2.709916e+01 1.400000e+01
    endloop
  endfacet
  facet normal -7.933533e-01 6.087614e-01 0.000000e+00
    outer loop
      vertex   1.060660e+00 -2.709916e+01 1.000000e+01
      vertex   1.060660e+00 -2.709916e+01 1.400000e+01
      vertex   1.299038e+00 -2.678850e+01 1.000000e+01
    endloop
  endfacet
  facet normal -7.933533e-01 6.087614e-01 0.000000e+00
    outer loop
      vertex   1.299038e+00 -2.678850e+01 1.000000e+01
      vertex   1.060660e+00 -2.709916e+01 1.400000e+01
      vertex   1.299038e+00 -2.678850e+01 1.400000e+01
    endloop
  endfacet
  facet normal -9.238795e-01 3.826834e-01 0.000000e+00
    outer loop
      vertex   1.299038e+00 -2.678850e+01 1.000000e+01
      vertex   1.299038e+00 -2.678850e+01 1.400000e+01
      vertex   1.448889e+00 -2.642673e+01 1.000000e+01
    endloop
  endfacet
  facet normal -9.238795e-01 3.826834e-01 0.000000e+00
    outer loop
      vertex   1.448889e+00 -2.642673e+01 1.000000e+01
      vertex   1.299038e+00 -2.678850e+01 1.400000e+01
      vertex   1.448889e+00 -2.642673e+01 1.400000e+01
    endloop
  endfacet
  facet normal -9.914449e-01 1.305262e-01 0.000000e+00
    outer loop
      vertex   1.448889e+00 -2.642673e+01 1.000000e+01
      vertex   1.448889e+00 -2.642673e+01 1.400000e+01
      vertex   1.500000e+00 -2.603850e+01 1.000000e+01
    endloop
  endfacet
  facet normal -9.914449e-01 1.305262e-01 0.000000e+00
    outer loop
      vertex   1.500000e+00 -2.603850e+01 1.000000e+01
      vertex   1.448889e+00 -2.642673e+01 1.400000e+01
      vertex   1.500000e+00 -2.603850e+01 1.400000e+01
    endloop
  endfacet
  facet normal -9.914449e-01 -1.305262e-01 0.000000e+00
    outer loop
      vertex   1.500000e+00 -2.603850e+01 1.000000e+01
      vertex   1.500000e+00 -2.603850e+01 1.400000e+01
      vertex   1.448889e+00 -2.565027e+01 1.000000e+01
    endloop
  endfacet
  facet normal -9.914449e-01 -1.305262e-01 0.000000e+00
    outer loop
      vertex   1.448889e+00 -2.565027e+01 1.000000e+01
      vertex   1.500000e+00 -2.603850e+01 1.400000e+01
      vertex   1.448889e+00 -2.565027e+01 1.400000e+01
    endloop
  endfacet
  facet normal -9.238795e-01 -3.826834e-01 0.000000e+00
    outer loop
      vertex   1.448889e+00 -2.565027e+01 1.000000e+01
      vertex   1.448889e+00 -2.565027e+01 1.400000e+01
      vertex   1.299038e+00 -2.528850e+01 1.000000e+01
    endloop
  endfacet
  facet normal -9.238795e-01 -3.826834e-01 0.000000e+00
    outer loop
      vertex   1.299038e+00 -2.528850e+01 1.000000e+01
      vertex   1.448889e+00 -2.565027e+01 1.400000e+01
      vertex   1.299038e+00 -2.528850e+01 1.400000e+01
    endloop
  endfacet
  facet normal -7.933533e-01 -6.087614e-01 0.000000e+00
    outer loop
      vertex   1.299038e+00 -2.528850e+01 1.000000e+01
      vertex   1.299038e+00 -2.528850e+01 1.400000e+01
      vertex   1.060660e+00 -2.497784e+01 1.000000e+01
    endloop
  endfacet
  facet normal -7.933533e-01 -6.087614e-01 0.000000e+00
    outer loop
      vertex   1.060660e+00 -2.497784e+01 1.000000e+01
      vertex   1.299038e+00 -2.528850e+01 1.400000e+01
      vertex   1.060660e+00 -2.497784e+01 1.400000e+01
    endloop
  endfacet
  facet normal -6.087614e-01 -7.933533e-01 0.000000e+00
    outer loop
      vertex   1.060660e+00 -2.497784e+01 1.000000e+01
      vertex   1.060660e+00 -2.497784e+01 1.400000e+01
      vertex   7.500000e-01 -2.473946e+01 1.000000e+01
    endloop
  endfacet
  facet normal -6.087614e-01 -7.933533e-01 0.000000e+00
    outer loop
      vertex   7.500000e-01 -2.473946e+01 1.000000e+01
      vertex   1.060660e+00 -2.497784e+01 1.400000e+01
      vertex   7.500000e-01 -2.473946e+01 1.400000e+01
    endloop
  endfacet
  facet normal -3.826834e-01 -9.238795e-01 0.000000e+00
    outer loop
      vertex   7.500000e-01 -2.473946e+01 1.000000e+01
      vertex   7.500000e-01 -2.473946e+01 1.400000e+01
      vertex   3.882286e-01 -2.458961e+01 1.000000e+01
    endloop
  endfacet
  facet normal -3.826834e-01 -9.238795e-01 0.000000e+00
    outer loop
      vertex   3.882286e-01 -2.458961e+01 1.000000e+01
      vertex   7.500000e-01 -2.473946e+01 1.400000e+01
      vertex   3.882286e-01 -2.458961e+01 1.400000e+01
    endloop
  endfacet
  facet normal -1.305262e-01 -9.914449e-01 0.000000e+00
    outer loop
      vertex   3.882286e-01 -2.458961e+01 1.000000e+01
      vertex   3.882286e-01 -2.458961e+01 1.400000e+01
      vertex   9.184851e-17 -2.453850e+01 1.000000e+01
    endloop
  endfacet
  facet normal -1.305262e-01 -9.914449e-01 0.000000e+00
    outer loop
      vertex   9.184851e-17 -2.453850e+01 1.000000e+01
      vertex   3.882286e-01 -2.458961e+01 1.400000e+01
      vertex   9.184851e-17 -2.453850e+01 1.400000e+01
    endloop
  endfacet
  facet normal 1.305262e-01 -9.914449e-01 0.000000e+00
    outer loop
      vertex   9.184851e-17 -2.453850e+01 1.000000e+01
      vertex   9.184851e-17 -2.453850e+01 1.400000e+01
      vertex   -3.882286e-01 -2.458961e+01 1.000000e+01
    endloop
  endfacet
  facet normal 1.305262e-01 -9.914449e-01 0.000000e+00
    outer loop
      vertex   -3.882286e-01 -2.458961e+01 1.000000e+01
      vertex   9.184851e-17 -2.453850e+01 1.400000e+01
      vertex   -3.882286e-01 -2.458961e+01 1.400000e+01
    endloop
  endfacet
  facet normal 3.826834e-01 -9.238795e-01 0.000000e+00
    outer loop
      vertex   -3.882286e-01 -2.458961e+01 1.000000e+01
      vertex   -3.882286e-01 -2.458961e+01 1.400000e+01
      vertex   -7.500000e-01 -2.473946e+01 1.000000e+01
    endloop
  endfacet
  facet normal 3.826834e-01 -9.238795e-01 0.000000e+00
    outer loop
      vertex   -7.500000e-01 -2.473946e+01 1.000000e+01
      vertex   -3.882286e-01 -2.458961e+01 1.400000e+01
      vertex   -7.500000e-01 -2.473946e+01 1.400000e+01
    endloop
  endfacet
  facet normal 6.087614e-01 -7.933533e-01 0.000000e+00
    outer loop
      vertex   -7.500000e-01 -2.473946e+01 1.000000e+01
      vertex   -7.500000e-01 -2.473946e+01 1.400000e+01
      vertex   -1.060660e+00 -2.497784e+01 1.000000e+01
    endloop
  endfacet
  facet normal 6.087614e-01 -7.933533e-01 0.000000e+00
    outer loop
      vertex   -1.060660e+00 -2.497784e+01 1.000000e+01
      vertex   -7.500000e-01 -2.473946e+01 1.400000e+01
      vertex   -1.060660e+00 -2.497784e+01 1.400000e+01
    endloop
  endfacet
  facet normal 7.933533e-01 -6.087614e-01 0.000000e+00
    outer loop
      vertex   -1.060660e+00 -2.497784e+01 1.000000e+01
      vertex   -1.060660e+00 -2.497784e+01 1.400000e+01
      vertex   -1.299038e+00 -2.528850e+01 1.000000e+01
    endloop
  endfacet
  facet normal 7.933533e-01 -6.087614e-01 0.000000e+00
    outer loop
      vertex   -1.299038e+00 -2.528850e+01 1.000000e+01
      vertex   -1.060660e+00 -2.497784e+01 1.400000e+01
      vertex   -1.299038e+00 -2.528850e+01 1.400000e+01
    endloop
  endfacet
  facet normal 9.238795e-01 -3.826834e-01 0.000000e+00
    outer loop
      vertex   -1.299038e+00 -2.528850e+01 1.000000e+01
      vertex   -1.299038e+00 -2.528850e+01 1.400000e+01
      vertex   -1.448889e+00 -2.565027e+01 1.000000e+01
    endloop
  endfacet
  facet normal 9.238795e-01 -3.826834e-01 0.000000e+00
    outer loop
      vertex   -1.448889e+00 -2.565027e+01 1.000000e+01
      vertex   -1.299038e+00 -2.528850e+01 1.400000e+01
      vertex   -1.448889e+00 -2.565027e+01 1.400000e+01
    endloop
  endfacet
  facet normal 9.914449e-01 -1.305262e-01 0.000000e+00
    outer loop
      vertex   2.110111e+01 1.340748e+01 1.000000e+01
      vertex   2.110111e+01 1.340748e+01 1.400000e+01
      vertex   2.105000e+01 1.301925e+01 1.000000e+01
    endloop
  endfacet
  facet normal 9.914449e-01 -1.305262e-01 0.000000e+00
    outer loop
      vertex   2.105000e+01 1.301925e+01 1.000000e+01
      vertex   2.110111e+01 1.340748e+01 1.400000e+01
      vertex   2.105000e+01 1.301925e+01 1.400000e+01
    endloop
  endfacet
  facet normal 9.914449e-01 1.305262e-01 -0.000000e+00
    outer loop
      vertex   2.105000e+01 1.301925e+01 1.000000e+01
      vertex   2.105000e+01 1.301925e+01 1.400000e+01
      vertex   2.110111e+01 1.263102e+01 1.000000e+01
    endloop
  endfacet
  facet normal 9.914449e-01 1.305262e-01 -0.000000e+00
    outer loop
      vertex   2.110111e+01 1.263102e+01 1.000000e+01
      vertex   2.105000e+01 1.301925e+01 1.400000e+01
      vertex   2.110111e+01 1.263102e+01 1.400000e+01
    endloop
  endfacet
  facet normal 9.238795e-01 3.826834e-01 -0.000000e+00
    outer loop
      vertex   2.110111e+01 1.263102e+01 1.000000e+01
      vertex   2.110111e+01 1.263102e+01 1.400000e+01
      vertex   2.125096e+01 1.226925e+01 1.000000e+01
    endloop
  endfacet
  facet normal 9.238795e-01 3.826834e-01 -0.000000e+00
    outer loop
      vertex   2.125096e+01 1.226925e+01 1.000000e+01
      vertex   2.110111e+01 1.263102e+01 1.400000e+01
      vertex   2.125096e+01 1.226925e+01 1.400000e+01
    endloop
  endfacet
  facet normal 7.933533e-01 6.087614e-01 -0.000000e+00
    outer loop
      vertex   2.125096e+01 1.226925e+01 1.000000e+01
      vertex   2.125096e+01 1.226925e+01 1.400000e+01
      vertex   2.148934e+01 1.195859e+01 1.000000e+01
    endloop
  endfacet
  facet normal 7.933533e-01 6.087614e-01 -0.000000e+00
    outer loop
      vertex   2.148934e+01 1.195859e+01 1.000000e+01
      vertex   2.125096e+01 1.226925e+01 1.400000e+01
      vertex   2.148934e+01 1.195859e+01 1.400000e+01
    endloop
  endfacet
  facet normal 6.087614e-01 7.933533e-01 -0.000000e+00
    outer loop
      vertex   2.148934e+01 1.195859e+01 1.000000e+01
      vertex   2.148934e+01 1.195859e+01 1.400000e+01
      vertex   2.180000e+01 1.172021e+01 1.000000e+01
    endloop
  endfacet
  facet normal 6.087614e-01 7.933533e-01 -0.000000e+00
    outer loop
      vertex   2.180000e+01 1.172021e+01 1.000000e+01
      vertex   2.148934e+01 1.195859e+01 1.400000e+01
      vertex   2.180000e+01 1.172021e+01 1.400000e+01
    endloop
  endfacet
  facet normal 3.826834e-01 9.238795e-01 -0.000000e+00
    outer loop
      vertex   2.180000e+01 1.172021e+01 1.000000e+01
      vertex   2.180000e+01 1.172021e+01 1.400000e+01
      vertex   2.216177e+01 1.157036e+01 1.000000e+01
    endloop
  endfacet
  facet normal 3.826834e-01 9.238795e-01 -0.000000e+00
    outer loop
      vertex   2.216177e+01 1.157036e+01 1.000000e+01
      vertex   2.180000e+01 1.172021e+01 1.400000e+01
      vertex   2.216177e+01 1.157036e+01 1.400000e+01
    endloop
  endfacet
  facet normal 1.305262e-01 9.914449e-01 -0.000000e+00
    outer loop
      vertex   2.216177e+01 1.157036e+01 1.000000e+01
      vertex   2.216177e+01 1.157036e+01 1.400000e+01
      vertex   2.255000e+01 1.151925e+01 1.000000e+01
    endloop
  endfacet
  facet normal 1.305262e-01 9.914449e-01 -0.000000e+00
    outer loop
      vertex   2.255000e+01 1.151925e+01 1.000000e+01
      vertex   2.216177e+01 1.157036e+01 1.400000e+01
      vertex   2.255000e+01 1.151925e+01 1.400000e+01
    endloop
  endfacet
  facet normal -1.305262e-01 9.914449e-01 0.000000e+00
    outer loop
      vertex   2.255000e+01 1.151925e+01 1.000000e+01
      vertex   2.255000e+01 1.151925e+01 1.400000e+01
      vertex   2.293823e+01 1.157036e+01 1.000000e+01
    endloop
  endfacet
  facet normal -1.305262e-01 9.914449e-01 0.000000e+00
    outer loop
      vertex   2.293823e+01 1.157036e+01 1.000000e+01
      vertex   2.255000e+01 1.151925e+01 1.400000e+01
      vertex   2.293823e+01 1.157036e+01 1.400000e+01
    endloop
  endfacet
  facet normal -3.826834e-01 9.238795e-01 0.000000e+00
    outer loop
      vertex   2.293823e+01 1.157036e+01 1.000000e+01
      vertex   2.293823e+01 1.157036e+01 1.400000e+01
      vertex   2.330000e+01 1.172021e+01 1.000000e+01
    endloop
  endfacet
  facet normal -3.826834e-01 9.238795e-01 0.000000e+00
    outer loop
      vertex   2.330000e+01 1.172021e+01 1.000000e+01
      vertex   2.293823e+01 1.157036e+01 1.400000e+01
      vertex   2.330000e+01 1.172021e+01 1.400000e+01
    endloop
  endfacet
  facet normal -6.087614e-01 7.933533e-01 0.000000e+00
    outer loop
      vertex   2.330000e+01 1.172021e+01 1.000000e+01
      vertex   2.330000e+01 1.172021e+01 1.400000e+01
      vertex   2.361066e+01 1.195859e+01 1.000000e+01
    endloop
  endfacet
  facet normal -6.087614e-01 7.933533e-01 0.000000e+00
    outer loop
      vertex   2.361066e+01 1.195859e+01 1.000000e+01
      vertex   2.330000e+01 1.172021e+01 1.400000e+01
      vertex   2.361066e+01 1.195859e+01 1.400000e+01
    endloop
  endfacet
  facet normal -7.933533e-01 6.087614e-01 0.000000e+00
    outer loop
      vertex   2.361066e+01 1.195859e+01 1.000000e+01
      vertex   2.361066e+01 1.195859e+01 1.400000e+01
      vertex   2.384904e+01 1.226925e+01 1.000000e+01
    endloop
  endfacet
  facet normal -7.933533e-01 6.087614e-01 0.000000e+00
    outer loop
      vertex   2.384904e+01 1.226925e+01 1.000000e+01
      vertex   2.361066e+01 1.195859e+01 1.400000e+01
      vertex   2.384904e+01 1.226925e+01 1.400000e+01
    endloop
  endfacet
  facet normal -9.238795e-01 3.826834e-01 0.000000e+00
    outer loop
      vertex   2.384904e+01 1.226925e+01 1.000000e+01
      vertex   2.384904e+01 1.226925e+01 1.400000e+01
      vertex   2.399889e+01 1.263102e+01 1.000000e+01
    endloop
  endfacet
  facet normal -9.238795e-01 3.826834e-01 0.000000e+00
    outer loop
      vertex   2.399889e+01 1.263102e+01 1.000000e+01
      vertex   2.384904e+01 1.226925e+01 1.400000e+01
      vertex   2.399889e+01 1.263102e+01 1.400000e+01
    endloop
  endfacet
  facet normal -9.914449e-01 1.305262e-01 0.000000e+00
    outer loop
      vertex   2.399889e+01 1.263102e+01 1.000000e+01
      vertex   2.399889e+01 1.263102e+01 1.400000e+01
      vertex   2.405000e+01 1.301925e+01 1.000000e+01
    endloop
  endfacet
  facet normal -9.914449e-01 1.305262e-01 0.000000e+00
    outer loop
      vertex   2.405000e+01 1.301925e+01 1.000000e+01
      vertex   2.399889e+01 1.263102e+01 1.400000e+01
      vertex   2.405000e+01 1.301925e+01 1.400000e+01
    endloop
  endfacet
  facet normal -9.914449e-01 -1.305262e-01 0.000000e+00
    outer loop
      vertex   2.405000e+01 1.301925e+01 1.000000e+01
      vertex   2.405000e+01 1.301925e+01 1.400000e+01
      vertex   2.399889e+01 1.340748e+01 1.000000e+01
    endloop
  endfacet
  facet normal -9.914449e-01 -1.305262e-01 0.000000e+00
    outer loop
      vertex   2.399889e+01 1.340748e+01 1.000000e+01
      vertex   2.405000e+01 1.301925e+01 1.400000e+01
      vertex   2.399889e+01 1.340748e+01 1.400000e+01
    endloop
  endfacet
  facet normal -9.238795e-01 -3.826834e-01 0.000000e+00
    outer loop
      vertex   2.399889e+01 1.340748e+01 1.000000e+01
      vertex   2.399889e+01 1.340748e+01 1.400000e+01
      vertex   2.384904e+01 1.376925e+01 1.000000e+01
    endloop
  endfacet
  facet normal -9.238795e-01 -3.826834e-01 0.000000e+00
    outer loop
      vertex   2.384904e+01 1.376925e+01 1.000000e+01
      vertex   2.399889e+01 1.340748e+01 1.400000e+01
      vertex   2.384904e+01 1.376925e+01 1.400000e+01
    endloop
  endfacet
  facet normal -7.933533e-01 -6.087614e-01 0.000000e+00
    outer loop
      vertex   2.384904e+01 1.376925e+01 1.000000e+01
      vertex   2.384904e+01 1.376925e+01 1.400000e+01
      vertex   2.361066e+01 1.407991e+01 1.000000e+01
    endloop
  endfacet
  facet normal -7.933533e-01 -6.087614e-01 0.000000e+00
    outer loop
      vertex   2.361066e+01 1.407991e+01 1.000000e+01
      vertex   2.384904e+01 1.376925e+01 1.400000e+01
      vertex   2.361066e+01 1.407991e+01 1.400000e+01
    endloop
  endfacet
  facet normal -6.087614e-01 -7.933533e-01 0.000000e+00
    outer loop
      vertex   2.361066e+01 1.407991e+01 1.000000e+01
      vertex   2.361066e+01 1.407991e+01 1.400000e+01
      vertex   2.330000e+01 1.431829e+01 1.000000e+01
    endloop
  endfacet
  facet normal -6.087614e-01 -7.933533e-01 0.000000e+00
    outer loop
      vertex   2.330000e+01 1.431829e+01 1.000000e+01
      vertex   2.361066e+01 1.407991e+01 1.400000e+01
      vertex   2.330000e+01 1.431829e+01 1.400000e+01
    endloop
  endfacet
  facet normal -3.826834e-01 -9.238795e-01 0.000000e+00
    outer loop
      vertex   2.330000e+01 1.431829e+01 1.000000e+01
      vertex   2.330000e+01 1.431829e+01 1.400000e+01
      vertex   2.293823e+01 1.446814e+01 1.000000e+01
    endloop
  endfacet
  facet normal -3.826834e-01 -9.238795e-01 0.000000e+00
    outer loop
      vertex   2.293823e+01 1.446814e+01 1.000000e+01
      vertex   2.330000e+01 1.431829e+01 1.400000e+01
      vertex   2.293823e+01 1.446814e+01 1.400000e+01
    endloop
  endfacet
  facet normal -1.305262e-01 -9.914449e-01 0.000000e+00
    outer loop
      vertex   2.293823e+01 1.446814e+01 1.000000e+01
      vertex   2.293823e+01 1.446814e+01 1.400000e+01
      vertex   2.255000e+01 1.451925e+01 1.000000e+01
    endloop
  endfacet
  facet normal -1.305262e-01 -9.914449e-01 0.000000e+00
    outer loop
      vertex   2.255000e+01 1.451925e+01 1.000000e+01
      vertex   2.293823e+01 1.446814e+01 1.400000e+01
      vertex   2.255000e+01 1.451925e+01 1.400000e+01
    endloop
  endfacet
  facet normal 1.305262e-01 -9.914449e-01 0.000000e+00
    outer loop
      vertex   2.255000e+01 1.451925e+01 1.000000e+01
      vertex   2.255000e+01 1.451925e+01 1.400000e+01
      vertex   2.216177e+01 1.446814e+01 1.000000e+01
    endloop
  endfacet
  facet normal 1.305262e-01 -9.914449e-01 0.000000e+00
    outer loop
      vertex   2.216177e+01 1.446814e+01 1.000000e+01
      vertex   2.255000e+01 1.451925e+01 1.400000e+01
      vertex   2.216177e+01 1.446814e+01 1.400000e+01
    endloop
  endfacet
  facet normal 3.826834e-01 -9.238795e-01 0.000000e+00
    outer loop
      vertex   2.216177e+01 1.446814e+01 1.000000e+01
      vertex   2.216177e+01 1.446814e+01 1.400000e+01
      vertex   2.180000e+01 1.431829e+01 1.000000e+01
    endloop
  endfacet
  facet normal 3.826834e-01 -9.238795e-01 0.000000e+00
    outer loop
      vertex   2.180000e+01 1.431829e+01 1.000000e+01
      vertex   2.216177e+01 1.446814e+01 1.400000e+01
      vertex   2.180000e+01 1.431829e+01 1.400000e+01
    endloop
  endfacet
  facet normal 6.087614e-01 -7.933533e-01 0.000000e+00
    outer loop
      vertex   2.180000e+01 1.431829e+01 1.000000e+01
      vertex   2.180000e+01 1.431829e+01 1.400000e+01
      vertex   2.148934e+01 1.407991e+01 1.000000e+01
    endloop
  endfacet
  facet normal 6.087614e-01 -7.933533e-01 0.000000e+00
    outer loop
      vertex   2.148934e+01 1.407991e+01 1.000000e+01
      vertex   2.180000e+01 1.431829e+01 1.400000e+01
      vertex   2.148934e+01 1.407991e+01 1.400000e+01
    endloop
  endfacet
  facet normal 7.933533e-01 -6.087614e-01 0.000000e+00
    outer loop
      vertex   2.148934e+01 1.407991e+01 1.000000e+01
      vertex   2.148934e+01 1.407991e+01 1.400000e+01
      vertex   2.125096e+01 1.376925e+01 1.000000e+01
    endloop
  endfacet
  facet normal 7.933533e-01 -6.087614e-01 0.000000e+00
    outer loop
      vertex   2.125096e+01 1.376925e+01 1.000000e+01
      vertex   2.148934e+01 1.407991e+01 1.400000e+01
      vertex   2.125096e+01 1.376925e+01 1.400000e+01
    endloop
  endfacet
  facet normal 9.238795e-01 -3.826834e-01 0.000000e+00
    outer loop
      vertex   2.125096e+01 1.376925e+01 1.000000e+01
      vertex   2.125096e+01 1.376925e+01 1.400000e+01
      vertex   2.110111e+01 1.340748e+01 1.000000e+01
    endloop
  endfacet
  facet normal 9.238795e-01 -3.826834e-01 0.000000e+00
    outer loop
      vertex   2.110111e+01 1.340748e+01 1.000000e+01
      vertex   2.125096e+01 1.376925e+01 1.400000e+01
      vertex   2.110111e+01 1.340748e+01 1.400000e+01
    endloop
  endfacet
endsolid
